id,GLOBAL_SCORE
EK202310003556,153
EK202310170625,153
EK202310167359,153
EK202310118370,153
EK202320006361,153
EK202310003542,153
EK202310125266,153
EK202310144740,153
EK202310137443,143
EK202310159067,153
EK202310245067,153
EK202310240556,153
EK202310166743,153
EK202310247454,104
EK202310215702,153
EK202310142190,153
EK202310205417,153
EK202310119601,153
EK202310190356,143
EK202310158758,153
EK202310145496,153
EK202310164763,153
EK202310200188,153
EK202310238803,153
EK202320005607,153
EK202310225681,153
EK202310127174,153
EK202310204317,153
EK202310179355,153
EK202310176524,153
EK202310237228,153
EK202310172549,153
EK202310168863,153
EK202310185904,153
EK202310133615,143
EK202310122063,153
EK202310121770,153
EK202310125590,153
EK202310172269,153
EK202310147894,143
EK202310137986,153
EK202310150838,153
EK202310104915,153
EK202310170090,153
EK202310165637,153
EK202310134467,153
EK202310182637,153
EK202310112116,153
EK202310241220,153
EK202310103801,143
EK202310177448,143
EK202310157860,153
EK202310211985,153
EK202310232907,143
EK202310162917,153
EK202310211786,153
EK202310132171,153
EK202310153694,153
EK202310174960,153
EK202310121096,104
EK202310222475,153
EK202310146254,153
EK202310111466,153
EK202310004385,153
EK202310108961,153
EK202310203170,153
EK202310161424,153
EK202310206583,153
EK202310138840,153
EK202310221976,153
EK202310143972,153
EK202310175420,153
EK202310227655,153
EK202310163389,150
EK202310239480,157
EK202310146467,153
EK202310162597,153
EK202310194862,153
EK202310152448,153
EK202310245431,153
EK202310206822,153
EK202310166559,153
EK202310221701,153
EK202310231403,153
EK202310156027,153
EK202310135956,153
EK202310183176,153
EK202310206055,153
EK202310167360,153
EK202310142701,153
EK202310156629,153
EK202310241352,153
EK202310123587,153
EK202310003639,153
EK202310158269,153
EK202320007090,153
EK202310111707,153
EK202310104096,153
EK202310235404,104
EK202310108783,153
EK202310116298,153
EK202310156281,153
EK202310164483,153
EK202310108212,153
EK202310233950,153
EK202310157041,153
EK202310104522,153
EK202310175972,153
EK202310225965,153
EK202310138403,153
EK202310234452,153
EK202310104614,153
EK202310117970,153
EK202310128727,153
EK202310190230,143
EK202310201465,153
EK202310197534,153
EK202310171846,153
EK202310193751,153
EK202310242967,153
EK202310112852,153
EK202310132804,153
EK202310127612,153
EK202310136082,153
EK202310186665,153
EK202310156519,153
EK202310108430,153
EK202310164930,153
EK202310153971,153
EK202310129412,153
EK202310124383,153
EK202310215858,153
EK202310104131,153
EK202310185040,153
EK202310119251,153
EK202310191724,153
EK202310149922,153
EK202310176193,153
EK202310204311,153
EK202310248324,153
EK202310120496,153
EK202310233548,153
EK202310219178,153
EK202310114723,153
EK202310185832,153
EK202310106587,153
EK202310239252,153
EK202310208710,153
EK202310244056,153
EK202310223702,143
EK202310236969,153
EK202310196070,153
EK202310227710,153
EK202310119702,153
EK202310143351,153
EK202310144967,153
EK202310207097,153
EK202310193281,153
EK202310223068,153
EK202310158743,153
EK202310142353,153
EK202310154024,153
EK202310136326,143
EK202320006526,153
EK202310240160,153
EK202310230270,153
EK202310209591,153
EK202310201937,153
EK202310138686,153
EK202310125946,153
EK202310112949,153
EK202310128660,153
EK202310223565,153
EK202310155372,153
EK202310229467,153
EK202310232289,153
EK202310142439,153
EK202310128595,143
EK202310228661,143
EK202310220811,153
EK202310104677,153
EK202310108708,153
EK202310235044,143
EK202310141363,153
EK202310174855,153
EK202310154755,153
EK202310157326,153
EK202310228659,153
EK202310215026,153
EK202310177129,153
EK202310178830,153
EK202310222959,153
EK202320007347,153
EK202310153807,153
EK202310165563,153
EK202310240070,153
EK202310171642,153
EK202310221419,153
EK202310210258,153
EK202310108225,153
EK202310156515,153
EK202320006021,153
EK202310214746,153
EK202310166648,153
EK202310243041,120
EK202310227731,153
EK202310118513,153
EK202310240129,153
EK202310140813,153
EK202310181628,153
EK202310126085,153
EK202310246101,153
EK202310113312,153
EK202310217968,153
EK202310213114,153
EK202310219800,153
EK202310184495,153
EK202310119316,104
EK202310180007,153
EK202310199156,153
EK202310177234,153
EK202310226743,153
EK202310189141,120
EK202320006005,153
EK202310227823,153
EK202310174022,153
EK202310134374,153
EK202310200180,153
EK202310161433,153
EK202310121700,153
EK202310237451,153
EK202310192827,153
EK202310160428,153
EK202310205223,153
EK202310111659,153
EK202310218773,153
EK202310161247,153
EK202310109618,153
EK202310155619,153
EK202310135096,153
EK202310188704,153
EK202310198311,153
EK202310138345,153
EK202310187653,153
EK202310223676,153
EK202310165688,153
EK202310104779,153
EK202320007241,153
EK202310247012,153
EK202310115649,153
EK202310158687,153
EK202310139898,153
EK202310183012,153
EK202310189323,153
EK202310236084,153
EK202310187745,153
EK202310213754,153
EK202310207691,143
EK202310213360,153
EK202310134511,153
EK202310162421,153
EK202310137854,153
EK202310150901,153
EK202310114810,153
EK202310110564,153
EK202310188498,153
EK202310122137,143
EK202310234827,153
EK202310123845,153
EK202310117679,153
EK202310226733,153
EK202310146806,153
EK202310186532,153
EK202310198523,153
EK202310169242,153
EK202310189605,153
EK202310177460,153
EK202310156053,153
EK202310138997,153
EK202310231114,153
EK202310147763,153
EK202310119709,153
EK202310121129,153
EK202310137901,153
EK202310144077,153
EK202310110337,153
EK202310184408,153
EK202310215841,153
EK202310157214,153
EK202310193140,153
EK202310216105,153
EK202310246420,153
EK202310118424,153
EK202310144290,153
EK202310236171,153
EK202310161913,153
EK202310116195,153
EK202310140252,153
EK202310238025,153
EK202310146861,153
EK202310125756,153
EK202310211082,153
EK202310202590,153
EK202310212292,153
EK202310151188,153
EK202310186431,153
EK202310197054,153
EK202310229535,153
EK202310237693,153
EK202310127899,153
EK202310125513,153
EK202310143417,153
EK202310114922,153
EK202310185011,153
EK202310157380,153
EK202310242841,153
EK202310128764,153
EK202310160302,153
EK202310132265,153
EK202310142152,153
EK202310184138,153
EK202310218922,153
EK202310105732,153
EK202310202421,153
EK202310204745,117
EK202310231651,153
EK202310206373,153
EK202310231327,117
EK202310129440,153
EK202310229405,153
EK202310233561,153
EK202310141433,153
EK202310164651,153
EK202310201935,153
EK202310184574,153
EK202310223915,153
EK202310200908,153
EK202310128941,153
EK202310186952,153
EK202310193974,153
EK202310169879,153
EK202310172093,153
EK202310184529,143
EK202310230089,153
EK202310181118,153
EK202310204225,153
EK202310112100,153
EK202310222373,153
EK202310182126,153
EK202310169072,153
EK202310203100,153
EK202310228065,153
EK202310003374,153
EK202310231993,153
EK202310166999,143
EK202310113561,143
EK202310150384,153
EK202310204151,153
EK202310243179,153
EK202310229664,153
EK202310214850,153
EK202310203348,153
EK202310146725,153
EK202310134763,153
EK202310145729,153
EK202310246535,153
EK202310141577,153
EK202310216160,153
EK202310116782,153
EK202310211327,153
EK202310204090,153
EK202310175898,153
EK202310226259,153
EK202310151274,153
EK202310154215,153
EK202310174277,143
EK202320006496,153
EK202310141969,153
EK202320005622,153
EK202310157093,153
EK202310139909,153
EK202310209908,153
EK202310218730,153
EK202310229718,153
EK202310111615,153
EK202310138168,153
EK202310162118,153
EK202310164185,153
EK202310123341,143
EK202310154152,153
EK202310169662,153
EK202310195289,153
EK202310247758,153
EK202310223580,153
EK202310104690,153
EK202310234439,153
EK202310225052,143
EK202310139674,153
EK202310186662,153
EK202310198339,153
EK202310219978,153
EK202310205279,153
EK202310241147,153
EK202310225981,153
EK202310168112,153
EK202310226106,153
EK202310116095,123
EK202310114593,153
EK202310175636,143
EK202310117905,153
EK202310200614,153
EK202310137390,153
EK202310196458,153
EK202310212839,153
EK202310149449,153
EK202310172721,153
EK202310133382,153
EK202310171991,153
EK202310178147,153
EK202310210822,123
EK202310169958,153
EK202310216612,153
EK202310190351,153
EK202310128333,153
EK202310156052,153
EK202310207300,153
EK202310148098,153
EK202310236834,153
EK202310206502,153
EK202310232490,153
EK202310115920,153
EK202310155557,153
EK202310118792,153
EK202310213449,153
EK202310157956,153
EK202310202461,153
EK202310210080,153
EK202310123713,153
EK202310138636,153
EK202310197194,153
EK202310136131,153
EK202310194280,153
EK202310144073,153
EK202310196767,153
EK202310152659,153
EK202310119318,153
EK202310175079,153
EK202310246973,153
EK202310177069,153
EK202310228915,153
EK202310237967,153
EK202310004766,153
EK202310197580,153
EK202310163370,153
EK202310126258,143
EK202320006245,153
EK202310214455,153
EK202310225077,153
EK202310121345,153
EK202310118753,143
EK202310209148,153
EK202310235651,153
EK202310195584,153
EK202310131541,153
EK202310167958,153
EK202310232848,150
EK202310112373,153
EK202310247588,153
EK202310124781,153
EK202310187345,153
EK202310117200,153
EK202310103838,153
EK202310123310,153
EK202310193567,153
EK202310176987,153
EK202310217483,153
EK202310219653,153
EK202310189258,153
EK202310213235,153
EK202310148485,153
EK202310243846,153
EK202310157685,153
EK202310228217,153
EK202310167414,153
EK202310116553,153
EK202310154306,153
EK202310218246,153
EK202310214924,153
EK202310124301,153
EK202310132969,153
EK202310116665,143
EK202310126109,153
EK202310246626,153
EK202310165655,153
EK202310222900,153
EK202310183920,153
EK202310188655,153
EK202310140837,153
EK202310110105,153
EK202310166926,153
EK202310222571,153
EK202310130862,153
EK202310159918,153
EK202310191732,153
EK202310154430,153
EK202310209379,153
EK202310242826,153
EK202310127621,153
EK202310144269,153
EK202310168554,153
EK202310225096,143
EK202310004191,153
EK202310198832,153
EK202310166122,153
EK202310197812,153
EK202310173577,153
EK202310107780,153
EK202310200080,153
EK202310244832,153
EK202310153701,153
EK202310248897,153
EK202310238758,153
EK202310180956,153
EK202310133597,153
EK202310165926,153
EK202310113563,153
EK202310219177,153
EK202310215546,153
EK202310239803,153
EK202310170081,153
EK202310206625,153
EK202310104069,153
EK202310186393,153
EK202310173267,153
EK202310110426,153
EK202310164765,153
EK202310158220,153
EK202310168816,153
EK202310204071,153
EK202310157259,153
EK202310156843,153
EK202310223529,153
EK202310149961,153
EK202310108241,153
EK202310168245,153
EK202310191021,153
EK202310165776,153
EK202310172874,153
EK202310163779,153
EK202310188731,153
EK202310105850,153
EK202310129025,153
EK202310122251,153
EK202310233739,153
EK202310145467,153
EK202310125541,143
EK202310128736,153
EK202310157339,153
EK202310204674,153
EK202310199931,153
EK202310159776,153
EK202310233618,153
EK202310209554,153
EK202310147590,153
EK202310233558,153
EK202310141475,153
EK202310192184,153
EK202310121465,153
EK202310144674,153
EK202310225145,153
EK202310211862,153
EK202310218476,143
EK202310227106,153
EK202310184475,143
EK202310132027,153
EK202310134826,153
EK202310182784,153
EK202310236142,153
EK202310215997,153
EK202310218885,153
EK202310189497,153
EK202310242392,153
EK202310139831,153
EK202310159899,153
EK202320007536,153
EK202310205864,153
EK202310205412,153
EK202310178623,143
EK202310144137,153
EK202310156851,143
EK202310200692,153
EK202310221442,153
EK202310225402,153
EK202310128314,153
EK202310135585,153
EK202310230304,153
EK202310106564,153
EK202310195276,153
EK202310168561,153
EK202310238035,153
EK202310210412,153
EK202310193015,153
EK202310160429,153
EK202310203227,153
EK202310144260,143
EK202310231994,153
EK202310169556,153
EK202310112231,153
EK202310179305,143
EK202310111693,153
EK202310163778,153
EK202310197562,153
EK202310147780,153
EK202310165497,153
EK202310191527,143
EK202310106149,143
EK202310179787,153
EK202310247018,153
EK202310177578,153
EK202310138872,153
EK202310204378,153
EK202310146296,153
EK202310110160,153
EK202310179095,143
EK202310220481,143
EK202310227227,153
EK202310234336,153
EK202310145809,153
EK202310209306,153
EK202310225649,153
EK202310226704,153
EK202310157072,153
EK202310121530,153
EK202310165600,143
EK202310197233,153
EK202310184332,153
EK202310143743,153
EK202310154640,153
EK202310158286,153
EK202310123880,153
EK202310182423,153
EK202310124053,143
EK202310206144,153
EK202310140890,153
EK202310127015,153
EK202310134941,153
EK202310119304,153
EK202310212796,153
EK202310108377,153
EK202310174180,153
EK202310239157,153
EK202310216632,153
EK202310172285,153
EK202310150279,153
EK202310186491,150
EK202310197932,153
EK202310120172,153
EK202310216664,153
EK202320006884,153
EK202310178918,153
EK202310144935,143
EK202310141510,153
EK202310216762,143
EK202310106406,153
EK202310111996,153
EK202310208681,153
EK202310226247,153
EK202310113253,153
EK202310122999,153
EK202310155079,153
EK202310160222,153
EK202310210742,153
EK202310156801,153
EK202310159360,153
EK202310180024,153
EK202310213928,153
EK202310152334,153
EK202310245937,153
EK202310164808,153
EK202310146870,153
EK202310163950,153
EK202310195716,153
EK202310150305,153
EK202310229713,153
EK202310188916,153
EK202310121395,153
EK202310160376,153
EK202310244651,153
EK202310150169,153
EK202310110958,153
EK202310143966,153
EK202310221741,153
EK202310187012,153
EK202310193822,153
EK202310172094,153
EK202310178633,153
EK202310117674,153
EK202310133805,153
EK202310180948,153
EK202310203849,153
EK202310149491,153
EK202310216830,153
EK202310229432,153
EK202310109652,153
EK202310181925,143
EK202310196245,153
EK202310248098,153
EK202310183221,153
EK202310196195,153
EK202310197137,153
EK202310110247,153
EK202310144126,153
EK202310156911,153
EK202310224215,153
EK202310236337,153
EK202310188431,153
EK202310137114,153
EK202310115030,153
EK202310117460,153
EK202310162361,153
EK202310130281,153
EK202310148428,153
EK202310163311,153
EK202310145526,153
EK202310235374,153
EK202310156223,153
EK202310151269,143
EK202310150741,153
EK202310225372,153
EK202310133344,153
EK202310127071,153
EK202310152237,153
EK202310244229,153
EK202310167190,153
EK202310154488,153
EK202310211108,143
EK202310114416,153
EK202310222978,153
EK202310187337,153
EK202310195712,153
EK202310176238,153
EK202310204719,153
EK202310184298,143
EK202310215525,153
EK202310154861,146
EK202310200739,153
EK202310242424,153
EK202310247300,153
EK202310116475,153
EK202310225458,153
EK202310126918,153
EK202310185579,153
EK202310241455,153
EK202310209465,153
EK202310142842,153
EK202310185122,153
EK202310223530,143
EK202310188514,153
EK202310171731,153
EK202310130376,153
EK202310222189,150
EK202310106430,153
EK202310127369,153
EK202310236443,143
EK202310182405,153
EK202310210187,153
EK202310116888,143
EK202310173132,153
EK202310108743,153
EK202310125006,153
EK202310213574,153
EK202310165356,153
EK202310149418,153
EK202310198882,153
EK202310231320,153
EK202310205653,153
EK202310198599,153
EK202310199963,143
EK202310173699,153
EK202310245726,153
EK202320006040,153
EK202310154743,153
EK202310188160,143
EK202310214367,153
EK202310103702,153
EK202310127965,153
EK202310203245,153
EK202310139888,153
EK202310108972,153
EK202310004612,153
EK202310143552,153
EK202310120024,153
EK202310221518,153
EK202310180966,153
EK202310193489,153
EK202310117005,104
EK202310213271,123
EK202310120394,153
EK202310183259,153
EK202310125697,153
EK202310110553,153
EK202310150138,153
EK202310169349,153
EK202310224959,153
EK202310003872,153
EK202310189922,153
EK202310196746,153
EK202310189397,153
EK202310154076,153
EK202310003409,169
EK202310132461,153
EK202310114430,153
EK202310207939,143
EK202310219274,153
EK202310226342,153
EK202310127397,153
EK202310237125,153
EK202310214068,153
EK202310184942,153
EK202310113334,153
EK202310121808,153
EK202310134472,153
EK202310213189,143
EK202310200986,143
EK202310183319,153
EK202310138451,153
EK202310134480,153
EK202310248001,153
EK202310215511,153
EK202310148692,153
EK202310003356,153
EK202310186363,153
EK202310117649,153
EK202310107222,153
EK202310140103,143
EK202310162055,153
EK202310160543,153
EK202310104526,153
EK202310111072,153
EK202310144115,153
EK202310227753,153
EK202310168401,153
EK202310225278,153
EK202310121727,153
EK202310209068,153
EK202310117324,153
EK202310119649,153
EK202310154151,153
EK202310235668,153
EK202310197052,153
EK202310133218,153
EK202310228623,153
EK202310236771,143
EK202320007756,153
EK202310123680,153
EK202310153796,153
EK202310184256,153
EK202310189360,153
EK202310169170,153
EK202310238568,153
EK202310147463,153
EK202310246348,153
EK202310146645,153
EK202310112043,153
EK202310126693,153
EK202310105633,153
EK202310108187,153
EK202310142659,153
EK202310154109,153
EK202310187961,153
EK202310138151,153
EK202310145768,153
EK202310204437,153
EK202310234444,153
EK202310146920,153
EK202310191972,153
EK202310135664,153
EK202310136647,153
EK202310149136,153
EK202310004755,153
EK202310003806,153
EK202320005862,153
EK202310238222,153
EK202310165638,153
EK202310195278,143
EK202310191050,153
EK202310165081,153
EK202310141108,153
EK202310225501,153
EK202310190006,153
EK202310232901,153
EK202310183145,153
EK202310133834,153
EK202310111865,143
EK202310233162,153
EK202310144096,143
EK202310241460,153
EK202310148061,153
EK202310123096,153
EK202310168745,153
EK202310232533,153
EK202310238139,153
EK202310107671,153
EK202310003635,153
EK202310160939,153
EK202310165138,153
EK202310177363,153
EK202310140380,153
EK202310127640,153
EK202310145483,153
EK202310144142,143
EK202310182466,143
EK202310134774,153
EK202310239504,153
EK202310179694,153
EK202310105818,153
EK202310206801,153
EK202310133427,153
EK202310172349,143
EK202310144166,153
EK202310118960,104
EK202310199115,153
EK202310213777,153
EK202310232118,153
EK202310204757,153
EK202310241858,153
EK202310204589,153
EK202310224131,153
EK202310160384,153
EK202310158733,153
EK202310139320,143
EK202310186373,153
EK202310207408,153
EK202310202032,153
EK202310191726,153
EK202310237659,153
EK202310202929,153
EK202310138221,143
EK202310213944,153
EK202310217592,153
EK202310156873,153
EK202310154026,153
EK202310227896,153
EK202310165724,153
EK202310160534,153
EK202310238733,153
EK202310187242,153
EK202310160829,153
EK202310160276,153
EK202310137939,153
EK202310200291,104
EK202310238138,153
EK202310217144,153
EK202310196491,153
EK202320006298,153
EK202310228178,153
EK202310138802,153
EK202310240713,153
EK202310175243,153
EK202310207967,153
EK202310107352,153
EK202310211309,153
EK202310131783,153
EK202310166826,153
EK202310112512,153
EK202310153955,153
EK202310223762,153
EK202310220803,153
EK202310191806,153
EK202310139794,153
EK202310004495,153
EK202310165321,153
EK202310152644,153
EK202310107844,153
EK202310224636,153
EK202310182912,153
EK202310227725,153
EK202310129401,153
EK202310132710,143
EK202310167591,153
EK202310209362,153
EK202310191553,153
EK202310191129,153
EK202310229273,153
EK202310177141,153
EK202310210987,153
EK202310246808,153
EK202310186424,153
EK202310243671,153
EK202310157978,153
EK202310141176,153
EK202310166632,153
EK202310188518,153
EK202310176726,153
EK202310232858,153
EK202310203103,153
EK202310172581,153
EK202310129669,153
EK202310149026,153
EK202310151271,143
EK202310164311,153
EK202310193156,153
EK202310183315,153
EK202310129742,153
EK202310244163,153
EK202310162820,153
EK202310158627,153
EK202310195793,153
EK202310243898,153
EK202310211036,153
EK202310231066,153
EK202310188792,153
EK202310181166,153
EK202310240476,153
EK202310197771,153
EK202310141037,153
EK202310204780,153
EK202310191058,153
EK202310173228,153
EK202310197491,153
EK202310156720,153
EK202310244219,153
EK202310119128,153
EK202310241327,153
EK202310152238,153
EK202310179839,153
EK202310238196,153
EK202310153091,153
EK202320006753,153
EK202310123570,153
EK202310163341,153
EK202310162440,153
EK202310151053,153
EK202310188188,153
EK202310127289,153
EK202310248374,153
EK202310167393,153
EK202310192930,153
EK202310113187,153
EK202310174516,153
EK202310187588,153
EK202320007750,153
EK202310189741,153
EK202310174859,143
EK202310195086,153
EK202310183873,153
EK202310171631,153
EK202310123283,153
EK202320006306,153
EK202310139834,153
EK202310239785,153
EK202310153276,153
EK202310180328,153
EK202310207645,153
EK202310130192,153
EK202310154977,153
EK202310139793,153
EK202310243107,153
EK202310209482,153
EK202310241115,153
EK202310214880,153
EK202310240253,153
EK202310226088,153
EK202320006633,153
EK202310245104,153
EK202310112870,153
EK202310161734,153
EK202310225927,143
EK202310145336,153
EK202310137212,153
EK202310190306,153
EK202310172851,153
EK202310231101,153
EK202310212990,153
EK202310122658,153
EK202310176278,153
EK202310200882,153
EK202310152325,153
EK202310151272,153
EK202310194215,153
EK202310185678,153
EK202310243281,153
EK202310120514,104
EK202310126433,153
EK202310122944,153
EK202310236394,153
EK202310218087,153
EK202310151593,153
EK202310110201,153
EK202310131708,153
EK202310111333,153
EK202310183969,143
EK202310161113,153
EK202310184302,153
EK202310152148,153
EK202310236146,153
EK202310229823,153
EK202310133950,153
EK202310176959,153
EK202310003859,153
EK202310185070,153
EK202310004826,153
EK202310192593,153
EK202310212457,153
EK202310133750,153
EK202320007484,153
EK202310190675,153
EK202310129882,153
EK202310216142,153
EK202310197446,153
EK202310243332,153
EK202310139113,153
EK202320007314,153
EK202310192244,153
EK202310209792,153
EK202310218921,153
EK202310128700,153
EK202310219548,153
EK202310230864,153
EK202310141941,153
EK202310206423,143
EK202310188250,153
EK202310180278,153
EK202310123620,153
EK202310180928,143
EK202310148298,153
EK202310124265,153
EK202310125883,153
EK202310128123,153
EK202310234185,153
EK202310141809,153
EK202310125724,153
EK202320006085,153
EK202310232099,153
EK202310193331,153
EK202310205400,153
EK202310160975,153
EK202310203863,153
EK202310126413,153
EK202310118450,153
EK202310133563,153
EK202310239448,153
EK202310114694,137
EK202310158288,153
EK202310122422,153
EK202310235320,153
EK202310201960,104
EK202310194645,153
EK202310214962,153
EK202310247868,153
EK202310126826,153
EK202310120690,153
EK202320006557,153
EK202310224482,153
EK202310188666,153
EK202310167967,153
EK202310240200,153
EK202310183867,153
EK202310195682,153
EK202310108034,153
EK202310143324,153
EK202310139977,153
EK202310134578,153
EK202310003485,143
EK202310127332,153
EK202310195959,146
EK202310173389,153
EK202310120326,117
EK202310228101,153
EK202310194577,153
EK202310230845,153
EK202310144430,150
EK202310155784,153
EK202310160254,153
EK202310118458,150
EK202310134107,153
EK202310247672,153
EK202310233715,153
EK202310192802,153
EK202310226073,153
EK202310112128,153
EK202310214142,153
EK202310205070,153
EK202310191656,153
EK202310108700,153
EK202310121333,153
EK202310153942,153
EK202310228151,153
EK202310185062,153
EK202310133213,153
EK202310242233,153
EK202310143796,153
EK202310202444,153
EK202310166800,153
EK202310191020,153
EK202310122069,143
EK202310221793,153
EK202310235848,153
EK202310205016,153
EK202310119021,153
EK202310222995,153
EK202310114479,153
EK202310182453,153
EK202310143133,153
EK202310175194,153
EK202310144671,153
EK202310245023,153
EK202310144979,143
EK202310235216,153
EK202310247586,150
EK202310105223,153
EK202310163741,153
EK202310141732,153
EK202310142505,153
EK202310131799,153
EK202310209090,143
EK202310159139,153
EK202310214093,143
EK202310199515,143
EK202310228095,153
EK202310173578,153
EK202310170010,153
EK202310164861,153
EK202310167580,153
EK202310225936,153
EK202310147008,153
EK202310187537,153
EK202310170479,153
EK202310238268,153
EK202310231268,153
EK202310167280,153
EK202310203266,153
EK202310179810,153
EK202310107445,153
EK202310107969,153
EK202310127481,153
EK202310180706,153
EK202310125230,153
EK202310127751,143
EK202310172588,153
EK202310202984,153
EK202310104212,153
EK202310106923,153
EK202310147971,153
EK202310243146,153
EK202310171023,153
EK202310109775,153
EK202310205700,153
EK202310143997,153
EK202310132126,153
EK202310127316,153
EK202310107147,153
EK202310151185,153
EK202310228200,143
EK202310117856,153
EK202320005717,153
EK202310129616,153
EK202310232791,153
EK202310243834,153
EK202310246208,153
EK202310160233,153
EK202310149219,153
EK202310108589,143
EK202310204725,153
EK202310243502,153
EK202310114320,143
EK202310202291,153
EK202310237771,153
EK202310216760,153
EK202310244222,153
EK202310113733,153
EK202310138119,153
EK202310219085,153
EK202310153944,153
EK202310161644,153
EK202310204382,153
EK202310229663,143
EK202310156198,153
EK202310148211,143
EK202310152274,153
EK202310197042,153
EK202310163556,153
EK202310197960,153
EK202310232731,153
EK202310147947,153
EK202310144176,153
EK202310237272,153
EK202310195596,153
EK202310231682,153
EK202310114178,153
EK202310165798,153
EK202310177163,153
EK202310161995,153
EK202310130803,143
EK202310225601,143
EK202310139718,153
EK202310146622,153
EK202310113181,138
EK202310179401,153
EK202310202908,153
EK202310171925,139
EK202310136543,153
EK202310119266,153
EK202310144770,153
EK202310217594,153
EK202310224918,153
EK202310116728,153
EK202310136368,153
EK202310242872,153
EK202310226098,104
EK202310243029,153
EK202310234838,143
EK202310103797,153
EK202310159666,153
EK202310234494,153
EK202310134806,153
EK202310191437,153
EK202310125110,153
EK202310217366,153
EK202310191101,153
EK202310179382,153
EK202310137469,143
EK202310137658,153
EK202310134629,153
EK202310104525,143
EK202310151444,153
EK202310237636,153
EK202310143439,143
EK202310149845,153
EK202310128851,153
EK202310237330,143
EK202310117295,153
EK202310243270,153
EK202310187106,153
EK202310137652,153
EK202310217947,153
EK202310215368,153
EK202310113202,153
EK202310122109,153
EK202310121040,153
EK202310226711,153
EK202310132709,153
EK202310169984,153
EK202310198212,153
EK202310158003,153
EK202310214974,153
EK202310134360,153
EK202310178688,153
EK202310171682,153
EK202310103768,153
EK202310209555,153
EK202310151086,153
EK202310201836,153
EK202310174895,153
EK202310138537,153
EK202310111581,153
EK202310219638,153
EK202310154214,153
EK202310200463,153
EK202310172356,153
EK202310164996,153
EK202310140375,153
EK202310216009,114
EK202310113207,143
EK202310132100,153
EK202310126863,153
EK202310146868,153
EK202310108177,153
EK202310166280,153
EK202310182008,153
EK202310162197,153
EK202310147752,153
EK202310003947,153
EK202310176472,153
EK202310234387,153
EK202310170022,143
EK202310171056,153
EK202310180973,153
EK202310166464,153
EK202310123184,153
EK202310192128,153
EK202310207232,143
EK202310133397,153
EK202310113037,153
EK202320007617,153
EK202310128691,153
EK202310234443,153
EK202310163599,153
EK202310124529,153
EK202310195861,153
EK202310004652,153
EK202310128598,153
EK202310219754,153
EK202310153907,153
EK202310210564,153
EK202310119285,153
EK202310236273,104
EK202310205597,153
EK202310232930,153
EK202310191886,153
EK202310236382,117
EK202310174764,153
EK202310105490,153
EK202310177012,153
EK202310128378,153
EK202310165398,153
EK202310142395,153
EK202310220861,153
EK202310209523,143
EK202310122997,153
EK202310205282,153
EK202310131435,153
EK202310203906,153
EK202310236413,153
EK202310156951,153
EK202310106622,153
EK202310189975,153
EK202310225784,153
EK202310219294,153
EK202310105442,153
EK202310132208,153
EK202310105616,153
EK202310174736,153
EK202310196913,153
EK202310137961,143
EK202310176163,153
EK202310110032,104
EK202310157504,153
EK202310233635,153
EK202310248436,153
EK202310202168,153
EK202310155766,153
EK202310139190,153
EK202310178893,153
EK202310194060,153
EK202310118567,153
EK202310127903,153
EK202310236053,153
EK202310156969,153
EK202310113094,153
EK202310117682,153
EK202310175150,143
EK202310190181,153
EK202310144477,153
EK202310167953,153
EK202310123207,153
EK202310211120,153
EK202310158476,153
EK202310245986,153
EK202310141979,153
EK202310210627,153
EK202310131358,153
EK202310108863,143
EK202310106507,153
EK202310219636,153
EK202310206075,153
EK202310164374,153
EK202310247640,153
EK202310128033,153
EK202310202213,153
EK202320007199,153
EK202310148351,153
EK202310167191,153
EK202310191728,153
EK202310200275,143
EK202310240207,153
EK202310169132,153
EK202310144609,153
EK202310198534,153
EK202310117322,153
EK202310111311,153
EK202310132198,153
EK202310123213,153
EK202310175579,153
EK202310179611,153
EK202310162505,153
EK202310192578,153
EK202310106746,153
EK202310131965,153
EK202310193615,153
EK202310196394,153
EK202310219201,153
EK202310223123,153
EK202310193426,153
EK202310118739,153
EK202310106117,153
EK202310104981,153
EK202310210450,153
EK202310174407,153
EK202310104567,153
EK202310127432,153
EK202320005737,153
EK202310191941,153
EK202310153855,153
EK202310207694,153
EK202310227244,153
EK202310153520,153
EK202310160923,153
EK202310105321,153
EK202310134289,153
EK202310221860,153
EK202310127051,153
EK202310004011,123
EK202310106438,153
EK202310223885,153
EK202310147175,153
EK202310172305,153
EK202310233355,153
EK202310175639,153
EK202310119187,153
EK202310208266,153
EK202310218780,153
EK202310208314,153
EK202310231800,153
EK202310128055,153
EK202310239898,143
EK202310216957,153
EK202310209441,153
EK202310123208,153
EK202310209923,153
EK202310133751,153
EK202310245312,153
EK202310115764,153
EK202310207764,153
EK202310240599,153
EK202310147315,153
EK202310131500,153
EK202310176669,153
EK202310123945,153
EK202310209731,153
EK202310144605,153
EK202310122549,153
EK202310145497,153
EK202310140293,153
EK202310139650,153
EK202310157829,153
EK202310106995,153
EK202310124413,153
EK202310214088,153
EK202310164191,153
EK202310226197,153
EK202310004226,153
EK202310108441,153
EK202310135386,153
EK202310129306,153
EK202310235944,153
EK202310247944,153
EK202310165677,153
EK202310199534,153
EK202310126380,153
EK202310154011,153
EK202310132506,153
EK202310108076,153
EK202310160457,153
EK202310208714,153
EK202310154569,153
EK202310144642,153
EK202310190051,153
EK202310117172,153
EK202310177405,153
EK202310213301,153
EK202310137198,153
EK202310151042,143
EK202310168461,153
EK202310243164,143
EK202310179023,143
EK202310160904,153
EK202310171189,153
EK202310239158,153
EK202310167988,153
EK202310226837,153
EK202310135580,153
EK202310246488,153
EK202310003762,153
EK202310134904,153
EK202310136330,153
EK202310217816,153
EK202310122041,153
EK202310246474,153
EK202310157040,153
EK202310198401,153
EK202310117127,153
EK202310105754,153
EK202310166261,153
EK202310168044,153
EK202310220538,153
EK202310139280,153
EK202310135523,153
EK202310236682,153
EK202310244877,143
EK202310107483,153
EK202310175451,153
EK202310180461,153
EK202310144697,153
EK202310123532,153
EK202310123754,153
EK202310206309,153
EK202310239121,153
EK202310104310,153
EK202310211761,153
EK202310191013,153
EK202310240312,153
EK202310217200,153
EK202310114563,153
EK202310161367,153
EK202310144122,153
EK202310212504,153
EK202310177497,153
EK202310236237,153
EK202310198587,153
EK202310163062,153
EK202310164746,153
EK202310201875,153
EK202310172081,153
EK202310239571,153
EK202310135582,153
EK202310168412,153
EK202310207958,153
EK202310192851,153
EK202310192868,153
EK202310240745,153
EK202320007142,153
EK202310242152,153
EK202310158334,153
EK202310202840,153
EK202310135210,153
EK202310140844,153
EK202310231684,153
EK202310220876,153
EK202310135369,153
EK202310163963,153
EK202310126679,153
EK202310162655,153
EK202310154642,153
EK202310178024,153
EK202310168498,153
EK202310220365,153
EK202310111380,153
EK202310152697,153
EK202310246759,153
EK202310111419,153
EK202310218578,143
EK202310110262,143
EK202310112025,153
EK202310219733,153
EK202310188715,153
EK202310120824,153
EK202310115460,153
EK202310243920,153
EK202310177399,153
EK202310187981,153
EK202310245247,153
EK202310121751,143
EK202310157398,153
EK202310146316,153
EK202310147009,143
EK202310186969,153
EK202310137065,153
EK202310121746,153
EK202310156291,153
EK202310214011,153
EK202310214233,153
EK202310119619,153
EK202310179742,153
EK202310182000,153
EK202310200585,153
EK202310152222,153
EK202310149190,153
EK202310187819,153
EK202310124003,153
EK202310201545,153
EK202310171385,143
EK202310238751,153
EK202310140367,153
EK202310237130,153
EK202310198345,153
EK202310247133,153
EK202310137734,153
EK202310148474,153
EK202310150325,153
EK202310208250,153
EK202310232333,153
EK202310226045,143
EK202310158994,143
EK202310198109,153
EK202310193685,153
EK202310178796,153
EK202310168028,153
EK202310106830,153
EK202310181540,153
EK202310182066,153
EK202310206663,153
EK202310219839,153
EK202310201710,153
EK202310187487,153
EK202310202274,153
EK202310137558,135
EK202310190906,153
EK202310223424,153
EK202310178941,143
EK202310184440,153
EK202310155782,153
EK202310122432,153
EK202310182848,153
EK202310164226,153
EK202310173490,153
EK202310213090,153
EK202310153722,153
EK202310173472,153
EK202310167875,153
EK202310133234,153
EK202310223308,153
EK202310205100,153
EK202310198402,153
EK202310110225,153
EK202310171586,153
EK202310122356,153
EK202310163392,143
EK202310183719,153
EK202310003951,153
EK202310138515,153
EK202310170831,153
EK202310133182,143
EK202310111516,153
EK202310125263,153
EK202310240055,153
EK202310180483,153
EK202310204716,153
EK202310187018,153
EK202310158527,153
EK202310122260,153
EK202310234650,153
EK202310144474,153
EK202310237894,153
EK202310106091,143
EK202310188317,153
EK202310158850,153
EK202310186426,153
EK202310169750,153
EK202310206676,153
EK202310155928,153
EK202310230978,153
EK202310233369,153
EK202310129476,153
EK202310133048,143
EK202310165488,153
EK202310143637,153
EK202310214266,153
EK202310126225,153
EK202310152458,153
EK202310223231,153
EK202310120167,153
EK202310143015,153
EK202310158308,153
EK202310173081,153
EK202310189028,153
EK202310132273,153
EK202310128353,153
EK202310174810,153
EK202310239062,153
EK202310120641,153
EK202310244227,153
EK202310118757,153
EK202310129075,153
EK202310224814,153
EK202310004731,153
EK202310156915,153
EK202310115641,153
EK202310118147,153
EK202310248390,153
EK202310218403,143
EK202310155441,153
EK202310230283,153
EK202310162794,153
EK202310182211,153
EK202310143073,153
EK202310177848,153
EK202310003966,153
EK202310194839,153
EK202310233597,143
EK202310160959,153
EK202310225528,153
EK202310108255,153
EK202310166709,153
EK202310203616,153
EK202310189898,153
EK202310135324,153
EK202310183856,153
EK202310178334,153
EK202310112277,153
EK202310116332,153
EK202310174408,153
EK202310225395,153
EK202310179921,153
EK202310136896,143
EK202310246946,153
EK202310132878,153
EK202310132936,153
EK202310117215,153
EK202310194744,153
EK202310239667,153
EK202310137081,143
EK202310195120,153
EK202310244943,153
EK202310216463,153
EK202310175023,153
EK202310123452,153
EK202310120759,153
EK202310200555,153
EK202310183159,143
EK202310237119,153
EK202310241465,153
EK202310185913,143
EK202310207534,153
EK202310158605,153
EK202310193608,153
EK202310238219,153
EK202310142209,153
EK202310158659,153
EK202310196102,153
EK202310244335,153
EK202310151300,153
EK202310135647,153
EK202310208600,153
EK202320006689,153
EK202310208813,153
EK202310154438,153
EK202310165804,153
EK202310124724,153
EK202320005923,153
EK202310193868,153
EK202310243558,153
EK202310213393,153
EK202310142913,153
EK202310168870,153
EK202310246882,153
EK202310123829,153
EK202310125993,153
EK202310148678,153
EK202310214338,153
EK202310118609,153
EK202310223350,153
EK202310161314,153
EK202310172634,153
EK202310218585,153
EK202310004027,153
EK202310177913,153
EK202310195749,153
EK202310176453,153
EK202310213885,143
EK202310137118,153
EK202310219450,143
EK202310228378,153
EK202310157141,153
EK202310131718,153
EK202310165083,153
EK202310004821,153
EK202310115195,153
EK202310179460,153
EK202310204918,153
EK202310126066,153
EK202310147822,153
EK202310233974,153
EK202310152337,153
EK202310121597,153
EK202310113315,104
EK202310172487,153
EK202310208865,153
EK202310178856,153
EK202310163216,153
EK202310192275,153
EK202310123629,153
EK202310118365,153
EK202310205626,153
EK202310197305,104
EK202310168104,143
EK202310147731,153
EK202310202905,153
EK202310240860,153
EK202310003646,153
EK202310241992,143
EK202310139823,153
EK202310229599,153
EK202310183516,153
EK202310224914,117
EK202310191077,153
EK202320006964,153
EK202310237895,153
EK202310176057,153
EK202310165954,153
EK202310122162,153
EK202310126238,153
EK202310121795,153
EK202310161976,153
EK202310191508,143
EK202310176644,143
EK202310152467,153
EK202310219240,153
EK202310208125,153
EK202310159439,153
EK202310112020,153
EK202310131152,153
EK202310231176,153
EK202310119600,153
EK202310142740,153
EK202310190305,153
EK202310181410,153
EK202310195269,153
EK202310154821,120
EK202310247409,153
EK202310146034,153
EK202310193073,153
EK202310184666,153
EK202310107982,153
EK202310118565,153
EK202310189557,153
EK202310176523,153
EK202310199098,153
EK202310192444,153
EK202310201510,153
EK202310152404,153
EK202310159084,153
EK202310241360,153
EK202310216628,153
EK202310228907,153
EK202310129890,153
EK202310151590,153
EK202310145359,153
EK202310157050,153
EK202310176488,104
EK202310130834,153
EK202310209574,153
EK202310111176,153
EK202310147278,153
EK202310208597,153
EK202310196533,153
EK202310195547,153
EK202310176613,143
EK202310164726,153
EK202310243633,153
EK202310196133,153
EK202310147029,153
EK202310218892,153
EK202310140920,153
EK202310155482,153
EK202310135200,146
EK202310172820,153
EK202310105543,153
EK202310172387,153
EK202310176697,153
EK202310218951,153
EK202310103784,153
EK202310230023,153
EK202310164692,153
EK202310104542,153
EK202310176068,153
EK202310244683,153
EK202310119149,153
EK202310191861,153
EK202310199949,153
EK202310161393,153
EK202310125111,153
EK202310199054,153
EK202310004487,153
EK202310183184,153
EK202310201897,153
EK202310210681,153
EK202310171699,143
EK202310136344,153
EK202310142799,153
EK202310003358,132
EK202310177915,153
EK202310233198,153
EK202310180154,104
EK202310174450,153
EK202310136841,153
EK202310121016,153
EK202310165032,153
EK202310228963,153
EK202310121559,153
EK202310181916,153
EK202310145575,153
EK202310239181,153
EK202310188158,153
EK202310128251,153
EK202310132218,153
EK202310171818,153
EK202310104717,153
EK202310166536,153
EK202310165544,153
EK202310106140,153
EK202310120542,153
EK202310200432,153
EK202310137688,153
EK202310199770,153
EK202310151234,153
EK202310239824,153
EK202310109979,153
EK202310222377,146
EK202310129765,153
EK202310004768,143
EK202310161683,153
EK202310111657,153
EK202310233223,153
EK202310191113,153
EK202310133283,153
EK202310196259,153
EK202310180866,153
EK202310219289,123
EK202310195465,153
EK202310163110,153
EK202310236924,153
EK202310175544,153
EK202310106368,153
EK202310187622,153
EK202310204563,153
EK202310169494,153
EK202310151846,153
EK202310239299,153
EK202310145012,143
EK202310110945,153
EK202310198659,153
EK202310130369,153
EK202310191235,153
EK202310171717,153
EK202310235589,153
EK202310114348,153
EK202310232893,153
EK202310164789,153
EK202310236042,153
EK202310004445,153
EK202310172245,153
EK202310224823,153
EK202310136877,153
EK202310123423,153
EK202310153225,153
EK202310145756,153
EK202310146568,153
EK202310163087,153
EK202310245297,153
EK202310209644,153
EK202310140290,153
EK202310221072,153
EK202310135414,153
EK202310187378,153
EK202310133530,153
EK202310224364,153
EK202310195517,153
EK202310204169,153
EK202310210323,138
EK202310200422,153
EK202310151056,153
EK202310227277,153
EK202310247028,153
EK202310180050,153
EK202310127868,153
EK202310234685,153
EK202310223304,143
EK202310222628,153
EK202310132162,153
EK202310107313,153
EK202310193034,153
EK202320006263,153
EK202310180508,153
EK202310126699,153
EK202310161588,153
EK202310230044,153
EK202310131679,153
EK202310130402,153
EK202310186216,153
EK202310104460,153
EK202310138193,143
EK202310190994,153
EK202310235895,153
EK202310129828,153
EK202310188700,153
EK202310162187,153
EK202310137095,153
EK202310142210,153
EK202310197331,153
EK202310224439,153
EK202310202545,153
EK202310172841,153
EK202310185316,153
EK202310193096,153
EK202310239366,153
EK202310157680,153
EK202310216245,153
EK202310122188,153
EK202310229644,153
EK202310205871,153
EK202310215556,153
EK202310158679,153
EK202310147755,153
EK202310186194,153
EK202310117620,153
EK202310194359,143
EK202310198922,153
EK202310116214,153
EK202310162259,153
EK202310157059,153
EK202310128924,153
EK202310141619,153
EK202310221578,153
EK202310138618,153
EK202310183482,153
EK202310152447,153
EK202310237940,169
EK202310150193,153
EK202310183803,153
EK202310111372,150
EK202310201263,153
EK202310124638,153
EK202310178960,153
EK202310210327,153
EK202310201273,153
EK202310222624,153
EK202310180840,153
EK202310185078,153
EK202310168572,153
EK202310170490,153
EK202310232989,153
EK202310162228,153
EK202310175459,153
EK202310165474,153
EK202310243395,153
EK202310127631,153
EK202310186924,153
EK202310163431,153
EK202310189463,153
EK202310190842,153
EK202310185696,153
EK202310111713,153
EK202310193617,153
EK202310125805,153
EK202310151745,153
EK202310175297,153
EK202310196724,153
EK202310233146,153
EK202310143125,153
EK202310162683,153
EK202310105844,153
EK202310137395,153
EK202310234360,153
EK202310169711,153
EK202310229840,153
EK202310108815,153
EK202310173350,146
EK202310221654,153
EK202310117503,153
EK202310118377,153
EK202310193948,153
EK202310157293,153
EK202310229924,153
EK202310207252,153
EK202310112063,153
EK202310211575,153
EK202310121865,153
EK202310229242,153
EK202310217753,153
EK202310154203,153
EK202310119526,153
EK202310233019,153
EK202310110136,153
EK202310136917,153
EK202310232125,153
EK202310195652,153
EK202310003341,153
EK202310172729,153
EK202310106011,153
EK202310226908,153
EK202310160952,153
EK202310123901,153
EK202310219883,153
EK202310239294,153
EK202310191292,143
EK202310242675,153
EK202310159365,153
EK202310207357,153
EK202310134219,153
EK202310204692,153
EK202310145833,153
EK202310232367,153
EK202310133942,153
EK202310116957,153
EK202310113990,153
EK202310110317,153
EK202310183678,143
EK202310210475,153
EK202310215753,153
EK202310172041,153
EK202310127368,153
EK202310133141,153
EK202310166184,153
EK202310123460,153
EK202310159288,153
EK202310224966,153
EK202310169548,153
EK202310157945,153
EK202310208906,153
EK202320005732,153
EK202310140120,153
EK202310153086,153
EK202310230330,153
EK202310213318,143
EK202310178418,153
EK202310155143,153
EK202310183350,153
EK202310171243,153
EK202310241995,153
EK202310166956,153
EK202310239455,153
EK202310230110,153
EK202310232654,143
EK202310230579,153
EK202310230165,153
EK202310150438,153
EK202310114432,143
EK202310178701,153
EK202310193862,146
EK202310133458,153
EK202310126585,153
EK202310114949,153
EK202310239835,153
EK202310198418,153
EK202310164005,153
EK202310108538,153
EK202310248296,153
EK202310164825,153
EK202310202468,153
EK202310179750,153
EK202310178078,153
EK202310224170,153
EK202310108711,143
EK202310107024,153
EK202310229155,153
EK202310109556,153
EK202310202152,153
EK202310237189,153
EK202310147644,153
EK202310161108,153
EK202310122907,153
EK202310108647,153
EK202310116234,153
EK202310180820,153
EK202310185427,153
EK202310156227,153
EK202310121246,153
EK202310135704,153
EK202310225359,153
EK202310205195,153
EK202310201515,153
EK202310195070,143
EK202310185184,153
EK202310233163,153
EK202310169236,153
EK202310113651,153
EK202310105373,153
EK202310106115,153
EK202310245413,153
EK202310219987,153
EK202310142576,153
EK202310158268,153
EK202310156894,153
EK202310004886,153
EK202310154420,153
EK202310210832,153
EK202310220049,153
EK202310181921,153
EK202310201324,153
EK202310191459,104
EK202310128368,153
EK202310175128,123
EK202310172288,153
EK202310216634,153
EK202320007004,153
EK202310244935,153
EK202310176831,153
EK202310119255,153
EK202310225916,153
EK202310159227,153
EK202310208285,153
EK202310139560,153
EK202310122710,143
EK202310121289,153
EK202310124642,153
EK202310232850,153
EK202310162749,153
EK202310114861,153
EK202310147672,153
EK202310146693,153
EK202310229560,153
EK202310153109,153
EK202310159133,153
EK202310147681,153
EK202310154454,153
EK202310215971,153
EK202310176116,153
EK202310108965,143
EK202310117311,150
EK202310205689,153
EK202310196959,153
EK202310208747,153
EK202310220306,153
EK202310229825,153
EK202310156765,153
EK202310123916,153
EK202310208563,153
EK202310176612,143
EK202310150270,153
EK202310167920,153
EK202310004780,153
EK202310228392,153
EK202310162764,153
EK202310178248,153
EK202310161854,153
EK202310184896,153
EK202310196454,132
EK202310166252,153
EK202310224266,153
EK202310228300,153
EK202310228517,153
EK202310119762,143
EK202310197634,153
EK202310163433,153
EK202310205791,153
EK202310198433,153
EK202310205023,153
EK202310139454,153
EK202310201839,153
EK202310197547,153
EK202310233724,153
EK202310153252,153
EK202310190922,153
EK202310142523,153
EK202310219846,153
EK202310198901,153
EK202310167227,153
EK202310111384,150
EK202310136046,153
EK202310214121,153
EK202310118169,153
EK202310183250,153
EK202310188579,153
EK202310131031,153
EK202310104480,153
EK202310239710,153
EK202310234691,153
EK202310168972,153
EK202310120008,153
EK202310212233,153
EK202310215929,153
EK202310211484,153
EK202310222506,153
EK202310202763,153
EK202310220490,153
EK202310116375,153
EK202310175337,153
EK202310240580,153
EK202310109905,153
EK202310192597,143
EK202310114800,153
EK202310132205,153
EK202310110193,153
EK202310165102,153
EK202310116663,143
EK202310218315,153
EK202310113156,153
EK202310231146,143
EK202310180373,153
EK202310232424,153
EK202310224878,153
EK202310103830,153
EK202310240706,143
EK202310120776,153
EK202310160117,153
EK202310132998,153
EK202310003968,153
EK202310209613,153
EK202310241092,153
EK202310123771,153
EK202310245280,153
EK202310244377,153
EK202310109713,153
EK202310228232,153
EK202310148652,153
EK202310243472,153
EK202310170765,153
EK202310170088,153
EK202310004315,153
EK202310217178,153
EK202310108775,153
EK202310180920,153
EK202310246305,153
EK202310206922,153
EK202310167783,153
EK202310129574,153
EK202310174308,153
EK202310161413,153
EK202310148150,153
EK202310141044,153
EK202310231588,153
EK202310118970,153
EK202310181033,153
EK202310194383,153
EK202310183986,153
EK202310150419,153
EK202310194684,153
EK202310123982,153
EK202310167254,153
EK202310170710,152
EK202310112450,153
EK202310220586,153
EK202310189665,153
EK202310117974,153
EK202310131602,153
EK202310162096,153
EK202310243659,153
EK202310187107,143
EK202310188591,153
EK202310130729,153
EK202310207612,153
EK202310190165,153
EK202310240918,153
EK202310138933,143
EK202310124424,153
EK202310207452,153
EK202310149692,153
EK202310122269,153
EK202310178206,153
EK202310236928,143
EK202310108129,153
EK202310242986,153
EK202310153555,153
EK202310135472,153
EK202310135151,153
EK202310121132,153
EK202310159808,153
EK202310111940,143
EK202310211823,143
EK202310208954,153
EK202310174925,153
EK202310139934,153
EK202310128204,153
EK202310207948,153
EK202310194132,153
EK202310213757,153
EK202310210438,153
EK202310144525,153
EK202310125105,153
EK202310120299,153
EK202310246727,153
EK202310200847,153
EK202310181091,153
EK202310130669,153
EK202310164111,153
EK202310141945,153
EK202310238865,153
EK202310107320,153
EK202310220000,153
EK202310180826,153
EK202310117534,153
EK202310148403,153
EK202310235756,153
EK202310215153,153
EK202310215909,153
EK202310232668,153
EK202310169331,153
EK202310168151,153
EK202310218890,153
EK202310186779,153
EK202310114858,153
EK202310152341,153
EK202310128217,153
EK202310193271,153
EK202310180464,153
EK202310205276,153
EK202310125640,153
EK202310141600,153
EK202310141981,153
EK202310167795,153
EK202310192334,153
EK202310241694,153
EK202310196935,150
EK202310180151,150
EK202310106774,153
EK202310215027,153
EK202310216078,153
EK202310163711,153
EK202310109770,153
EK202310215501,153
EK202310163977,153
EK202320007174,153
EK202310205844,153
EK202310139223,150
EK202310244458,143
EK202310131387,153
EK202310143831,153
EK202310147793,143
EK202310219748,153
EK202310155389,153
EK202310134466,153
EK202310151903,153
EK202310234772,153
EK202310131775,153
EK202310134952,153
EK202310118242,143
EK202310107035,153
EK202310131515,143
EK202310244132,153
EK202310201654,153
EK202310237041,153
EK202310171334,153
EK202310104916,153
EK202310182983,153
EK202310164359,153
EK202310112552,153
EK202310201546,153
EK202310202954,153
EK202310134253,153
EK202310004718,153
EK202310242169,153
EK202310188966,153
EK202310179423,153
EK202310218744,153
EK202310193025,153
EK202310232272,153
EK202310217104,153
EK202310245973,153
EK202310108124,153
EK202310195074,153
EK202310177534,153
EK202310220572,143
EK202310176418,153
EK202310159967,153
EK202310163800,153
EK202310154402,153
EK202310212424,153
EK202310115194,153
EK202310157002,153
EK202310236493,153
EK202310209384,153
EK202310153699,153
EK202310140162,153
EK202310191690,153
EK202310164321,153
EK202310167679,117
EK202310118401,153
EK202320006231,153
EK202310158105,153
EK202310179352,153
EK202310112735,153
EK202310144319,153
EK202310173893,153
EK202310160526,153
EK202310147338,153
EK202310164737,153
EK202310226429,153
EK202310119510,153
EK202310111353,153
EK202310121601,153
EK202310138216,153
EK202310222532,153
EK202310138949,153
EK202310214912,153
EK202310121057,153
EK202310231318,153
EK202310137231,143
EK202310136824,153
EK202310115476,153
EK202310195522,153
EK202310130890,153
EK202310161838,153
EK202310158188,153
EK202310184190,153
EK202310106659,153
EK202310134400,153
EK202310209267,153
EK202310241209,153
EK202310214760,153
EK202310151809,153
EK202310198002,153
EK202310228621,153
EK202310162885,153
EK202310133298,153
EK202310126484,153
EK202310196380,143
EK202310143373,143
EK202310202385,153
EK202310131648,143
EK202310116966,153
EK202310134410,153
EK202310191544,153
EK202310196047,153
EK202310119440,143
EK202310132919,153
EK202310156448,153
EK202310198177,153
EK202310148838,153
EK202310171364,153
EK202310120500,153
EK202310247151,153
EK202310144904,153
EK202310174989,143
EK202310133355,153
EK202310226353,153
EK202310176858,153
EK202310227114,153
EK202310187693,153
EK202310109711,153
EK202310181780,153
EK202310163147,153
EK202310190696,153
EK202310165868,153
EK202310110400,153
EK202310135537,153
EK202310169217,153
EK202310195878,153
EK202310189489,153
EK202310205257,143
EK202310239304,153
EK202310132417,143
EK202310221095,153
EK202310110398,153
EK202310240389,153
EK202310185614,153
EK202310213110,153
EK202310154463,153
EK202310177140,153
EK202310175268,153
EK202310199152,153
EK202310128676,153
EK202310168399,153
EK202310201459,153
EK202310235106,153
EK202310232368,153
EK202310127908,153
EK202310182464,153
EK202310184852,153
EK202310170955,153
EK202310185265,153
EK202310114431,153
EK202310124741,153
EK202310193561,153
EK202310113830,153
EK202310229300,153
EK202310176918,153
EK202310222543,153
EK202310240095,153
EK202310208448,153
EK202310201172,153
EK202310125525,143
EK202310221529,153
EK202310120352,153
EK202310140711,153
EK202310211389,153
EK202310124018,153
EK202310143340,153
EK202310180385,153
EK202320006974,153
EK202310159693,153
EK202310181459,153
EK202310182182,153
EK202310141048,153
EK202310211604,153
EK202310141173,153
EK202310151648,153
EK202310243583,153
EK202310133700,153
EK202310152960,153
EK202310192543,153
EK202310131141,153
EK202310134377,153
EK202310174653,153
EK202310218574,153
EK202310191005,153
EK202310104855,143
EK202310178218,153
EK202310166318,153
EK202310202248,153
EK202310234490,153
EK202310225442,153
EK202310123331,153
EK202310238951,153
EK202310114122,153
EK202310202645,153
EK202310221624,153
EK202310147534,153
EK202310197356,153
EK202310222430,153
EK202310225523,153
EK202310177178,153
EK202310153665,153
EK202310196238,153
EK202310244577,153
EK202310172448,153
EK202310225799,153
EK202310183968,153
EK202310203019,153
EK202310109776,143
EK202310111537,153
EK202310124731,153
EK202310213643,153
EK202310146267,153
EK202310245701,153
EK202310177157,153
EK202310153114,153
EK202310004024,153
EK202310240323,153
EK202310116344,153
EK202310174344,153
EK202310166165,153
EK202310122743,153
EK202310226015,153
EK202310152541,153
EK202310189773,153
EK202310232097,153
EK202310155304,153
EK202310200289,153
EK202310208997,153
EK202310176430,153
EK202310205504,153
EK202310241123,153
EK202310160664,150
EK202310235837,143
EK202310190225,153
EK202310218794,153
EK202310244811,153
EK202310144333,153
EK202310134916,153
EK202310133279,153
EK202310230299,153
EK202310181539,153
EK202310137837,153
EK202310142434,153
EK202310108559,153
EK202310172173,153
EK202310170541,153
EK202310106066,143
EK202310242004,153
EK202310114374,153
EK202310147018,153
EK202310193730,153
EK202310155054,153
EK202310211249,153
EK202310203058,153
EK202310224924,153
EK202310153934,153
EK202310192789,153
EK202310176566,153
EK202310215186,153
EK202310159944,153
EK202310209677,153
EK202310137062,153
EK202310209003,153
EK202310236143,153
EK202310159540,153
EK202310141923,153
EK202310214900,153
EK202310150311,153
EK202310145121,143
EK202310138102,153
EK202310195227,153
EK202310215003,143
EK202310133345,153
EK202310241621,153
EK202310232734,153
EK202310192752,153
EK202310155287,153
EK202310230367,153
EK202310204826,153
EK202310217569,153
EK202310239151,153
EK202310225087,153
EK202310142211,153
EK202310143872,153
EK202320006692,153
EK202310243470,153
EK202310202312,153
EK202310172400,153
EK202310175257,153
EK202310156574,153
EK202310195996,153
EK202310207174,153
EK202310221440,153
EK202310229365,153
EK202310184849,153
EK202310186317,153
EK202310122351,153
EK202310147942,153
EK202310204767,149
EK202310151776,153
EK202310162542,153
EK202310149376,153
EK202310188687,153
EK202310126040,153
EK202310132787,153
EK202320007196,153
EK202310194184,153
EK202310148035,153
EK202310242086,153
EK202310158984,153
EK202310123998,153
EK202310143322,153
EK202310169220,153
EK202310163343,117
EK202310195035,153
EK202310244095,153
EK202310004865,153
EK202310202516,153
EK202310170156,153
EK202310217210,153
EK202310139116,153
EK202310181676,153
EK202310117650,153
EK202310126117,153
EK202310145631,153
EK202310194552,153
EK202310231065,153
EK202310243723,153
EK202310150462,153
EK202310175160,153
EK202310145549,153
EK202310218100,153
EK202310172122,153
EK202310195049,153
EK202310179443,153
EK202310149733,153
EK202310115695,153
EK202310149488,153
EK202310154087,153
EK202320006192,153
EK202310125278,143
EK202310241332,153
EK202310143810,153
EK202310105018,153
EK202310237785,153
EK202310223864,153
EK202310226433,153
EK202310157972,153
EK202310174015,153
EK202310183160,153
EK202310191076,153
EK202310172756,153
EK202310104599,143
EK202310238264,153
EK202310127187,153
EK202310165833,153
EK202310195179,153
EK202310153898,153
EK202310170585,153
EK202310245910,143
EK202310170174,153
EK202310115207,153
EK202310120317,153
EK202310236898,153
EK202310146305,153
EK202310112140,153
EK202310143217,153
EK202310150540,153
EK202310223717,153
EK202310219843,143
EK202310198855,153
EK202310191446,153
EK202310190334,153
EK202310184752,153
EK202310160416,153
EK202310173011,153
EK202310128863,153
EK202310190262,153
EK202310110902,153
EK202310193520,153
EK202320006543,153
EK202310187711,143
EK202310200254,143
EK202310155513,153
EK202310180642,153
EK202310196569,153
EK202320007271,153
EK202310179403,153
EK202310241241,153
EK202310192182,153
EK202310203673,153
EK202310163605,153
EK202310108085,153
EK202310195692,153
EK202310190401,153
EK202310192575,153
EK202310227513,153
EK202310130882,153
EK202310104224,153
EK202310144297,153
EK202310210525,153
EK202320006267,153
EK202310150061,153
EK202310189465,153
EK202310239884,153
EK202310137344,153
EK202310212273,153
EK202310205202,153
EK202310147736,153
EK202310138489,153
EK202310169998,153
EK202310123563,143
EK202310162573,153
EK202310122865,153
EK202310189811,153
EK202310160895,153
EK202310153256,143
EK202310216969,153
EK202310152260,153
EK202310141709,153
EK202320007373,153
EK202310193336,153
EK202310164703,153
EK202310103814,153
EK202310200017,153
EK202310218767,153
EK202310188858,153
EK202310192187,153
EK202310194207,153
EK202310130206,153
EK202310110494,153
EK202320006130,153
EK202310211320,153
EK202310224161,153
EK202310240472,153
EK202310209032,153
EK202310167634,153
EK202310180571,153
EK202310229017,153
EK202310131345,153
EK202310138019,153
EK202310004554,153
EK202310132971,150
EK202310141635,153
EK202310194247,153
EK202310148311,153
EK202310121972,153
EK202310142685,153
EK202310106949,153
EK202310163326,153
EK202310220547,153
EK202310104514,153
EK202310145431,153
EK202310117273,153
EK202310166607,153
EK202310189589,153
EK202310196074,153
EK202310153363,153
EK202310162392,146
EK202310229624,153
EK202310195898,153
EK202310219784,150
EK202310184116,153
EK202310223449,153
EK202310163821,153
EK202310183192,153
EK202310226918,153
EK202310154785,153
EK202310179367,153
EK202310195531,153
EK202310130452,153
EK202310121734,153
EK202310133991,153
EK202310210591,153
EK202310139555,153
EK202310228357,153
EK202310125608,153
EK202310107185,153
EK202310235572,117
EK202310230158,153
EK202310145383,153
EK202310143147,153
EK202310164771,153
EK202310144247,153
EK202310220979,153
EK202310149131,153
EK202310196632,153
EK202310131051,153
EK202310134659,153
EK202310200213,153
EK202310146862,153
EK202310188949,153
EK202310137016,153
EK202310239591,153
EK202310160714,153
EK202310120187,153
EK202310171815,153
EK202310197107,153
EK202310135357,153
EK202310139656,104
EK202310210779,153
EK202310238374,153
EK202310232468,153
EK202310170608,153
EK202310161875,153
EK202310154794,153
EK202310178981,153
EK202310115024,153
EK202310198317,153
EK202310176549,153
EK202310125448,153
EK202310223899,150
EK202310240237,153
EK202310194815,153
EK202310245437,153
EK202310109463,153
EK202310126220,153
EK202310162672,153
EK202310106706,153
EK202310230813,153
EK202310229853,153
EK202310183987,120
EK202310130317,153
EK202310104984,153
EK202310174152,143
EK202310228308,143
EK202310111938,153
EK202310191965,153
EK202310125325,153
EK202310235246,153
EK202310108851,153
EK202310139648,153
EK202310116135,153
EK202310195391,153
EK202310139056,153
EK202310201109,153
EK202310247192,153
EK202310119623,153
EK202310174223,153
EK202310150628,153
EK202310166077,153
EK202310178835,153
EK202310184672,153
EK202310245587,153
EK202310211153,153
EK202310148852,153
EK202310237982,153
EK202310212607,153
EK202310188439,143
EK202310244428,153
EK202310187031,153
EK202310114894,153
EK202310140044,153
EK202310223861,153
EK202310184954,153
EK202310229341,153
EK202310193100,153
EK202310154175,153
EK202310103979,153
EK202310210100,153
EK202310112422,153
EK202310147941,153
EK202310109450,143
EK202310227736,153
EK202310147053,153
EK202310219645,153
EK202310213369,143
EK202310154826,153
EK202310119234,153
EK202310210678,153
EK202310106182,153
EK202310132534,143
EK202310220157,153
EK202310108493,153
EK202310192669,153
EK202310172385,153
EK202310133787,153
EK202310172222,153
EK202310183649,153
EK202310135892,153
EK202310129170,153
EK202310209741,153
EK202310129427,153
EK202310192393,153
EK202310245714,153
EK202310130517,153
EK202310178411,153
EK202310189618,153
EK202310143288,153
EK202310199193,153
EK202310227313,153
EK202310213919,153
EK202310244481,153
EK202310120478,153
EK202310107634,153
EK202310157691,153
EK202310215874,153
EK202310246981,153
EK202310153195,153
EK202310242256,153
EK202310123017,143
EK202310205136,153
EK202310170231,153
EK202310168120,143
EK202310003727,153
EK202310217369,153
EK202320006688,153
EK202310230112,153
EK202310177152,117
EK202310106847,143
EK202310228061,153
EK202310233311,153
EK202310226138,153
EK202310200931,153
EK202310219804,153
EK202310141658,153
EK202310207757,153
EK202310147486,153
EK202310239005,153
EK202310129712,153
EK202310148369,153
EK202310155404,153
EK202310218716,153
EK202310188882,153
EK202310221316,143
EK202310137120,153
EK202310217405,153
EK202310149231,153
EK202310174189,153
EK202310138929,117
EK202310123610,153
EK202310200717,143
EK202310190751,153
EK202310146784,153
EK202310132879,153
EK202310133709,153
EK202310128722,153
EK202310103790,153
EK202310218931,153
EK202310218663,153
EK202310247844,153
EK202310190812,153
EK202310208756,153
EK202310156744,153
EK202310228838,153
EK202310136171,143
EK202310126151,153
EK202310173890,149
EK202310235680,104
EK202310156616,153
EK202310134563,153
EK202310211003,143
EK202310185632,153
EK202310241758,104
EK202310148534,153
EK202310182316,153
EK202310191280,153
EK202310129812,153
EK202310004693,153
EK202310172541,153
EK202310201639,153
EK202310204202,153
EK202310129486,153
EK202310203423,153
EK202310169919,153
EK202310174297,153
EK202310172937,153
EK202310109427,153
EK202310131119,153
EK202310151810,153
EK202310137213,153
EK202310136572,153
EK202310132184,153
EK202310238825,153
EK202310160725,153
EK202310127240,153
EK202310115224,153
EK202310127515,153
EK202310130232,153
EK202310176152,143
EK202310189265,153
EK202310121845,153
EK202310248808,153
EK202310216603,153
EK202310106462,153
EK202310186070,153
EK202310200271,143
EK202310222232,143
EK202310224303,153
EK202310108205,153
EK202310213223,153
EK202320007747,153
EK202310195798,153
EK202310172690,153
EK202310139602,153
EK202310124892,153
EK202310136630,153
EK202310133236,153
EK202310109780,153
EK202310139773,143
EK202310138601,153
EK202310192309,153
EK202310201720,153
EK202310246040,153
EK202320005733,153
EK202310119837,153
EK202310235139,153
EK202310129171,143
EK202310204107,153
EK202310206346,153
EK202310126908,153
EK202310201951,153
EK202310185504,153
EK202310139015,153
EK202310164756,153
EK202310207001,153
EK202310217541,153
EK202310149840,143
EK202310218711,143
EK202310133519,143
EK202310168888,153
EK202310209126,153
EK202310189031,153
EK202310217455,153
EK202310155271,153
EK202310215067,153
EK202310161595,153
EK202310120502,143
EK202310241869,153
EK202310103712,120
EK202310150266,153
EK202310119972,153
EK202310179290,153
EK202310192440,153
EK202310131793,153
EK202310109571,153
EK202310230188,153
EK202310119855,153
EK202310138704,153
EK202310118159,153
EK202310166249,153
EK202310187053,153
EK202310165742,153
EK202310183750,153
EK202310205405,153
EK202310131038,153
EK202310207627,153
EK202310220460,153
EK202310239483,143
EK202310141073,153
EK202310217239,153
EK202310146989,153
EK202310160800,153
EK202310190813,153
EK202320006164,153
EK202310143973,153
EK202310111799,153
EK202310208269,153
EK202310159828,153
EK202310113945,153
EK202310168361,153
EK202310176103,153
EK202310136310,143
EK202310200326,153
EK202310179044,153
EK202310197944,153
EK202310183295,153
EK202310240215,153
EK202310225695,143
EK202310138029,143
EK202310208987,153
EK202310156602,153
EK202310239059,153
EK202310185901,153
EK202310200662,153
EK202310109920,153
EK202310188247,153
EK202310183201,153
EK202310104073,153
EK202310183040,153
EK202310200329,153
EK202310108982,153
EK202310214848,153
EK202310194212,153
EK202310155460,153
EK202310179825,143
EK202310183614,153
EK202310233580,153
EK202310223060,153
EK202310110018,153
EK202310219086,153
EK202310210708,153
EK202310206894,153
EK202310176692,153
EK202310211237,143
EK202310216145,153
EK202310174790,153
EK202310130432,153
EK202310176912,153
EK202310239861,153
EK202310201821,153
EK202310194140,153
EK202310201014,153
EK202310211210,153
EK202310210215,153
EK202310109048,153
EK202310115364,153
EK202310125998,153
EK202310113308,104
EK202310166014,153
EK202310240961,153
EK202310192526,153
EK202310118614,153
EK202310208485,153
EK202310113185,153
EK202310123009,153
EK202310131866,153
EK202310246596,153
EK202310144786,153
EK202310188069,153
EK202310161238,153
EK202310108065,153
EK202310176554,153
EK202310172801,153
EK202310231997,153
EK202310150544,153
EK202310242116,153
EK202310228121,143
EK202310163938,153
EK202310208770,153
EK202310162906,153
EK202310171122,104
EK202310136574,153
EK202310168247,153
EK202310116653,153
EK202310225365,153
EK202310154568,146
EK202310144616,153
EK202310123329,153
EK202310184908,153
EK202310176975,153
EK202310244230,153
EK202310139801,153
EK202310140231,153
EK202310163109,153
EK202310133245,153
EK202310003719,153
EK202310128658,153
EK202310196514,153
EK202310136745,143
EK202310135739,153
EK202310167219,153
EK202310188340,153
EK202310233341,153
EK202310207484,153
EK202310145893,153
EK202310137850,153
EK202310228098,153
EK202310123631,153
EK202310233006,153
EK202310236781,153
EK202310184351,153
EK202310197215,153
EK202310134606,153
EK202310124613,153
EK202310176760,153
EK202310181242,143
EK202310146018,153
EK202310118057,153
EK202310241929,153
EK202310134625,153
EK202310226675,153
EK202310200650,153
EK202310202459,153
EK202310165871,150
EK202310190177,153
EK202310221650,153
EK202310195755,153
EK202310128800,153
EK202310103775,153
EK202310117228,153
EK202310151800,153
EK202310210424,153
EK202310208507,143
EK202310003803,153
EK202310171322,153
EK202310168526,153
EK202310197721,153
EK202310238027,153
EK202310172276,153
EK202310124247,153
EK202310158194,153
EK202310167282,153
EK202310173439,153
EK202310125677,153
EK202310210177,153
EK202310238899,153
EK202310113985,153
EK202310209990,153
EK202310228124,153
EK202310104190,153
EK202310201389,153
EK202310123163,153
EK202310191131,153
EK202310203502,153
EK202310123878,153
EK202310247275,153
EK202310227023,153
EK202310175135,153
EK202310226835,153
EK202310109034,153
EK202310186583,153
EK202310107744,153
EK202310220042,153
EK202310202298,153
EK202310189344,153
EK202310148801,153
EK202310172716,153
EK202310179116,153
EK202310174016,153
EK202310108847,153
EK202310232003,143
EK202310126703,153
EK202310106477,153
EK202310123106,153
EK202310169334,153
EK202310231339,153
EK202310175772,153
EK202310196241,153
EK202310143871,153
EK202310142265,153
EK202310163563,143
EK202310244604,153
EK202310247610,153
EK202310116133,153
EK202310144893,153
EK202310138511,153
EK202310178199,153
EK202310238970,153
EK202310137277,153
EK202310195419,143
EK202310234603,153
EK202310137485,153
EK202310221268,153
EK202310166447,153
EK202310163342,153
EK202310160258,153
EK202320007173,153
EK202310166608,153
EK202310190777,153
EK202310228415,153
EK202310160470,153
EK202310199928,153
EK202310139397,153
EK202310103828,153
EK202310198546,153
EK202310168601,153
EK202310199500,153
EK202310130735,153
EK202310203344,143
EK202310149177,153
EK202320006908,153
EK202310182119,153
EK202310108526,153
EK202310123316,143
EK202310175509,153
EK202310115166,153
EK202310169504,153
EK202310191512,143
EK202310111425,153
EK202310192823,153
EK202310159703,153
EK202310110465,153
EK202310217003,153
EK202310187166,153
EK202310225739,153
EK202310125501,153
EK202310118486,153
EK202310221279,153
EK202310194956,153
EK202310178722,153
EK202310182533,153
EK202310138053,153
EK202310231131,153
EK202310212157,153
EK202310125603,153
EK202310136248,153
EK202310115244,153
EK202310132254,153
EK202310178792,153
EK202310191023,153
EK202310162415,153
EK202310125102,153
EK202310208134,153
EK202310105586,153
EK202310213166,153
EK202310247801,153
EK202310247262,153
EK202310126467,153
EK202310176266,153
EK202310109933,153
EK202310161495,153
EK202310205248,153
EK202310224138,153
EK202310212586,153
EK202310131904,153
EK202310120534,153
EK202310109184,153
EK202310198723,153
EK202310190770,153
EK202310114461,153
EK202310223578,153
EK202310133222,153
EK202310136866,153
EK202310176700,153
EK202310126084,153
EK202310196727,153
EK202310225009,153
EK202310207005,153
EK202310222794,153
EK202310171893,153
EK202310172296,153
EK202310139698,153
EK202310128914,153
EK202310235545,153
EK202310109242,153
EK202310177486,143
EK202310199539,153
EK202310188301,153
EK202310201859,153
EK202310170159,153
EK202310148167,153
EK202310155933,153
EK202310149269,153
EK202310188885,153
EK202310109274,135
EK202310162745,153
EK202310146260,153
EK202310168090,153
EK202310219761,153
EK202310230205,143
EK202310114523,153
EK202310201162,153
EK202310188350,153
EK202310178664,153
EK202310125253,153
EK202310194315,153
EK202310178855,153
EK202310114913,153
EK202310209479,153
EK202310207800,153
EK202310205487,153
EK202310168431,153
EK202310235593,153
EK202310235602,153
EK202320007124,153
EK202310207771,153
EK202310228788,117
EK202310227982,153
EK202310194813,153
EK202310241087,153
EK202310148405,153
EK202310140778,153
EK202310198551,153
EK202310120216,153
EK202310154323,153
EK202310158123,153
EK202310215528,153
EK202310237307,153
EK202310144499,153
EK202310200349,153
EK202310199428,153
EK202310205917,153
EK202310123848,143
EK202310171335,153
EK202310113026,153
EK202310227460,153
EK202310218273,153
EK202310211553,153
EK202310196786,153
EK202310237300,143
EK202310125146,153
EK202310118100,153
EK202310186326,153
EK202310128919,153
EK202310198759,153
EK202310236246,153
EK202310149187,153
EK202310182726,153
EK202310152601,153
EK202310220436,153
EK202310193514,153
EK202310246478,104
EK202310243128,153
EK202310127415,143
EK202310213162,153
EK202310137235,153
EK202310178654,153
EK202310118153,153
EK202310004571,153
EK202310151403,153
EK202310245278,153
EK202310143897,153
EK202310218277,153
EK202310162879,153
EK202310136599,153
EK202320006442,153
EK202320007344,153
EK202310189969,153
EK202310166949,153
EK202310114939,153
EK202310226036,153
EK202310166986,153
EK202310217723,153
EK202310137499,153
EK202310132371,143
EK202310197508,153
EK202320006448,153
EK202310217287,153
EK202310210663,153
EK202310104277,153
EK202310200683,153
EK202310225623,153
EK202310207191,153
EK202310129539,153
EK202310128514,153
EK202310140966,153
EK202310129386,153
EK202310179691,153
EK202310188920,153
EK202310247484,153
EK202310193673,153
EK202310170091,143
EK202310172920,153
EK202310223477,153
EK202310171073,153
EK202310194158,153
EK202310207919,153
EK202310120306,153
EK202310207223,143
EK202310244280,153
EK202310106527,143
EK202310142859,153
EK202310168389,153
EK202310143594,153
EK202310167480,153
EK202310156995,153
EK202310119214,137
EK202310148853,153
EK202310217497,153
EK202310120366,153
EK202310217526,153
EK202310195002,153
EK202310169241,153
EK202310159114,153
EK202310192176,153
EK202310159110,153
EK202310158664,153
EK202310192338,153
EK202310230524,143
EK202310210362,153
EK202310212895,153
EK202310193440,143
EK202320007869,153
EK202310167916,153
EK202310206630,153
EK202310157459,153
EK202310216902,153
EK202310198965,153
EK202310201874,153
EK202310117999,153
EK202310204212,153
EK202310183852,153
EK202310219321,153
EK202310235218,153
EK202310106655,153
EK202310109169,153
EK202310229525,153
EK202310234441,153
EK202310119016,153
EK202310003723,153
EK202310177973,153
EK202310143560,153
EK202310245405,153
EK202310123670,153
EK202310125143,153
EK202310162721,153
EK202310121368,153
EK202310207810,153
EK202310110877,153
EK202310207642,153
EK202310236676,143
EK202310178731,153
EK202310166361,153
EK202310221798,153
EK202310177403,153
EK202310134022,153
EK202310167333,153
EK202310166210,153
EK202310110220,123
EK202310145795,153
EK202310164123,153
EK202310196621,153
EK202310120415,132
EK202310148912,153
EK202310179102,104
EK202310196322,153
EK202310157568,153
EK202310146998,153
EK202310223698,153
EK202310234532,153
EK202310138792,153
EK202310246869,153
EK202310126504,153
EK202310113606,153
EK202310131578,153
EK202310156389,153
EK202310138943,153
EK202310105288,153
EK202310188558,153
EK202310234995,153
EK202310181950,153
EK202310157098,153
EK202310132543,153
EK202310174319,153
EK202310225811,153
EK202310157066,153
EK202310205138,153
EK202320007203,153
EK202310227039,153
EK202310106033,153
EK202310146183,153
EK202310226180,143
EK202310162385,153
EK202310235946,143
EK202310182408,153
EK202310155735,153
EK202310190520,153
EK202310146058,153
EK202310202633,153
EK202310196099,153
EK202310129632,153
EK202310138166,153
EK202310148720,153
EK202310145781,153
EK202310140364,153
EK202310152526,153
EK202310109041,153
EK202310239518,153
EK202310187894,143
EK202310140674,153
EK202310133919,153
EK202310183378,153
EK202310232538,153
EK202310203159,153
EK202310114364,153
EK202310165382,153
EK202310212412,153
EK202310106291,153
EK202310136964,153
EK202310114872,153
EK202310211044,153
EK202310196962,153
EK202310229743,153
EK202310180091,153
EK202310113899,153
EK202310238528,153
EK202310167500,153
EK202310184018,153
EK202310194972,153
EK202310120304,153
EK202310142049,153
EK202310178765,153
EK202310182864,153
EK202310192331,153
EK202310164774,153
EK202310156817,153
EK202310237151,153
EK202310234802,153
EK202310210106,153
EK202310195014,153
EK202310147893,153
EK202310113010,153
EK202310183485,153
EK202310123549,153
EK202310215820,153
EK202310174861,143
EK202310170243,153
EK202310139779,153
EK202310226387,153
EK202310126951,153
EK202310122461,153
EK202310137617,153
EK202310232607,153
EK202310188917,153
EK202310230010,143
EK202320007620,153
EK202310179514,153
EK202310200726,143
EK202310145542,153
EK202310140934,153
EK202310141993,153
EK202310202052,153
EK202310206128,153
EK202310129191,153
EK202310132531,153
EK202310145895,153
EK202310150717,153
EK202310238478,153
EK202310215961,153
EK202310140355,153
EK202310107109,153
EK202310245704,153
EK202310140078,153
EK202310201205,153
EK202310105811,143
EK202310213056,153
EK202310218710,153
EK202310212505,153
EK202310222413,123
EK202310172293,153
EK202310109647,152
EK202310188891,153
EK202310137965,153
EK202310107117,153
EK202310207869,153
EK202310169495,153
EK202310114538,153
EK202310165920,153
EK202310130807,153
EK202310170628,153
EK202310117370,153
EK202310239420,153
EK202310108908,153
EK202310124380,153
EK202310114384,153
EK202310176015,153
EK202310213032,153
EK202310191795,153
EK202310203571,153
EK202310138185,153
EK202310182667,153
EK202310178540,153
EK202310173419,153
EK202310171759,153
EK202310230057,153
EK202310239289,153
EK202310203690,153
EK202310109021,153
EK202310126805,153
EK202310213809,153
EK202310174863,153
EK202310221636,153
EK202310171548,153
EK202310194319,153
EK202310233853,153
EK202310158671,153
EK202310230596,153
EK202310221893,153
EK202310227172,153
EK202310231306,153
EK202310158074,153
EK202310104860,153
EK202310216640,153
EK202310200103,153
EK202310141785,153
EK202310145978,153
EK202310004077,153
EK202310133888,153
EK202310125723,153
EK202310136090,153
EK202310246571,153
EK202310243027,153
EK202310109649,153
EK202310176461,153
EK202310122952,153
EK202310243326,153
EK202310135058,153
EK202310200094,153
EK202310146558,143
EK202310121295,153
EK202310214783,153
EK202310172681,153
EK202310241971,153
EK202310188843,143
EK202310136447,143
EK202310231662,153
EK202310157790,153
EK202310120107,153
EK202310225152,153
EK202310200264,153
EK202310134521,153
EK202310173584,153
EK202310196666,153
EK202310164106,153
EK202310138379,153
EK202310228204,153
EK202310125152,153
EK202310216720,153
EK202310228063,153
EK202310169786,153
EK202310176342,143
EK202310163187,153
EK202310124025,153
EK202310171872,153
EK202310137265,153
EK202310209292,153
EK202310137925,143
EK202310199295,153
EK202310152826,153
EK202310104368,153
EK202310187730,153
EK202310181862,153
EK202310165938,153
EK202310183431,153
EK202310236615,153
EK202310189593,153
EK202310221069,143
EK202310205373,153
EK202310142031,153
EK202310128716,153
EK202310202961,153
EK202310205295,153
EK202310116568,153
EK202310209928,153
EK202320005639,153
EK202310133603,153
EK202310196192,153
EK202310133688,153
EK202310107855,153
EK202310138935,153
EK202310204089,153
EK202310219313,153
EK202310189726,153
EK202310152282,153
EK202310180251,153
EK202310165981,153
EK202310137451,153
EK202310126122,153
EK202310243998,153
EK202310184231,153
EK202310228417,153
EK202310241091,153
EK202310190393,153
EK202310211537,153
EK202310147678,153
EK202310242270,153
EK202310149069,153
EK202310163921,153
EK202310133083,153
EK202310224140,153
EK202310152867,153
EK202310203736,123
EK202310165596,153
EK202310214453,153
EK202310164740,153
EK202310214137,153
EK202310146679,153
EK202310104097,143
EK202310200834,153
EK202310163017,153
EK202310165977,153
EK202310243475,153
EK202310241365,153
EK202310244319,153
EK202310120396,153
EK202310241624,153
EK202310198761,153
EK202310150943,153
EK202310248679,153
EK202310215685,153
EK202310104356,153
EK202310206239,153
EK202310157180,153
EK202310131514,153
EK202310244801,153
EK202310116569,153
EK202310123027,143
EK202310223311,153
EK202310174904,153
EK202310133194,153
EK202310184130,153
EK202310194455,153
EK202310106381,153
EK202310227001,153
EK202310153912,153
EK202310193865,153
EK202310232459,153
EK202310198400,143
EK202310182607,153
EK202310225129,153
EK202310197516,104
EK202310131801,153
EK202310212554,153
EK202310227543,153
EK202310130530,153
EK202310193825,143
EK202310211045,153
EK202310129373,143
EK202310147392,153
EK202310187904,153
EK202310208503,153
EK202310110837,153
EK202310229225,153
EK202310164336,153
EK202310195313,153
EK202320006926,153
EK202310174594,153
EK202310187599,153
EK202310198391,153
EK202310224871,153
EK202310128469,153
EK202310108118,153
EK202310164855,153
EK202310157619,153
EK202310212148,153
EK202310241888,153
EK202310200720,143
EK202310178703,123
EK202310208199,153
EK202310200707,153
EK202310222186,153
EK202310235687,153
EK202310169723,153
EK202310242395,153
EK202310202866,153
EK202310137258,153
EK202310209819,143
EK202310111291,153
EK202310210190,153
EK202310181968,153
EK202310173847,153
EK202310170341,143
EK202310112839,153
EK202310207240,153
EK202310122514,150
EK202310190722,146
EK202310186422,153
EK202310154379,153
EK202310245323,153
EK202310122299,153
EK202310125100,143
EK202310118253,153
EK202310238969,153
EK202310168188,153
EK202310160206,153
EK202310222871,143
EK202310209611,153
EK202310212974,153
EK202310128407,143
EK202310222412,143
EK202310200939,143
EK202310003959,153
EK202310190302,153
EK202310186405,153
EK202310138957,153
EK202310105023,143
EK202310236632,153
EK202310162662,153
EK202310198218,153
EK202310186500,153
EK202310138863,153
EK202310241224,153
EK202310171644,153
EK202310239875,153
EK202310187156,153
EK202310174507,153
EK202310139245,153
EK202310161355,153
EK202310131302,153
EK202310106366,153
EK202310180236,153
EK202310146739,153
EK202310122526,153
EK202310171449,153
EK202310158382,153
EK202310003648,153
EK202310203626,153
EK202310105539,153
EK202310172856,153
EK202310247114,153
EK202310169299,153
EK202310216048,153
EK202320007664,153
EK202310106821,153
EK202310201424,150
EK202310177794,143
EK202310225174,153
EK202310236955,153
EK202310216158,153
EK202310176370,153
EK202310139805,153
EK202310129688,153
EK202310114179,153
EK202310004734,153
EK202310153706,153
EK202310159985,153
EK202310207436,153
EK202310172357,143
EK202310137540,153
EK202310246082,153
EK202310231504,143
EK202310180342,153
EK202310149538,153
EK202310236300,153
EK202310184866,153
EK202310236107,153
EK202310177453,153
EK202310171178,153
EK202310146756,153
EK202310147896,153
EK202310167599,153
EK202310165277,153
EK202310213182,153
EK202310231983,153
EK202310119961,153
EK202310168921,153
EK202310152986,153
EK202310222123,153
EK202310165121,143
EK202320006143,153
EK202310136406,153
EK202310113171,153
EK202310178750,153
EK202310184720,153
EK202310135947,143
EK202310106555,153
EK202310147773,153
EK202310166654,153
EK202310231220,153
EK202310179554,153
EK202310121805,143
EK202310221539,123
EK202310109095,153
EK202310228094,153
EK202310128632,153
EK202310168239,153
EK202310229923,153
EK202310182545,153
EK202310111819,153
EK202320007299,153
EK202310113423,143
EK202310141017,153
EK202310236316,153
EK202310108216,153
EK202310192703,153
EK202310123050,153
EK202310221659,153
EK202310195354,153
EK202310218205,153
EK202310142204,153
EK202310169069,153
EK202310110164,153
EK202310242272,153
EK202310171541,153
EK202310164252,153
EK202310230378,153
EK202310162807,153
EK202310125970,153
EK202310232037,153
EK202310179302,153
EK202310113416,153
EK202310120907,153
EK202310131914,104
EK202310246477,153
EK202310210578,153
EK202310224656,153
EK202310134643,153
EK202310165344,153
EK202310128094,153
EK202310212344,153
EK202310163429,104
EK202310142109,123
EK202310148011,153
EK202310177720,153
EK202310130679,153
EK202310128185,153
EK202310157906,153
EK202310219715,153
EK202310107586,153
EK202310236962,153
EK202310133594,153
EK202310124136,153
EK202310147276,153
EK202310209860,153
EK202310170014,153
EK202310125838,143
EK202310176810,153
EK202310104451,153
EK202310181648,153
EK202310148857,153
EK202310161540,153
EK202310109347,153
EK202310143168,153
EK202310182799,153
EK202310183847,153
EK202310231882,153
EK202310236483,143
EK202320007850,153
EK202310171115,153
EK202310138799,153
EK202310229790,153
EK202310120135,153
EK202310165362,153
EK202310160759,153
EK202310128908,153
EK202310126950,153
EK202310210878,153
EK202310144127,153
EK202310103769,153
EK202310224658,153
EK202310158660,153
EK202310115044,146
EK202310225928,153
EK202310131183,153
EK202310191329,157
EK202310247806,153
EK202310128359,143
EK202310158015,153
EK202310216742,153
EK202310180156,150
EK202310156742,153
EK202310206889,153
EK202310141595,153
EK202310213331,153
EK202310110177,153
EK202310177752,153
EK202310143528,153
EK202310121245,153
EK202310121730,153
EK202310166696,153
EK202310139416,153
EK202310137350,153
EK202310173056,153
EK202310183242,153
EK202310181856,153
EK202310187043,153
EK202310146563,153
EK202310210145,153
EK202310149292,153
EK202310219306,153
EK202310180670,153
EK202310154730,153
EK202310220947,153
EK202310202735,153
EK202310123527,153
EK202310120644,153
EK202310129017,153
EK202310162431,153
EK202310150024,153
EK202310237610,153
EK202310228863,153
EK202310114239,153
EK202310111704,153
EK202310175377,153
EK202310128857,153
EK202310141561,153
EK202310133921,153
EK202310143422,153
EK202310222897,153
EK202310127138,153
EK202310185976,153
EK202310118702,153
EK202310112998,153
EK202310134460,153
EK202310198419,153
EK202310116533,153
EK202310152035,153
EK202310186167,153
EK202310174777,153
EK202310241957,153
EK202310194759,153
EK202310209627,153
EK202310110386,153
EK202310183168,153
EK202310230042,153
EK202310173070,153
EK202310118014,153
EK202310201071,153
EK202310151104,117
EK202310150451,153
EK202310185662,153
EK202310152420,153
EK202310004807,153
EK202310123731,153
EK202320007290,153
EK202310159273,153
EK202310241776,143
EK202310240911,153
EK202310128834,153
EK202310128400,153
EK202310233118,153
EK202310234404,153
EK202310158169,153
EK202310168826,153
EK202310223636,153
EK202310228740,153
EK202310115835,153
EK202310131407,153
EK202310150935,153
EK202310225345,153
EK202310146990,153
EK202310227539,153
EK202310145038,104
EK202310134905,153
EK202310176247,153
EK202310238587,153
EK202310208338,153
EK202310202600,153
EK202310244941,153
EK202310121341,153
EK202310142598,153
EK202310198678,153
EK202310243034,153
EK202310188200,153
EK202310248513,153
EK202310247587,153
EK202310175167,153
EK202310248135,153
EK202310116341,153
EK202310187249,153
EK202310117946,153
EK202310120013,153
EK202310168464,143
EK202310188127,153
EK202310234954,153
EK202310240694,153
EK202310156774,153
EK202310242931,153
EK202310120909,153
EK202310213600,153
EK202310185790,153
EK202310189010,153
EK202310198849,153
EK202310110578,153
EK202310197754,153
EK202310224146,153
EK202310174258,153
EK202310190295,153
EK202310215366,153
EK202310236141,153
EK202310235081,153
EK202310113404,153
EK202310147836,153
EK202310119847,153
EK202320006154,153
EK202310181606,153
EK202310108458,153
EK202310191692,153
EK202310137028,153
EK202310186568,153
EK202310193659,153
EK202310201443,153
EK202310171284,153
EK202310162022,143
EK202310124310,143
EK202310150577,153
EK202310180293,153
EK202310233601,153
EK202310218244,153
EK202310147274,153
EK202310144827,153
EK202310188705,153
EK202310171879,153
EK202310004380,153
EK202310124117,153
EK202310139515,153
EK202310223076,153
EK202310189237,153
EK202310158900,153
EK202310172965,153
EK202310133331,153
EK202310139550,153
EK202310182260,153
EK202310240459,153
EK202310129723,153
EK202310140428,153
EK202310116169,153
EK202310121335,153
EK202310154424,150
EK202310171495,153
EK202310230777,153
EK202310207460,153
EK202310194955,153
EK202310233382,153
EK202310126476,153
EK202310112541,153
EK202310211941,153
EK202310160649,153
EK202310147152,143
EK202310226978,153
EK202310156779,153
EK202310160400,153
EK202310113592,153
EK202310173652,153
EK202310159519,143
EK202310124262,153
EK202310205506,153
EK202310219097,153
EK202310226057,153
EK202310153736,153
EK202310180775,104
EK202310169348,153
EK202310131502,153
EK202310121729,123
EK202310159565,153
EK202310204448,153
EK202310153462,153
EK202310144316,153
EK202310135075,153
EK202310221375,153
EK202310163745,153
EK202310128307,153
EK202310117545,153
EK202310135049,153
EK202310168241,153
EK202310212910,153
EK202310201819,153
EK202310159317,153
EK202310205644,153
EK202310154083,153
EK202310229522,153
EK202310110884,153
EK202310157913,153
EK202310178487,153
EK202310159316,153
EK202310109379,153
EK202310188031,153
EK202310198040,153
EK202310175083,153
EK202310155364,153
EK202310204163,153
EK202310199502,153
EK202310204489,153
EK202310179081,153
EK202310233796,153
EK202310166659,153
EK202310160108,153
EK202310189609,153
EK202310104591,153
EK202310241388,143
EK202310141772,153
EK202310193970,153
EK202310115247,153
EK202310205518,153
EK202310169284,153
EK202310148744,153
EK202310190361,153
EK202310174521,153
EK202320005722,153
EK202310223637,153
EK202310206779,153
EK202310205588,153
EK202310173304,153
EK202310168176,153
EK202310213786,153
EK202310193979,153
EK202310126924,153
EK202310130529,153
EK202310119471,153
EK202310196749,153
EK202310113250,153
EK202310155906,153
EK202310105766,153
EK202310201584,153
EK202310106175,143
EK202310178826,153
EK202310184322,153
EK202310106188,153
EK202310124482,153
EK202310186934,153
EK202310190559,153
EK202310247940,153
EK202310161261,153
EK202310167492,153
EK202310117822,153
EK202310185255,153
EK202310209656,153
EK202310161945,153
EK202310214665,153
EK202310146073,153
EK202310160721,153
EK202310245095,153
EK202310239697,153
EK202310196401,153
EK202310245200,153
EK202310151874,153
EK202310127590,153
EK202310172784,102
EK202310217741,153
EK202310118696,153
EK202310175680,153
EK202310248407,153
EK202310116779,153
EK202310230914,153
EK202310121682,153
EK202310124137,153
EK202310138758,153
EK202310115217,153
EK202310165227,153
EK202310198606,153
EK202310139887,153
EK202310235696,153
EK202310140862,153
EK202310245296,153
EK202310178643,153
EK202310109769,153
EK202310168383,153
EK202310173293,153
EK202310199278,153
EK202310188364,153
EK202310226539,153
EK202310104626,153
EK202310113611,153
EK202310155381,153
EK202310207381,153
EK202310232919,153
EK202310239683,153
EK202310131225,153
EK202310173001,153
EK202310194749,153
EK202310103766,143
EK202310173848,153
EK202310134143,153
EK202310233093,153
EK202310184337,153
EK202310129410,153
EK202310118391,153
EK202310222008,153
EK202310172498,153
EK202310187928,153
EK202310159483,153
EK202310110871,153
EK202310146779,153
EK202310155616,153
EK202310137460,153
EK202310209877,153
EK202310140666,153
EK202310122918,153
EK202310170046,153
EK202310143434,153
EK202310140495,153
EK202310174705,153
EK202310228168,153
EK202310127824,153
EK202310235975,153
EK202310190602,123
EK202310106408,153
EK202310233717,153
EK202310203927,153
EK202310106512,153
EK202310208972,153
EK202310156588,153
EK202310242168,104
EK202310123091,143
EK202310199389,153
EK202310154978,153
EK202310158716,153
EK202310159396,153
EK202320005678,153
EK202310110183,153
EK202310225959,153
EK202310225303,153
EK202310108877,153
EK202310237629,153
EK202310211593,153
EK202310151540,153
EK202310149041,153
EK202310147417,153
EK202310229267,153
EK202310194169,153
EK202310130855,153
EK202310218381,153
EK202310131759,153
EK202310159130,153
EK202310181380,153
EK202310154840,153
EK202310155113,153
EK202310190213,104
EK202310125761,153
EK202310228436,153
EK202310245583,153
EK202310138440,153
EK202310153292,153
EK202310114994,153
EK202310172366,153
EK202310124479,153
EK202310184003,153
EK202310179734,153
EK202310185315,153
EK202310247954,153
EK202310146620,153
EK202310171244,153
EK202310134666,153
EK202310220005,153
EK202310156110,153
EK202310207825,153
EK202310168883,153
EK202310136483,143
EK202310196952,153
EK202310196373,153
EK202310118816,153
EK202310165110,153
EK202310142607,153
EK202310168946,153
EK202310105295,146
EK202310106334,153
EK202310105612,153
EK202310119938,153
EK202310192361,153
EK202310195020,153
EK202310129686,153
EK202320005926,153
EK202310210500,153
EK202310139090,153
EK202310138528,153
EK202310201466,153
EK202310230750,153
EK202310148719,146
EK202310150803,153
EK202310216988,153
EK202310111431,153
EK202310185972,153
EK202310195667,153
EK202310140854,143
EK202310210882,153
EK202310233837,143
EK202320006073,153
EK202310196309,153
EK202310206916,153
EK202310226122,153
EK202320006289,153
EK202310226436,153
EK202310169442,153
EK202310241543,153
EK202310217591,153
EK202310140276,143
EK202320007784,153
EK202310149529,153
EK202320007633,153
EK202310119859,153
EK202310230599,153
EK202310140256,143
EK202310155491,153
EK202310132167,153
EK202310224240,153
EK202310110704,153
EK202310140659,153
EK202310209654,153
EK202310210751,153
EK202310114252,153
EK202310131050,153
EK202310176400,153
EK202310225146,153
EK202310218218,153
EK202310199879,153
EK202310233661,153
EK202310225646,104
EK202310141379,143
EK202320006182,153
EK202310173692,143
EK202310177607,153
EK202310233946,153
EK202310126324,153
EK202310191584,153
EK202310162051,153
EK202310217086,153
EK202310175283,153
EK202310161464,153
EK202310175429,153
EK202310162548,153
EK202310124184,153
EK202310175929,153
EK202310162414,146
EK202310243129,143
EK202310157428,153
EK202310155573,153
EK202310163052,153
EK202310206064,153
EK202310248323,153
EK202310168056,153
EK202310128927,153
EK202310139485,153
EK202310242735,143
EK202310134082,153
EK202310104455,153
EK202310159631,153
EK202310212803,153
EK202310104486,153
EK202310194508,153
EK202310147608,153
EK202310150343,153
EK202310231361,153
EK202310170149,153
EK202320005932,153
EK202310211081,153
EK202310164819,153
EK202310182415,153
EK202310129406,153
EK202310186466,153
EK202310116340,153
EK202310177218,153
EK202310207532,153
EK202310222391,153
EK202310176449,153
EK202310245955,153
EK202310193130,143
EK202310158757,153
EK202310227627,153
EK202310136426,153
EK202310130279,153
EK202310140320,153
EK202310208976,153
EK202310140233,153
EK202310111236,153
EK202310106947,153
EK202310225392,153
EK202310156828,153
EK202310169518,153
EK202310112332,153
EK202310157079,153
EK202310113908,153
EK202310228518,143
EK202310162931,153
EK202310209191,153
EK202310170787,153
EK202310123235,153
EK202310155678,143
EK202310164712,153
EK202310124306,153
EK202310209118,153
EK202310198258,153
EK202310234831,153
EK202310226914,153
EK202310202181,153
EK202310181074,143
EK202310231524,143
EK202310159999,153
EK202310214159,153
EK202310104655,153
EK202310191665,153
EK202310226912,153
EK202310229568,153
EK202320006366,153
EK202310158803,153
EK202310218310,153
EK202310204232,153
EK202310186641,153
EK202310145275,153
EK202310215048,153
EK202310155714,153
EK202310154842,153
EK202310131202,153
EK202310166844,153
EK202310209974,143
EK202310111411,153
EK202310208383,153
EK202310228239,153
EK202310220185,117
EK202310177863,153
EK202310191386,153
EK202310176540,153
EK202310128361,153
EK202310127737,153
EK202310205567,153
EK202310110038,153
EK202310135018,153
EK202310152829,153
EK202310106061,153
EK202310234328,153
EK202310179105,153
EK202310106635,153
EK202310133437,153
EK202310163497,153
EK202310170389,143
EK202310176900,153
EK202310218778,153
EK202310188856,153
EK202310195987,153
EK202310139386,153
EK202310220080,153
EK202310132718,153
EK202310184630,153
EK202310175811,153
EK202310109074,153
EK202310237543,153
EK202310229949,153
EK202310174243,143
EK202310185313,153
EK202310150933,153
EK202310114721,153
EK202310168635,153
EK202310188341,153
EK202310213705,153
EK202310239073,104
EK202310163500,153
EK202310208351,153
EK202310106450,153
EK202310115408,153
EK202310223788,153
EK202310243905,153
EK202310173232,143
EK202310147240,153
EK202310170514,153
EK202310150951,153
EK202310116493,153
EK202310195983,153
EK202310152131,153
EK202310104754,143
EK202310205406,153
EK202310160153,153
EK202310221221,153
EK202310160257,153
EK202310137708,153
EK202310115489,153
EK202310137151,153
EK202310227780,143
EK202310214472,153
EK202310133088,153
EK202310239663,153
EK202310215474,153
EK202310183236,153
EK202310214837,153
EK202310187923,153
EK202310197935,153
EK202310140273,153
EK202310117788,143
EK202310170592,153
EK202310156315,153
EK202310166296,153
EK202310156678,153
EK202310197364,153
EK202310004739,153
EK202310133626,153
EK202310199623,153
EK202310159296,153
EK202310192767,153
EK202310148778,123
EK202310156041,143
EK202310186950,153
EK202310236558,153
EK202310213585,153
EK202310184418,153
EK202310140115,153
EK202310163224,153
EK202310228835,143
EK202310162030,153
EK202310168987,153
EK202310221729,153
EK202310181909,153
EK202310149566,153
EK202310149852,153
EK202310246189,153
EK202310173822,153
EK202320006684,153
EK202310151342,153
EK202310004964,143
EK202310167966,153
EK202310184397,153
EK202310200638,153
EK202310181195,153
EK202310149384,153
EK202310192111,153
EK202310119248,153
EK202310150757,153
EK202310105899,153
EK202310109147,153
EK202310003890,153
EK202310136861,153
EK202310209403,153
EK202310143496,143
EK202310171668,153
EK202310168536,153
EK202310216195,153
EK202310117347,153
EK202310208923,153
EK202310239643,153
EK202310206445,153
EK202310104049,153
EK202310228180,153
EK202310116347,153
EK202310205059,153
EK202310248120,153
EK202310171398,153
EK202310161887,123
EK202310208795,153
EK202310211198,153
EK202310175547,153
EK202310168520,153
EK202310212595,153
EK202310116251,153
EK202320007851,153
EK202310106764,153
EK202310187318,153
EK202310158705,153
EK202310185110,153
EK202310170152,143
EK202310195607,153
EK202310111449,153
EK202310153841,153
EK202310167617,153
EK202310114265,153
EK202310133143,153
EK202310158293,153
EK202310181702,153
EK202310212416,153
EK202310231600,153
EK202310230507,123
EK202310223031,153
EK202310180391,143
EK202310177543,153
EK202310218831,153
EK202310223265,153
EK202310109405,153
EK202310138084,153
EK202310144834,123
EK202310119130,153
EK202310241445,153
EK202310187813,153
EK202310233825,153
EK202310163582,153
EK202310152391,153
EK202310236241,153
EK202310179557,153
EK202310004239,153
EK202310218905,143
EK202310132305,153
EK202310230005,153
EK202310210560,153
EK202310216882,153
EK202310176911,153
EK202310136229,153
EK202310106054,153
EK202310195370,153
EK202310173198,153
EK202310173224,153
EK202310192049,153
EK202310119480,153
EK202310173031,153
EK202310141972,153
EK202310146369,153
EK202310242801,153
EK202310206809,153
EK202310185734,143
EK202310139207,153
EK202310210887,153
EK202310105956,153
EK202310163503,153
EK202310123765,153
EK202310232619,153
EK202310205867,153
EK202310158665,153
EK202310236631,153
EK202310190792,153
EK202310210386,153
EK202310200450,153
EK202310174140,153
EK202310138770,153
EK202310237110,153
EK202310164459,153
EK202310132579,143
EK202310196378,143
EK202310193320,153
EK202310232595,153
EK202310130509,153
EK202310109357,153
EK202310231395,153
EK202310193035,153
EK202310213027,153
EK202310138622,153
EK202310193234,153
EK202310185497,153
EK202310228201,153
EK202310230916,153
EK202310219136,117
EK202310229694,153
EK202310242998,153
EK202310118461,153
EK202310147273,153
EK202310112383,153
EK202310161078,153
EK202310164392,153
EK202310111127,150
EK202310169688,153
EK202310111033,153
EK202310118526,135
EK202310190143,153
EK202310232739,153
EK202310199403,153
EK202310168879,153
EK202310140593,153
EK202310003734,153
EK202310234646,143
EK202310133170,153
EK202310181389,153
EK202310173177,153
EK202310164882,143
EK202310191760,153
EK202310234933,153
EK202310164012,153
EK202310207434,153
EK202310198243,153
EK202310162062,153
EK202310124086,153
EK202310159310,153
EK202310241058,153
EK202310179083,153
EK202310175051,153
EK202310149452,153
EK202310230416,153
EK202310187500,153
EK202310183313,153
EK202310237296,153
EK202310214789,153
EK202310180222,153
EK202310122939,153
EK202310181965,153
EK202310228380,153
EK202310159058,143
EK202310188976,153
EK202310172452,153
EK202310215052,153
EK202310247517,153
EK202310156349,153
EK202310242723,153
EK202310107972,153
EK202310153284,153
EK202310142419,153
EK202310202260,153
EK202310169840,153
EK202310229959,153
EK202310112101,153
EK202310170405,153
EK202310187604,143
EK202310226938,153
EK202310170407,153
EK202310188787,153
EK202310157751,153
EK202310110049,143
EK202310171605,153
EK202310225647,153
EK202310160034,153
EK202310104086,153
EK202310133846,153
EK202310149687,153
EK202310237643,153
EK202310240693,153
EK202310209107,153
EK202310152954,153
EK202310107042,153
EK202310147766,153
EK202310157864,153
EK202310132609,153
EK202310198224,153
EK202310181372,153
EK202310107536,143
EK202310107339,143
EK202310231880,153
EK202310121562,153
EK202310219911,153
EK202310111456,153
EK202310230174,153
EK202310123273,153
EK202310130394,153
EK202310125858,153
EK202310148270,153
EK202310158632,143
EK202310131026,153
EK202310204177,153
EK202310116255,153
EK202310149497,153
EK202310105304,153
EK202310188432,153
EK202310153241,153
EK202310143739,153
EK202310157045,153
EK202310221281,153
EK202310183812,153
EK202310237731,153
EK202310157369,153
EK202310162985,153
EK202310120645,143
EK202310222168,143
EK202310185855,153
EK202310208538,153
EK202310176660,153
EK202310004357,153
EK202310131180,153
EK202310239429,153
EK202310143219,153
EK202310117261,153
EK202310185385,153
EK202320006967,153
EK202310133649,153
EK202310124686,153
EK202310158040,153
EK202310196688,153
EK202310191616,153
EK202310115678,153
EK202310147246,153
EK202310143506,153
EK202310151678,153
EK202310154413,153
EK202310140205,153
EK202310220100,153
EK202310125163,153
EK202310220961,153
EK202310230382,153
EK202310235095,153
EK202310161057,153
EK202310118114,153
EK202310170808,153
EK202310134456,153
EK202310200301,143
EK202310159200,153
EK202310238472,153
EK202310128987,153
EK202310108858,153
EK202310226102,153
EK202310113124,153
EK202310225235,153
EK202310179343,153
EK202310178389,132
EK202310119599,101
EK202310244023,153
EK202310156102,153
EK202310130216,153
EK202310234897,153
EK202310187102,153
EK202310239290,158
EK202310136586,153
EK202310108466,153
EK202310230613,153
EK202310152593,153
EK202310196010,153
EK202310226253,143
EK202310203216,153
EK202310166883,153
EK202310129487,143
EK202310105043,153
EK202310138902,153
EK202310202724,143
EK202310201811,153
EK202310175242,153
EK202310114269,153
EK202310231260,153
EK202310104135,153
EK202310157818,143
EK202310182339,153
EK202310147937,143
EK202310200292,153
EK202310230177,153
EK202310162469,150
EK202310204330,153
EK202310139204,153
EK202310130100,153
EK202310155710,153
EK202310233995,153
EK202310184497,153
EK202310164378,153
EK202310219862,153
EK202310125493,153
EK202310154947,153
EK202310177743,143
EK202310183365,153
EK202310195017,153
EK202310111369,153
EK202310225082,153
EK202310155429,153
EK202310226852,153
EK202310180504,153
EK202310181743,153
EK202310003997,153
EK202310205645,153
EK202310115820,153
EK202310162941,153
EK202310180586,153
EK202310220916,143
EK202310202555,153
EK202310149995,153
EK202310119295,153
EK202310187858,153
EK202310237992,153
EK202310213952,153
EK202310123029,143
EK202310147096,153
EK202310223097,153
EK202310166215,153
EK202310004720,153
EK202310163572,153
EK202310162607,153
EK202310126965,153
EK202310140141,153
EK202310177046,153
EK202310197851,153
EK202310117189,153
EK202310210540,153
EK202310177596,153
EK202310155696,153
EK202310175690,153
EK202310219739,143
EK202310003649,153
EK202310175576,153
EK202310178878,153
EK202310211266,153
EK202310141670,153
EK202310159615,153
EK202310234233,153
EK202310229461,153
EK202310205036,153
EK202310225181,153
EK202310191452,153
EK202310146939,143
EK202310182164,153
EK202310170225,153
EK202310194220,153
EK202310197061,153
EK202310173373,153
EK202310209119,153
EK202320006628,153
EK202310136886,153
EK202310159668,153
EK202310204891,153
EK202310246209,153
EK202310198151,153
EK202310111528,153
EK202310181657,153
EK202310110692,143
EK202310187777,153
EK202310180038,104
EK202310107931,153
EK202310186808,153
EK202310229289,153
EK202310223469,153
EK202310124329,143
EK202310181534,153
EK202310132729,153
EK202310121382,153
EK202320006815,153
EK202310199820,153
EK202310148775,153
EK202310160487,153
EK202310225148,153
EK202310144291,153
EK202310177549,153
EK202310195485,153
EK202310183864,153
EK202310120532,153
EK202310170076,153
EK202310195740,153
EK202310179595,157
EK202320007837,153
EK202310184046,153
EK202310171869,153
EK202310223256,153
EK202310233904,153
EK202310247327,153
EK202310127761,153
EK202310131174,153
EK202310112799,153
EK202310121242,153
EK202310220124,153
EK202310118386,153
EK202310111074,153
EK202310182197,153
EK202310138009,143
EK202310205273,153
EK202310118039,153
EK202310126134,153
EK202310130337,150
EK202310106788,153
EK202310167682,153
EK202310146264,153
EK202310138461,117
EK202310218689,104
EK202310176319,153
EK202310118958,153
EK202310167604,153
EK202310205793,153
EK202310104740,153
EK202310166561,153
EK202310110675,153
EK202310201775,153
EK202310188302,153
EK202310167994,153
EK202310135487,153
EK202310168143,153
EK202310204808,153
EK202310151944,153
EK202310224341,153
EK202310111538,153
EK202310122316,153
EK202310178272,153
EK202310174655,153
EK202320006786,153
EK202310170761,153
EK202310117836,153
EK202310197808,153
EK202310236038,153
EK202310147177,153
EK202310226210,153
EK202310128001,153
EK202310150524,153
EK202310128526,153
EK202310126204,153
EK202310117271,153
EK202310176809,153
EK202310169896,153
EK202310241503,113
EK202310159411,153
EK202310168543,153
EK202310196558,153
EK202310163150,153
EK202310235581,153
EK202310233161,153
EK202310190473,153
EK202310196173,143
EK202310208613,153
EK202310177724,153
EK202310175056,143
EK202310111228,153
EK202310234828,153
EK202310121915,153
EK202310220373,153
EK202310145989,153
EK202310246664,153
EK202310239676,153
EK202310223963,153
EK202310210083,153
EK202310165601,143
EK202310211271,153
EK202310179038,153
EK202310112961,153
EK202310141004,153
EK202310150784,153
EK202310174865,153
EK202310123688,153
EK202310190962,153
EK202310192255,153
EK202310192265,153
EK202310193019,153
EK202310114602,153
EK202310110286,153
EK202310163569,153
EK202310174927,153
EK202310204027,153
EK202310197637,153
EK202310190376,153
EK202310146945,153
EK202310149841,153
EK202310170965,153
EK202310107183,123
EK202310163517,153
EK202310203286,153
EK202310146022,153
EK202310111432,153
EK202310202147,153
EK202310139521,153
EK202310214439,153
EK202310178903,153
EK202310123729,143
EK202310199058,143
EK202310136770,153
EK202310226727,153
EK202310223073,143
EK202310200813,153
EK202310123891,153
EK202310122410,153
EK202310213591,153
EK202310247671,153
EK202310168753,153
EK202310227492,153
EK202310121230,143
EK202310162300,153
EK202310138673,153
EK202310177419,153
EK202310221047,153
EK202310199069,153
EK202310124433,153
EK202310152193,153
EK202310221750,153
EK202310111508,153
EK202310225858,153
EK202310244419,153
EK202310139413,153
EK202310156930,153
EK202310160323,153
EK202310140167,153
EK202310106834,143
EK202310116024,143
EK202310221867,143
EK202310158833,153
EK202310123702,153
EK202310192686,153
EK202310210956,153
EK202310142282,153
EK202310138282,153
EK202310224531,153
EK202310165971,143
EK202310161662,153
EK202310109830,153
EK202310149086,153
EK202310128457,153
EK202310146894,153
EK202310153536,153
EK202310137317,117
EK202310109096,146
EK202310188535,153
EK202310193279,153
EK202310229951,153
EK202310110507,153
EK202310158912,153
EK202310121939,153
EK202310133006,153
EK202310123534,153
EK202310116590,153
EK202310225727,153
EK202310121585,153
EK202310204778,153
EK202310185473,153
EK202310210130,153
EK202310148836,153
EK202310119653,153
EK202310198898,153
EK202310248089,153
EK202310139296,153
EK202310179982,153
EK202310237915,153
EK202310158701,153
EK202310200383,153
EK202310123263,153
EK202310120640,153
EK202310164686,153
EK202310172560,153
EK202310112120,153
EK202310111450,153
EK202310127176,153
EK202310155228,153
EK202310122785,153
EK202310129726,153
EK202310202138,153
EK202310174059,153
EK202310241322,153
EK202310240201,153
EK202310152861,153
EK202310190128,153
EK202310142222,153
EK202310239282,153
EK202310123815,153
EK202310135342,153
EK202310165056,153
EK202310197918,143
EK202310152287,153
EK202310118776,153
EK202310204594,153
EK202310207755,153
EK202310202942,153
EK202310115468,153
EK202310196078,153
EK202310208592,153
EK202310138579,153
EK202310221870,143
EK202310104365,153
EK202310240461,153
EK202310189760,153
EK202310190187,153
EK202310221590,153
EK202310195095,153
EK202310209962,153
EK202310236666,153
EK202310163532,153
EK202310200231,143
EK202310166801,153
EK202310137829,153
EK202310178645,153
EK202310132257,153
EK202310116109,153
EK202310170340,153
EK202320005685,153
EK202310110254,143
EK202310142286,143
EK202310113972,153
EK202310173627,153
EK202310161526,153
EK202310199255,143
EK202310127635,153
EK202310230652,153
EK202310162047,153
EK202310187427,153
EK202310183777,153
EK202310209587,153
EK202310206498,153
EK202310212354,143
EK202310124840,153
EK202310120474,153
EK202310145470,153
EK202310193235,153
EK202310173946,153
EK202310139407,143
EK202310172298,143
EK202310172477,153
EK202310136836,153
EK202310153000,153
EK202310227011,153
EK202310116524,153
EK202310182080,153
EK202310172447,153
EK202310202778,153
EK202310173634,153
EK202310233498,153
EK202310147033,153
EK202310229276,153
EK202310149539,153
EK202310169898,153
EK202310140444,153
EK202310148794,153
EK202310168225,153
EK202310122509,150
EK202310200433,153
EK202310147275,153
EK202310173524,153
EK202310172383,153
EK202310162443,153
EK202310136680,153
EK202310145392,143
EK202310128822,153
EK202310178947,143
EK202310161017,153
EK202310117154,153
EK202310191847,153
EK202310235861,153
EK202310144219,153
EK202310163279,153
EK202310123158,153
EK202310130523,153
EK202310149646,153
EK202310135587,153
EK202310206712,153
EK202310114144,153
EK202310143984,153
EK202310247715,143
EK202310166729,153
EK202310166588,153
EK202310104103,153
EK202310180245,153
EK202310147372,153
EK202310153045,153
EK202310218342,153
EK202310178452,153
EK202310215610,153
EK202310125820,153
EK202310145000,153
EK202310123565,153
EK202310119232,153
EK202310121655,153
EK202310220009,153
EK202310108478,153
EK202320006810,153
EK202310164302,153
EK202310127527,153
EK202310158421,153
EK202310130473,153
EK202310191209,143
EK202310151031,153
EK202310242418,153
EK202310117038,153
EK202310169468,153
EK202310155518,153
EK202310160439,153
EK202310137675,153
EK202310129243,153
EK202310161476,153
EK202310117393,153
EK202310183468,153
EK202310136137,153
EK202310186954,153
EK202310149506,153
EK202310138751,153
EK202310210563,153
EK202310153823,153
EK202310109991,153
EK202310163957,153
EK202310213655,153
EK202310200962,153
EK202310161409,153
EK202310153656,153
EK202310135461,143
EK202310192428,153
EK202310125512,153
EK202310217273,153
EK202310154096,153
EK202310230788,153
EK202310178884,153
EK202310172461,153
EK202320007592,153
EK202310199895,153
EK202310239443,153
EK202310123294,153
EK202310177951,153
EK202310203901,153
EK202310133270,153
EK202310150003,153
EK202310173535,153
EK202310177996,153
EK202310177998,153
EK202310105111,143
EK202310132782,153
EK202310147465,153
EK202310189373,153
EK202310212915,153
EK202310192950,153
EK202310116860,153
EK202310219235,153
EK202310159602,153
EK202310004247,153
EK202310108971,153
EK202310188852,153
EK202310139403,153
EK202310234630,153
EK202310003419,153
EK202310240718,153
EK202310139149,143
EK202310191432,153
EK202310150654,153
EK202310106818,153
EK202310238168,153
EK202310164496,153
EK202310187495,153
EK202310103974,153
EK202310109251,153
EK202310120857,150
EK202310170330,153
EK202310173297,153
EK202310140255,153
EK202310139229,153
EK202310174339,153
EK202310241642,153
EK202310124888,153
EK202310182131,143
EK202310204239,153
EK202310168111,153
EK202310121789,143
EK202310140719,153
EK202310192995,153
EK202310117846,153
EK202310116879,153
EK202310146348,153
EK202310161368,153
EK202310176187,153
EK202310003798,153
EK202310147169,153
EK202310130622,153
EK202310246544,153
EK202310153051,153
EK202310185995,153
EK202310110814,153
EK202310151121,153
EK202310219095,153
EK202310110404,153
EK202310144409,153
EK202310187391,153
EK202310149764,153
EK202310201310,153
EK202310236862,153
EK202310137394,153
EK202310141967,153
EK202310116050,153
EK202310207103,153
EK202310004907,153
EK202310151090,153
EK202310172058,153
EK202310115937,153
EK202310200500,153
EK202310197265,153
EK202310156808,153
EK202310210778,153
EK202310178848,153
EK202310189222,153
EK202310245286,153
EK202310201625,153
EK202310245649,153
EK202310149643,153
EK202310136510,153
EK202310122753,153
EK202310246817,153
EK202310210226,153
EK202310172695,153
EK202310170665,153
EK202310142911,143
EK202310169874,153
EK202310198233,153
EK202310207245,143
EK202310123010,153
EK202310237178,153
EK202310199794,104
EK202310150744,153
EK202310230791,153
EK202310219009,153
EK202310156827,153
EK202310128134,153
EK202310106985,153
EK202310169339,153
EK202310235910,153
EK202310234586,153
EK202310225660,153
EK202310004833,153
EK202310197506,153
EK202310165175,153
EK202310133623,153
EK202310188944,153
EK202310195388,153
EK202310136775,153
EK202310123115,153
EK202310236860,153
EK202310144494,153
EK202310229026,153
EK202310135882,153
EK202310212362,153
EK202310159458,153
EK202310208432,153
EK202310157240,153
EK202310209343,153
EK202310214206,143
EK202310178372,153
EK202310243735,153
EK202310148264,153
EK202310137796,143
EK202310124924,153
EK202310236432,153
EK202310175676,143
EK202310235955,153
EK202310198947,153
EK202310134055,153
EK202310174001,153
EK202310115167,153
EK202310127593,153
EK202310158302,153
EK202310212755,153
EK202310240947,143
EK202310149996,153
EK202310150238,143
EK202310235315,153
EK202310112303,153
EK202310162832,153
EK202310168734,153
EK202310144612,143
EK202310141463,153
EK202310186157,153
EK202310196629,153
EK202310177781,153
EK202310214576,153
EK202310213457,153
EK202310109319,153
EK202310140409,153
EK202310159595,153
EK202310221635,153
EK202310156425,153
EK202310151139,153
EK202310122849,150
EK202310149074,153
EK202310242259,153
EK202310164229,153
EK202310193843,153
EK202310206163,153
EK202310226035,153
EK202310152221,153
EK202310105803,153
EK202310226363,153
EK202310154688,153
EK202310176650,153
EK202310145747,153
EK202310211584,153
EK202310220442,153
EK202310205364,153
EK202310247943,153
EK202310211494,153
EK202310223193,153
EK202310192188,153
EK202310182827,153
EK202310232562,153
EK202310133290,153
EK202310158696,153
EK202310217289,153
EK202310160255,153
EK202310153931,153
EK202310152474,153
EK202310202098,153
EK202310222372,153
EK202310122551,153
EK202310189977,153
EK202310235124,153
EK202310230811,153
EK202310139101,153
EK202310172491,143
EK202310217910,117
EK202310111343,153
EK202310003655,153
EK202310143114,153
EK202310199189,153
EK202310216615,153
EK202310191841,153
EK202310125751,153
EK202310138803,153
EK202310164581,153
EK202310208664,153
EK202310110520,153
EK202310121702,153
EK202310217544,153
EK202310230128,153
EK202310143116,153
EK202310240904,143
EK202310119417,153
EK202310140166,153
EK202310173685,153
EK202310183555,153
EK202310184119,153
EK202310107937,153
EK202310212966,143
EK202310161552,153
EK202310176844,153
EK202310106215,143
EK202310114075,153
EK202310130063,153
EK202310205703,153
EK202310197515,153
EK202310211815,153
EK202310201003,153
EK202310230991,153
EK202310117518,153
EK202310197246,153
EK202310172663,153
EK202310139483,153
EK202310129316,153
EK202310152009,153
EK202310202611,153
EK202310226354,153
EK202310117193,153
EK202310118713,153
EK202310172411,153
EK202310219644,143
EK202310213531,153
EK202310242803,143
EK202310152661,153
EK202310152241,153
EK202310229787,153
EK202310242437,153
EK202310108706,153
EK202310185541,153
EK202310164254,153
EK202310169434,153
EK202310140161,153
EK202310140926,153
EK202310144378,153
EK202310207675,143
EK202310176041,143
EK202310179507,153
EK202310217262,153
EK202310212384,153
EK202310236809,153
EK202310210937,153
EK202310146509,153
EK202310208359,153
EK202310196964,153
EK202310121297,153
EK202310125054,153
EK202310150801,153
EK202310124068,153
EK202310217152,153
EK202310213127,153
EK202310138002,153
EK202310137999,153
EK202310120368,153
EK202310139442,153
EK202310130726,153
EK202310227013,153
EK202310120427,153
EK202310178312,153
EK202310174421,153
EK202310152720,153
EK202310244641,153
EK202310207759,153
EK202310150664,153
EK202310130175,153
EK202310218396,143
EK202310200848,153
EK202310169858,153
EK202310167529,153
EK202310105681,153
EK202310120146,153
EK202310119589,153
EK202310116721,153
EK202310167292,153
EK202310184949,153
EK202310114495,153
EK202310196817,153
EK202310247795,117
EK202310182295,153
EK202310104403,153
EK202310145319,153
EK202310180791,153
EK202320006323,153
EK202310240533,153
EK202310127909,153
EK202310127901,153
EK202310152050,153
EK202310129455,153
EK202310109106,153
EK202310131756,153
EK202310237136,153
EK202310120314,153
EK202310148251,146
EK202310138226,153
EK202310109018,153
EK202310208749,153
EK202310003722,143
EK202310231839,153
EK202310221232,153
EK202310216059,153
EK202310225575,153
EK202310106813,153
EK202310165461,153
EK202310233667,153
EK202310155049,153
EK202310114377,153
EK202310231905,153
EK202310205554,153
EK202310158652,153
EK202310178116,153
EK202310206509,153
EK202310203355,153
EK202310242205,153
EK202310133154,153
EK202310227076,153
EK202310138977,153
EK202310227762,153
EK202310176853,153
EK202310162306,143
EK202310210652,153
EK202310231471,153
EK202310198811,153
EK202310194755,153
EK202310213637,153
EK202310216935,153
EK202310148553,153
EK202310118079,153
EK202320006148,153
EK202310169315,153
EK202310215478,143
EK202310193163,153
EK202310166480,153
EK202310121860,153
EK202310229325,153
EK202310178140,153
EK202310217881,153
EK202310172603,153
EK202310172232,153
EK202310215413,153
EK202310200194,153
EK202310212870,153
EK202310152587,153
EK202310138105,153
EK202310184620,153
EK202310120222,153
EK202310181510,153
EK202310209297,153
EK202310114316,153
EK202310122992,153
EK202310169594,153
EK202310130080,153
EK202310133522,153
EK202310248335,153
EK202310146609,153
EK202310125379,153
EK202310138254,153
EK202310148644,153
EK202310142229,153
EK202310179390,153
EK202310122502,150
EK202310132067,153
EK202310139033,153
EK202310174868,153
EK202310135426,153
EK202310159611,104
EK202310201750,153
EK202310182771,153
EK202310168375,153
EK202310238925,153
EK202310220283,153
EK202310141586,153
EK202310121160,153
EK202310231913,153
EK202310180283,153
EK202310131842,153
EK202310188406,153
EK202310154032,153
EK202310108823,143
EK202310120117,153
EK202310247965,153
EK202310229128,153
EK202310150441,153
EK202310211128,153
EK202310185601,153
EK202310160008,153
EK202310229066,153
EK202310180392,153
EK202310119754,153
EK202310156284,153
EK202310202853,153
EK202310122376,153
EK202310233034,153
EK202310201718,143
EK202310195404,153
EK202320006623,153
EK202310172346,153
EK202310220369,153
EK202310133576,153
EK202310203386,153
EK202310125524,153
EK202310183338,143
EK202310199400,153
EK202310232929,153
EK202310144777,153
EK202310206148,153
EK202310163892,153
EK202310226194,153
EK202310229083,153
EK202310242355,153
EK202310153019,153
EK202310133725,153
EK202310237397,153
EK202310108761,153
EK202310202125,153
EK202310223149,153
EK202310211064,153
EK202310206726,153
EK202310239457,153
EK202310131359,153
EK202310225966,153
EK202310162670,153
EK202310112377,153
EK202310161138,153
EK202310143575,153
EK202310140582,143
EK202310106691,153
EK202310106388,104
EK202310132651,153
EK202310235986,153
EK202310116284,153
EK202310243775,153
EK202310129332,153
EK202310004513,104
EK202310148366,153
EK202310127277,153
EK202310197024,153
EK202310132043,143
EK202310109603,143
EK202310119816,153
EK202310183299,153
EK202310157782,153
EK202310240073,153
EK202310124263,153
EK202310118878,143
EK202310159933,153
EK202310235851,153
EK202310199705,153
EK202310121857,153
EK202310135337,153
EK202310116218,153
EK202310247152,153
EK202310213364,153
EK202310117331,153
EK202310220060,153
EK202310113433,153
EK202310200316,153
EK202310204117,153
EK202310142962,153
EK202310149474,153
EK202310156319,153
EK202310111297,153
EK202310149401,143
EK202310141738,153
EK202310219293,153
EK202310228805,153
EK202310232975,153
EK202310238431,153
EK202310191477,153
EK202310107521,153
EK202310126862,153
EK202310116842,153
EK202310220332,153
EK202310191222,153
EK202310142584,153
EK202310181821,143
EK202310193376,153
EK202310220744,153
EK202310146397,153
EK202310168910,143
EK202310230593,153
EK202310228617,153
EK202310155826,153
EK202310211936,153
EK202310210374,153
EK202310143369,153
EK202310226681,153
EK202310222110,153
EK202310237461,153
EK202310004906,117
EK202310242700,153
EK202310205947,153
EK202310178378,153
EK202310165711,153
EK202310169499,153
EK202310146580,153
EK202310213522,143
EK202310236119,153
EK202310223991,153
EK202310121767,153
EK202310188210,153
EK202310160523,153
EK202310109762,153
EK202310171055,153
EK202320006726,153
EK202310210705,153
EK202310152215,153
EK202310125726,143
EK202310172100,153
EK202310003880,153
EK202310128330,153
EK202310112999,153
EK202310201791,153
EK202310124897,153
EK202310218886,153
EK202310166286,153
EK202310214269,153
EK202310131160,153
EK202310189137,153
EK202310118145,153
EK202310182255,153
EK202310177007,153
EK202310205755,153
EK202310135629,153
EK202310232047,153
EK202310171967,153
EK202310184827,153
EK202310131897,153
EK202310152600,153
EK202310184315,153
EK202310106757,153
EK202310145774,153
EK202310134477,153
EK202310221434,153
EK202310183603,153
EK202310191157,153
EK202310182657,153
EK202310174889,153
EK202310118138,153
EK202310157349,153
EK202310143539,153
EK202310106752,153
EK202310163158,153
EK202310132302,150
EK202310198764,153
EK202310237390,153
EK202320006875,153
EK202310144420,153
EK202310238324,153
EK202310199756,153
EK202310226741,153
EK202310207205,153
EK202310180418,153
EK202310110312,153
EK202310119768,153
EK202310225430,153
EK202310217204,153
EK202320005824,153
EK202310199269,153
EK202310199501,153
EK202310158676,154
EK202310224293,153
EK202310232892,153
EK202310225252,153
EK202310113567,153
EK202310224840,153
EK202310109292,153
EK202310226200,153
EK202310239680,153
EK202310173548,153
EK202310235032,153
EK202310153501,153
EK202310124943,153
EK202310164539,143
EK202310230792,153
EK202310218099,153
EK202310229998,153
EK202310157394,153
EK202310226677,153
EK202310165785,153
EK202310148800,153
EK202310140528,153
EK202310110007,153
EK202310218212,153
EK202310237319,143
EK202310113425,153
EK202310193343,153
EK202310111647,153
EK202310219959,153
EK202310171010,153
EK202310113418,153
EK202310220109,153
EK202310231986,153
EK202310163423,153
EK202310155174,153
EK202310184525,153
EK202310229347,153
EK202310142923,153
EK202310210269,153
EK202310196636,153
EK202310158355,153
EK202310150025,153
EK202310208520,153
EK202310144006,153
EK202310142308,153
EK202310205760,143
EK202310237299,153
EK202310163552,153
EK202310221189,153
EK202310129583,153
EK202320007854,153
EK202310177946,153
EK202310184968,153
EK202310146300,153
EK202310104019,153
EK202310197813,153
EK202310175869,153
EK202310179266,153
EK202310167362,143
EK202310104210,143
EK202310202549,153
EK202310191743,153
EK202310166413,153
EK202310203749,153
EK202310165306,153
EK202310216846,153
EK202310198888,153
EK202310229697,153
EK202310105578,153
EK202310214588,153
EK202310201136,153
EK202310228123,153
EK202310110127,153
EK202310247206,153
EK202310121901,153
EK202310166880,153
EK202310118097,153
EK202310142606,153
EK202310181131,153
EK202310211240,143
EK202310240803,153
EK202310188331,153
EK202310190398,153
EK202310192965,153
EK202310238010,153
EK202310184509,143
EK202310156014,153
EK202310175583,153
EK202310155000,153
EK202310243443,153
EK202310218044,153
EK202310170653,153
EK202310182360,153
EK202310170068,143
EK202310217301,153
EK202310227388,153
EK202310168221,153
EK202310182297,153
EK202310222399,153
EK202310231989,153
EK202310170400,153
EK202310192873,153
EK202310227069,153
EK202310167053,153
EK202310127994,143
EK202310158796,153
EK202310185789,143
EK202310111478,153
EK202310175233,153
EK202310129973,153
EK202310172495,153
EK202310107866,153
EK202310124298,153
EK202310225001,142
EK202310124145,153
EK202310127463,153
EK202310136106,153
EK202310105453,153
EK202310175015,143
EK202310230922,153
EK202310238898,153
EK202310208522,153
EK202310178681,153
EK202310141116,153
EK202310004001,153
EK202310191798,153
EK202310201918,153
EK202310108606,153
EK202310220064,153
EK202310120614,153
EK202310131340,143
EK202310151419,153
EK202310221165,153
EK202310192641,153
EK202310191435,153
EK202310232224,153
EK202310224387,153
EK202310145906,153
EK202310230764,153
EK202310236583,153
EK202310157601,104
EK202310166668,153
EK202310244790,153
EK202310127133,153
EK202310004413,153
EK202310238475,153
EK202310136559,153
EK202310152026,153
EK202310180741,153
EK202310221752,153
EK202310228294,153
EK202310231601,153
EK202310238106,153
EK202310175909,153
EK202310165153,153
EK202310105565,153
EK202310185347,153
EK202310184004,153
EK202310183138,153
EK202310113152,153
EK202310199569,153
EK202310151037,153
EK202310106219,153
EK202310106185,153
EK202310164530,153
EK202310166239,153
EK202310108760,153
EK202310108861,153
EK202310177413,153
EK202310211129,153
EK202310229184,153
EK202310209428,153
EK202310228583,153
EK202310120692,153
EK202310137642,153
EK202310245435,146
EK202310159599,153
EK202310148010,153
EK202310129728,153
EK202310114201,153
EK202310207474,153
EK202310158602,153
EK202310197691,153
EK202310235040,153
EK202310129119,153
EK202310142174,153
EK202310191253,146
EK202310241141,153
EK202310144017,153
EK202310182852,153
EK202310243301,153
EK202310176307,153
EK202310209283,153
EK202310216003,153
EK202310246200,153
EK202310173196,153
EK202310122833,153
EK202310118540,153
EK202310168622,153
EK202310174271,153
EK202310201560,153
EK202310113325,153
EK202310172664,153
EK202310192162,153
EK202310134544,143
EK202310222337,153
EK202310199226,153
EK202310214101,153
EK202310188611,153
EK202310220799,153
EK202310184861,153
EK202310106782,153
EK202310232084,153
EK202310178435,153
EK202310165952,153
EK202310141382,153
EK202310163439,153
EK202310205428,153
EK202310178086,153
EK202310004022,153
EK202310114303,153
EK202310104436,153
EK202310240015,153
EK202310202741,153
EK202310226747,153
EK202310148639,143
EK202310117683,153
EK202310232945,143
EK202310220108,153
EK202310172683,153
EK202310104609,153
EK202310182165,153
EK202310112029,143
EK202310157969,153
EK202310120703,153
EK202310191410,153
EK202310156166,153
EK202310248074,153
EK202310175176,153
EK202310194239,143
EK202310162582,153
EK202310218787,153
EK202310228638,143
EK202310139489,153
EK202310210571,153
EK202310143902,153
EK202310198163,153
EK202310166041,153
EK202310242789,153
EK202310202040,153
EK202310194102,153
EK202310210845,153
EK202310193409,153
EK202310241561,153
EK202310129327,153
EK202310145599,153
EK202310155246,153
EK202310204706,153
EK202310218784,153
EK202310243990,153
EK202310137899,153
EK202310175650,153
EK202310234991,137
EK202310221501,153
EK202310117760,153
EK202310209924,143
EK202310158508,153
EK202310188607,153
EK202310176707,153
EK202310241804,153
EK202310130229,153
EK202310196748,153
EK202310226961,153
EK202310126275,153
EK202310182346,153
EK202310215287,153
EK202310186469,153
EK202310147351,153
EK202310227063,153
EK202310239630,153
EK202310202315,153
EK202310151573,153
EK202310229182,153
EK202310197801,153
EK202310247336,153
EK202310183064,153
EK202310200957,153
EK202310112953,153
EK202310185221,153
EK202310176129,153
EK202310171777,153
EK202310186071,153
EK202310206123,153
EK202310217431,153
EK202310171470,153
EK202310246028,153
EK202310145970,153
EK202310234938,153
EK202310156116,104
EK202310116714,153
EK202310212797,153
EK202310138938,153
EK202310148128,153
EK202310175673,153
EK202310238664,153
EK202310190836,153
EK202310196156,153
EK202310132459,153
EK202310159062,153
EK202310147832,153
EK202310116029,153
EK202310203822,153
EK202310223388,153
EK202310208656,153
EK202310003650,153
EK202310163159,153
EK202310188703,153
EK202310144864,153
EK202310156884,153
EK202310216506,153
EK202310220197,153
EK202310234667,153
EK202310203255,153
EK202310105960,153
EK202310115804,153
EK202310246112,153
EK202310168025,153
EK202310178472,153
EK202310181975,153
EK202310132905,153
EK202310113841,153
EK202320007828,153
EK202310192867,153
EK202310109054,153
EK202310236216,153
EK202310170777,153
EK202310166144,153
EK202310201844,153
EK202310123470,153
EK202310224526,153
EK202310151158,104
EK202310184295,153
EK202310124272,153
EK202310162944,153
EK202310224817,142
EK202310172859,153
EK202310137191,153
EK202310140281,153
EK202310114907,153
EK202310122165,153
EK202310215454,153
EK202310243142,153
EK202310164187,153
EK202310225253,153
EK202310174458,153
EK202310176969,153
EK202310219479,104
EK202310119494,153
EK202310123405,153
EK202310231534,153
EK202310222489,153
EK202310111149,153
EK202310184714,153
EK202310196844,153
EK202310232521,153
EK202310184622,153
EK202310118852,143
EK202310168516,153
EK202310178071,153
EK202310149839,153
EK202310184305,153
EK202310222961,153
EK202310197108,153
EK202310244680,153
EK202310164685,153
EK202310153568,153
EK202310204533,153
EK202310243304,153
EK202310122606,153
EK202310107843,153
EK202310195481,153
EK202310195622,153
EK202310185200,153
EK202310127597,153
EK202310145627,153
EK202310157400,153
EK202310226857,153
EK202310127964,153
EK202310179573,153
EK202310212013,153
EK202310226545,153
EK202310166825,153
EK202310163867,153
EK202310196745,153
EK202310109208,153
EK202310205143,153
EK202310136525,153
EK202310159137,153
EK202310238980,153
EK202310121185,153
EK202310142061,153
EK202310198507,153
EK202310184870,153
EK202310155208,153
EK202310124725,143
EK202310103880,153
EK202310246880,153
EK202310190191,153
EK202310241383,153
EK202310109761,153
EK202310218045,153
EK202310208985,153
EK202310126092,153
EK202310247678,153
EK202310137747,153
EK202310201825,153
EK202310130845,153
EK202310239295,153
EK202310166294,143
EK202310211671,143
EK202310248376,153
EK202310188903,153
EK202320006661,153
EK202310157204,153
EK202310222542,153
EK202310182598,153
EK202310128634,153
EK202310137926,153
EK202310197018,143
EK202310184643,153
EK202310217014,153
EK202310200280,153
EK202310183028,153
EK202310106142,153
EK202310103822,143
EK202310157052,153
EK202310122614,153
EK202310155664,153
EK202310165913,153
EK202310191203,153
EK202310119226,153
EK202310234080,153
EK202310196735,153
EK202310149314,153
EK202310155188,153
EK202310114860,153
EK202310118865,153
EK202310160832,153
EK202320006619,153
EK202310127739,153
EK202310115501,153
EK202310166491,153
EK202310197828,153
EK202310242137,153
EK202310235787,153
EK202310220464,153
EK202310112649,153
EK202310110214,153
EK202310164835,153
EK202310204462,153
EK202310187862,153
EK202310131273,153
EK202310128020,153
EK202310204211,153
EK202310208246,153
EK202310166450,153
EK202310171141,153
EK202310159355,153
EK202310194303,153
EK202310214928,153
EK202310122215,153
EK202310175732,153
EK202310195150,153
EK202310160826,153
EK202310159966,153
EK202310158608,143
EK202310243112,153
EK202310109607,153
EK202310149652,153
EK202310110860,153
EK202310232156,153
EK202310178087,153
EK202310196125,153
EK202310178589,153
EK202310146655,153
EK202310176638,153
EK202310183451,153
EK202310238783,153
EK202310180591,146
EK202310180161,153
EK202310160060,153
EK202310234699,153
EK202310113916,153
EK202310227268,153
EK202310237635,153
EK202310182258,153
EK202310193859,153
EK202310153659,153
EK202310203955,153
EK202310236094,153
EK202310187734,153
EK202310216149,153
EK202310168413,153
EK202310116401,143
EK202310201191,153
EK202310190480,143
EK202310161074,153
EK202310140353,153
EK202310173633,153
EK202310158068,153
EK202310154103,143
EK202310113546,153
EK202310204238,153
EK202310104944,153
EK202310234535,153
EK202310126859,153
EK202310117542,153
EK202310210903,153
EK202310157130,153
EK202310145116,153
EK202310208124,143
EK202310245982,153
EK202310133043,153
EK202310149054,153
EK202310190190,153
EK202320006047,153
EK202310134850,138
EK202310202384,153
EK202310154117,153
EK202310133365,143
EK202310108193,153
EK202310203056,153
EK202310149046,153
EK202310165578,153
EK202310186659,153
EK202310196955,143
EK202310197552,153
EK202310212202,153
EK202310224513,153
EK202310004468,153
EK202310216094,153
EK202310230966,153
EK202310118412,153
EK202310247101,153
EK202310178117,153
EK202310219876,153
EK202310215307,153
EK202310218134,153
EK202310221530,153
EK202310154982,153
EK202310182970,153
EK202310214235,153
EK202310220158,153
EK202310104394,153
EK202310111159,153
EK202310158577,153
EK202310110382,153
EK202310133639,153
EK202310246509,153
EK202310149660,153
EK202310168884,143
EK202310243940,153
EK202310191906,153
EK202310127477,143
EK202310225432,143
EK202310233319,153
EK202310162668,153
EK202310148695,153
EK202310178807,153
EK202310106771,153
EK202310155396,153
EK202310189899,153
EK202310106717,153
EK202310232588,153
EK202310226348,153
EK202310109931,153
EK202310226884,153
EK202310213466,153
EK202310121691,153
EK202310198701,153
EK202310131737,153
EK202310166136,153
EK202310116855,153
EK202310138351,153
EK202310191381,153
EK202310003663,153
EK202310172884,153
EK202310185550,153
EK202310148380,153
EK202310149387,153
EK202310236333,153
EK202310199352,153
EK202310137894,153
EK202310133727,153
EK202310178526,153
EK202310189610,153
EK202310109350,153
EK202310218617,153
EK202310109125,153
EK202310163826,153
EK202310130248,153
EK202310221541,153
EK202320006518,153
EK202310229391,153
EK202310211450,153
EK202310193482,153
EK202310198828,153
EK202310183006,153
EK202310003501,153
EK202310121041,146
EK202310211350,153
EK202310246075,153
EK202310127204,153
EK202310234563,153
EK202310139042,153
EK202310171256,153
EK202310139647,153
EK202310122462,104
EK202310144293,153
EK202310168436,153
EK202310120536,153
EK202310166379,153
EK202310180256,153
EK202310246761,153
EK202310219864,153
EK202310190068,153
EK202310181556,153
EK202310230597,143
EK202310130866,153
EK202310205037,153
EK202310209585,153
EK202310185564,153
EK202310176944,153
EK202310176381,153
EK202310141448,153
EK202310148056,153
EK202310182965,153
EK202310135422,123
EK202310122191,153
EK202310145667,153
EK202310202035,153
EK202310136887,153
EK202310200020,153
EK202310184127,153
EK202310107122,143
EK202310134379,153
EK202310211319,153
EK202310212855,153
EK202310242461,153
EK202310200853,153
EK202310200401,153
EK202310189295,153
EK202310105500,153
EK202310128584,153
EK202310209825,153
EK202310204586,153
EK202310179426,153
EK202310180912,153
EK202310173571,153
EK202310112070,153
EK202310199038,153
EK202310126021,153
EK202310155509,143
EK202310197401,153
EK202310107626,143
EK202310105142,153
EK202310243059,153
EK202310174039,153
EK202310201047,153
EK202310204579,153
EK202310187739,153
EK202310181773,153
EK202310128097,153
EK202310222975,153
EK202310132503,153
EK202310188182,153
EK202310133046,153
EK202310176947,153
EK202310167628,153
EK202310134899,153
EK202310115714,153
EK202310225258,153
EK202310181522,153
EK202310190839,153
EK202310217264,153
EK202310123146,153
EK202310142906,153
EK202310165063,153
EK202310004149,153
EK202310222025,153
EK202310201396,153
EK202310140521,153
EK202310190410,143
EK202310237623,153
EK202310207648,153
EK202310150068,153
EK202310199516,153
EK202310214499,153
EK202310193968,153
EK202310199178,153
EK202310226312,153
EK202310171202,153
EK202310136385,153
EK202310240675,153
EK202310131075,120
EK202310213481,143
EK202310212831,153
EK202310163142,153
EK202310107446,153
EK202310157890,153
EK202310214663,153
EK202310163666,153
EK202310117353,153
EK202310209794,153
EK202310123734,153
EK202310224602,153
EK202310218073,153
EK202310247816,153
EK202310234711,153
EK202310145443,153
EK202310246298,153
EK202310110010,153
EK202310159895,153
EK202310111143,153
EK202310209834,153
EK202310209444,153
EK202310192938,153
EK202310132559,153
EK202310152101,153
EK202310180196,153
EK202310194423,153
EK202310200390,153
EK202310180474,143
EK202310116603,143
EK202310171924,153
EK202310212746,143
EK202310146529,153
EK202310215859,153
EK202310141533,153
EK202310233067,153
EK202310214675,153
EK202310148386,153
EK202310168758,153
EK202310222971,153
EK202310109333,153
EK202310243241,153
EK202310146985,143
EK202310232878,153
EK202310234120,153
EK202310162882,153
EK202310190206,153
EK202310159348,153
EK202310201231,153
EK202310178530,153
EK202310189794,153
EK202310236784,153
EK202310175553,153
EK202310241797,153
EK202310114344,153
EK202310239590,153
EK202310227224,153
EK202310121744,153
EK202310003715,153
EK202310116073,153
EK202310197067,153
EK202310115532,153
EK202310217365,153
EK202310148754,153
EK202310109024,153
EK202310004073,153
EK202310198767,153
EK202310125904,153
EK202310189747,153
EK202310121824,153
EK202310183939,153
EK202310207963,153
EK202310004477,153
EK202310184855,153
EK202310121710,153
EK202310155103,153
EK202310127606,153
EK202310237460,153
EK202310189005,153
EK202310163144,153
EK202310195358,153
EK202310114203,143
EK202310200907,153
EK202310149290,153
EK202310186674,153
EK202310219434,153
EK202310113939,153
EK202310144604,153
EK202310202520,153
EK202310199251,153
EK202310171909,153
EK202310197493,153
EK202310200738,153
EK202310242193,153
EK202310166469,153
EK202310179577,153
EK202310199333,143
EK202310208438,153
EK202310243666,153
EK202310113305,153
EK202310189666,153
EK202310233041,153
EK202310127498,153
EK202310208207,157
EK202310161596,153
EK202310175979,153
EK202310222437,153
EK202310139352,153
EK202310120360,153
EK202310183484,153
EK202310206451,143
EK202310163448,153
EK202310113067,153
EK202310217739,117
EK202310120891,153
EK202310144456,153
EK202310243976,153
EK202310126697,153
EK202310221562,143
EK202310245501,143
EK202310227085,153
EK202310124539,153
EK202310113359,153
EK202310127238,153
EK202310186281,153
EK202310231780,153
EK202310218693,153
EK202310166062,153
EK202310194807,153
EK202310145164,153
EK202310139520,153
EK202310202232,117
EK202310106234,153
EK202310150099,153
EK202310148854,153
EK202310207751,153
EK202310119385,153
EK202310247407,153
EK202310187815,143
EK202310180649,143
EK202310169614,153
EK202320007494,153
EK202310123604,143
EK202310115115,153
EK202310247203,153
EK202310128939,153
EK202310151766,153
EK202310154684,153
EK202310147564,153
EK202310217040,153
EK202310219269,153
EK202310177587,153
EK202310172628,143
EK202310193264,153
EK202310204129,153
EK202310227714,153
EK202310174368,153
EK202310115514,153
EK202310114314,153
EK202320007053,153
EK202310196358,153
EK202310223590,153
EK202310186191,153
EK202310169460,153
EK202310206652,153
EK202310176776,153
EK202310112945,153
EK202310243798,153
EK202310173522,153
EK202310147691,153
EK202310221131,153
EK202310193542,153
EK202310110806,153
EK202310140872,153
EK202310115723,153
EK202310227673,153
EK202310104188,153
EK202310176128,153
EK202310179757,153
EK202310217690,153
EK202310114918,153
EK202310160022,153
EK202310117222,153
EK202310181651,153
EK202310202302,153
EK202310141935,153
EK202310166006,153
EK202310141835,153
EK202310113039,153
EK202310171526,143
EK202310231390,153
EK202310111326,153
EK202310104950,153
EK202310234139,153
EK202310207302,153
EK202310202018,153
EK202310205260,153
EK202310221441,153
EK202310174816,153
EK202310138649,153
EK202310208013,153
EK202310181493,153
EK202310243648,153
EK202310113262,153
EK202310171352,153
EK202310189555,143
EK202310154506,153
EK202310227922,153
EK202310243180,153
EK202310145403,143
EK202310229261,153
EK202310125086,153
EK202310188059,153
EK202310175935,153
EK202310104930,143
EK202310207696,153
EK202310176769,153
EK202310241580,153
EK202310128189,143
EK202310116358,153
EK202310203206,153
EK202310224617,143
EK202310216139,104
EK202310175157,153
EK202310148792,146
EK202310127748,153
EK202310183427,153
EK202310151784,153
EK202310202141,153
EK202310211204,153
EK202310230323,153
EK202310109892,153
EK202310187574,153
EK202310174395,153
EK202310205384,153
EK202310139355,153
EK202310161479,153
EK202310135561,143
EK202310165218,153
EK202310183022,153
EK202310125772,143
EK202310105325,153
EK202310205291,143
EK202310183115,153
EK202310142673,153
EK202310144959,153
EK202310156704,153
EK202310132122,153
EK202310174428,153
EK202310238510,153
EK202310004299,153
EK202310225687,153
EK202310152553,153
EK202310180231,153
EK202310189895,153
EK202310115789,153
EK202310107016,153
EK202310174702,143
EK202310184083,153
EK202310193580,153
EK202310217608,153
EK202310143791,153
EK202310171379,153
EK202310151018,153
EK202310167547,143
EK202310113875,153
EK202310242027,153
EK202310236948,153
EK202310241638,150
EK202320006399,153
EK202310155475,153
EK202310183498,153
EK202310175183,153
EK202310212112,153
EK202310219895,153
EK202310136160,153
EK202310237484,153
EK202310165481,143
EK202310240928,153
EK202310103807,153
EK202310138400,153
EK202310206371,153
EK202310194193,153
EK202310148048,153
EK202310215728,153
EK202310131760,153
EK202310123574,153
EK202310141515,153
EK202310237561,153
EK202310217955,153
EK202310208062,153
EK202310163578,104
EK202310116460,153
EK202310181932,153
EK202310190411,153
EK202310229861,153
EK202310246656,153
EK202310118260,153
EK202310115843,153
EK202310170542,153
EK202310189836,153
EK202310176951,153
EK202310116213,153
EK202310128876,153
EK202310210854,153
EK202310217897,153
EK202310213279,153
EK202310203346,143
EK202310111168,153
EK202310205607,153
EK202310181632,153
EK202310163875,153
EK202310106796,153
EK202310172056,153
EK202310195599,153
EK202310140727,153
EK202310208341,153
EK202310129380,153
EK202310140408,153
EK202310196671,153
EK202310164630,153
EK202310147505,153
EK202310110408,153
EK202310189343,153
EK202310232277,153
EK202310113134,143
EK202310154457,153
EK202310192875,153
EK202310116376,143
EK202310198131,153
EK202310200171,153
EK202310200642,153
EK202310123172,153
EK202310182386,153
EK202310148751,153
EK202310109301,153
EK202320007005,153
EK202310118442,153
EK202310132586,143
EK202310137853,153
EK202310175957,153
EK202310137878,143
EK202310141392,153
EK202310150895,153
EK202310234943,153
EK202310180019,153
EK202310118936,153
EK202310140493,153
EK202310175748,153
EK202310139140,153
EK202310194407,143
EK202310174235,153
EK202310171740,153
EK202310135496,153
EK202310219315,153
EK202310209481,153
EK202310142378,153
EK202310213131,143
EK202310126847,153
EK202310139757,153
EK202310166582,153
EK202310177776,143
EK202310179499,153
EK202310243445,153
EK202310176421,153
EK202310219058,153
EK202310108023,153
EK202310140417,153
EK202310130436,153
EK202320006321,153
EK202310220044,153
EK202310131037,150
EK202310248111,153
EK202310106861,153
EK202310110253,153
EK202310201245,153
EK202310138402,153
EK202310233866,153
EK202310003560,153
EK202310120345,153
EK202310201242,153
EK202310190427,153
EK202310148725,143
EK202320006763,153
EK202310196906,153
EK202310241763,153
EK202310204305,153
EK202310190705,153
EK202310107647,153
EK202310178205,153
EK202310226329,153
EK202310155075,153
EK202310161375,153
EK202310184194,153
EK202310146287,153
EK202310151428,153
EK202310169581,153
EK202310159986,153
EK202310235054,153
EK202310232794,153
EK202310237245,153
EK202310159951,153
EK202310137689,153
EK202310104122,143
EK202310237215,153
EK202310224167,153
EK202310165353,153
EK202310003464,153
EK202310146423,153
EK202310175125,153
EK202310229556,153
EK202310227408,153
EK202310243062,143
EK202310213464,153
EK202310111472,153
EK202310108233,153
EK202310223065,153
EK202310230558,153
EK202320006897,153
EK202310200032,153
EK202310187191,153
EK202310161900,153
EK202310121241,153
EK202310225448,143
EK202310227739,153
EK202310216508,153
EK202310233619,153
EK202310233918,153
EK202310202411,153
EK202310186765,153
EK202310241519,143
EK202310203547,153
EK202310186570,153
EK202310146153,153
EK202310226412,153
EK202310214773,153
EK202310141684,153
EK202310149333,153
EK202310144706,153
EK202310104027,153
EK202310109413,153
EK202310193755,143
EK202310166019,153
EK202310203410,153
EK202310211531,153
EK202310196157,143
EK202310244349,153
EK202310145494,153
EK202310212588,153
EK202310139780,153
EK202310240088,153
EK202310111166,153
EK202310188435,153
EK202310177633,153
EK202310112926,153
EK202310234867,153
EK202310185802,153
EK202310162594,153
EK202310180089,153
EK202310217336,150
EK202310192546,153
EK202310214169,153
EK202310140770,153
EK202310133498,143
EK202310118801,153
EK202310142404,153
EK202310147891,153
EK202310210538,153
EK202320007456,153
EK202310144587,153
EK202310124235,153
EK202310158438,153
EK202310215490,153
EK202310174451,153
EK202310212066,153
EK202310222526,143
EK202310188934,104
EK202310227893,153
EK202310181260,153
EK202310202577,153
EK202310120212,153
EK202310149119,153
EK202310154393,153
EK202310152225,143
EK202310105646,153
EK202310119351,153
EK202310148657,153
EK202310196509,153
EK202310194902,153
EK202310148288,153
EK202310215542,153
EK202310167939,153
EK202310167455,153
EK202310117792,143
EK202310173362,153
EK202310124739,153
EK202310175587,153
EK202310213185,153
EK202310152468,153
EK202310131120,153
EK202310124976,153
EK202310112499,153
EK202310195528,153
EK202310239210,153
EK202310142674,153
EK202310243104,153
EK202310237267,153
EK202310169374,153
EK202310234090,143
EK202310233816,153
EK202310196376,153
EK202310148225,153
EK202310228837,143
EK202310181830,153
EK202310191899,153
EK202310229263,153
EK202310141990,143
EK202310169654,153
EK202310123584,153
EK202310109674,153
EK202310106658,153
EK202310237324,143
EK202310133847,153
EK202310177544,153
EK202310123823,153
EK202310240866,153
EK202310200799,153
EK202310004956,153
EK202310109116,153
EK202310181159,153
EK202310128546,153
EK202310206764,153
EK202310203787,153
EK202310193227,153
EK202310157337,153
EK202310190691,153
EK202310126193,153
EK202310223219,153
EK202310161546,153
EK202310220676,153
EK202310142344,153
EK202310182666,153
EK202310217828,153
EK202310240257,153
EK202310125068,143
EK202310166358,153
EK202310177216,153
EK202310146952,153
EK202310199886,153
EK202310147741,153
EK202310143091,153
EK202310199575,143
EK202310187305,153
EK202310222496,153
EK202310216424,143
EK202310104377,153
EK202310227219,153
EK202310140922,153
EK202310165008,153
EK202310135583,153
EK202310171535,153
EK202310219272,153
EK202310120647,143
EK202310140490,153
EK202310173840,143
EK202310208109,153
EK202310175605,153
EK202310194297,153
EK202310116012,143
EK202310133738,153
EK202310003422,153
EK202310186980,153
EK202310157421,153
EK202310145922,153
EK202310203349,153
EK202310230457,153
EK202310230009,153
EK202310144393,153
EK202310155684,153
EK202310243499,153
EK202310148155,153
EK202310162141,153
EK202310202043,153
EK202310165608,153
EK202310193544,104
EK202310164222,153
EK202310154530,153
EK202310185022,153
EK202310167516,153
EK202310165006,153
EK202310138314,153
EK202310213702,153
EK202310223111,153
EK202310183009,153
EK202310175427,153
EK202310198303,153
EK202310142355,153
EK202310190847,153
EK202310165750,153
EK202310163376,153
EK202310146237,153
EK202310228171,153
EK202310222340,153
EK202310119317,153
EK202310209759,153
EK202310188992,153
EK202310236787,153
EK202310235111,153
EK202310192259,153
EK202320005738,153
EK202310143173,153
EK202310188740,153
EK202310106354,153
EK202310235348,104
EK202310234038,153
EK202310172622,153
EK202310172486,153
EK202310121194,153
EK202310221290,153
EK202310207879,153
EK202310114510,153
EK202310179068,153
EK202310163368,153
EK202310232807,153
EK202310120523,153
EK202310103969,153
EK202310004188,153
EK202310170648,153
EK202310139767,153
EK202310138473,153
EK202310235505,153
EK202310178729,143
EK202310246801,153
EK202310120603,153
EK202310114895,153
EK202310223798,153
EK202310128963,143
EK202310133013,153
EK202310180731,153
EK202310113860,143
EK202310201583,153
EK202310137449,153
EK202310149678,153
EK202310199061,153
EK202310206139,143
EK202310178048,153
EK202310206902,153
EK202310135879,153
EK202310118974,153
EK202310240661,153
EK202310247702,153
EK202310108959,153
EK202310139148,153
EK202310213608,153
EK202310200833,153
EK202310205491,153
EK202310151833,153
EK202310170507,153
EK202310204695,153
EK202310190993,153
EK202310181846,153
EK202310191614,153
EK202310146281,153
EK202310239715,153
EK202310224583,153
EK202310225752,153
EK202310004050,153
EK202310112334,143
EK202310178782,143
EK202310162090,153
EK202310221447,153
EK202310219812,153
EK202310161855,153
EK202310127861,153
EK202310114282,153
EK202310105617,143
EK202310209302,153
EK202310115118,153
EK202310003916,153
EK202310153698,153
EK202310229027,153
EK202310125705,153
EK202310123526,153
EK202310226530,153
EK202310136267,153
EK202310126875,153
EK202310219223,153
EK202310169669,153
EK202310136907,153
EK202310167168,153
EK202310225793,161
EK202310178640,153
EK202310130165,153
EK202310154261,153
EK202310220444,153
EK202310237028,153
EK202310165818,153
EK202310122598,153
EK202310220372,153
EK202310137417,153
EK202310143378,153
EK202310175009,153
EK202310211432,153
EK202310207842,153
EK202310180149,153
EK202310190554,153
EK202310223988,153
EK202310130954,143
EK202310116904,143
EK202310161528,153
EK202310148911,153
EK202310153873,153
EK202310144622,153
EK202320007179,153
EK202310213291,153
EK202310248459,153
EK202310129665,153
EK202310105584,153
EK202310223037,153
EK202310173189,153
EK202310174998,153
EK202310128550,153
EK202310192354,123
EK202310118760,153
EK202310131373,153
EK202310168865,153
EK202310105103,153
EK202310242757,153
EK202310164146,153
EK202310165707,153
EK202310157341,153
EK202310161673,153
EK202310203730,153
EK202310165334,153
EK202310149964,153
EK202310109435,153
EK202310105784,153
EK202310004512,153
EK202310129345,120
EK202310168741,153
EK202310225441,153
EK202310189863,143
EK202310181790,153
EK202310223107,153
EK202310117337,153
EK202310247125,153
EK202310146172,153
EK202310229871,153
EK202310167352,153
EK202310197659,153
EK202310237148,153
EK202310204685,153
EK202310241003,153
EK202310148969,153
EK202310217817,153
EK202310154285,143
EK202310241422,153
EK202310238083,153
EK202310177368,153
EK202310161506,153
EK202310159694,153
EK202310233873,153
EK202310159627,153
EK202310204809,153
EK202310221148,153
EK202310203840,153
EK202310175485,153
EK202310157943,153
EK202310166246,153
EK202310104784,153
EK202310123376,153
EK202310204029,153
EK202310185358,153
EK202310108669,153
EK202310236018,153
EK202310238742,153
EK202310111453,153
EK202310113005,153
EK202310234668,153
EK202310231883,153
EK202310170221,153
EK202310004896,153
EK202310161173,153
EK202310145172,153
EK202310173181,153
EK202310188825,153
EK202310179888,153
EK202310232212,143
EK202310162487,153
EK202310136794,153
EK202310169969,153
EK202310165477,153
EK202310177712,153
EK202310129186,153
EK202310127134,153
EK202310228641,150
EK202310195004,153
EK202310196656,153
EK202310129468,153
EK202320007200,153
EK202310153589,153
EK202310212764,153
EK202310205885,153
EK202310198505,146
EK202310222811,153
EK202310168127,153
EK202310143599,153
EK202310227359,153
EK202310135358,153
EK202310171217,153
EK202310191424,153
EK202310149689,153
EK202310195376,153
EK202310178299,153
EK202310210228,153
EK202310107326,153
EK202310152535,153
EK202310154473,153
EK202310174554,153
EK202310163286,153
EK202310111638,153
EK202310196108,153
EK202310212686,143
EK202310231718,153
EK202310137776,153
EK202310178405,153
EK202310117455,153
EK202310118568,153
EK202310222315,153
EK202310160822,153
EK202310118020,153
EK202310194677,153
EK202320006977,153
EK202310214502,153
EK202310146297,143
EK202320005953,153
EK202310200023,153
EK202310147399,153
EK202310110181,153
EK202310225409,153
EK202310107374,153
EK202310235775,153
EK202310154935,153
EK202310160129,123
EK202310136819,153
EK202310212339,153
EK202310186377,153
EK202310149686,153
EK202310137146,153
EK202310219413,153
EK202310224119,153
EK202310124397,153
EK202310118844,153
EK202310178888,153
EK202310203695,153
EK202310215102,153
EK202310116309,153
EK202310177340,153
EK202310155692,153
EK202310209761,153
EK202310192459,153
EK202310166094,153
EK202310106639,153
EK202310122597,153
EK202310176641,153
EK202310128106,153
EK202310164373,153
EK202310172650,153
EK202310161760,153
EK202310175173,153
EK202310220355,153
EK202310134340,143
EK202310200856,153
EK202310198775,153
EK202310237814,143
EK202310144745,153
EK202310116937,153
EK202310180183,153
EK202310123116,153
EK202310111360,153
EK202310218124,153
EK202310146929,137
EK202310144079,153
EK202310212540,153
EK202310206504,153
EK202310126991,153
EK202310159652,153
EK202310132965,104
EK202310203675,153
EK202310003467,153
EK202310178560,153
EK202310115094,153
EK202310127215,153
EK202310116379,153
EK202310121118,153
EK202310196670,143
EK202310159655,153
EK202310201991,143
EK202310173068,153
EK202310117260,104
EK202310130209,153
EK202310183122,143
EK202310216257,153
EK202310176511,153
EK202310187962,153
EK202310245277,153
EK202310181710,153
EK202310227487,153
EK202310210107,153
EK202310175757,143
EK202310229135,153
EK202310150766,153
EK202310164086,153
EK202310121488,153
EK202310122656,150
EK202310176310,153
EK202310207786,153
EK202310116196,153
EK202310166658,153
EK202320007269,153
EK202310240222,153
EK202310233074,153
EK202310003785,153
EK202310218333,153
EK202310199829,153
EK202310141201,143
EK202310152509,153
EK202310213008,153
EK202310234244,153
EK202310185496,153
EK202310123939,153
EK202310245118,153
EK202310126945,153
EK202310192940,153
EK202310154479,153
EK202310238968,153
EK202310220804,153
EK202310121547,153
EK202310156977,153
EK202310220913,153
EK202310153791,153
EK202310231371,153
EK202310155012,153
EK202310106729,153
EK202310121458,143
EK202310129298,153
EK202310185168,153
EK202310171342,153
EK202310182043,153
EK202310159692,153
EK202310198219,153
EK202310186486,153
EK202310194185,153
EK202310135060,153
EK202310151875,153
EK202310148212,153
EK202310158337,153
EK202310160093,153
EK202310176986,153
EK202310142751,153
EK202310186987,153
EK202310213398,153
EK202310227507,153
EK202310230539,153
EK202310233022,153
EK202310112067,153
EK202310191571,153
EK202310128575,153
EK202310116429,153
EK202310222260,143
EK202310167112,153
EK202310197671,143
EK202310133983,153
EK202310125081,153
EK202310165303,153
EK202310245022,153
EK202310168737,153
EK202310224066,153
EK202310112653,153
EK202310163794,153
EK202310177672,153
EK202310113138,143
EK202310198082,153
EK202310186324,153
EK202310245063,143
EK202310162008,153
EK202310187033,153
EK202310165002,153
EK202310179112,153
EK202310136261,153
EK202310107886,153
EK202310178081,153
EK202310107978,153
EK202310186291,153
EK202320006194,153
EK202310162147,153
EK202310145820,143
EK202310208270,153
EK202310244610,153
EK202310115965,153
EK202310173325,143
EK202310200487,153
EK202310151600,153
EK202310174873,153
EK202310154656,153
EK202310186158,153
EK202310159695,153
EK202310153171,153
EK202310116138,153
EK202310241920,143
EK202310172803,153
EK202310003408,153
EK202310113293,153
EK202310199063,153
EK202310151401,153
EK202310154601,143
EK202310111616,143
EK202310135809,153
EK202310123689,153
EK202310125344,153
EK202310204834,153
EK202310154600,153
EK202310171105,104
EK202310192374,153
EK202310137424,153
EK202310004414,143
EK202310157406,153
EK202310194870,153
EK202310184853,153
EK202310176587,153
EK202310211243,153
EK202310116843,153
EK202310167978,153
EK202310199028,153
EK202310178842,153
EK202310003563,153
EK202310113491,153
EK202310202425,153
EK202310156026,153
EK202310235868,153
EK202310129923,153
EK202310115347,153
EK202310136092,153
EK202310212411,153
EK202310198783,153
EK202310154295,153
EK202310132080,153
EK202310115510,153
EK202310186713,153
EK202310246486,153
EK202310220909,153
EK202310133930,153
EK202310230327,153
EK202310227578,153
EK202310147328,153
EK202310174500,153
EK202310121141,153
EK202310218136,153
EK202310187497,153
EK202310219497,153
EK202310158430,143
EK202310232072,153
EK202310161910,153
EK202310232257,153
EK202310109324,153
EK202310117586,153
EK202310145201,153
EK202310191458,153
EK202310163905,153
EK202310200681,153
EK202310190561,153
EK202310144363,153
EK202310196397,153
EK202310168831,153
EK202320007357,153
EK202310125955,153
EK202310210692,153
EK202310202677,153
EK202310212296,153
EK202310228282,153
EK202310198392,143
EK202310189017,153
EK202310184070,153
EK202320006398,153
EK202310221409,153
EK202310229971,153
EK202310202941,153
EK202310131905,153
EK202310112775,153
EK202310209245,153
EK202310185710,153
EK202310155827,143
EK202310158156,153
EK202310143080,153
EK202310217821,104
EK202310205060,153
EK202310152230,153
EK202310215647,146
EK202310216568,153
EK202310173496,153
EK202310132220,153
EK202310229606,153
EK202310197847,153
EK202310114444,153
EK202310212587,153
EK202310128678,104
EK202310129009,153
EK202310135868,153
EK202310004655,153
EK202310004666,153
EK202310172312,153
EK202310212324,153
EK202310234071,153
EK202310237714,143
EK202310227143,153
EK202310106080,153
EK202310115972,153
EK202310223416,153
EK202310185745,153
EK202310108584,153
EK202310244398,153
EK202310104476,153
EK202310243111,153
EK202310182118,153
EK202310231776,153
EK202310114793,153
EK202310107506,153
EK202310203271,153
EK202310206441,153
EK202310197006,153
EK202310213977,153
EK202310174608,153
EK202310126126,153
EK202310230545,153
EK202310103903,153
EK202310234105,153
EK202310165010,153
EK202310181940,153
EK202310118673,153
EK202310188868,153
EK202310170989,153
EK202310213961,153
EK202310236748,153
EK202310128144,153
EK202310131032,153
EK202310199927,153
EK202310228569,153
EK202310137099,153
EK202310216503,153
EK202310225348,143
EK202310188082,153
EK202310107466,153
EK202310119468,153
EK202310177435,104
EK202310226065,153
EK202310238474,153
EK202310178935,153
EK202310111288,153
EK202310231278,153
EK202310195743,153
EK202310177642,153
EK202310159731,153
EK202310233199,153
EK202310164963,153
EK202310108728,143
EK202310241516,153
EK202310114502,153
EK202310163597,153
EK202310194099,153
EK202310191390,153
EK202310136653,153
EK202310132780,153
EK202310192296,153
EK202310210820,153
EK202310157545,153
EK202310117978,153
EK202310128805,153
EK202310239206,153
EK202310184728,153
EK202310188346,153
EK202310115220,153
EK202310136091,153
EK202310187000,153
EK202310004481,153
EK202310142481,153
EK202310241665,153
EK202310172530,153
EK202310242247,153
EK202310201108,153
EK202310157151,153
EK202310248777,153
EK202310234150,153
EK202310245991,143
EK202310196183,153
EK202310112151,153
EK202310240040,153
EK202310122111,153
EK202310237646,153
EK202310236751,153
EK202310110678,153
EK202310175472,153
EK202310104032,153
EK202310130367,143
EK202310218178,153
EK202310190059,153
EK202310154040,153
EK202310104704,153
EK202310234675,153
EK202320007076,153
EK202310117416,153
EK202310106592,153
EK202310218855,153
EK202310112951,153
EK202310198510,153
EK202310170591,153
EK202310171607,153
EK202310188047,153
EK202310106176,153
EK202310139729,153
EK202310188177,153
EK202310216551,153
EK202310190746,153
EK202310198445,153
EK202310167557,143
EK202310232345,153
EK202310205089,153
EK202310200704,153
EK202310168328,153
EK202310117660,153
EK202310241204,153
EK202310219555,153
EK202310108822,153
EK202310178261,153
EK202310170803,153
EK202310180578,153
EK202310183233,153
EK202310214067,153
EK202310177910,153
EK202310184628,153
EK202310236640,153
EK202310189443,153
EK202310219770,153
EK202310188035,153
EK202310110194,153
EK202310244334,153
EK202310196346,153
EK202310239240,153
EK202310190697,153
EK202310183845,153
EK202310173568,153
EK202310122648,153
EK202310138573,143
EK202310107238,153
EK202310123716,153
EK202310222719,153
EK202310119574,153
EK202310106379,153
EK202310179487,153
EK202310204316,153
EK202310112072,153
EK202310103891,153
EK202310121527,153
EK202310147901,153
EK202310129747,153
EK202310216313,153
EK202310138904,153
EK202310148441,153
EK202310153870,153
EK202310108732,153
EK202310180949,153
EK202310108710,153
EK202310198670,153
EK202310150197,153
EK202310213492,153
EK202310136448,153
EK202310131230,153
EK202310231399,153
EK202310121599,153
EK202310179738,153
EK202310167476,153
EK202310131623,153
EK202310140730,153
EK202310144389,153
EK202310245102,153
EK202310132691,153
EK202310106449,153
EK202310167353,143
EK202310236989,153
EK202310111119,143
EK202310186689,153
EK202310209031,153
EK202310139037,153
EK202310158574,153
EK202310235776,117
EK202310149594,153
EK202310106989,153
EK202310207828,153
EK202310129283,153
EK202310103761,153
EK202310117820,153
EK202310170386,153
EK202310200918,153
EK202310104618,153
EK202310211311,153
EK202310217151,153
EK202310197688,153
EK202310141161,104
EK202310200723,153
EK202310192613,153
EK202310231385,153
EK202310161421,123
EK202310185090,153
EK202310118323,153
EK202310179435,153
EK202310246748,153
EK202310203308,123
EK202310166549,153
EK202310231043,153
EK202310144171,143
EK202310171076,153
EK202310234671,153
EK202310178258,153
EK202310123111,153
EK202310105273,153
EK202310232779,104
EK202310245923,153
EK202310232934,143
EK202310206444,153
EK202310199292,153
EK202310172407,143
EK202310110982,153
EK202310136670,153
EK202310196416,153
EK202310147370,153
EK202310203187,153
EK202310127574,153
EK202310223109,153
EK202310210815,153
EK202310132728,153
EK202310195728,153
EK202310162562,153
EK202310122166,150
EK202310133502,153
EK202310176748,102
EK202310149681,153
EK202310133367,153
EK202310233308,153
EK202310111956,153
EK202310213087,153
EK202310163861,153
EK202310183017,153
EK202310148049,153
EK202310159587,153
EK202310120104,153
EK202310173791,153
EK202310120609,153
EK202310120220,153
EK202310164643,153
EK202310242480,153
EK202310237393,153
EK202310110258,153
EK202310203310,153
EK202310244388,153
EK202310142420,153
EK202310127247,153
EK202310245410,153
EK202310198231,153
EK202310224714,153
EK202310112152,153
EK202310219634,153
EK202310120507,153
EK202310121024,153
EK202310162609,153
EK202310198139,153
EK202310115733,153
EK202310197648,153
EK202310152061,153
EK202310246184,153
EK202310175646,153
EK202310195357,153
EK202310180995,153
EK202320007602,153
EK202310125780,153
EK202310141209,153
EK202310241145,153
EK202310214473,153
EK202310104412,153
EK202310145300,153
EK202310178546,153
EK202310222192,143
EK202310003791,143
EK202310164084,153
EK202310247625,153
EK202310179777,153
EK202310204086,143
EK202310199051,153
EK202310199503,153
EK202310124201,153
EK202310111462,153
EK202310149507,153
EK202310149626,153
EK202310196221,153
EK202310241259,153
EK202310110599,153
EK202310234816,153
EK202310179926,153
EK202310158821,153
EK202310203000,153
EK202310162317,153
EK202310125499,153
EK202310171521,153
EK202310155121,120
EK202310246662,153
EK202310222404,153
EK202310119271,153
EK202310179293,153
EK202310162370,153
EK202310185317,153
EK202310192836,153
EK202310197187,153
EK202310119438,153
EK202310154800,153
EK202310162887,153
EK202310114407,153
EK202310107541,153
EK202310165391,153
EK202310114222,153
EK202310108463,153
EK202310160505,153
EK202310175819,153
EK202310224211,153
EK202310181094,153
EK202310209683,153
EK202310144068,153
EK202310185016,153
EK202310242866,153
EK202310136700,153
EK202310129667,153
EK202310185490,153
EK202310180615,153
EK202310106120,153
EK202310139529,153
EK202310208712,153
EK202310202493,143
EK202310127493,153
EK202310185646,153
EK202310236048,153
EK202310215422,153
EK202310154768,153
EK202310156660,153
EK202310215522,153
EK202310191431,153
EK202310219661,153
EK202310111217,104
EK202310142283,153
EK202310152451,153
EK202310131900,153
EK202310118813,153
EK202310158474,153
EK202310206038,153
EK202310140824,153
EK202310193053,153
EK202310239738,143
EK202310183514,153
EK202310228473,153
EK202310187727,153
EK202310208678,153
EK202310151445,153
EK202310129744,153
EK202310242221,153
EK202310140908,153
EK202310213034,153
EK202310162066,143
EK202310166091,153
EK202310168349,153
EK202310204830,153
EK202310119237,153
EK202310177687,153
EK202310194046,153
EK202310120099,153
EK202310139982,153
EK202310172126,143
EK202310225892,153
EK202310204605,153
EK202310166382,153
EK202310164816,143
EK202310118373,153
EK202310141696,153
EK202310229964,153
EK202310127949,153
EK202310239375,153
EK202310173625,153
EK202310141849,153
EK202310115485,153
EK202310129234,153
EK202310105793,153
EK202310158046,153
EK202310192078,153
EK202310211785,153
EK202310194018,153
EK202310223067,153
EK202310131851,153
EK202310146819,153
EK202310240643,153
EK202310156305,153
EK202310207011,153
EK202310225288,153
EK202310246090,153
EK202310159743,153
EK202310160951,153
EK202310164394,153
EK202310172687,153
EK202310157664,153
EK202310186799,153
EK202310177813,153
EK202310135564,153
EK202310109869,153
EK202310232529,153
EK202310190796,143
EK202310157371,153
EK202310248440,153
EK202310236433,153
EK202310155362,153
EK202310178291,153
EK202310236912,153
EK202310104076,143
EK202310192380,153
EK202310138804,153
EK202310151241,153
EK202310199540,153
EK202310173988,123
EK202310173002,143
EK202310243625,153
EK202310193531,153
EK202310114242,153
EK202310138736,153
EK202310190347,153
EK202310236408,153
EK202310120734,153
EK202310199091,153
EK202310163422,153
EK202310204728,153
EK202310130979,143
EK202310183928,153
EK202310149172,153
EK202310112222,153
EK202310135593,153
EK202310116248,153
EK202310139060,153
EK202310119677,153
EK202310158107,153
EK202310132346,153
EK202310134894,153
EK202310136486,153
EK202310129929,153
EK202310105561,153
EK202310154663,153
EK202310170691,153
EK202310129385,153
EK202310201900,143
EK202310167771,153
EK202310157806,153
EK202310149813,153
EK202310176321,153
EK202310114996,153
EK202310190897,153
EK202310166461,153
EK202310137821,153
EK202310112150,153
EK202310192173,153
EK202310173654,153
EK202310220329,153
EK202310202774,153
EK202310150939,153
EK202310155941,153
EK202310185382,153
EK202310237219,153
EK202310244185,143
EK202310221987,153
EK202310193216,153
EK202310145019,143
EK202310193312,153
EK202310121038,153
EK202310210609,153
EK202310198874,153
EK202310144516,153
EK202310110453,153
EK202310135805,153
EK202310128896,153
EK202310183544,153
EK202310181264,153
EK202310204958,153
EK202310168271,153
EK202310219179,153
EK202310224962,153
EK202310210604,153
EK202310159739,153
EK202310132707,153
EK202310105567,153
EK202310226814,153
EK202310217907,153
EK202310199396,153
EK202310105066,153
EK202310200675,153
EK202310237294,153
EK202310157377,153
EK202310229136,153
EK202310186430,153
EK202310163802,153
EK202310142202,153
EK202310195256,143
EK202310004248,153
EK202310195944,153
EK202310152129,153
EK202310235567,153
EK202310239108,153
EK202320007089,153
EK202310188372,153
EK202310177026,153
EK202310130893,153
EK202310145973,153
EK202310168876,153
EK202320005981,153
EK202310158643,153
EK202310186188,153
EK202310134495,150
EK202310247686,153
EK202310150624,153
EK202310205684,153
EK202310130971,153
EK202310109938,153
EK202310157726,153
EK202310217250,153
EK202310232228,153
EK202310212931,153
EK202310224251,153
EK202310177088,153
EK202310178114,143
EK202310133902,143
EK202310243447,153
EK202310203833,153
EK202310205106,153
EK202310244839,153
EK202310153612,153
EK202310168129,153
EK202310210315,153
EK202310221450,153
EK202310229011,153
EK202310109445,153
EK202310172449,153
EK202310173624,153
EK202320007778,153
EK202310191821,153
EK202310163402,153
EK202310198726,153
EK202310235035,153
EK202310190400,143
EK202310223143,153
EK202310134393,153
EK202310190107,153
EK202310199104,153
EK202310198171,153
EK202310126236,153
EK202310110975,153
EK202310163529,153
EK202310208517,153
EK202310229161,153
EK202310224145,153
EK202310245526,153
EK202310105925,153
EK202310241775,104
EK202310131256,153
EK202310167720,153
EK202310128585,153
EK202310171250,153
EK202310136309,153
EK202310159794,153
EK202310147802,153
EK202310217371,153
EK202310142272,153
EK202310192020,153
EK202310121935,153
EK202320007881,153
EK202310144741,153
EK202310237080,153
EK202310121787,153
EK202310157606,153
EK202310171437,153
EK202310108122,153
EK202310151362,153
EK202310115777,153
EK202310239193,153
EK202310233042,153
EK202310202833,153
EK202310113174,153
EK202310167499,153
EK202310126289,153
EK202310129491,153
EK202320005784,153
EK202310170372,153
EK202310213906,153
EK202310199476,153
EK202310247011,153
EK202310195117,153
EK202310120294,153
EK202320007259,153
EK202310188597,153
EK202310165978,153
EK202310115867,153
EK202310193317,153
EK202310203873,153
EK202310205284,153
EK202310111575,153
EK202310225817,153
EK202310231254,143
EK202310183664,153
EK202310104179,143
EK202310230497,153
EK202310193284,153
EK202310147738,153
EK202310241264,153
EK202310199094,153
EK202310128153,153
EK202310177426,153
EK202310106407,153
EK202310224168,153
EK202310182894,153
EK202310196624,153
EK202310174799,153
EK202310244287,153
EK202310158225,153
EK202310158700,153
EK202310194647,153
EK202310176945,153
EK202310242585,143
EK202310168424,153
EK202310155163,153
EK202310124200,150
EK202310167074,153
EK202310227610,153
EK202310172440,153
EK202310224828,143
EK202310125087,153
EK202310172624,153
EK202310212981,153
EK202310212038,153
EK202310181888,153
EK202310151373,153
EK202310151400,153
EK202310129480,153
EK202310105531,153
EK202310168802,153
EK202310143364,153
EK202310124872,153
EK202310204355,153
EK202310151111,153
EK202310208992,153
EK202310214546,153
EK202310149411,153
EK202310142260,153
EK202310164059,153
EK202310109215,153
EK202310199582,153
EK202310127468,153
EK202310142858,153
EK202310203332,153
EK202310158565,153
EK202310172619,153
EK202310107206,143
EK202310211213,153
EK202310172337,153
EK202310220668,153
EK202310153800,153
EK202310211090,104
EK202310189907,153
EK202310187277,143
EK202310196375,117
EK202310133091,153
EK202310126566,153
EK202310157696,153
EK202310170462,153
EK202310187255,153
EK202310123459,153
EK202310145959,153
EK202310220363,153
EK202310139815,153
EK202310181913,153
EK202310109098,153
EK202310132727,153
EK202310122252,153
EK202310167093,153
EK202310139661,153
EK202310174818,153
EK202310166691,153
EK202310003691,153
EK202310237525,153
EK202310117373,153
EK202310179546,153
EK202310126077,153
EK202310184499,153
EK202310186109,153
EK202310106103,153
EK202310112500,153
EK202310133741,153
EK202310109783,104
EK202310117249,153
EK202310203878,153
EK202310196452,153
EK202310181760,153
EK202310112276,153
EK202310190428,153
EK202310217583,153
EK202320005844,153
EK202310206265,153
EK202310221855,153
EK202310152502,153
EK202310119997,153
EK202310234516,153
EK202310109706,153
EK202310148105,153
EK202310154560,153
EK202310236829,153
EK202310167010,153
EK202310240372,153
EK202310129679,153
EK202310213367,153
EK202310198361,153
EK202310154494,143
EK202310247393,153
EK202310233217,143
EK202310147827,153
EK202310115117,153
EK202310148420,153
EK202310190832,153
EK202310134924,153
EK202310188986,153
EK202310129065,153
EK202310191867,153
EK202310134983,153
EK202310113731,153
EK202310201726,153
EK202310230201,153
EK202310168525,153
EK202310244486,153
EK202310189155,153
EK202310140440,153
EK202310106749,153
EK202310179762,153
EK202310129836,153
EK202310220701,153
EK202310186360,153
EK202310109349,153
EK202310201338,153
EK202310212253,153
EK202310155921,153
EK202310205532,153
EK202310128471,153
EK202310201094,153
EK202310190383,153
EK202310110189,153
EK202310147602,142
EK202310198097,153
EK202310216064,153
EK202310211013,153
EK202310160719,153
EK202310176494,153
EK202310145249,153
EK202310235596,153
EK202310110412,143
EK202310200832,153
EK202310204509,153
EK202310149049,153
EK202310183661,153
EK202310216447,153
EK202310200320,153
EK202310161067,153
EK202310207130,153
EK202310145591,153
EK202310127977,137
EK202310161518,153
EK202310138156,153
EK202310244709,153
EK202310142566,153
EK202310124071,153
EK202310152858,153
EK202310190782,153
EK202310167544,143
EK202310192845,143
EK202310160817,153
EK202310196420,153
EK202310004827,153
EK202310227825,153
EK202310194467,153
EK202310113608,153
EK202310103781,153
EK202310221275,153
EK202310169673,153
EK202310190005,153
EK202310188898,153
EK202310183079,153
EK202310166912,153
EK202310142437,153
EK202310212298,153
EK202310109551,153
EK202310222094,153
EK202310202049,153
EK202310212471,153
EK202310187583,153
EK202310188837,153
EK202310220895,153
EK202310108270,153
EK202310186872,153
EK202310156937,146
EK202310242846,153
EK202310186481,153
EK202310221455,153
EK202310180574,153
EK202310168049,153
EK202310133898,153
EK202310168746,143
EK202310212474,153
EK202310161742,153
EK202310181202,153
EK202310200036,153
EK202310184172,153
EK202310239220,153
EK202310165958,143
EK202310212102,153
EK202310218823,153
EK202310151307,153
EK202310204250,153
EK202310183865,153
EK202310149510,153
EK202320006769,153
EK202310227796,153
EK202310248710,153
EK202310198205,153
EK202310135989,143
EK202310124456,143
EK202310221007,153
EK202310126207,153
EK202310181795,153
EK202310168767,153
EK202310119332,153
EK202310135427,153
EK202310206685,153
EK202310241653,153
EK202310196379,153
EK202310120248,153
EK202310172212,153
EK202310181585,153
EK202320006780,153
EK202310133161,153
EK202310109841,153
EK202310152371,153
EK202310125316,143
EK202310127854,153
EK202310208551,153
EK202310172019,153
EK202320005655,153
EK202310117833,153
EK202310110950,153
EK202310244018,153
EK202310234592,153
EK202310136966,153
EK202310185914,153
EK202310236175,153
EK202310187917,153
EK202310004461,153
EK202310131974,153
EK202310184967,153
EK202310185067,153
EK202310236069,153
EK202310186869,153
EK202310149914,153
EK202310154439,153
EK202310117130,153
EK202310192819,153
EK202310158666,153
EK202310197005,143
EK202310203581,153
EK202310178102,153
EK202310224457,153
EK202310118618,153
EK202310185500,153
EK202310213431,153
EK202310201151,153
EK202310228224,153
EK202310148041,153
EK202310178742,153
EK202310227550,153
EK202310119869,153
EK202310146474,153
EK202310123299,153
EK202310187842,153
EK202310155425,153
EK202310210739,153
EK202310177302,153
EK202310202123,153
EK202310104749,153
EK202310185079,153
EK202310132781,153
EK202310193932,153
EK202310189612,153
EK202310201902,153
EK202310208534,153
EK202310189130,153
EK202310215684,143
EK202310160446,153
EK202310133958,153
EK202310176688,153
EK202310211793,153
EK202310210111,153
EK202310232666,153
EK202310128743,153
EK202310130719,153
EK202310004334,153
EK202310126855,153
EK202310152426,153
EK202310188746,153
EK202310236429,153
EK202310170500,153
EK202310124582,153
EK202310181729,153
EK202310224787,153
EK202310108930,153
EK202310104434,153
EK202310115530,153
EK202310184629,153
EK202310217615,117
EK202310228010,143
EK202310199351,153
EK202310231067,153
EK202310215633,153
EK202310142323,153
EK202310244740,153
EK202310173913,153
EK202310218786,153
EK202310215448,143
EK202310114357,153
EK202310197601,153
EK202310247322,153
EK202310231270,153
EK202310142374,153
EK202310117138,143
EK202310176849,153
EK202310109114,153
EK202310182696,153
EK202310135900,153
EK202310123905,153
EK202310130761,153
EK202310122276,153
EK202310121513,153
EK202310168032,153
EK202310213827,153
EK202310115189,153
EK202310138716,153
EK202310246376,153
EK202310227795,153
EK202310138696,143
EK202310194234,153
EK202310184761,153
EK202310162543,153
EK202310236480,153
EK202310209507,143
EK202310136499,153
EK202310204660,153
EK202310111522,153
EK202310105606,153
EK202320007453,153
EK202310232384,153
EK202310206748,153
EK202310241912,153
EK202310124064,153
EK202310122759,153
EK202310190369,153
EK202310186879,153
EK202310149694,153
EK202310223534,153
EK202310159550,153
EK202310221243,153
EK202310244635,153
EK202310198162,153
EK202310125552,153
EK202310132850,153
EK202320005964,153
EK202310126781,153
EK202310147128,153
EK202310226818,153
EK202310124338,153
EK202310225790,153
EK202310144382,153
EK202310160141,153
EK202310177663,153
EK202310231419,153
EK202310141307,153
EK202310119017,153
EK202310219691,153
EK202310114034,153
EK202310207177,153
EK202310120353,153
EK202310003709,153
EK202310208102,153
EK202310117194,153
EK202310160414,153
EK202310128750,153
EK202310236926,153
EK202310230067,142
EK202310209445,153
EK202310237314,153
EK202310232234,153
EK202310150354,153
EK202310196951,153
EK202310194465,153
EK202310193016,153
EK202310151083,153
EK202310184367,153
EK202310112469,153
EK202310192489,143
EK202310224546,153
EK202310247421,153
EK202310194417,153
EK202310121339,153
EK202310190360,143
EK202310226836,153
EK202310168945,153
EK202310227078,153
EK202310232895,153
EK202310230495,153
EK202310246097,153
EK202310202842,153
EK202310220262,153
EK202310134200,143
EK202310203601,153
EK202310190558,153
EK202310232949,153
EK202310195423,153
EK202310164136,153
EK202310111473,153
EK202310194752,153
EK202310139201,153
EK202310215712,153
EK202310126580,153
EK202310143206,153
EK202310222539,153
EK202310239797,143
EK202310157767,153
EK202310237925,153
EK202310227346,153
EK202310222227,153
EK202310231460,143
EK202310105762,153
EK202310149701,153
EK202310231185,153
EK202310187011,153
EK202310188048,153
EK202310147979,153
EK202310136963,153
EK202310223233,153
EK202310147717,153
EK202310235875,153
EK202310146872,143
EK202310114622,153
EK202310127235,153
EK202310170129,153
EK202310174462,143
EK202310239145,153
EK202310103947,153
EK202310118725,153
EK202310181241,153
EK202310215016,153
EK202310197863,153
EK202310162387,153
EK202310108126,143
EK202310207445,153
EK202310003781,153
EK202310153594,153
EK202310234731,153
EK202310112047,153
EK202310246932,153
EK202310218014,153
EK202310159032,153
EK202310108938,153
EK202310126068,153
EK202310146294,153
EK202310197490,153
EK202310235805,153
EK202310244213,153
EK202310169974,143
EK202310180762,153
EK202310117588,153
EK202310146489,153
EK202310242008,153
EK202310175256,153
EK202310183438,153
EK202310216482,153
EK202310150432,153
EK202310224664,153
EK202310182573,153
EK202310227828,153
EK202310183759,153
EK202310168521,153
EK202310183715,153
EK202310142868,153
EK202310202199,153
EK202310167759,153
EK202310229275,153
EK202310229628,153
EK202310190352,153
EK202310234142,153
EK202310141693,153
EK202310133997,153
EK202310180676,153
EK202310127990,153
EK202310194053,153
EK202310240865,153
EK202310238191,153
EK202310218152,153
EK202310192642,153
EK202310113518,153
EK202310177048,153
EK202310003870,153
EK202310184101,153
EK202310123625,153
EK202310105534,153
EK202310130598,153
EK202310183150,153
EK202310223939,153
EK202310151237,153
EK202310150186,153
EK202310119286,153
EK202310147962,153
EK202310195618,153
EK202310146717,153
EK202310226225,153
EK202310108305,153
EK202310132381,153
EK202310130474,153
EK202310123530,143
EK202310207610,153
EK202310142942,153
EK202310181486,153
EK202310227391,153
EK202310219674,153
EK202310231118,153
EK202310156122,153
EK202310168356,153
EK202310152965,153
EK202310240478,153
EK202310220260,153
EK202310166323,153
EK202310130108,153
EK202310139786,153
EK202310163761,153
EK202310221197,153
EK202310194216,153
EK202310209659,153
EK202310214603,153
EK202310108794,153
EK202310152434,153
EK202310134754,153
EK202310236812,153
EK202310167567,143
EK202310203493,153
EK202310175040,153
EK202310205734,153
EK202310104881,153
EK202310188034,139
EK202320007581,153
EK202310004300,153
EK202310126491,153
EK202310236882,153
EK202310151164,153
EK202310106280,153
EK202310163693,153
EK202310168683,153
EK202310189719,153
EK202310233687,153
EK202310201579,153
EK202310202351,153
EK202310180846,153
EK202310170131,153
EK202310113992,153
EK202310225909,153
EK202310118201,153
EK202310184100,153
EK202310169994,153
EK202310186322,153
EK202310187689,153
EK202310241609,153
EK202310112492,153
EK202310216335,153
EK202310207022,153
EK202310125948,153
EK202310127865,153
EK202310174681,153
EK202310233071,153
EK202310193133,153
EK202310132000,153
EK202310103983,153
EK202310191233,153
EK202310231154,143
EK202310116716,153
EK202310179545,153
EK202310206643,143
EK202310134367,153
EK202310176122,153
EK202310214013,153
EK202310134741,153
EK202310174213,153
EK202310141096,153
EK202310206920,153
EK202310194809,153
EK202310202514,153
EK202310110026,153
EK202310104374,153
EK202310120332,153
EK202310157554,153
EK202310204383,153
EK202310208398,143
EK202310118265,153
EK202310231010,153
EK202310213437,153
EK202310146583,143
EK202310195386,153
EK202310228443,153
EK202310123135,153
EK202310142556,153
EK202310245462,153
EK202310234824,153
EK202310197141,153
EK202310229145,153
EK202310209147,153
EK202310214152,153
EK202310164947,153
EK202310222842,153
EK202310211770,153
EK202310004960,153
EK202310239260,143
EK202310115431,153
EK202310202893,143
EK202310205187,153
EK202310202065,153
EK202310127001,153
EK202310181721,153
EK202310161325,153
EK202310140540,153
EK202310167097,153
EK202310140718,153
EK202310149480,150
EK202310183531,153
EK202310148864,153
EK202310003701,153
EK202310144900,153
EK202310144750,153
EK202310162709,153
EK202310186895,153
EK202310226408,153
EK202320007110,153
EK202310162496,153
EK202310212196,153
EK202310239361,153
EK202310125997,143
EK202310246168,143
EK202310193381,153
EK202310190604,153
EK202310111954,153
EK202310176791,153
EK202310141476,153
EK202310221421,153
EK202310129409,153
EK202310122129,153
EK202310149924,153
EK202310179998,153
EK202310195558,153
EK202310112050,153
EK202310136298,153
EK202310146636,153
EK202310239762,153
EK202310200996,153
EK202310223066,153
EK202310167187,153
EK202310124533,153
EK202310143956,153
EK202310178323,153
EK202310224950,153
EK202310179276,143
EK202310246017,153
EK202320006428,153
EK202310241114,153
EK202310217472,153
EK202310162260,153
EK202310240436,153
EK202310198123,153
EK202310156200,153
EK202310141977,153
EK202310223019,153
EK202310193508,153
EK202310222293,153
EK202310156492,153
EK202310180531,104
EK202310225433,153
EK202310127891,153
EK202310228056,153
EK202310106710,153
EK202310183113,153
EK202310180843,153
EK202310204705,153
EK202310140212,153
EK202310179669,153
EK202310212869,153
EK202310203115,153
EK202310131490,153
EK202310109872,153
EK202310150034,153
EK202310174047,153
EK202310247649,153
EK202310217502,153
EK202310133755,153
EK202310169961,153
EK202310188670,153
EK202310238912,153
EK202310113770,153
EK202310146729,153
EK202310185503,153
EK202310245764,143
EK202310242449,153
EK202310206998,153
EK202310215872,143
EK202310130322,153
EK202310107786,153
EK202310201622,153
EK202310125291,153
EK202320007483,153
EK202310232956,153
EK202310134707,153
EK202320007480,153
EK202310203884,153
EK202310209390,153
EK202310105328,153
EK202310144128,143
EK202310115260,153
EK202310136404,153
EK202310200686,153
EK202310149205,153
EK202310224673,153
EK202310233927,153
EK202310231452,153
EK202310147484,153
EK202310227688,153
EK202310119870,153
EK202310230862,153
EK202310124325,153
EK202310174689,153
EK202310241097,153
EK202310201197,153
EK202310133296,153
EK202310233451,153
EK202310135940,143
EK202310107985,153
EK202310157602,153
EK202310139763,143
EK202310238145,153
EK202310168639,153
EK202310219394,153
EK202310216358,153
EK202310127032,153
EK202310148206,153
EK202310227757,153
EK202310112688,153
EK202310214245,153
EK202310124215,153
EK202310132325,153
EK202310245630,153
EK202310159135,150
EK202310153895,153
EK202310211988,153
EK202310185598,153
EK202310192392,153
EK202310242881,153
EK202310153163,153
EK202310179601,153
EK202310241826,153
EK202310125720,153
EK202310106591,153
EK202310162420,153
EK202310133893,153
EK202310168619,153
EK202310142512,153
EK202310197943,153
EK202310176141,153
EK202310149618,153
EK202310226109,153
EK202310122228,153
EK202310176047,153
EK202310198997,153
EK202310232656,153
EK202310182446,153
EK202310139943,153
EK202310165615,153
EK202310142885,153
EK202310193296,153
EK202310121667,117
EK202310223883,153
EK202310143204,153
EK202310205226,153
EK202310119065,153
EK202310213461,153
EK202310120362,153
EK202310194154,153
EK202310107601,153
EK202310204833,153
EK202310176205,153
EK202310154960,153
EK202310130425,153
EK202310126003,153
EK202310192656,153
EK202310213037,153
EK202310243222,153
EK202310132202,143
EK202310235252,153
EK202310160890,153
EK202310198189,143
EK202310119695,153
EK202310172550,153
EK202310229494,153
EK202310004450,153
EK202310146462,143
EK202310113248,153
EK202310221078,143
EK202310124198,153
EK202310212260,153
EK202310134794,153
EK202310221523,153
EK202310219960,153
EK202310121234,153
EK202310233970,153
EK202310188001,153
EK202310163334,153
EK202310208205,153
EK202310130304,153
EK202310154503,153
EK202310170798,153
EK202310152846,153
EK202310130702,153
EK202310203151,153
EK202310217313,153
EK202310233757,153
EK202310138726,153
EK202310156939,153
EK202310129985,153
EK202310190426,153
EK202310171121,153
EK202310214542,153
EK202310168552,153
EK202310183003,153
EK202310123726,153
EK202310181506,153
EK202310237990,153
EK202310162825,153
EK202310224013,153
EK202310158873,153
EK202310137354,153
EK202310123420,153
EK202310225576,104
EK202310229941,153
EK202310229623,153
EK202310107612,153
EK202310246113,153
EK202310144693,153
EK202310116502,153
EK202310139421,153
EK202310112631,153
EK202310106168,153
EK202310207682,153
EK202310157085,153
EK202310245691,153
EK202310200879,153
EK202310131443,153
EK202310196154,153
EK202310231226,153
EK202310210056,153
EK202310114898,153
EK202310203643,153
EK202310160283,123
EK202320005966,153
EK202310167009,153
EK202310191878,153
EK202310152713,153
EK202310179861,153
EK202310153872,153
EK202310106053,153
EK202310189085,153
EK202310212320,153
EK202310147327,153
EK202320006343,153
EK202310178068,153
EK202310216051,153
EK202310120390,143
EK202310150611,153
EK202310170657,153
EK202310132614,153
EK202310130044,153
EK202310230130,153
EK202310142200,153
EK202310142024,153
EK202310199015,153
EK202310129011,143
EK202310162645,153
EK202310165075,153
EK202310242200,153
EK202310216319,153
EK202310168191,153
EK202310173505,143
EK202310197116,123
EK202310196993,153
EK202310190097,153
EK202310243824,153
EK202310185884,153
EK202310115378,143
EK202310203204,153
EK202310118547,153
EK202310228351,143
EK202310243844,153
EK202310169224,104
EK202310173833,153
EK202310182027,153
EK202310128404,153
EK202310221581,153
EK202310202028,153
EK202310140548,153
EK202310134135,153
EK202310192158,153
EK202310112502,143
EK202310113790,153
EK202310218316,104
EK202310188343,153
EK202310176251,153
EK202310201210,153
EK202310231157,153
EK202310195345,153
EK202310151257,143
EK202310156988,153
EK202310225915,153
EK202310239080,153
EK202310210523,143
EK202310130378,153
EK202310152365,153
EK202320005984,153
EK202310228471,153
EK202310121673,153
EK202310239395,153
EK202310198842,153
EK202310241420,153
EK202310231742,153
EK202310131099,153
EK202310188446,153
EK202310190252,153
EK202310236866,153
EK202310207108,153
EK202310184757,153
EK202310104389,153
EK202310217076,143
EK202310106797,153
EK202310216511,153
EK202310209342,153
EK202310183200,153
EK202310145433,153
EK202310140014,153
EK202310125223,153
EK202310140119,153
EK202320005700,153
EK202310194061,143
EK202310195873,153
EK202310220232,153
EK202310216119,153
EK202310134968,153
EK202310174540,143
EK202310185424,153
EK202310125685,153
EK202310234710,153
EK202310214117,153
EK202320006910,153
EK202310231049,153
EK202310195331,153
EK202310194304,153
EK202310171159,153
EK202310138049,117
EK202310198003,153
EK202310159099,153
EK202310216629,153
EK202310191293,153
EK202310174065,123
EK202310191081,153
EK202310122728,153
EK202310244744,153
EK202310226033,153
EK202310232759,153
EK202310196945,153
EK202310223385,153
EK202310219176,153
EK202310131076,143
EK202310204889,153
EK202310125633,153
EK202310153304,153
EK202310138923,169
EK202310110215,153
EK202310212666,143
EK202310219342,146
EK202310161803,153
EK202310120553,153
EK202310230584,153
EK202310224579,153
EK202310171422,153
EK202310106867,153
EK202310121769,153
EK202310215792,153
EK202310138205,153
EK202310189070,153
EK202310151230,153
EK202310108779,153
EK202310167488,153
EK202310243336,153
EK202310124223,143
EK202310240547,153
EK202310191562,153
EK202310140508,153
EK202310119457,153
EK202310179610,153
EK202310146453,146
EK202310163261,153
EK202310214487,153
EK202310195013,153
EK202310129643,153
EK202310106761,153
EK202310132636,153
EK202310205792,153
EK202310176096,153
EK202310132675,143
EK202310203792,153
EK202310188904,153
EK202310233751,153
EK202310105923,143
EK202310176082,153
EK202310231901,153
EK202310117263,153
EK202310189853,153
EK202310161443,143
EK202310245106,153
EK202310203080,153
EK202310229771,153
EK202310178345,153
EK202310212555,153
EK202310183797,153
EK202310247956,143
EK202310137158,153
EK202310121175,153
EK202310142530,143
EK202310145622,153
EK202310110044,153
EK202310141565,153
EK202310203553,153
EK202310186294,153
EK202310232455,153
EK202310234707,143
EK202310190127,153
EK202310116984,143
EK202310113225,153
EK202310153087,153
EK202310162145,153
EK202310241242,153
EK202310199480,143
EK202310133097,153
EK202310148951,153
EK202310164526,153
EK202310157028,153
EK202310174361,153
EK202310186033,150
EK202310218703,153
EK202310179140,153
EK202310185393,153
EK202310109267,153
EK202310188479,143
EK202310132207,153
EK202320007399,153
EK202310118229,153
EK202310125154,153
EK202310140377,153
EK202310198868,153
EK202310209658,153
EK202310241949,153
EK202310179752,153
EK202310117086,123
EK202310166263,153
EK202310203482,153
EK202310164665,153
EK202310168393,153
EK202310131582,143
EK202310150017,153
EK202310150912,153
EK202310117341,153
EK202310181073,153
EK202310172053,153
EK202310239963,153
EK202310132072,153
EK202310192876,153
EK202310152121,153
EK202310213403,153
EK202310239334,153
EK202310148570,153
EK202310155053,153
EK202310132986,150
EK202310110729,153
EK202310174910,153
EK202310187690,153
EK202310127998,153
EK202310137683,153
EK202310108081,153
EK202310239262,153
EK202310182783,143
EK202310204488,135
EK202310199126,153
EK202310107243,153
EK202310105267,153
EK202310152097,153
EK202310125739,153
EK202310170277,153
EK202310237606,153
EK202310234522,153
EK202310161698,153
EK202310165822,153
EK202310248288,153
EK202310136063,153
EK202310117203,153
EK202310154981,153
EK202310232175,153
EK202310144896,153
EK202310142768,153
EK202310160960,104
EK202310163131,143
EK202310239813,153
EK202310144375,143
EK202310175307,153
EK202310227665,153
EK202310132201,153
EK202310143654,153
EK202310197398,143
EK202310247650,153
EK202310218583,153
EK202310185132,153
EK202310166220,153
EK202310183470,153
EK202310193070,153
EK202310127467,153
EK202310208200,153
EK202310230712,153
EK202310137427,153
EK202310140112,153
EK202310223686,143
EK202310176982,153
EK202310118244,153
EK202310151713,153
EK202310212261,153
EK202310134611,153
EK202310120945,153
EK202310151019,153
EK202310141095,153
EK202310137745,153
EK202310225567,153
EK202310216872,153
EK202310212300,153
EK202310225881,153
EK202310151821,143
EK202310129868,153
EK202310156170,153
EK202320006992,153
EK202310173073,153
EK202310240592,153
EK202310128981,153
EK202310225347,153
EK202310107505,153
EK202310004769,153
EK202310192529,143
EK202310205344,153
EK202310241518,153
EK202310188554,153
EK202310185562,153
EK202310154855,153
EK202310175481,153
EK202310157901,153
EK202310221152,146
EK202310200465,153
EK202310183211,153
EK202310194651,153
EK202310116691,143
EK202310219488,153
EK202310155631,153
EK202310168504,153
EK202310199253,153
EK202310221668,153
EK202310212285,153
EK202310172945,153
EK202310186658,153
EK202310222256,153
EK202310224152,143
EK202310128793,153
EK202310120896,153
EK202310120399,153
EK202310169743,143
EK202310248477,153
EK202310116273,153
EK202310247694,153
EK202310215708,153
EK202310236946,153
EK202310200762,153
EK202310178415,153
EK202310144132,153
EK202310225926,153
EK202310148881,153
EK202310177347,153
EK202310213539,153
EK202310208401,153
EK202310238371,153
EK202310234534,153
EK202310136323,153
EK202310135243,153
EK202310202317,153
EK202310226279,153
EK202310203743,143
EK202310205749,153
EK202310004277,153
EK202310113847,153
EK202310194210,153
EK202310183278,153
EK202310145260,153
EK202310239730,153
EK202310228304,153
EK202310152088,153
EK202310154058,150
EK202310136681,153
EK202310117313,153
EK202310233274,153
EK202310179794,153
EK202310135084,153
EK202310206633,153
EK202310234183,153
EK202310143964,153
EK202310158947,143
EK202310137263,153
EK202310203360,153
EK202310004905,153
EK202310140955,153
EK202310214327,153
EK202310222556,153
EK202310128510,153
EK202310119821,153
EK202310120108,153
EK202310212000,153
EK202310105271,153
EK202310229500,153
EK202310110970,153
EK202310105364,153
EK202310108637,153
EK202310164376,153
EK202310230032,153
EK202310236376,153
EK202310181052,153
EK202310203281,153
EK202310181885,153
EK202310138885,153
EK202310121415,153
EK202310186231,153
EK202310212814,153
EK202310233197,153
EK202310184928,153
EK202310109218,153
EK202310189923,153
EK202310212951,153
EK202310166071,153
EK202310151335,143
EK202310106930,153
EK202310146184,153
EK202310178125,143
EK202310167170,153
EK202310144047,153
EK202310161545,153
EK202310110114,153
EK202310197034,153
EK202310125522,153
EK202310239777,153
EK202310183013,153
EK202310201498,153
EK202310233357,153
EK202310193361,117
EK202310160811,123
EK202310167037,153
EK202310209597,153
EK202310196969,153
EK202310123103,153
EK202310122187,153
EK202310197780,153
EK202310217861,153
EK202310239177,153
EK202310184410,153
EK202310198476,153
EK202310145712,153
EK202310125391,153
EK202310162973,153
EK202320007481,153
EK202310211032,153
EK202310184725,153
EK202310121942,153
EK202310146503,153
EK202310186497,153
EK202310141946,153
EK202310188222,153
EK202310237766,153
EK202310224087,153
EK202310245643,153
EK202310153868,153
EK202310117630,153
EK202310150168,153
EK202310104804,153
EK202310227586,157
EK202310226962,153
EK202310204684,153
EK202310106991,143
EK202310219834,153
EK202310240450,153
EK202310214713,153
EK202310153479,153
EK202320006589,153
EK202310151125,153
EK202310170205,153
EK202310174684,153
EK202310145286,153
EK202310174584,153
EK202310183058,153
EK202310233099,153
EK202310144550,153
EK202310207112,117
EK202310232978,153
EK202310115348,153
EK202310183741,153
EK202310144742,153
EK202310178484,153
EK202310151424,153
EK202310223346,153
EK202310138234,153
EK202310190044,153
EK202310210164,153
EK202310175594,153
EK202310139802,153
EK202310133593,153
EK202310236059,153
EK202310247892,143
EK202310228841,153
EK202310142116,143
EK202310139752,153
EK202310247535,153
EK202310204858,153
EK202310127198,153
EK202310212663,153
EK202310133054,104
EK202310116254,153
EK202310140288,153
EK202310242550,153
EK202310208841,153
EK202310167295,153
EK202310109419,153
EK202310233386,153
EK202310214181,153
EK202310180240,153
EK202310181535,153
EK202310191715,153
EK202310157953,153
EK202310234893,142
EK202310160253,153
EK202310141553,153
EK202310207337,153
EK202310131278,153
EK202310178817,153
EK202310106002,153
EK202310166631,153
EK202310107493,153
EK202310194394,153
EK202310222252,153
EK202310247371,153
EK202310160792,117
EK202310225122,153
EK202310214184,153
EK202310191751,153
EK202310237163,153
EK202310225188,153
EK202310202616,153
EK202310143696,153
EK202310132352,153
EK202310214086,153
EK202310137011,153
EK202310248717,153
EK202310200235,153
EK202310144103,153
EK202310111910,153
EK202310225339,153
EK202310246108,153
EK202310180876,153
EK202310237122,153
EK202310112441,153
EK202310179395,153
EK202310157137,143
EK202310136914,153
EK202310127925,153
EK202310210485,153
EK202310215065,153
EK202310113641,153
EK202310204283,153
EK202310150194,153
EK202310118749,143
EK202310186678,153
EK202310110316,153
EK202310190151,104
EK202310119041,153
EK202310140703,153
EK202310236754,153
EK202310200936,153
EK202310200923,153
EK202320005983,153
EK202310173120,153
EK202310131266,153
EK202310182913,153
EK202310126468,153
EK202310240681,153
EK202310163541,153
EK202310133063,153
EK202310187205,150
EK202310176435,153
EK202310113625,153
EK202310153932,153
EK202310216429,153
EK202310124022,153
EK202310187335,153
EK202310227041,153
EK202310173817,153
EK202310131798,153
EK202310225142,153
EK202310180166,153
EK202310119416,153
EK202310200200,153
EK202310150439,153
EK202310130027,153
EK202310179043,153
EK202310183695,153
EK202310175077,153
EK202310112086,153
EK202310225730,153
EK202310215244,153
EK202310191753,153
EK202310174965,153
EK202310157557,153
EK202310159970,153
EK202310129081,153
EK202310107248,153
EK202310180853,153
EK202310181698,153
EK202310222641,153
EK202310189633,153
EK202310105178,153
EK202310109844,153
EK202310239039,153
EK202310114472,153
EK202310179622,153
EK202310115407,120
EK202310106728,153
EK202310206467,153
EK202310169318,153
EK202310113553,153
EK202310148432,153
EK202310224899,153
EK202310218411,153
EK202310108919,153
EK202310175334,153
EK202310225062,153
EK202310158879,153
EK202310226440,153
EK202310224115,143
EK202310148638,153
EK202310233064,153
EK202310158419,153
EK202310241484,153
EK202310163712,153
EK202310186217,153
EK202310142453,153
EK202310137405,153
EK202310185670,153
EK202310150583,153
EK202310227556,153
EK202310234889,153
EK202310111783,153
EK202310127384,146
EK202310113072,153
EK202310160328,150
EK202310188693,153
EK202310104466,153
EK202310143296,153
EK202310212529,153
EK202310207081,153
EK202310239036,153
EK202310114317,104
EK202310004599,153
EK202310165205,153
EK202310162068,153
EK202310109742,153
EK202310151519,153
EK202310164727,143
EK202310193975,153
EK202310176843,153
EK202310238118,153
EK202310231683,153
EK202310170288,153
EK202310233487,153
EK202310144532,153
EK202310118690,153
EK202310236135,153
EK202310220057,153
EK202310136020,153
EK202310120718,153
EK202310205363,153
EK202310110765,153
EK202310130164,153
EK202310170195,153
EK202310131195,153
EK202310197794,153
EK202310189698,153
EK202310180559,146
EK202310193333,153
EK202310164974,153
EK202310126083,143
EK202310189770,153
EK202310123085,153
EK202310130001,153
EK202310141464,153
EK202310116699,143
EK202310126001,143
EK202310153591,153
EK202310110843,153
EK202310234696,153
EK202310218654,153
EK202310160361,153
EK202310232799,153
EK202310172223,153
EK202310107432,153
EK202310115124,153
EK202310240700,153
EK202310166544,153
EK202310116517,153
EK202310209466,153
EK202310115034,153
EK202320007112,153
EK202310155572,153
EK202310184647,153
EK202310237715,153
EK202310140880,153
EK202310171935,153
EK202310110649,153
EK202310235243,153
EK202310222984,153
EK202310103848,153
EK202310200981,143
EK202310138670,153
EK202310116342,153
EK202310148866,153
EK202310136555,153
EK202310155446,153
EK202310147661,153
EK202310168674,153
EK202310142524,153
EK202310248385,153
EK202310165956,153
EK202310120604,153
EK202310158534,153
EK202310138524,153
EK202310231297,153
EK202310231319,153
EK202310133278,153
EK202310142657,153
EK202310114071,153
EK202310116075,153
EK202310139321,143
EK202310232658,153
EK202310185531,153
EK202310231623,153
EK202310183491,153
EK202310171783,153
EK202310116076,153
EK202310200347,153
EK202310189649,153
EK202310135957,153
EK202310245361,153
EK202310138713,153
EK202310169366,153
EK202310246917,153
EK202310183943,153
EK202310110540,153
EK202310170711,153
EK202310246548,153
EK202310174376,153
EK202310180261,153
EK202310232346,153
EK202310237154,153
EK202310171359,153
EK202310136595,153
EK202310144015,153
EK202310209121,153
EK202310222216,143
EK202310107905,153
EK202310188461,143
EK202310222800,153
EK202310217737,153
EK202310218371,153
EK202310208739,143
EK202310219741,153
EK202310211457,153
EK202310182740,153
EK202310163470,153
EK202310245687,153
EK202310168480,153
EK202310185027,153
EK202310194951,153
EK202310190588,153
EK202310177991,153
EK202310162069,153
EK202310125865,153
EK202310220126,153
EK202310158441,143
EK202310145659,153
EK202310129542,153
EK202310151845,153
EK202310230263,143
EK202310111108,153
EK202310171363,143
EK202310127866,153
EK202310129063,153
EK202310144099,153
EK202310140594,153
EK202310154125,153
EK202310131342,143
EK202310203912,153
EK202310118762,143
EK202310131877,153
EK202310106187,153
EK202310120319,153
EK202310209664,153
EK202320007072,153
EK202310121959,153
EK202310153089,153
EK202310151971,153
EK202310151896,153
EK202310135751,153
EK202320005711,153
EK202310134604,153
EK202310130128,153
EK202310241667,153
EK202310140220,153
EK202310190478,153
EK202310162552,153
EK202310169398,143
EK202310110027,153
EK202310242977,153
EK202310182314,153
EK202310147967,153
EK202310107549,153
EK202310209315,153
EK202310216226,153
EK202310172171,153
EK202310198531,153
EK202310108550,150
EK202310201297,153
EK202310168808,153
EK202310212662,153
EK202310244470,143
EK202310111112,153
EK202310212061,153
EK202310131027,146
EK202310168347,153
EK202310138779,153
EK202310228854,153
EK202310156047,153
EK202310209290,153
EK202310121347,153
EK202310171158,153
EK202310233104,153
EK202310155615,153
EK202310179680,153
EK202310125362,153
EK202310107378,153
EK202310206995,153
EK202310205548,153
EK202310181487,153
EK202310165214,153
EK202310243818,153
EK202310139297,153
EK202310176765,153
EK202320006044,153
EK202310226154,153
EK202310246712,153
EK202310190930,153
EK202310216412,153
EK202310123615,153
EK202310155164,153
EK202310193422,153
EK202310183961,153
EK202310181902,153
EK202310123760,153
EK202310147302,153
EK202310210787,153
EK202310132847,153
EK202310126696,153
EK202310232230,143
EK202310223850,153
EK202310237551,153
EK202310188279,153
EK202310152561,153
EK202310197741,153
EK202310241557,153
EK202320005587,153
EK202310173993,153
EK202310139298,153
EK202310226418,153
EK202310120554,153
EK202310210326,143
EK202310124646,123
EK202310243187,153
EK202310111546,153
EK202310225889,153
EK202310239244,153
EK202310226952,153
EK202310154546,153
EK202310209747,153
EK202310208437,153
EK202310217996,153
EK202310154333,153
EK202310199044,153
EK202310193652,153
EK202310199108,153
EK202310138541,153
EK202310109275,143
EK202310241877,153
EK202310247060,153
EK202310233675,153
EK202310127980,153
EK202310216345,153
EK202310124692,153
EK202310214703,153
EK202310125176,153
EK202310230402,153
EK202310204376,153
EK202310003738,143
EK202310177361,153
EK202310142175,153
EK202310121737,143
EK202310231332,153
EK202310126428,153
EK202310208151,153
EK202310160932,153
EK202310201461,153
EK202310190429,153
EK202310180683,153
EK202310216976,153
EK202310125226,153
EK202310201559,153
EK202310201026,153
EK202310241612,153
EK202310159055,153
EK202310128633,153
EK202310241584,153
EK202310124066,153
EK202310143999,153
EK202310127055,143
EK202310109477,153
EK202310142422,153
EK202310170493,153
EK202310245660,143
EK202310174604,153
EK202310145956,153
EK202310170744,153
EK202310137459,143
EK202310205343,153
EK202310113624,153
EK202310230917,153
EK202310131938,153
EK202310192653,153
EK202310233709,153
EK202310125722,153
EK202310167315,153
EK202310155548,153
EK202310143279,153
EK202310150075,153
EK202310122318,153
EK202310126189,153
EK202310226757,153
EK202310243030,153
EK202310130445,153
EK202310243191,153
EK202310203273,153
EK202310188485,143
EK202310230409,153
EK202310183553,153
EK202310220994,153
EK202310207037,153
EK202310165758,143
EK202310106826,153
EK202310120683,153
EK202310134934,153
EK202310165051,153
EK202310189221,117
EK202310157513,153
EK202310190280,153
EK202310123034,153
EK202310206344,153
EK202310135546,153
EK202310246417,153
EK202310220955,153
EK202310109848,153
EK202310154849,153
EK202310110348,153
EK202310167034,153
EK202310113223,153
EK202310165666,153
EK202310235856,153
EK202320005842,153
EK202310154000,153
EK202310142071,153
EK202310209033,153
EK202310196340,153
EK202310216529,153
EK202310164553,153
EK202310104021,153
EK202310239632,153
EK202310225277,153
EK202310175861,143
EK202310129169,153
EK202310122145,153
EK202310227448,153
EK202310177969,153
EK202310193062,153
EK202310182763,153
EK202310235087,153
EK202310121651,153
EK202310212604,143
EK202310226694,153
EK202310004579,153
EK202310159373,153
EK202310177799,153
EK202310119324,153
EK202310129405,153
EK202310237885,153
EK202310135421,153
EK202310175226,153
EK202310173605,153
EK202310111658,143
EK202310185671,153
EK202310196715,150
EK202310196589,153
EK202310199584,153
EK202310143146,153
EK202310121051,153
EK202310231042,153
EK202310194606,153
EK202310212236,153
EK202310153083,153
EK202310141649,153
EK202310192808,153
EK202310169365,153
EK202310189768,153
EK202310233720,153
EK202310247878,153
EK202310178488,153
EK202310151955,153
EK202310104506,153
EK202310205228,153
EK202310116841,153
EK202310105208,153
EK202310168242,153
EK202310172150,153
EK202310199656,153
EK202310202819,153
EK202310118069,143
EK202310226761,143
EK202310158901,153
EK202310221031,153
EK202310204076,153
EK202310146995,153
EK202310126768,153
EK202310167991,153
EK202310142215,153
EK202310128249,153
EK202310168392,153
EK202310241392,153
EK202310167654,153
EK202310124170,150
EK202310211894,153
EK202310213128,153
EK202310223813,153
EK202310106169,153
EK202310110167,153
EK202310237365,153
EK202310153054,153
EK202310138889,153
EK202310136676,153
EK202310177777,153
EK202310183311,153
EK202310192034,153
EK202310161294,153
EK202310215386,153
EK202310237862,153
EK202310124110,153
EK202310105757,153
EK202310131681,143
EK202310122852,153
EK202310106485,153
EK202310182695,153
EK202310238540,153
EK202310104101,153
EK202310121381,153
EK202310200186,153
EK202310190609,153
EK202310230288,153
EK202310166620,153
EK202310147442,153
EK202310137943,153
EK202310208851,153
EK202310128623,143
EK202310179932,153
EK202310191123,153
EK202310222467,153
EK202310120128,153
EK202310143211,143
EK202310158431,153
EK202310200191,153
EK202310121797,153
EK202310246836,153
EK202310122588,153
EK202310212376,153
EK202310202020,153
EK202310003990,153
EK202310195950,143
EK202310215709,153
EK202310140933,153
EK202310135948,153
EK202310156397,153
EK202310160468,153
EK202310181061,153
EK202310165217,153
EK202310221056,153
EK202310168493,143
EK202310136547,153
EK202310247972,153
EK202310167486,153
EK202310240744,153
EK202310148632,153
EK202310199792,153
EK202310200958,153
EK202310171502,153
EK202310164924,153
EK202310175724,143
EK202310139433,153
EK202310217068,153
EK202310110561,153
EK202310248008,153
EK202310157048,153
EK202310141117,153
EK202310195935,153
EK202310168643,143
EK202310004252,153
EK202310151231,153
EK202310221120,153
EK202310115802,153
EK202310217669,153
EK202310179308,153
EK202310190511,153
EK202310189661,153
EK202310218561,153
EK202310216544,153
EK202310130093,143
EK202310227470,153
EK202310149720,153
EK202310123936,153
EK202310185139,153
EK202310164969,153
EK202310159566,153
EK202310153493,153
EK202320007009,153
EK202310149916,153
EK202310195613,104
EK202310234039,153
EK202310109288,153
EK202310212808,153
EK202310234197,153
EK202310157802,153
EK202310207417,153
EK202310245686,153
EK202310159054,153
EK202310183850,146
EK202310118502,153
EK202310128627,153
EK202310220287,153
EK202310199273,153
EK202310142033,153
EK202310229082,153
EK202310143807,153
EK202310206645,143
EK202310211819,153
EK202310197690,153
EK202310197678,153
EK202310234454,143
EK202310120882,153
EK202310169899,153
EK202310202826,153
EK202310161402,153
EK202310121220,153
EK202310125862,153
EK202310197968,153
EK202310237174,153
EK202310134475,153
EK202310247308,153
EK202320007435,153
EK202310164160,153
EK202310122449,153
EK202310139591,153
EK202310141624,117
EK202310138255,153
EK202310193958,153
EK202310222645,143
EK202310105689,153
EK202310219882,153
EK202310178757,153
EK202310241650,153
EK202310246447,153
EK202310217078,153
EK202310139978,153
EK202310241716,153
EK202310133093,153
EK202310243929,153
EK202310140929,153
EK202310191115,153
EK202310207003,143
EK202310145248,153
EK202310239401,153
EK202310155225,153
EK202310151560,153
EK202310177641,153
EK202310222696,153
EK202310150293,153
EK202310195144,153
EK202310243924,153
EK202310178439,143
EK202310195750,153
EK202310166551,153
EK202310217145,153
EK202310240066,153
EK202310199715,153
EK202310132904,150
EK202310154841,153
EK202310234469,153
EK202310114515,153
EK202310117966,153
EK202310137867,153
EK202310205349,153
EK202310112816,153
EK202310168065,153
EK202310169737,153
EK202310148917,153
EK202310196463,153
EK202310231207,153
EK202310128533,153
EK202310197226,153
EK202310154933,153
EK202310117103,153
EK202310165309,153
EK202310104246,153
EK202310105130,153
EK202310216979,153
EK202310193989,153
EK202310147207,153
EK202310135301,153
EK202310180058,153
EK202310150495,153
EK202310184503,153
EK202310107823,143
EK202310241936,153
EK202310186182,153
EK202310003976,153
EK202310156046,153
EK202310129628,153
EK202310142854,153
EK202310241326,153
EK202310160722,153
EK202310143237,153
EK202310107245,153
EK202310114305,153
EK202310134035,153
EK202310199912,153
EK202310140410,153
EK202310183615,153
EK202310147371,153
EK202310111631,153
EK202310139777,153
EK202310176357,153
EK202310105349,153
EK202310238051,143
EK202310123087,143
EK202310199824,153
EK202310225713,153
EK202310156653,153
EK202310238527,153
EK202310148824,153
EK202310186203,153
EK202310105194,153
EK202310141266,143
EK202310126789,153
EK202310135067,153
EK202310222780,153
EK202310191104,153
EK202310244171,153
EK202310166225,153
EK202310217237,153
EK202310225459,153
EK202310109489,153
EK202310167581,153
EK202310127053,143
EK202310158488,153
EK202310134328,153
EK202310155326,153
EK202310181981,153
EK202310237066,153
EK202310123955,153
EK202310228593,153
EK202310190125,153
EK202310115548,153
EK202310111782,153
EK202310243482,153
EK202310163452,153
EK202310123894,153
EK202310154308,153
EK202310125766,153
EK202310176942,153
EK202310127476,153
EK202310158246,153
EK202310194016,153
EK202310227342,153
EK202310134667,153
EK202310123740,153
EK202310105769,153
EK202310228947,153
EK202310169454,153
EK202310104666,153
EK202310151168,153
EK202310233283,153
EK202310172969,153
EK202310209511,153
EK202310185148,153
EK202310181055,153
EK202310153153,153
EK202310187550,153
EK202310107176,153
EK202310144598,153
EK202310139318,153
EK202310160272,153
EK202310195091,153
EK202310186267,153
EK202310204034,153
EK202310128110,153
EK202310119313,153
EK202310157152,146
EK202310189194,153
EK202310115332,153
EK202310213972,153
EK202310174634,153
EK202310141976,153
EK202310217725,153
EK202310240779,153
EK202310133212,153
EK202310198208,153
EK202310185889,153
EK202310189206,153
EK202310177011,153
EK202310179732,153
EK202310224354,153
EK202310163111,153
EK202310194747,150
EK202310166854,153
EK202310242694,153
EK202310141362,153
EK202310183977,153
EK202310179207,143
EK202310247546,153
EK202310140989,153
EK202310196104,143
EK202310004793,153
EK202310185123,153
EK202310160604,153
EK202320005906,153
EK202310216868,143
EK202310164383,153
EK202310135531,153
EK202310225232,153
EK202310152968,153
EK202310193329,153
EK202310208494,153
EK202310120865,153
EK202310160731,153
EK202310143803,153
EK202310216607,153
EK202310183415,153
EK202310200013,153
EK202310104115,153
EK202310133379,153
EK202310131060,153
EK202310149753,153
EK202310148087,153
EK202310172156,153
EK202310118569,143
EK202310204670,153
EK202310234858,153
EK202310203722,153
EK202310232168,153
EK202310213536,153
EK202310113341,153
EK202310134517,153
EK202310175096,104
EK202310118503,153
EK202310206791,153
EK202310133225,153
EK202310139427,153
EK202310242973,153
EK202310230311,153
EK202310192098,153
EK202310139654,120
EK202310104039,153
EK202310218808,153
EK202310112932,153
EK202310139942,153
EK202310155659,153
EK202310225247,153
EK202310126309,153
EK202310132111,153
EK202310242286,153
EK202310123840,153
EK202310210407,153
EK202310144692,153
EK202310132665,153
EK202310142951,153
EK202310239672,153
EK202310228540,153
EK202310134450,143
EK202310202201,153
EK202310237145,153
EK202310248506,153
EK202310181213,153
EK202310197495,153
EK202320006060,153
EK202310240535,153
EK202310238367,153
EK202310105848,153
EK202310153010,153
EK202310245093,153
EK202310133381,153
EK202310132940,150
EK202320007659,153
EK202310125644,153
EK202310141453,153
EK202310217985,104
EK202310105477,153
EK202320005870,153
EK202310148401,153
EK202310218056,153
EK202310104777,153
EK202310136506,153
EK202310243986,153
EK202310217742,153
EK202310149440,153
EK202310176195,143
EK202310147405,153
EK202310210916,153
EK202310136871,153
EK202310204028,153
EK202310236173,153
EK202310144792,153
EK202310199783,153
EK202310115630,153
EK202310171734,153
EK202310219359,153
EK202310136081,153
EK202310238195,153
EK202310168013,153
EK202310171083,153
EK202310211010,153
EK202310212579,153
EK202310129157,153
EK202310123465,153
EK202310192944,153
EK202310104057,153
EK202310140551,153
EK202310243448,153
EK202310238701,153
EK202310243934,153
EK202310225403,153
EK202310194134,153
EK202310223407,153
EK202310164382,153
EK202310136103,153
EK202310208188,153
EK202310145816,153
EK202310214812,153
EK202310202835,153
EK202310125645,153
EK202310121206,153
EK202320006076,153
EK202310184640,153
EK202310141217,153
EK202310150527,153
EK202310125769,153
EK202310197697,153
EK202310206446,153
EK202310151327,153
EK202310175105,153
EK202310139134,153
EK202310119006,137
EK202310109789,153
EK202310205096,120
EK202310118587,153
EK202310171349,153
EK202310212106,143
EK202310191242,153
EK202310200352,153
EK202310128949,104
EK202310122161,153
EK202310201553,153
EK202310139788,153
EK202310244144,153
EK202310003717,153
EK202310130693,153
EK202310183999,153
EK202310172800,153
EK202310161242,153
EK202310146441,153
EK202310117631,104
EK202310212373,153
EK202310113819,153
EK202310210848,153
EK202310158047,143
EK202310144950,153
EK202310229677,153
EK202310128529,150
EK202310224957,153
EK202310111880,153
EK202310104750,143
EK202310230949,153
EK202310123557,153
EK202310235606,153
EK202310198394,153
EK202310161777,153
EK202310134912,153
EK202310118238,153
EK202310154314,153
EK202310195062,153
EK202310144785,153
EK202310225938,153
EK202310145864,150
EK202310219409,143
EK202310140726,153
EK202310132055,153
EK202310176826,153
EK202310136603,153
EK202310131597,143
EK202310246396,153
EK202310238453,153
EK202310210356,153
EK202310238874,153
EK202310243980,153
EK202310130204,153
EK202310232972,153
EK202310132480,153
EK202310123064,153
EK202310116125,153
EK202310216605,153
EK202310135031,153
EK202310119678,153
EK202310156982,153
EK202310181434,153
EK202310160699,153
EK202310206737,153
EK202310179993,153
EK202310141387,153
EK202310210766,153
EK202310109069,153
EK202310183082,153
EK202310184893,153
EK202310246516,153
EK202310229143,153
EK202310131062,153
EK202310185681,153
EK202310185540,153
EK202310114449,153
EK202310165928,143
EK202310107191,153
EK202310228437,153
EK202310143843,153
EK202310180377,153
EK202310241530,153
EK202310162708,153
EK202310138305,153
EK202310103875,153
EK202310125471,153
EK202310152377,104
EK202310113683,153
EK202310181927,153
EK202310176699,153
EK202310179246,153
EK202310218837,153
EK202310156548,153
EK202310169871,153
EK202310183587,153
EK202310223255,153
EK202310174418,153
EK202320007116,153
EK202310224284,153
EK202310174549,153
EK202310161579,153
EK202310147194,153
EK202310112625,153
EK202310142795,153
EK202310187355,153
EK202310166085,153
EK202310173662,153
EK202310179128,153
EK202310178324,153
EK202310141982,153
EK202310200610,153
EK202310116989,153
EK202310148385,153
EK202310003411,153
EK202310247578,113
EK202310244685,153
EK202310129901,153
EK202310200914,153
EK202310129257,153
EK202310240699,153
EK202310216215,153
EK202310156174,153
EK202310221194,153
EK202310103999,153
EK202310192191,153
EK202310140596,153
EK202310143276,153
EK202310234844,153
EK202310187581,153
EK202310140028,153
EK202310246026,143
EK202310227430,153
EK202310132042,153
EK202310177593,153
EK202310141118,153
EK202310247138,153
EK202310130201,153
EK202310131399,153
EK202310175507,153
EK202310216063,153
EK202310247001,153
EK202310003515,132
EK202310174264,153
EK202310169815,153
EK202310110931,150
EK202310116115,153
EK202310124245,153
EK202310201777,143
EK202310166287,153
EK202310212681,153
EK202320006340,153
EK202310155270,153
EK202310115765,153
EK202310179416,153
EK202310115011,143
EK202310159851,153
EK202310185875,153
EK202310195751,153
EK202310212496,117
EK202310134077,153
EK202310125764,153
EK202310219281,153
EK202310138192,153
EK202310227717,143
EK202310178143,153
EK202310137761,153
EK202310239906,153
EK202310190459,153
EK202310115727,153
EK202310244833,153
EK202310107229,153
EK202310224274,153
EK202310194396,153
EK202310134831,152
EK202320007479,153
EK202310170018,153
EK202310177337,153
EK202310119476,153
EK202310213475,153
EK202310206650,153
EK202310231785,153
EK202310222833,153
EK202310187301,143
EK202310111784,153
EK202310227788,153
EK202310150141,153
EK202310161536,153
EK202310137661,153
EK202310226163,153
EK202310223040,153
EK202310111512,153
EK202310211220,153
EK202310122194,143
EK202310182104,143
EK202310179334,153
EK202310179331,153
EK202310145350,153
EK202310201986,153
EK202310196946,153
EK202310217855,153
EK202310236350,153
EK202310229165,153
EK202310171617,153
EK202310115459,153
EK202310196848,143
EK202310127398,153
EK202310205390,153
EK202310142325,153
EK202310196201,153
EK202310238646,153
EK202310230272,153
EK202310241132,153
EK202310212259,153
EK202310228514,153
EK202310238485,153
EK202310158861,153
EK202310227360,153
EK202310136436,153
EK202310231528,153
EK202310221158,153
EK202310211507,153
EK202310190845,153
EK202310157714,153
EK202310135990,153
EK202310164365,153
EK202310153926,153
EK202310150008,153
EK202310141032,153
EK202310193812,153
EK202310137931,153
EK202310156495,153
EK202310122480,153
EK202310216486,153
EK202310222820,153
EK202310111196,153
EK202310150248,153
EK202310136916,153
EK202310107139,153
EK202310181412,153
EK202310206211,153
EK202310109768,143
EK202310206447,153
EK202310211977,153
EK202310235013,153
EK202320007348,153
EK202310128131,153
EK202310107501,153
EK202310247682,153
EK202310227429,153
EK202310204611,153
EK202310133183,153
EK202310218119,153
EK202310183206,143
EK202310232942,153
EK202310205411,153
EK202310166033,153
EK202310134596,153
EK202310136873,153
EK202310203514,153
EK202310126038,153
EK202310191150,153
EK202310129389,153
EK202310222819,153
EK202310152891,153
EK202310157272,153
EK202310135873,153
EK202310197559,153
EK202310169845,153
EK202310165585,153
EK202310159036,153
EK202320007295,153
EK202310133662,153
EK202310189827,153
EK202310148841,153
EK202310146896,153
EK202310235090,153
EK202310119567,153
EK202310172433,153
EK202310247849,153
EK202310207306,153
EK202310183094,153
EK202310216955,153
EK202310192760,153
EK202310164280,143
EK202310203989,153
EK202310239786,143
EK202310105979,153
EK202310003640,143
EK202310240750,153
EK202310179109,153
EK202310150944,153
EK202310201413,153
EK202320007436,153
EK202310113726,153
EK202310122262,152
EK202310224480,153
EK202310194020,153
EK202310183018,153
EK202310181414,153
EK202310113303,150
EK202310108976,153
EK202310160184,153
EK202310210774,153
EK202310161905,153
EK202310142271,153
EK202310172860,153
EK202310145464,101
EK202310004728,153
EK202310166310,153
EK202310105822,150
EK202310147953,153
EK202310108291,153
EK202310240186,153
EK202310136365,153
EK202310221390,153
EK202310229925,153
EK202310141278,153
EK202310246624,153
EK202310220360,153
EK202310224653,153
EK202310160368,153
EK202310126911,153
EK202310222925,153
EK202310200594,143
EK202310150819,153
EK202310129913,153
EK202310187155,153
EK202310221177,153
EK202310117855,153
EK202310114109,153
EK202310212056,153
EK202310235416,153
EK202310119909,153
EK202310234670,153
EK202310191663,153
EK202310157791,153
EK202310232045,153
EK202310177127,153
EK202310175989,153
EK202310127307,153
EK202310105741,153
EK202310174633,153
EK202310114332,153
EK202310176623,153
EK202310157384,153
EK202310230266,153
EK202310178822,153
EK202310174964,153
EK202310149670,153
EK202310189731,153
EK202310134729,153
EK202310198042,153
EK202310231499,153
EK202310155095,153
EK202310180485,153
EK202310198871,146
EK202310004386,153
EK202310165308,153
EK202310131429,143
EK202310141545,153
EK202310184517,153
EK202310199293,143
EK202310152428,153
EK202310148889,153
EK202310187273,153
EK202310179239,153
EK202310235514,153
EK202310169287,153
EK202310240454,153
EK202310206328,117
EK202310108495,153
EK202310213966,153
EK202310196327,153
EK202310167665,153
EK202310171391,153
EK202310183683,143
EK202310157793,153
EK202310156197,153
EK202310198098,143
EK202310146704,153
EK202310218935,153
EK202320007401,153
EK202310137190,153
EK202310154815,153
EK202310126612,153
EK202310120357,153
EK202310165826,153
EK202310214388,153
EK202310204549,153
EK202310209491,153
EK202310208295,153
EK202310196248,153
EK202310242787,153
EK202310225423,153
EK202310110863,153
EK202310117182,153
EK202310217191,153
EK202310193055,153
EK202310212058,153
EK202310103911,153
EK202310213355,153
EK202310175342,153
EK202310237346,153
EK202310186492,153
EK202310147951,153
EK202310191447,153
EK202310215972,153
EK202310199031,153
EK202310152507,153
EK202310143892,153
EK202310129112,153
EK202310152184,153
EK202310227166,153
EK202310182576,153
EK202310004383,153
EK202320005865,153
EK202310199455,153
EK202310230815,153
EK202310209305,153
EK202310138624,153
EK202310126039,153
EK202310131814,146
EK202310184163,143
EK202310118608,143
EK202310227117,153
EK202310152007,153
EK202310229187,143
EK202310139035,153
EK202310175328,153
EK202310159155,153
EK202310239122,153
EK202310167140,153
EK202310186155,153
EK202310193982,153
EK202310138270,153
EK202310117049,153
EK202310142284,153
EK202310164426,153
EK202310176396,153
EK202310201189,153
EK202310004591,153
EK202320005991,153
EK202310231608,143
EK202310136139,153
EK202310113238,153
EK202310158141,153
EK202310126316,153
EK202310123281,153
EK202310167569,153
EK202310174151,153
EK202310116527,153
EK202310193916,153
EK202310227923,153
EK202310240783,153
EK202310143752,153
EK202310106162,153
EK202310107199,153
EK202310213671,153
EK202310208384,153
EK202310196006,153
EK202310134465,120
EK202310151047,153
EK202310124565,143
EK202310183135,153
EK202310213685,153
EK202310143407,153
EK202310210115,153
EK202310110851,153
EK202310229392,153
EK202310204386,143
EK202310235968,153
EK202310199913,153
EK202310138545,153
EK202310116537,153
EK202310134658,153
EK202310224022,153
EK202310234186,153
EK202310163888,153
EK202310212249,153
EK202310140225,153
EK202310140896,153
EK202310186538,153
EK202310136216,153
EK202310108888,153
EK202310182062,153
EK202310163277,153
EK202310107567,153
EK202310120960,153
EK202310180719,153
EK202310131600,153
EK202310177372,153
EK202310126121,153
EK202310162878,153
EK202310201167,153
EK202310160968,153
EK202310197271,153
EK202310181868,153
EK202310151314,157
EK202310164572,153
EK202310205777,153
EK202310138104,153
EK202310167840,153
EK202310226831,153
EK202310147830,153
EK202310197709,153
EK202310213022,153
EK202310193283,153
EK202310205081,153
EK202310122178,143
EK202320006555,153
EK202310237774,143
EK202310124965,153
EK202310186156,153
EK202310117980,153
EK202310125951,153
EK202310151873,153
EK202310207092,153
EK202310117489,153
EK202310216348,153
EK202310220010,153
EK202310214618,153
EK202310206863,153
EK202310109000,153
EK202310188574,153
EK202310165717,153
EK202310128017,143
EK202310165060,153
EK202310200674,153
EK202310221350,146
EK202310235065,153
EK202310163335,153
EK202310120881,153
EK202310137678,153
EK202310128015,153
EK202310234830,153
EK202310167377,153
EK202310164502,153
EK202310127391,153
EK202310179523,153
EK202310223246,153
EK202310108837,153
EK202310200232,153
EK202310204659,153
EK202310189046,153
EK202310137247,153
EK202310132734,153
EK202310136878,153
EK202310236360,153
EK202310228358,153
EK202310134060,153
EK202310165565,153
EK202310226873,153
EK202310189864,153
EK202310119822,153
EK202310139438,153
EK202310190768,153
EK202310165094,153
EK202310138047,153
EK202310166258,153
EK202310229510,153
EK202310226767,153
EK202310141133,153
EK202310109811,153
EK202310150474,153
EK202310179190,153
EK202310196236,153
EK202310209246,153
EK202310197990,153
EK202310207124,153
EK202310212257,143
EK202310108488,153
EK202310103709,153
EK202310232504,153
EK202310134238,153
EK202310123117,153
EK202310121605,153
EK202310173315,153
EK202310121739,153
EK202310208354,153
EK202310161392,153
EK202310234724,153
EK202310111484,153
EK202310187014,153
EK202310104426,104
EK202310145898,153
EK202320006067,153
EK202310188463,153
EK202310140762,153
EK202310218714,153
EK202310243661,153
EK202310177326,153
EK202310234236,153
EK202310227958,153
EK202310118900,153
EK202310165267,153
EK202310230827,153
EK202310171222,153
EK202310162860,153
EK202310235544,153
EK202310161220,153
EK202310121708,153
EK202310179835,150
EK202310239604,153
EK202310219818,153
EK202310161568,153
EK202310160061,153
EK202310110380,153
EK202310246413,153
EK202310235850,153
EK202310165684,153
EK202310104090,153
EK202310243966,153
EK202310228270,153
EK202310110387,143
EK202310152984,153
EK202310223888,153
EK202310204934,153
EK202310162381,153
EK202310197868,153
EK202310107186,153
EK202310163263,153
EK202310198200,153
EK202310211345,153
EK202310226051,153
EK202310123297,153
EK202310140795,153
EK202310207289,153
EK202310225168,143
EK202310183349,104
EK202310105114,153
EK202310176080,153
EK202310179405,153
EK202310190274,153
EK202310132186,153
EK202310146444,153
EK202310225702,153
EK202310218239,153
EK202310147577,153
EK202310183811,153
EK202310162937,153
EK202310157881,153
EK202310207952,153
EK202310141225,153
EK202310193030,153
EK202310122847,150
EK202310165669,153
EK202310114924,153
EK202310218309,153
EK202310208489,153
EK202310179997,153
EK202310147027,153
EK202310004319,153
EK202310175632,153
EK202310189340,153
EK202310177526,153
EK202310207611,153
EK202310194660,153
EK202310229979,153
EK202310240147,153
EK202310211637,153
EK202310149224,153
EK202310177662,153
EK202310179984,153
EK202310228864,153
EK202310180524,153
EK202310229356,153
EK202310149225,153
EK202310188850,153
EK202310237876,153
EK202310219004,153
EK202310125299,153
EK202310156188,153
EK202310238230,153
EK202310187694,153
EK202310158043,153
EK202310214647,153
EK202310221207,143
EK202310173575,153
EK202310113008,153
EK202310239053,153
EK202310104640,153
EK202310241514,153
EK202310004700,153
EK202310162482,153
EK202310119906,153
EK202310153205,153
EK202310114919,143
EK202310235152,153
EK202310203791,153
EK202310123842,153
EK202310141447,153
EK202310192629,153
EK202310244491,153
EK202310216050,153
EK202320007061,153
EK202310217253,153
EK202310187351,153
EK202310247064,153
EK202310215396,153
EK202310109791,153
EK202310238972,153
EK202310210241,153
EK202310138585,153
EK202310215255,153
EK202310181801,153
EK202310124314,153
EK202310175289,153
EK202310198498,153
EK202310154216,153
EK202310226242,153
EK202310127354,153
EK202310179264,153
EK202310139507,153
EK202310129883,153
EK202310232951,153
EK202310233288,153
EK202310121403,153
EK202310158908,153
EK202310147431,153
EK202310138917,153
EK202310149611,153
EK202310221612,153
EK202310143554,153
EK202310172722,153
EK202310199773,153
EK202310127375,153
EK202310225978,153
EK202310227248,153
EK202310116384,153
EK202310180690,153
EK202310122858,153
EK202310226310,153
EK202310195569,153
EK202310198823,153
EK202310121439,153
EK202310161947,153
EK202310232604,153
EK202310149617,143
EK202310146783,153
EK202310176164,153
EK202310135912,153
EK202310229257,153
EK202310235094,153
EK202310118246,153
EK202310185828,153
EK202310106494,153
EK202310146544,153
EK202310227579,153
EK202310248311,153
EK202310204884,153
EK202310117059,153
EK202310231772,153
EK202310139447,143
EK202310189968,153
EK202310185749,153
EK202310110703,153
EK202310237233,143
EK202310240881,153
EK202310125013,153
EK202310128536,153
EK202310153537,153
EK202310190471,153
EK202310151841,135
EK202310202685,104
EK202310105765,153
EK202310136470,153
EK202310202012,153
EK202310125711,153
EK202310157673,153
EK202310164027,153
EK202310151517,153
EK202310180147,153
EK202310198373,153
EK202310204349,153
EK202310219251,153
EK202310172594,153
EK202310179118,143
EK202310150133,153
EK202310165331,143
EK202310163772,153
EK202310126377,153
EK202310145984,153
EK202310246976,153
EK202310113703,153
EK202310232392,153
EK202310236403,153
EK202310139475,153
EK202310192609,153
EK202310224294,153
EK202310152213,153
EK202310108540,153
EK202310210085,153
EK202310226804,153
EK202310137397,153
EK202310117951,153
EK202310193300,153
EK202310106304,153
EK202310129954,153
EK202310215057,153
EK202310139115,153
EK202310212736,153
EK202310135023,143
EK202310139581,153
EK202310199274,153
EK202310211965,153
EK202310246061,153
EK202310203442,153
EK202310181526,153
EK202310193412,153
EK202310139031,153
EK202310221231,153
EK202310134998,153
EK202310141687,153
EK202310197304,153
EK202310201782,153
EK202310135431,153
EK202310208259,153
EK202310161380,153
EK202310186230,153
EK202310152403,153
EK202310116913,143
EK202310244061,153
EK202310135475,153
EK202310165270,153
EK202310138939,153
EK202310141892,143
EK202310124993,153
EK202310170388,153
EK202310157255,153
EK202310133503,153
EK202310175284,153
EK202310241462,153
EK202310154232,153
EK202310163615,153
EK202310197907,153
EK202310186389,153
EK202310245749,153
EK202310219676,153
EK202310190121,153
EK202310209264,153
EK202310210983,153
EK202310187936,153
EK202310133895,153
EK202310186472,153
EK202310206380,153
EK202310193643,153
EK202310225084,153
EK202310220518,153
EK202310169406,153
EK202310237549,153
EK202310109909,153
EK202310212592,153
EK202310179751,153
EK202310112820,153
EK202310195293,153
EK202310236702,153
EK202310145993,153
EK202310222902,153
EK202310189301,153
EK202310205807,153
EK202310163101,153
EK202310203688,153
EK202310174439,153
EK202310156353,153
EK202310162723,153
EK202310212065,153
EK202310004255,153
EK202310222006,143
EK202310194790,153
EK202310106043,153
EK202310242730,153
EK202310242586,153
EK202310176604,153
EK202310109635,153
EK202310216117,143
EK202310116981,153
EK202310221657,153
EK202310144341,153
EK202310228428,153
EK202310146265,153
EK202310209443,153
EK202310218588,153
EK202310108618,153
EK202310121760,153
EK202310107369,153
EK202310115437,153
EK202310187394,153
EK202310165757,153
EK202310195111,153
EK202310188262,153
EK202310124663,153
EK202310143110,153
EK202310211384,153
EK202310118553,153
EK202310149358,153
EK202310164859,153
EK202310207799,153
EK202310172115,153
EK202310215359,153
EK202310161036,153
EK202310223447,153
EK202310181639,153
EK202310204435,153
EK202310104184,153
EK202310160295,153
EK202310192033,153
EK202310168110,153
EK202310189097,153
EK202310167385,153
EK202310109968,153
EK202310198949,153
EK202310197617,153
EK202310108360,153
EK202310159270,153
EK202310145269,153
EK202310188812,153
EK202310125988,153
EK202310112939,153
EK202310247895,153
EK202310131311,153
EK202310183854,153
EK202310219712,153
EK202310160911,153
EK202310231162,153
EK202310135041,153
EK202310212037,153
EK202310226698,153
EK202310134750,143
EK202310148234,153
EK202310174532,153
EK202310109167,153
EK202310197750,153
EK202310164476,153
EK202310233270,153
EK202310135322,153
EK202310209231,153
EK202310202820,153
EK202310174302,153
EK202310125602,153
EK202310158386,153
EK202310242062,153
EK202310141111,143
EK202310136233,153
EK202310236818,153
EK202310184555,153
EK202310198830,153
EK202310151478,153
EK202310231437,117
EK202310150468,153
EK202310241943,153
EK202310231053,143
EK202310154428,153
EK202310192603,153
EK202310161912,153
EK202310130902,153
EK202310183672,153
EK202310227046,153
EK202310166255,153
EK202310137864,153
EK202310116959,153
EK202310238412,153
EK202310171649,153
EK202310193766,153
EK202310123847,153
EK202310146498,143
EK202310239626,153
EK202310195302,153
EK202310212103,153
EK202310192877,153
EK202310111009,153
EK202310136743,153
EK202310195641,153
EK202310227516,153
EK202310115577,153
EK202310215165,153
EK202310138284,153
EK202310126665,143
EK202310239150,153
EK202310203149,153
EK202310193960,157
EK202310171451,153
EK202310121337,153
EK202310117375,153
EK202310220920,153
EK202310115368,153
EK202310156865,153
EK202310185189,153
EK202310122055,150
EK202310215356,153
EK202310147958,153
EK202310121750,153
EK202310173060,153
EK202310163776,153
EK202310220192,153
EK202310218549,153
EK202310157001,153
EK202310225119,153
EK202310204051,153
EK202310122949,153
EK202310121503,153
EK202310131147,153
EK202310108909,143
EK202310151114,143
EK202310233392,153
EK202320007141,153
EK202310164522,153
EK202310177297,153
EK202310210546,153
EK202310184589,153
EK202310212117,153
EK202310133272,153
EK202310205158,153
EK202310174636,153
EK202310140946,153
EK202310117042,117
EK202310134320,153
EK202310229429,153
EK202310106153,153
EK202310247761,153
EK202310227271,153
EK202310239428,153
EK202310215784,153
EK202310210318,153
EK202310141900,153
EK202310184802,153
EK202310165235,153
EK202310171404,153
EK202310210573,120
EK202310210122,153
EK202310150189,153
EK202310156048,153
EK202310172500,153
EK202310132244,143
EK202310245342,153
EK202310139313,153
EK202310207856,153
EK202310116311,153
EK202310208589,153
EK202310136325,153
EK202310248759,153
EK202310198653,153
EK202310195491,153
EK202310103816,153
EK202310207373,153
EK202310227064,153
EK202310138546,153
EK202310205952,153
EK202310212677,153
EK202310228148,153
EK202310107729,153
EK202310211277,153
EK202310195545,153
EK202310116564,153
EK202310184823,153
EK202310170543,153
EK202310193619,153
EK202310239035,153
EK202310133171,153
EK202310227136,153
EK202310142625,153
EK202310244169,153
EK202310246581,153
EK202310165380,143
EK202310193395,143
EK202310109332,153
EK202310163291,153
EK202310124290,153
EK202310215739,153
EK202310241146,153
EK202310124580,153
EK202310211475,153
EK202310004503,153
EK202310143151,153
EK202310136531,153
EK202310119568,153
EK202310107515,153
EK202310189886,153
EK202310124398,153
EK202310125848,153
EK202310211088,153
EK202310156421,153
EK202310157177,153
EK202310211323,153
EK202310202592,153
EK202310194894,153
EK202310215071,153
EK202310202956,143
EK202310234488,143
EK202310187089,153
EK202310227517,153
EK202310170551,153
EK202310189993,153
EK202310149202,153
EK202310229780,153
EK202310245465,153
EK202310218891,153
EK202310124812,153
EK202310208935,153
EK202310140658,153
EK202310183874,153
EK202310107413,153
EK202310194042,153
EK202310157446,153
EK202310199004,153
EK202310135601,153
EK202310201970,153
EK202310139356,153
EK202310134175,153
EK202310108539,153
EK202310177643,143
EK202310103821,153
EK202310206740,153
EK202310131433,153
EK202310204350,153
EK202310225071,143
EK202310211718,153
EK202310131849,143
EK202310153172,153
EK202310132642,153
EK202310112845,153
EK202310177008,153
EK202310130444,153
EK202310147078,153
EK202310208564,153
EK202310194298,153
EK202310228548,153
EK202310187217,153
EK202310171794,153
EK202310174423,153
EK202310186521,153
EK202310189274,153
EK202310128594,153
EK202310213657,153
EK202310136140,153
EK202310144986,143
EK202310117312,153
EK202310165610,153
EK202310130595,153
EK202310004575,153
EK202310119145,153
EK202310179788,153
EK202310247106,153
EK202310118131,153
EK202310144354,153
EK202310192108,153
EK202310169582,153
EK202310227386,153
EK202310174182,153
EK202310222783,153
EK202310178639,153
EK202310245259,104
EK202310167257,153
EK202310162914,104
EK202310004463,143
EK202310207893,153
EK202310148230,153
EK202310116055,153
EK202310224157,153
EK202310114888,153
EK202310195337,153
EK202310216934,153
EK202310216677,153
EK202310188580,153
EK202310219727,143
EK202310166001,153
EK202310229705,143
EK202310209871,153
EK202310196361,153
EK202310234245,153
EK202310138920,153
EK202310122618,153
EK202310175727,153
EK202310155478,153
EK202320005560,153
EK202310110719,153
EK202310136240,153
EK202310186251,153
EK202310216248,153
EK202310205301,153
EK202310211409,153
EK202310154889,153
EK202310133167,153
EK202310190742,153
EK202310181049,153
EK202310190345,153
EK202310223134,153
EK202310248510,153
EK202310177287,153
EK202310127550,153
EK202310118313,153
EK202310222760,153
EK202310112189,153
EK202310141089,153
EK202310132200,153
EK202310221040,153
EK202310111716,153
EK202310206062,123
EK202310209855,153
EK202310104428,153
EK202310177723,153
EK202310003367,104
EK202310182125,153
EK202310194084,153
EK202310211789,153
EK202310132488,153
EK202310142803,153
EK202310181723,153
EK202310103735,143
EK202310219083,153
EK202310215988,153
EK202310234414,153
EK202310203900,153
EK202310137717,153
EK202310112769,153
EK202310160354,153
EK202310105028,153
EK202310128626,153
EK202310206626,153
EK202310247911,153
EK202310156966,153
EK202310111774,153
EK202310141388,143
EK202310105367,153
EK202310138470,153
EK202310238177,153
EK202310169946,153
EK202310189158,153
EK202310231981,153
EK202310174508,153
EK202310110650,153
EK202310195172,153
EK202310188961,150
EK202310219185,153
EK202310208623,153
EK202310128662,153
EK202310185661,153
EK202310157894,153
EK202310200928,153
EK202310004224,153
EK202310150214,153
EK202310111969,153
EK202310129506,153
EK202310127186,153
EK202310173377,153
EK202310163570,153
EK202310196742,143
EK202310167664,153
EK202310148814,153
EK202310200567,153
EK202310168414,153
EK202310203613,153
EK202310247919,153
EK202310200083,153
EK202310148844,153
EK202310159721,153
EK202310131910,153
EK202310153522,153
EK202310212250,143
EK202310111147,153
EK202310170237,143
EK202310166954,153
EK202310193804,153
EK202310180730,153
EK202310004363,153
EK202310123533,153
EK202310235018,153
EK202310176008,153
EK202310151334,153
EK202320007865,153
EK202310236423,153
EK202310130270,153
EK202310220333,153
EK202310196344,153
EK202310218805,153
EK202310116838,153
EK202310185359,153
EK202310150318,153
EK202310121733,143
EK202310242000,153
EK202310193114,153
EK202310171559,153
EK202310122635,153
EK202310167040,153
EK202310166470,153
EK202310195612,153
EK202310233457,153
EK202310185055,153
EK202310177519,153
EK202310247329,153
EK202310195549,153
EK202310144213,153
EK202310135438,153
EK202310226468,153
EK202310105289,153
EK202310120252,153
EK202310176662,153
EK202310114289,153
EK202310126976,153
EK202310207593,153
EK202310114272,104
EK202310199080,153
EK202310122669,153
EK202310180804,153
EK202310204732,153
EK202310200464,153
EK202310203808,153
EK202310212010,143
EK202310245942,153
EK202310004694,153
EK202310155200,153
EK202310164369,153
EK202310126268,153
EK202310170105,153
EK202310225963,153
EK202310114547,153
EK202310236239,153
EK202310112862,153
EK202310109972,153
EK202310132643,153
EK202310132419,153
EK202310161002,153
EK202310189189,153
EK202310148790,153
EK202310169154,153
EK202310196747,153
EK202310122266,153
EK202310115421,143
EK202310180521,153
EK202310167786,143
EK202310167076,153
EK202310168839,153
EK202310110674,143
EK202310236684,153
EK202310128770,143
EK202310244917,153
EK202310128367,153
EK202310129004,153
EK202310231478,153
EK202310178172,153
EK202310180564,153
EK202310112326,153
EK202310200330,153
EK202310138725,153
EK202310177009,153
EK202310220598,153
EK202310200436,153
EK202310242674,153
EK202310222668,153
EK202310118184,153
EK202310138203,153
EK202310118829,153
EK202310185969,153
EK202310216351,153
EK202310187284,153
EK202310218216,153
EK202310219259,143
EK202310120929,153
EK202310108093,153
EK202310142267,153
EK202310174980,153
EK202310114009,153
EK202310242966,153
EK202310147064,153
EK202310223815,153
EK202310185149,153
EK202310173756,153
EK202310212549,153
EK202310122123,153
EK202310148593,143
EK202310203858,153
EK202310194323,153
EK202310210067,153
EK202310247362,153
EK202310179728,153
EK202310135263,153
EK202310228041,153
EK202310198439,153
EK202310224121,143
EK202310176263,153
EK202310210520,143
EK202310153558,153
EK202310201528,153
EK202310204700,153
EK202310199855,153
EK202310133334,143
EK202310125891,153
EK202310149237,153
EK202310207352,143
EK202310143244,153
EK202310173902,153
EK202310204441,153
EK202310154510,153
EK202310197593,153
EK202310139918,153
EK202310143944,153
EK202310182605,153
EK202310113041,153
EK202310108339,153
EK202310177699,153
EK202310158001,153
EK202310243619,153
EK202310225367,153
EK202310148561,153
EK202310242689,153
EK202310146006,153
EK202310200037,153
EK202310186473,153
EK202310105390,143
EK202310150556,153
EK202310180347,153
EK202310203230,153
EK202310200016,153
EK202310154269,153
EK202310128087,153
EK202310122816,153
EK202310134877,153
EK202310195490,153
EK202310209715,153
EK202310236837,153
EK202310196435,143
EK202310139068,153
EK202310171012,153
EK202310150360,139
EK202310222353,153
EK202310197842,153
EK202310188412,153
EK202310153874,153
EK202310213199,153
EK202310127730,153
EK202310215194,153
EK202310126576,153
EK202310248182,153
EK202310198801,153
EK202310198160,153
EK202310198294,153
EK202310167705,153
EK202310217704,153
EK202310145831,153
EK202310105308,153
EK202310230902,143
EK202310202412,153
EK202310130126,153
EK202310193563,153
EK202310130811,153
EK202310169126,153
EK202310107052,153
EK202310134315,153
EK202310230590,153
EK202310212377,153
EK202310227080,153
EK202310124256,153
EK202310219252,153
EK202310230033,153
EK202310117668,143
EK202310228344,153
EK202310233855,153
EK202310147814,153
EK202310107881,153
EK202310230203,153
EK202310177383,153
EK202310122567,143
EK202310207619,153
EK202310202333,153
EK202310189380,153
EK202310180057,153
EK202310202234,153
EK202310233426,153
EK202310175207,153
EK202310204631,153
EK202310194398,153
EK202310139820,153
EK202310116562,153
EK202310229058,153
EK202310247161,153
EK202310189860,143
EK202310104099,153
EK202310244738,153
EK202310247933,153
EK202310149446,153
EK202310161930,153
EK202310116286,153
EK202310109850,153
EK202310204890,153
EK202310124176,117
EK202310231512,153
EK202310157031,153
EK202310219683,153
EK202310105922,153
EK202310003444,153
EK202310128205,143
EK202310136781,153
EK202310195373,153
EK202310140338,153
EK202310178676,153
EK202310234329,153
EK202310115125,153
EK202310219503,153
EK202310201769,153
EK202310139458,143
EK202310194338,143
EK202310223572,153
EK202310125065,153
EK202310227016,153
EK202310176702,153
EK202310155243,153
EK202310192723,153
EK202310198191,153
EK202310105422,153
EK202310105777,153
EK202310187970,143
EK202310236294,153
EK202310210632,153
EK202310122661,153
EK202310132816,153
EK202310221993,153
EK202310235308,153
EK202310232426,153
EK202310225207,143
EK202310120329,153
EK202310174955,153
EK202310233002,153
EK202310226820,153
EK202310231561,153
EK202310178128,153
EK202310231088,153
EK202310147614,153
EK202310192044,153
EK202310207423,153
EK202310144998,153
EK202310160433,153
EK202310182388,153
EK202310004163,153
EK202310178635,153
EK202310147316,153
EK202310137625,153
EK202310234674,153
EK202310206395,153
EK202310198108,153
EK202310230135,153
EK202310124667,153
EK202310197608,153
EK202310239140,153
EK202320006708,153
EK202310141682,153
EK202310173078,153
EK202310180684,153
EK202310168825,153
EK202310196603,153
EK202310143301,153
EK202310198024,153
EK202310238866,153
EK202310174309,153
EK202310169127,143
EK202310118888,153
EK202310219211,153
EK202310117888,143
EK202310203714,117
EK202310212227,153
EK202310224375,153
EK202310169753,153
EK202310218369,153
EK202310229422,153
EK202310114027,153
EK202310191499,143
EK202310123832,153
EK202310117550,153
EK202310153034,153
EK202310147526,153
EK202310240029,153
EK202310208321,153
EK202310110615,143
EK202310172001,153
EK202310245514,153
EK202310113405,153
EK202310133712,153
EK202310220573,153
EK202310127361,153
EK202310203296,104
EK202310205467,104
EK202310182859,153
EK202310116644,153
EK202310143055,153
EK202310137541,153
EK202310240346,153
EK202310231920,153
EK202310003793,153
EK202310179099,153
EK202310182101,153
EK202310180654,153
EK202310203568,153
EK202310201589,153
EK202310185227,153
EK202310204045,153
EK202310231962,153
EK202310206237,153
EK202310129023,153
EK202320005658,153
EK202310155013,153
EK202310207955,153
EK202310175039,153
EK202310189095,153
EK202310222588,153
EK202310194826,150
EK202310116127,153
EK202310186036,143
EK202310228425,104
EK202310142709,143
EK202310212132,143
EK202310106890,153
EK202310244866,153
EK202310185150,153
EK202310137324,153
EK202310171191,104
EK202310113505,153
EK202320007023,153
EK202310119257,153
EK202310149918,153
EK202310223014,153
EK202310201000,153
EK202310172203,153
EK202310203943,153
EK202310120010,153
EK202310108002,153
EK202310241637,153
EK202310174800,153
EK202310127377,153
EK202310122799,153
EK202310229843,153
EK202310226129,153
EK202310140081,153
EK202310229999,153
EK202310203546,153
EK202310209757,153
EK202310116016,153
EK202310165012,153
EK202310122837,153
EK202310146822,153
EK202310112044,153
EK202310166309,153
EK202310172353,153
EK202310111013,153
EK202310134532,150
EK202310201623,153
EK202310207833,153
EK202310153627,153
EK202310173741,153
EK202310233377,153
EK202310108336,153
EK202310144097,143
EK202310242026,153
EK202310123987,153
EK202310201556,153
EK202310141802,153
EK202310160116,153
EK202310208420,153
EK202310201286,153
EK202310242784,153
EK202310207678,153
EK202310235367,153
EK202310138835,153
EK202310126496,153
EK202310210203,153
EK202310160698,153
EK202310131627,153
EK202310192509,153
EK202310237182,153
EK202310195225,153
EK202310209548,153
EK202310170414,143
EK202310178511,153
EK202310169436,153
EK202310163299,153
EK202310197411,153
EK202310208679,153
EK202310178121,153
EK202310126051,153
EK202310158375,153
EK202310190778,117
EK202310154851,153
EK202310179709,153
EK202310114702,153
EK202310167850,153
EK202310004729,153
EK202310183539,153
EK202310196615,153
EK202310162856,153
EK202310133076,143
EK202310230396,153
EK202310158633,153
EK202310161117,153
EK202310004351,153
EK202310174767,153
EK202310183707,153
EK202310201085,153
EK202310117365,153
EK202310211525,153
EK202310174033,153
EK202310133029,153
EK202310109257,153
EK202310208465,153
EK202310003437,153
EK202310147849,153
EK202310172875,153
EK202310195261,153
EK202310124700,153
EK202310209462,153
EK202310190370,153
EK202310166689,153
EK202310125440,153
EK202310242447,153
EK202310208224,123
EK202310164938,153
EK202310171017,153
EK202310221295,153
EK202310116789,153
EK202310245230,143
EK202310196239,153
EK202310217020,153
EK202310149091,143
EK202310188633,153
EK202310145175,153
EK202310184944,153
EK202310116881,153
EK202310133865,153
EK202310170575,153
EK202310217837,153
EK202310142127,153
EK202310220280,153
EK202310220011,153
EK202310136446,153
EK202310167400,153
EK202310136757,143
EK202310219947,153
EK202310215446,153
EK202310113390,153
EK202310231430,153
EK202310190750,153
EK202310218203,143
EK202310232673,153
EK202310172719,153
EK202310238088,153
EK202310122490,153
EK202310141767,153
EK202310164189,153
EK202310131789,153
EK202310131787,153
EK202310111463,153
EK202310189888,153
EK202310123502,153
EK202310248489,153
EK202310104974,143
EK202310133434,153
EK202310122152,153
EK202310223645,153
EK202310218467,153
EK202310200984,153
EK202310246962,153
EK202310138658,153
EK202310135971,143
EK202310145071,153
EK202310236227,153
EK202310161820,153
EK202310116560,153
EK202310147855,143
EK202310198848,153
EK202310126318,153
EK202310168761,153
EK202310236060,153
EK202310194911,153
EK202310232213,153
EK202310123619,153
EK202310129238,153
EK202310239622,153
EK202310130274,153
EK202310136862,143
EK202310144925,153
EK202310117994,153
EK202310145721,153
EK202310166110,143
EK202310153689,143
EK202310167524,153
EK202310171110,153
EK202310194242,153
EK202310128824,153
EK202310217802,153
EK202310174759,153
EK202310163258,153
EK202320007136,153
EK202310223074,153
EK202310127999,153
EK202310210697,153
EK202310187479,153
EK202310229648,153
EK202310223615,153
EK202310205259,153
EK202310207915,153
EK202310161035,153
EK202310211684,153
EK202310217627,153
EK202310188184,153
EK202310179703,117
EK202310191167,153
EK202310206412,153
EK202310138851,153
EK202320007328,153
EK202310211346,153
EK202310169209,153
EK202310145302,153
EK202310203140,153
EK202310209732,153
EK202310117958,153
EK202310155922,153
EK202310184930,153
EK202310150832,153
EK202310208806,153
EK202310172410,153
EK202310230235,153
EK202310203566,153
EK202310123801,153
EK202310141762,153
EK202310245120,143
EK202310183959,153
EK202310128037,153
EK202310004669,153
EK202310217022,153
EK202310110060,153
EK202310231754,117
EK202310132866,143
EK202310246978,153
EK202310111800,153
EK202310141316,153
EK202310225078,153
EK202310224113,143
EK202310229156,153
EK202310158924,153
EK202310193952,153
EK202310134851,143
EK202310107778,143
EK202310201914,153
EK202310226477,143
EK202310200818,153
EK202310178725,153
EK202310136843,153
EK202310188878,153
EK202310192998,153
EK202310123605,153
EK202310109206,153
EK202310110309,153
EK202310201669,153
EK202310228267,153
EK202310120920,153
EK202310239638,153
EK202310138789,153
EK202310187947,153
EK202310143793,153
EK202310231992,153
EK202310243082,153
EK202310174903,153
EK202310004153,153
EK202310211574,153
EK202310133648,153
EK202310145095,153
EK202310180354,153
EK202310111206,153
EK202310182140,153
EK202310202202,153
EK202310158892,153
EK202310193967,153
EK202310222297,153
EK202310121931,153
EK202310170526,153
EK202310119454,153
EK202310235204,143
EK202310123917,153
EK202310157703,153
EK202310149315,153
EK202310146815,153
EK202310126049,153
EK202310232396,153
EK202310199056,153
EK202310141228,153
EK202310196032,153
EK202310107291,153
EK202310122690,153
EK202310236528,153
EK202320007677,153
EK202310210488,153
EK202310207172,153
EK202310182902,150
EK202310139806,153
EK202310148583,153
EK202310220644,153
EK202310112733,153
EK202310204401,153
EK202310160356,153
EK202310225435,153
EK202310196076,153
EK202310203598,143
EK202310140544,153
EK202310212327,153
EK202310235705,153
EK202310202376,150
EK202310196089,153
EK202310139122,153
EK202310176023,153
EK202310117387,153
EK202310192216,153
EK202310122067,153
EK202310224886,153
EK202310234937,153
EK202310196488,153
EK202310140986,153
EK202310104819,153
EK202310192016,153
EK202310230705,153
EK202310191079,153
EK202310224030,153
EK202310116108,153
EK202310216944,153
EK202310239270,153
EK202310179674,153
EK202310135614,153
EK202310196625,153
EK202310244109,153
EK202310211711,153
EK202310175336,153
EK202310155402,153
EK202310110776,153
EK202310246416,153
EK202310180852,153
EK202310173163,153
EK202310146639,153
EK202320007618,153
EK202310245395,153
EK202310175505,153
EK202310196444,153
EK202310172044,150
EK202310140972,153
EK202310236512,153
EK202310141653,153
EK202310236235,153
EK202310111947,153
EK202310129970,153
EK202310156921,153
EK202310111882,153
EK202310142671,153
EK202310225816,153
EK202310129016,153
EK202310216107,143
EK202310192345,153
EK202310115608,153
EK202310218293,153
EK202310105946,153
EK202310194919,153
EK202310138207,153
EK202310199908,153
EK202320006707,153
EK202310162516,153
EK202310121312,153
EK202310240696,153
EK202310124904,153
EK202310238291,153
EK202310127974,153
EK202310136024,153
EK202310187265,153
EK202310108072,153
EK202310240013,153
EK202310212042,153
EK202310237376,153
EK202310220612,143
EK202310194509,153
EK202310209569,153
EK202310114438,153
EK202310132881,153
EK202310175705,153
EK202310004055,153
EK202310175229,153
EK202310174345,153
EK202310212490,153
EK202310136810,153
EK202310157304,153
EK202310169599,143
EK202310107717,153
EK202310105279,153
EK202310110848,153
EK202310178772,153
EK202310245828,153
EK202310219817,153
EK202310200575,153
EK202310105122,153
EK202310162052,153
EK202310150697,153
EK202310158553,153
EK202310210487,153
EK202310219594,153
EK202310234064,153
EK202310147076,153
EK202310168891,153
EK202310230477,153
EK202310151700,153
EK202310105830,153
EK202310150350,153
EK202310221753,153
EK202310117832,153
EK202310192005,153
EK202310236133,153
EK202310128003,153
EK202310192879,153
EK202310127978,143
EK202310145508,153
EK202310112586,153
EK202310241863,153
EK202310221932,153
EK202310132949,153
EK202310223688,153
EK202310143982,143
EK202320006378,153
EK202310104123,153
EK202310185565,153
EK202310229086,153
EK202310133226,153
EK202310118081,153
EK202310150049,153
EK202310135400,153
EK202310116088,143
EK202310231696,153
EK202310146749,153
EK202310111238,153
EK202310191666,153
EK202310135953,153
EK202310161122,153
EK202310228253,153
EK202310153608,153
EK202310138495,153
EK202310145050,153
EK202310206747,153
EK202310203488,153
EK202310183419,153
EK202310129584,153
EK202310131950,117
EK202320006497,153
EK202310158313,153
EK202310156450,153
EK202310206931,153
EK202310224192,153
EK202310181248,153
EK202310139477,153
EK202310106863,153
EK202310113902,153
EK202310177431,153
EK202310189561,153
EK202310206223,153
EK202320005580,153
EK202310240584,143
EK202310193474,143
EK202310106515,153
EK202310134230,153
EK202310184191,153
EK202310120682,153
EK202310169684,153
EK202310119557,153
EK202310126983,153
EK202310167903,153
EK202310133442,153
EK202310210959,153
EK202310212306,153
EK202310230307,153
EK202310212565,153
EK202310192899,153
EK202310170190,153
EK202310153027,153
EK202310114380,153
EK202310133567,153
EK202310214756,153
EK202310114168,153
EK202310217065,153
EK202310169361,143
EK202310165708,153
EK202310228615,143
EK202310209019,153
EK202310132985,150
EK202310110233,143
EK202310143464,153
EK202310136141,146
EK202310226017,153
EK202310155663,153
EK202310195009,153
EK202310126196,153
EK202310108026,153
EK202310172643,153
EK202310153423,153
EK202310243003,153
EK202310153678,143
EK202310169206,153
EK202310196881,153
EK202310247696,153
EK202310160692,153
EK202310157186,153
EK202310156752,143
EK202310114419,143
EK202310117232,153
EK202310221881,153
EK202310202289,143
EK202310221155,153
EK202310197000,153
EK202310183680,153
EK202310166065,153
EK202310224104,143
EK202310198490,153
EK202310185320,153
EK202310112969,153
EK202310122531,143
EK202310223294,153
EK202310243257,153
EK202310227369,153
EK202310132379,153
EK202310207889,153
EK202310155220,153
EK202310149989,153
EK202310116304,153
EK202310207654,153
EK202310233148,153
EK202310133990,153
EK202310131881,153
EK202310147674,153
EK202310161848,153
EK202310113742,153
EK202310107292,153
EK202310157457,153
EK202310159983,153
EK202310222436,153
EK202310116722,153
EK202310228029,153
EK202310226778,153
EK202310223904,143
EK202310205019,153
EK202310119364,153
EK202310003651,153
EK202310212861,153
EK202310110710,153
EK202310131651,153
EK202310144906,104
EK202310188544,153
EK202310133839,153
EK202310118694,153
EK202310110720,143
EK202310128544,153
EK202310193628,153
EK202310148648,153
EK202310153778,153
EK202310188918,153
EK202310126546,153
EK202310214084,153
EK202310191915,153
EK202310230973,153
EK202310220076,153
EK202310198281,143
EK202310210973,153
EK202310116202,153
EK202320007382,153
EK202310140017,153
EK202310235458,153
EK202310224553,143
EK202310131411,153
EK202310172944,153
EK202310187715,153
EK202310117160,153
EK202310223783,153
EK202310208505,153
EK202310177144,153
EK202310141554,153
EK202310153806,153
EK202310178651,143
EK202310207053,153
EK202310121285,153
EK202310129917,143
EK202310178974,153
EK202310139959,153
EK202310240930,153
EK202310184143,153
EK202310141627,143
EK202310248495,153
EK202310210251,153
EK202310181393,153
EK202310203408,153
EK202310210221,153
EK202310153228,153
EK202310181161,153
EK202310122291,153
EK202310219649,153
EK202310108802,153
EK202310147915,153
EK202310219111,153
EK202310004516,153
EK202310187796,153
EK202310152632,153
EK202310234189,153
EK202310248401,153
EK202310198077,153
EK202310182281,153
EK202310173305,153
EK202310191194,153
EK202320006641,153
EK202310187839,153
EK202310166786,153
EK202310104248,153
EK202310140808,153
EK202310154881,153
EK202310158734,153
EK202310198034,153
EK202310210288,153
EK202310115555,153
EK202310122253,153
EK202310208001,153
EK202310247301,153
EK202310158412,153
EK202310133516,143
EK202310199724,153
EK202310203434,153
EK202310149601,153
EK202310207662,153
EK202310155823,153
EK202310155070,153
EK202310003692,153
EK202310112220,153
EK202310210474,153
EK202310174563,153
EK202310178481,153
EK202310161746,153
EK202310184759,143
EK202310214382,153
EK202310220383,153
EK202310181896,153
EK202310109101,153
EK202310111874,153
EK202310239939,153
EK202310146648,102
EK202310147888,153
EK202310228585,153
EK202320006300,153
EK202310157823,153
EK202310175416,153
EK202310191246,153
EK202310241025,153
EK202310175713,143
EK202310165199,153
EK202310229611,153
EK202310167463,153
EK202310125411,153
EK202310247310,153
EK202310131556,153
EK202320007526,153
EK202310109396,153
EK202310243612,153
EK202320006821,153
EK202310191818,153
EK202310206573,104
EK202310176203,153
EK202310113063,153
EK202310152411,153
EK202310186297,153
EK202320006177,153
EK202310184504,153
EK202310118343,153
EK202310166342,153
EK202310238948,123
EK202310226471,153
EK202310153486,153
EK202310146780,153
EK202310129676,153
EK202310230251,143
EK202310227178,153
EK202310148962,153
EK202310235140,153
EK202310158736,153
EK202310208299,153
EK202310205311,153
EK202310140268,153
EK202310158411,153
EK202310120168,153
EK202310120164,153
EK202310191318,153
EK202310124551,153
EK202310133393,153
EK202310244048,153
EK202310209487,123
EK202310130550,153
EK202310134976,153
EK202310113614,153
EK202310237767,153
EK202310120386,143
EK202310190693,153
EK202310158340,153
EK202310185631,153
EK202310193894,153
EK202310232391,143
EK202310129047,153
EK202310187052,153
EK202310174623,153
EK202310149978,153
EK202310238712,143
EK202310172389,153
EK202310187833,153
EK202310238335,153
EK202310232031,153
EK202310224185,153
EK202310166575,143
EK202310119974,153
EK202310195917,153
EK202310174762,153
EK202310237282,153
EK202310112142,153
EK202310107661,153
EK202310197179,153
EK202310154174,153
EK202310241892,153
EK202310178171,153
EK202310134220,153
EK202310200711,153
EK202310190031,153
EK202310215938,153
EK202310125861,153
EK202310143873,153
EK202310165035,153
EK202310157391,153
EK202310216624,153
EK202310136516,117
EK202310175267,153
EK202310139527,153
EK202310145890,153
EK202310207934,153
EK202310216534,153
EK202310243402,153
EK202310125822,153
EK202310210671,153
EK202310118842,153
EK202310242780,153
EK202310183963,153
EK202310192132,153
EK202310158172,153
EK202310107920,153
EK202310116588,153
EK202310157004,153
EK202310203397,153
EK202310145727,153
EK202310134294,153
EK202310161573,153
EK202310163914,153
EK202320005749,153
EK202310004457,153
EK202310198895,153
EK202310200079,153
EK202310236220,143
EK202310167195,153
EK202310190621,153
EK202310126857,153
EK202310221597,143
EK202310139743,153
EK202310173860,153
EK202310212130,153
EK202310238113,153
EK202310232782,153
EK202310231990,153
EK202310154189,143
EK202310111012,153
EK202310208334,143
EK202310222126,153
EK202310206217,153
EK202310185801,153
EK202310207901,153
EK202310121054,153
EK202310188410,153
EK202310203904,153
EK202310230514,153
EK202320007184,153
EK202310196925,153
EK202310201983,153
EK202310242071,153
EK202310242487,153
EK202310174134,153
EK202310221304,153
EK202310146366,153
EK202310242718,153
EK202310158582,153
EK202310182050,153
EK202310110321,153
EK202310126720,143
EK202310145134,153
EK202310134228,153
EK202310151176,153
EK202310159471,153
EK202310197298,153
EK202310114442,153
EK202310216170,153
EK202310126914,153
EK202310160897,153
EK202310241296,153
EK202310145492,153
EK202310142012,153
EK202310141538,153
EK202310154638,153
EK202310238848,153
EK202310139821,153
EK202310108173,153
EK202310119610,153
EK202310242565,153
EK202310186446,153
EK202310144153,153
EK202310234883,153
EK202310124017,153
EK202310163758,153
EK202310203597,153
EK202310104417,153
EK202310202155,153
EK202310245823,153
EK202310203079,153
EK202310161636,153
EK202310144165,153
EK202310204775,153
EK202310167770,153
EK202310215963,153
EK202310133633,143
EK202310214866,143
EK202310180646,153
EK202310167541,153
EK202310136641,153
EK202310148939,153
EK202310103722,153
EK202310179303,153
EK202310200620,153
EK202310125714,153
EK202310204522,143
EK202310150835,153
EK202310130780,153
EK202310105814,153
EK202310172033,153
EK202310201852,153
EK202310148715,153
EK202310221644,153
EK202310114274,153
EK202310178264,153
EK202310164025,153
EK202310204651,153
EK202310141344,153
EK202310185886,153
EK202310203443,153
EK202320007693,153
EK202310236673,153
EK202310205537,153
EK202310215661,153
EK202310116840,153
EK202310179840,153
EK202310178802,153
EK202310124043,153
EK202310160029,153
EK202310166756,153
EK202310234362,153
EK202310130046,153
EK202310175285,153
EK202310155324,153
EK202310110760,153
EK202310167871,153
EK202310111911,153
EK202310105964,153
EK202310187240,153
EK202310228002,153
EK202310202448,153
EK202310144304,153
EK202310132248,153
EK202310200767,153
EK202310246600,139
EK202310156024,153
EK202310124951,153
EK202310127803,153
EK202310212512,153
EK202310237901,153
EK202310123799,153
EK202310122255,153
EK202310140607,143
EK202310214168,153
EK202310205290,159
EK202310201590,153
EK202310246716,153
EK202310211043,153
EK202310245155,153
EK202310146684,153
EK202310224856,153
EK202310149244,153
EK202310130714,153
EK202310185702,153
EK202310105075,153
EK202310103937,153
EK202310219458,153
EK202310220878,153
EK202310114846,153
EK202310165810,153
EK202310188784,153
EK202310119305,143
EK202310142173,153
EK202310218752,153
EK202310191456,153
EK202310110108,153
EK202310159818,153
EK202310151468,153
EK202310107315,153
EK202310200556,153
EK202310217485,153
EK202310206013,153
EK202310004134,153
EK202310124207,153
EK202310216869,153
EK202310112622,153
EK202310239660,153
EK202310236964,153
EK202310182396,153
EK202310213788,153
EK202310193031,153
EK202310181134,153
EK202310232914,143
EK202310229534,153
EK202310187612,153
EK202310186706,143
EK202310146528,153
EK202310201671,153
EK202310155878,153
EK202310186935,153
EK202310165048,153
EK202310214244,153
EK202310003448,153
EK202310237813,153
EK202310229380,153
EK202310136410,104
EK202310181792,123
EK202310174073,153
EK202310230921,143
EK202310131346,153
EK202310167144,153
EK202310198792,153
EK202310230863,153
EK202310116803,153
EK202310161651,153
EK202310140098,153
EK202310147311,153
EK202310228798,143
EK202310166857,153
EK202310204207,153
EK202310181214,153
EK202310163102,153
EK202310132529,153
EK202310194194,153
EK202310185194,153
EK202310139315,153
EK202310133963,153
EK202310107375,153
EK202310183190,153
EK202310150967,153
EK202310235477,153
EK202310231329,143
EK202310151218,153
EK202310117961,143
EK202310115637,153
EK202310148316,153
EK202310189439,153
EK202310183291,153
EK202310180341,153
EK202310195359,153
EK202310168437,153
EK202310239724,153
EK202310120281,153
EK202310154084,143
EK202310202226,153
EK202310211847,153
EK202310225040,153
EK202310148021,153
EK202310219384,153
EK202310189651,153
EK202310172718,153
EK202310154499,153
EK202310199387,153
EK202310109346,153
EK202310151918,153
EK202310138435,153
EK202310208281,153
EK202310144236,143
EK202310169290,153
EK202310120393,153
EK202310183688,153
EK202310192046,153
EK202310141942,143
EK202310120519,153
EK202310226413,153
EK202310177117,153
EK202310217940,153
EK202310170501,153
EK202310223357,153
EK202310245835,153
EK202310137793,153
EK202310174008,153
EK202310209155,153
EK202310177866,153
EK202310137396,157
EK202320006094,153
EK202310237036,153
EK202310177476,153
EK202310218927,153
EK202320007708,153
EK202310150749,153
EK202310226921,153
EK202310134168,153
EK202310198694,153
EK202310153758,153
EK202310164887,153
EK202310235542,153
EK202310175801,153
EK202310201383,153
EK202310003604,143
EK202310132259,153
EK202310223451,153
EK202310232766,153
EK202310162702,153
EK202310191785,153
EK202310222647,153
EK202310120606,153
EK202310196738,143
EK202310167031,153
EK202320006878,153
EK202310128617,153
EK202310156730,153
EK202310154328,143
EK202310199723,153
EK202310204015,153
EK202310165125,153
EK202310128837,153
EK202310109283,153
EK202310140754,153
EK202310133445,153
EK202310215163,153
EK202310152379,153
EK202310222153,153
EK202310168369,153
EK202310146927,153
EK202310233613,153
EK202310194475,153
EK202310176902,153
EK202310109845,153
EK202310143688,153
EK202310223718,153
EK202310114527,153
EK202310120556,153
EK202310228552,153
EK202310149970,153
EK202310199626,143
EK202310214977,153
EK202310184953,153
EK202310004437,153
EK202310213912,153
EK202310151119,153
EK202310171466,146
EK202310152063,153
EK202310137186,153
EK202320007104,153
EK202310202185,153
EK202310226204,153
EK202310189423,153
EK202310192491,153
EK202310187212,153
EK202310192179,153
EK202310126111,153
EK202310175586,153
EK202310194758,153
EK202310214384,153
EK202310179433,153
EK202310118937,153
EK202310230656,153
EK202310212922,153
EK202310223591,153
EK202310182731,153
EK202310197092,153
EK202310188601,153
EK202310185962,153
EK202310154873,153
EK202310140333,143
EK202310239540,153
EK202310207256,153
EK202310193996,153
EK202310196769,120
EK202310123958,153
EK202310240085,153
EK202310246484,153
EK202310147689,153
EK202310189701,153
EK202310237575,153
EK202310219357,143
EK202310120804,153
EK202310125732,153
EK202310167873,153
EK202310247821,153
EK202310206331,153
EK202310131746,153
EK202310125465,153
EK202310137591,153
EK202310146755,153
EK202310145331,153
EK202310126909,143
EK202310176521,153
EK202310160650,153
EK202310114819,104
EK202310218236,153
EK202310204841,153
EK202310004910,153
EK202310146653,153
EK202310188782,153
EK202310125945,153
EK202310176437,153
EK202310193288,143
EK202310178658,153
EK202310150054,153
EK202310142919,153
EK202310222262,143
EK202310235742,153
EK202310113166,153
EK202310224000,153
EK202310198993,153
EK202310228553,153
EK202310190794,153
EK202310201535,153
EK202310165775,153
EK202310173099,153
EK202310152431,153
EK202310232652,153
EK202310182578,153
EK202310176081,153
EK202310168495,153
EK202310243081,153
EK202310214666,153
EK202310173376,153
EK202310185049,153
EK202310151788,153
EK202310142398,153
EK202310191734,153
EK202310185366,153
EK202310110653,143
EK202310197984,153
EK202310212461,143
EK202310220987,153
EK202310114458,117
EK202310167289,153
EK202310178582,153
EK202310135726,143
EK202310208307,153
EK202310186529,153
EK202310163685,153
EK202310204304,153
EK202310174269,143
EK202310169002,153
EK202310195183,153
EK202310172158,153
EK202310195251,153
EK202310217760,153
EK202310233545,153
EK202310146187,153
EK202310201834,153
EK202310172626,153
EK202310173313,153
EK202310151898,153
EK202310112427,153
EK202310202848,153
EK202310106441,153
EK202310200903,153
EK202310211769,153
EK202310210065,153
EK202310243416,143
EK202310178697,153
EK202310161358,153
EK202320006190,153
EK202310180462,153
EK202310162539,153
EK202310148977,153
EK202310194237,153
EK202310223514,153
EK202310162269,153
EK202310121844,153
EK202310124866,153
EK202310107700,153
EK202310221161,153
EK202310245562,143
EK202310179235,153
EK202310124532,153
EK202310128389,153
EK202310129800,153
EK202310207578,153
EK202310193457,153
EK202310206549,153
EK202310192075,153
EK202310234817,153
EK202310152042,153
EK202310199732,153
EK202310106385,153
EK202310232034,153
EK202310225160,143
EK202310168514,153
EK202310196347,153
EK202310132598,153
EK202310193609,153
EK202310112508,153
EK202310155472,153
EK202310177321,143
EK202310128022,153
EK202310206990,153
EK202310142239,153
EK202310129832,153
EK202310213810,153
EK202310198404,153
EK202310003754,153
EK202310133307,153
EK202310155718,153
EK202310124975,153
EK202310238569,153
EK202310155626,153
EK202310109451,153
EK202310156701,143
EK202310112702,153
EK202310219593,153
EK202310236091,153
EK202310109465,153
EK202310239232,153
EK202310153092,153
EK202310142926,153
EK202310195282,153
EK202310144631,153
EK202310158174,153
EK202310130498,153
EK202310152250,153
EK202310154816,153
EK202310187452,153
EK202310130712,153
EK202310225931,153
EK202310212154,153
EK202310180982,153
EK202310187065,153
EK202310231143,153
EK202310244459,153
EK202310117863,153
EK202310104458,153
EK202310228846,153
EK202310129898,153
EK202310160315,153
EK202310146629,143
EK202310166930,153
EK202310242374,153
EK202310210376,153
EK202310197387,153
EK202310136364,153
EK202310204149,153
EK202310107806,153
EK202310233474,153
EK202310228559,153
EK202310138215,153
EK202310143063,153
EK202310157985,153
EK202310190599,153
EK202310114903,143
EK202310133276,153
EK202310132588,123
EK202310004157,153
EK202310152358,153
EK202310111141,153
EK202310200435,153
EK202310204982,153
EK202310212495,153
EK202310183601,153
EK202310214375,153
EK202310210198,153
EK202310167063,153
EK202310149576,153
EK202310132215,153
EK202310163904,153
EK202310200956,153
EK202310180120,153
EK202310121104,153
EK202310203655,153
EK202310194561,153
EK202310222799,153
EK202320007041,153
EK202310119052,153
EK202310137233,153
EK202310187775,153
EK202310232434,153
EK202310205717,143
EK202310221339,153
EK202310123835,153
EK202310232532,153
EK202310107165,153
EK202310203436,153
EK202310169851,153
EK202310193274,153
EK202310151878,153
EK202310180128,153
EK202310150220,153
EK202310187751,153
EK202310162881,153
EK202310192822,153
EK202310195620,153
EK202310135344,143
EK202310190721,153
EK202310121180,153
EK202310197995,153
EK202310238294,153
EK202310181201,153
EK202320006195,153
EK202310144714,153
EK202310174694,153
EK202310130143,153
EK202310213402,153
EK202310164458,153
EK202310138233,153
EK202310196325,153
EK202310230287,143
EK202320007443,153
EK202310237310,153
EK202310188028,153
EK202310221385,153
EK202310201433,153
EK202310210894,153
EK202310144757,153
EK202310230555,153
EK202310127197,153
EK202310210367,153
EK202310107406,153
EK202310201552,153
EK202310163315,153
EK202310106204,153
EK202310189865,153
EK202310143319,153
EK202310187989,153
EK202310204280,153
EK202310166053,153
EK202310179719,153
EK202310119334,153
EK202310212088,153
EK202310123364,153
EK202310235184,153
EK202310150098,153
EK202310219013,153
EK202320005598,153
EK202310122400,153
EK202320006069,153
EK202310240606,153
EK202310192122,153
EK202310239991,153
EK202310129077,153
EK202310246377,153
EK202310242482,153
EK202310162862,153
EK202310217556,153
EK202310136375,153
EK202310193072,153
EK202310232709,153
EK202310137784,153
EK202310195933,153
EK202310190342,104
EK202310128675,153
EK202310156867,153
EK202310148670,153
EK202310176460,153
EK202310129961,153
EK202310146909,153
EK202310138497,153
EK202320005583,153
EK202310139679,153
EK202310138331,153
EK202310183937,153
EK202310180455,153
EK202310197763,153
EK202310196627,153
EK202310219790,153
EK202310185905,153
EK202310004706,153
EK202310181268,143
EK202310219922,153
EK202310149625,153
EK202310200086,153
EK202310214446,153
EK202310244555,153
EK202310203678,153
EK202310121725,153
EK202310178580,153
EK202310231258,153
EK202310116413,153
EK202310130519,153
EK202310114605,153
EK202310104328,153
EK202310217095,153
EK202310159014,120
EK202310240255,153
EK202320006678,153
EK202310127358,143
EK202310228371,153
EK202310212880,153
EK202310184252,153
EK202310222457,153
EK202310106525,153
EK202310212900,153
EK202310164200,153
EK202310141506,153
EK202310124179,117
EK202310210747,153
EK202310104325,153
EK202310171837,153
EK202310183388,153
EK202310175474,153
EK202310161361,153
EK202310163883,153
EK202310233128,143
EK202310199650,153
EK202310107707,153
EK202310112036,153
EK202310152162,153
EK202310115154,143
EK202310106295,153
EK202310209811,153
EK202310170779,153
EK202310132319,150
EK202310176117,153
EK202310109117,153
EK202310146050,153
EK202310189377,153
EK202310108901,153
EK202310129280,153
EK202310186201,153
EK202310125879,153
EK202310223489,153
EK202310195362,153
EK202310168199,153
EK202310123430,153
EK202310169481,153
EK202310212350,153
EK202310204165,153
EK202310116597,153
EK202310178940,153
EK202310181172,153
EK202310232407,143
EK202310120201,153
EK202310132088,153
EK202310176583,153
EK202310116485,153
EK202310232488,153
EK202310185248,153
EK202310114195,153
EK202310171527,143
EK202310239847,143
EK202310109025,153
EK202310188543,153
EK202310164772,153
EK202310220946,153
EK202310157893,153
EK202310130096,153
EK202310215475,153
EK202310175525,153
EK202310241739,153
EK202310149577,153
EK202320007764,153
EK202310162677,153
EK202310118455,153
EK202310144170,153
EK202310123446,153
EK202310111614,153
EK202310148681,153
EK202310135706,153
EK202310169610,153
EK202310154626,153
EK202310186396,153
EK202310130384,153
EK202310139999,153
EK202310173443,153
EK202310172753,153
EK202310150539,153
EK202310197972,153
EK202310167038,153
EK202310121549,153
EK202310144749,153
EK202310129763,153
EK202310105138,153
EK202310145803,153
EK202310150239,143
EK202310169489,153
EK202310138665,153
EK202310123078,153
EK202310219135,153
EK202310116443,153
EK202310195859,153
EK202310118292,153
EK202310134982,153
EK202310236579,153
EK202310145251,153
EK202310144320,153
EK202310165413,153
EK202310164223,153
EK202310178660,153
EK202310152292,153
EK202310232276,104
EK202310227732,153
EK202310155773,153
EK202310188232,153
EK202310182770,153
EK202310202719,153
EK202310138556,153
EK202310239172,153
EK202310151877,153
EK202310116662,153
EK202310206983,153
EK202310161922,153
EK202310116370,153
EK202310216242,153
EK202310223914,153
EK202310183638,153
EK202310180955,153
EK202310135432,153
EK202310220264,153
EK202310241824,153
EK202310175340,153
EK202310123572,153
EK202310228745,153
EK202310150402,153
EK202310123048,153
EK202310245625,153
EK202310004596,153
EK202310187568,153
EK202310004796,153
EK202310206482,153
EK202310152723,153
EK202310144324,153
EK202310182703,153
EK202310207031,153
EK202310224829,153
EK202310194916,153
EK202310158171,153
EK202310237739,153
EK202310233535,153
EK202310159582,153
EK202310157407,153
EK202310222554,153
EK202310209992,153
EK202310197773,153
EK202310219559,153
EK202310149590,126
EK202310172229,153
EK202310179759,153
EK202310141351,153
EK202310202674,153
EK202310150237,153
EK202310131854,153
EK202310209299,153
EK202310152323,153
EK202310130424,153
EK202310219110,153
EK202310208971,153
EK202310175417,153
EK202310178979,153
EK202310149330,153
EK202310214732,153
EK202310151284,153
EK202310246323,153
EK202310162754,153
EK202310142435,153
EK202310218666,153
EK202310221049,153
EK202310173708,153
EK202310192941,143
EK202310126047,153
EK202310241369,153
EK202310183820,153
EK202310243559,153
EK202310148350,153
EK202310224931,153
EK202310236248,153
EK202310156811,153
EK202310224565,153
EK202310203958,153
EK202310119312,153
EK202310178028,153
EK202310186588,153
EK202310139697,143
EK202310197136,153
EK202310220806,153
EK202310222987,153
EK202310161970,153
EK202310208174,153
EK202310118068,153
EK202310131022,153
EK202310122159,153
EK202310216067,153
EK202310245924,153
EK202310111788,153
EK202310127853,153
EK202310106238,153
EK202310158124,153
EK202310132835,153
EK202310148914,143
EK202310231691,143
EK202310247000,153
EK202310192115,153
EK202310104130,153
EK202310139212,143
EK202310197454,153
EK202310192429,143
EK202310167625,143
EK202310199497,153
EK202310153618,153
EK202310181484,153
EK202310198186,153
EK202310152220,153
EK202310159039,153
EK202310191546,153
EK202310133158,153
EK202310201688,153
EK202310235017,153
EK202310135857,153
EK202310218208,153
EK202310118595,153
EK202310163828,153
EK202310141421,153
EK202310180807,153
EK202310205637,153
EK202310105788,153
EK202310216219,153
EK202320007125,153
EK202310104911,153
EK202310189159,153
EK202310195473,153
EK202310118604,153
EK202310195319,153
EK202310240500,153
EK202310113748,153
EK202310004313,153
EK202310143650,153
EK202310165864,153
EK202310197618,153
EK202310147381,153
EK202310204456,153
EK202310168795,153
EK202310162071,153
EK202310155041,153
EK202310116293,153
EK202310111802,153
EK202310143876,153
EK202310170107,153
EK202320006604,153
EK202310181395,153
EK202310128405,143
EK202310172117,153
EK202310173280,153
EK202310114735,153
EK202310124558,153
EK202310122475,150
EK202310137618,153
EK202310105474,143
EK202310209280,153
EK202310142912,153
EK202310246004,153
EK202310186374,153
EK202310139853,153
EK202310243432,153
EK202310135700,157
EK202320006074,153
EK202310207199,153
EK202310114736,153
EK202310129145,153
EK202310135339,153
EK202310105627,153
EK202310114046,153
EK202310121749,153
EK202310160579,153
EK202310132059,153
EK202310158407,153
EK202310115805,153
EK202310165675,153
EK202310223393,153
EK202310166586,153
EK202310142763,153
EK202310169174,153
EK202310118007,153
EK202310188453,146
EK202310186603,153
EK202310115518,153
EK202310237777,153
EK202310245509,153
EK202310149571,153
EK202310238699,153
EK202310162044,153
EK202310178900,153
EK202310210189,153
EK202310246044,153
EK202310169510,153
EK202310224019,153
EK202310196916,153
EK202310110545,153
EK202310158475,153
EK202310240666,153
EK202310147702,153
EK202310240541,153
EK202310165419,153
EK202310158944,153
EK202310154741,153
EK202310183411,153
EK202310150802,143
EK202310236647,153
EK202310168877,153
EK202310177550,153
EK202310161815,153
EK202310205936,143
EK202310236918,153
EK202310231978,153
EK202310145447,153
EK202310113081,153
EK202310245380,153
EK202310226536,153
EK202310171629,153
EK202310142578,153
EK202310154571,153
EK202310133424,153
EK202310205232,153
EK202310125353,104
EK202310129062,153
EK202310148286,153
EK202310217186,153
EK202310240058,153
EK202310004925,153
EK202310121900,153
EK202310193811,153
EK202310236073,153
EK202310209661,153
EK202310183452,153
EK202310198390,153
EK202310194814,153
EK202310154258,153
EK202310225570,153
EK202310236562,153
EK202310125786,153
EK202310227228,143
EK202310104334,153
EK202310247598,153
EK202310163731,153
EK202310153854,153
EK202310209072,153
EK202310130417,153
EK202310161714,153
EK202310161726,153
EK202310214070,153
EK202310174019,153
EK202310197029,153
EK202310236341,153
EK202310218675,143
EK202310124319,143
EK202310231778,153
EK202320006401,153
EK202310107779,153
EK202310133015,153
EK202310181550,153
EK202310247332,153
EK202310111163,153
EK202310145310,153
EK202310126094,153
EK202310161397,143
EK202310146374,153
EK202310136414,153
EK202310141425,153
EK202310138405,153
EK202310173668,153
EK202310184285,153
EK202310176095,153
EK202310211570,153
EK202310208829,153
EK202310147190,153
EK202310191735,143
EK202310213951,153
EK202310140049,153
EK202310169326,153
EK202310157230,153
EK202310124090,153
EK202310142146,153
EK202310107242,153
EK202310192993,153
EK202310149787,153
EK202310177888,153
EK202310212815,153
EK202310223609,153
EK202310189733,153
EK202310218104,153
EK202310111896,153
EK202310132753,153
EK202310112173,153
EK202310167323,153
EK202310140969,153
EK202310214853,153
EK202310105928,153
EK202310213446,153
EK202310134309,153
EK202310177619,153
EK202310004283,153
EK202310176874,153
EK202310160131,153
EK202310201219,153
EK202310004099,153
EK202310167947,153
EK202310155342,153
EK202310209163,153
EK202310242285,153
EK202310215045,153
EK202310245674,153
EK202310192087,143
EK202310182851,153
EK202310184176,153
EK202310205303,153
EK202310108199,153
EK202310124913,153
EK202310140458,143
EK202310142132,153
EK202310147065,153
EK202310143393,143
EK202310139964,150
EK202310225775,153
EK202310127142,153
EK202310179582,153
EK202310207922,153
EK202310195810,153
EK202310178849,153
EK202310229124,153
EK202310113502,153
EK202310223610,153
EK202310147986,153
EK202310236813,153
EK202310176936,153
EK202310199151,153
EK202310192534,153
EK202310217624,153
EK202310003755,153
EK202310161830,153
EK202310243624,153
EK202310164105,153
EK202310179948,153
EK202310135310,153
EK202310004295,153
EK202310141079,153
EK202310225179,153
EK202310227335,153
EK202310161160,153
EK202310247623,153
EK202310206076,153
EK202310119053,153
EK202310139617,153
EK202310143241,153
EK202310115504,153
EK202320007161,153
EK202310183784,143
EK202310187344,153
EK202310185527,153
EK202310238290,153
EK202310140457,153
EK202310150648,153
EK202310223600,153
EK202310167530,153
EK202310224100,153
EK202310152786,153
EK202310135478,153
EK202310193078,143
EK202310155463,153
EK202310105582,146
EK202310135195,153
EK202320005552,153
EK202310228708,153
EK202310141498,153
EK202310193872,153
EK202310141414,153
EK202310151905,153
EK202310127407,153
EK202320006299,153
EK202310212343,153
EK202310168454,153
EK202310171479,153
EK202310110727,153
EK202310109806,153
EK202310229172,153
EK202310221527,143
EK202310136692,143
EK202310225939,153
EK202310128011,153
EK202310119451,153
EK202310240016,153
EK202310137412,153
EK202320006473,153
EK202310133714,153
EK202310182002,153
EK202310146885,117
EK202310228765,153
EK202310199335,153
EK202310144286,153
EK202310120179,153
EK202310125242,153
EK202310129853,153
EK202310105724,153
EK202310177232,153
EK202310240889,153
EK202310135626,153
EK202310182429,153
EK202310160815,153
EK202310161842,153
EK202310194125,153
EK202310163430,153
EK202310207741,153
EK202310202036,153
EK202310165652,153
EK202310136570,153
EK202310139028,153
EK202310163487,153
EK202310177984,153
EK202310239997,153
EK202310176249,153
EK202310152361,153
EK202310151709,153
EK202310135268,153
EK202310171919,153
EK202310122006,153
EK202310127839,153
EK202310219814,153
EK202310187560,153
EK202310113366,153
EK202310134748,153
EK202310208843,153
EK202310175338,153
EK202310124470,153
EK202310121775,153
EK202310237332,153
EK202310141855,153
EK202310154289,153
EK202310120044,150
EK202310192432,153
EK202310160195,153
EK202310105413,153
EK202310004863,143
EK202310138732,153
EK202310225944,153
EK202310239340,153
EK202310155959,153
EK202310177384,153
EK202310114746,153
EK202310156841,153
EK202310213654,143
EK202310210592,153
EK202310110296,153
EK202310240236,153
EK202310242957,153
EK202310163621,153
EK202310202691,153
EK202310127490,153
EK202310199512,153
EK202310155288,143
EK202310237968,153
EK202310118847,153
EK202310144769,143
EK202310212518,153
EK202320007577,153
EK202310244590,153
EK202310003432,153
EK202310242932,153
EK202310184880,153
EK202310208839,153
EK202310225707,153
EK202310196085,153
EK202310111047,153
EK202310149321,153
EK202310214602,153
EK202310190162,153
EK202310203789,153
EK202310165931,153
EK202310143768,153
EK202310226420,153
EK202310206883,153
EK202310230191,153
EK202310223966,153
EK202310118804,153
EK202310224984,143
EK202310221101,153
EK202310241759,153
EK202310219986,153
EK202310247113,153
EK202310136489,153
EK202310189176,153
EK202310201813,153
EK202310167143,153
EK202310245156,153
EK202310149980,153
EK202310238395,153
EK202310223767,153
EK202310118543,153
EK202310137202,153
EK202310245378,153
EK202310202917,153
EK202310120015,153
EK202310242744,153
EK202310170961,153
EK202310170849,153
EK202310108365,153
EK202310225302,153
EK202310141853,153
EK202310152952,153
EK202310118252,153
EK202310150764,153
EK202310188288,153
EK202310236699,153
EK202310228975,153
EK202310176364,153
EK202310148297,153
EK202310234706,143
EK202310202029,153
EK202310218635,153
EK202310187565,153
EK202310238217,153
EK202310144263,143
EK202310216046,143
EK202310240199,153
EK202310118761,153
EK202310118387,153
EK202310228319,153
EK202310188942,153
EK202310171922,153
EK202310205751,153
EK202310181387,153
EK202310194611,153
EK202310123903,153
EK202310201170,153
EK202310124579,153
EK202310225456,143
EK202310224047,153
EK202310168185,153
EK202310149367,153
EK202310222236,153
EK202310191402,153
EK202310216518,153
EK202310116323,153
EK202310229479,153
EK202310242068,153
EK202310172108,104
EK202310148960,153
EK202310203368,153
EK202310248782,153
EK202310130742,153
EK202310127431,153
EK202310166666,153
EK202310142516,153
EK202310171160,153
EK202310131980,153
EK202310230754,143
EK202310205660,153
EK202310195938,153
EK202310223018,153
EK202310189611,153
EK202310114061,153
EK202310168186,153
EK202310123079,143
EK202310142507,143
EK202310192082,153
EK202310116417,153
EK202310152679,153
EK202310186123,153
EK202310187670,153
EK202310199114,153
EK202310144744,153
EK202310171906,153
EK202310222160,153
EK202310202383,153
EK202310133543,153
EK202310240197,153
EK202310224654,153
EK202310159827,153
EK202310129302,153
EK202310220687,153
EK202310137416,153
EK202310195263,153
EK202310226117,153
EK202310177937,153
EK202310224977,153
EK202310104811,153
EK202310202225,153
EK202310198252,153
EK202310169634,143
EK202310141724,153
EK202310132515,146
EK202310222595,153
EK202310245206,153
EK202310206384,153
EK202310131595,153
EK202310114450,153
EK202310193999,143
EK202310153211,123
EK202310168571,153
EK202310117487,153
EK202310147040,153
EK202310164747,153
EK202310185539,153
EK202310180947,153
EK202310209467,153
EK202310197453,153
EK202310241952,153
EK202310171659,153
EK202310121984,143
EK202310145988,153
EK202310227472,153
EK202310158925,153
EK202310161059,153
EK202310246350,153
EK202310204768,153
EK202310245196,153
EK202310134281,153
EK202310232567,153
EK202310187864,153
EK202310175599,153
EK202310137474,153
EK202310214594,153
EK202310176570,153
EK202310143525,153
EK202310216731,153
EK202310182951,153
EK202310195606,153
EK202310003354,153
EK202310003704,153
EK202310207753,153
EK202310108512,153
EK202310230571,153
EK202310210082,153
EK202310191492,153
EK202310113969,153
EK202310123941,143
EK202310135080,153
EK202310117802,153
EK202310158376,153
EK202310140051,153
EK202310230366,153
EK202310138959,153
EK202310112243,153
EK202310142973,153
EK202310179563,153
EK202310213686,143
EK202310207985,153
EK202310169142,153
EK202310189846,153
EK202310217981,153
EK202310168427,153
EK202310165111,153
EK202310211489,153
EK202310164721,153
EK202310192084,153
EK202310155310,153
EK202310207807,153
EK202310167274,153
EK202310232098,153
EK202310246400,153
EK202310181247,153
EK202310146677,153
EK202310199983,153
EK202310198892,143
EK202310118490,153
EK202310218556,153
EK202310209766,153
EK202310201549,153
EK202310227205,153
EK202310201879,153
EK202310208984,153
EK202310172280,153
EK202310127074,153
EK202310003431,153
EK202310128481,153
EK202310191056,153
EK202310224670,153
EK202310148699,153
EK202310186655,153
EK202310145129,153
EK202310141368,153
EK202310215091,153
EK202310131768,153
EK202310169680,153
EK202310215558,153
EK202310235372,153
EK202310123185,153
EK202310188811,153
EK202310160442,153
EK202310190513,153
EK202310174071,153
EK202310226475,153
EK202310124362,143
EK202310217706,153
EK202310226498,153
EK202310237132,153
EK202310156490,153
EK202310161525,153
EK202310233261,153
EK202310183188,153
EK202310204179,153
EK202310221970,143
EK202310136055,153
EK202310192784,153
EK202310154098,153
EK202310195221,153
EK202310247669,153
EK202320006739,153
EK202310143079,143
EK202310157780,153
EK202310122685,153
EK202310228079,153
EK202310178496,153
EK202310108793,153
EK202310243880,153
EK202310108022,153
EK202310127023,153
EK202310114813,153
EK202310211046,153
EK202310139161,153
EK202310165288,150
EK202310245913,153
EK202310216026,153
EK202310132021,153
EK202310206339,153
EK202310216740,153
EK202310210301,153
EK202310167900,153
EK202310173409,153
EK202310144428,153
EK202310194970,153
EK202310105005,146
EK202310108090,153
EK202310229406,153
EK202310152037,150
EK202310204361,153
EK202310114029,143
EK202310158725,153
EK202310158027,153
EK202310148586,153
EK202310237068,153
EK202310144709,153
EK202310161357,153
EK202310124452,153
EK202310131605,153
EK202310162054,153
EK202310181680,153
EK202310117645,153
EK202310147699,143
EK202310153309,153
EK202310184492,153
EK202310104645,153
EK202310137713,153
EK202310243221,153
EK202310156335,153
EK202310197583,153
EK202310137359,153
EK202310130956,153
EK202310171369,153
EK202310232324,143
EK202310172995,153
EK202310134239,153
EK202310243506,153
EK202310163154,153
EK202310127929,153
EK202310202227,153
EK202310139348,153
EK202310158547,153
EK202310236863,143
EK202310179959,153
EK202310195894,153
EK202310229850,153
EK202310242435,153
EK202310135502,153
EK202310229084,153
EK202310118049,153
EK202310201122,153
EK202310109875,153
EK202310196757,153
EK202310139569,153
EK202310107377,153
EK202310116923,153
EK202310228873,153
EK202310218754,153
EK202310154272,153
EK202310231169,143
EK202310217977,153
EK202310222555,153
EK202310162130,153
EK202310112323,153
EK202310159262,153
EK202310151594,153
EK202310163721,153
EK202310149061,153
EK202310147880,153
EK202310212050,153
EK202310117729,153
EK202310107629,153
EK202310139317,153
EK202310179272,153
EK202310121894,153
EK202310139188,153
EK202310167435,153
EK202310228964,153
EK202310113550,153
EK202310180850,153
EK202310105563,153
EK202310110748,153
EK202310234819,153
EK202310154339,143
EK202310210307,153
EK202310239873,153
EK202310183383,153
EK202310193557,143
EK202310228033,153
EK202310167532,153
EK202310222264,104
EK202310106581,143
EK202310221125,143
EK202310165054,153
EK202310150415,153
EK202310233802,153
EK202310190617,153
EK202310106410,153
EK202310216886,143
EK202310115900,153
EK202310104935,153
EK202310129722,153
EK202310120948,153
EK202310164436,153
EK202310122507,158
EK202310160593,153
EK202310210615,153
EK202310132871,153
EK202310237902,143
EK202310231150,153
EK202310165528,153
EK202310244497,153
EK202310107512,153
EK202310120477,153
EK202310229593,104
EK202310126986,153
EK202310175535,153
EK202310148104,153
EK202310201431,153
EK202310148767,153
EK202310113034,153
EK202310209227,153
EK202310114309,143
EK202310174763,153
EK202310236793,143
EK202310177429,153
EK202310167536,143
EK202310141576,153
EK202310213488,153
EK202310162322,153
EK202310130610,153
EK202310152488,153
EK202310151734,153
EK202310155060,153
EK202310226481,153
EK202310119174,153
EK202310180130,153
EK202310104489,153
EK202310195688,153
EK202310132973,153
EK202310135035,153
EK202310167150,153
EK202310195252,143
EK202310127294,153
EK202310140484,153
EK202310119854,153
EK202310248841,153
EK202320007808,153
EK202310199228,153
EK202310184715,153
EK202320007242,153
EK202310147415,153
EK202310171570,143
EK202310110477,153
EK202310113604,153
EK202320006431,153
EK202310121838,153
EK202310148733,153
EK202310148335,153
EK202310113968,143
EK202310231455,153
EK202310203454,153
EK202310191708,153
EK202310109582,153
EK202310203719,153
EK202310201332,153
EK202310204835,143
EK202310131213,153
EK202310155687,153
EK202310178634,153
EK202310115110,153
EK202310201445,153
EK202310233989,143
EK202310226621,153
EK202310182124,153
EK202310129960,153
EK202310172024,153
EK202310124587,153
EK202310180490,153
EK202310218866,153
EK202310145486,153
EK202310243783,153
EK202310163544,153
EK202310245299,153
EK202310185466,153
EK202310114372,153
EK202310132954,143
EK202310156324,153
EK202310237016,153
EK202310214641,153
EK202310106858,153
EK202310182500,153
EK202310125749,153
EK202310201978,153
EK202310112112,143
EK202310243292,153
EK202310192897,153
EK202310173512,153
EK202310125634,153
EK202310165797,153
EK202310213138,153
EK202310211642,153
EK202310156317,153
EK202310154649,153
EK202310198938,153
EK202310175465,153
EK202310187555,143
EK202310183448,153
EK202310205101,153
EK202310201536,153
EK202310131221,117
EK202310242173,153
EK202310195317,153
EK202310139267,153
EK202310189575,153
EK202310186883,153
EK202310184286,153
EK202310194270,153
EK202310003611,123
EK202310189126,153
EK202310179964,153
EK202310118181,153
EK202310220832,153
EK202310203022,153
EK202310205592,153
EK202310128283,153
EK202310214279,153
EK202310175101,153
EK202310116399,153
EK202310132303,104
EK202310147925,153
EK202310219063,153
EK202310197713,153
EK202310165104,153
EK202310198835,153
EK202310230554,153
EK202310103890,153
EK202310152894,153
EK202310156771,153
EK202310239166,153
EK202310157043,153
EK202310158767,153
EK202310231819,153
EK202310162990,153
EK202310237033,153
EK202310220279,153
EK202310105088,153
EK202310183088,153
EK202310134719,153
EK202310126509,153
EK202310113028,153
EK202320007641,153
EK202310194771,143
EK202310193624,153
EK202310178811,153
EK202310127140,153
EK202310193675,153
EK202310208947,153
EK202310242072,153
EK202310129762,153
EK202310178638,153
EK202310208504,153
EK202310131365,153
EK202310118546,153
EK202310245144,153
EK202310142879,153
EK202310197920,153
EK202310182216,153
EK202310163824,153
EK202310247357,153
EK202310145691,153
EK202310176063,153
EK202320006459,153
EK202310227785,153
EK202310189723,153
EK202310182881,153
EK202310196251,153
EK202310212183,153
EK202310165884,153
EK202310162354,153
EK202320006915,153
EK202310152978,153
EK202310186596,153
EK202310184203,153
EK202310115228,153
EK202310187250,153
EK202310199882,153
EK202310247733,153
EK202310142093,153
EK202310192250,153
EK202310161127,153
EK202310227929,153
EK202310144416,153
EK202310129300,153
EK202310132887,153
EK202320007268,153
EK202310117763,143
EK202310135610,153
EK202310108226,153
EK202310197484,153
EK202310220905,153
EK202310210612,153
EK202310199825,153
EK202310167815,153
EK202310222270,143
EK202310218829,143
EK202310158524,153
EK202310227353,153
EK202310105993,153
EK202310128862,153
EK202320005603,153
EK202310145543,153
EK202310226964,153
EK202310106404,153
EK202310158792,153
EK202310169557,153
EK202320007615,153
EK202310244340,153
EK202310241009,153
EK202310173004,153
EK202310229814,153
EK202310136774,153
EK202310134670,153
EK202310125653,153
EK202310104378,143
EK202310114092,153
EK202310242755,153
EK202310175831,153
EK202310123102,153
EK202310246196,153
EK202310164308,153
EK202310164001,153
EK202310127733,153
EK202310107896,153
EK202310196209,153
EK202310164751,153
EK202310180897,153
EK202310217788,153
EK202310193711,153
EK202310244316,153
EK202310224163,153
EK202310104994,153
EK202310140073,153
EK202310188584,153
EK202310110511,143
EK202310231033,153
EK202310178461,153
EK202310167965,153
EK202310106027,153
EK202310193439,153
EK202310151107,153
EK202310196605,153
EK202310218318,153
EK202310195078,143
EK202310148837,153
EK202310127102,153
EK202310114514,153
EK202310121553,143
EK202310172559,153
EK202310151216,143
EK202310128073,153
EK202310108605,153
EK202310201812,153
EK202310190862,153
EK202310223367,153
EK202310217222,153
EK202310171756,153
EK202320006771,153
EK202310124052,153
EK202310221124,153
EK202310154368,153
EK202310155273,153
EK202310161608,153
EK202310176630,153
EK202310158951,153
EK202310223924,152
EK202310187178,153
EK202310189441,153
EK202310193808,153
EK202310117653,153
EK202320006281,153
EK202310104452,153
EK202310170998,153
EK202310247137,153
EK202310207587,153
EK202310224054,153
EK202310124503,117
EK202310111608,153
EK202310169517,153
EK202310177572,153
EK202320005767,153
EK202310194290,153
EK202310115205,153
EK202310227698,153
EK202310120637,153
EK202310143976,153
EK202310246533,153
EK202310244741,153
EK202310163421,153
EK202310169247,153
EK202310136860,153
EK202310217749,153
EK202310128152,117
EK202310193309,153
EK202310243321,153
EK202310152737,143
EK202310187887,153
EK202310150896,153
EK202310123219,153
EK202310166345,153
EK202310163457,153
EK202310218300,153
EK202310177093,153
EK202310123434,153
EK202310226930,153
EK202310210088,153
EK202310190936,153
EK202310127583,153
EK202310185141,153
EK202310138333,153
EK202310143408,153
EK202310147317,153
EK202310127752,153
EK202310248048,153
EK202310109094,153
EK202310230897,153
EK202310229240,153
EK202310158776,153
EK202310178235,153
EK202310153456,150
EK202310125365,153
EK202310228431,153
EK202310177613,153
EK202310230016,153
EK202310124464,153
EK202310160084,153
EK202310230147,153
EK202310154253,153
EK202310180390,153
EK202310126260,153
EK202310110447,153
EK202310225162,153
EK202310127787,143
EK202310127024,153
EK202310123897,153
EK202310191044,153
EK202310107279,153
EK202310222709,153
EK202310158190,153
EK202310226271,153
EK202310227119,153
EK202310180033,153
EK202310113831,143
EK202310127200,153
EK202310234951,153
EK202310113479,146
EK202310207326,153
EK202310227319,153
EK202310230874,153
EK202310139589,153
EK202310114753,153
EK202310121349,153
EK202310202957,153
EK202310159641,153
EK202310176020,153
EK202310163367,153
EK202310186524,153
EK202310221903,153
EK202310161048,143
EK202310187444,153
EK202310127440,153
EK202310218146,153
EK202310150639,153
EK202310233888,153
EK202310209197,153
EK202310143716,153
EK202310104198,153
EK202310154483,143
EK202310167981,153
EK202310180723,143
EK202310196829,153
EK202310115909,153
EK202310142747,153
EK202310168568,153
EK202310116790,104
EK202310246722,153
EK202310201508,153
EK202310184072,153
EK202310243865,153
EK202310210914,153
EK202310239276,153
EK202310215006,153
EK202310104899,153
EK202310123211,143
EK202310139857,153
EK202310229104,150
EK202310225758,153
EK202310154150,153
EK202310151559,153
EK202310121018,153
EK202310139751,143
EK202310130814,153
EK202310226459,153
EK202310144732,153
EK202310159300,153
EK202310216298,153
EK202310108276,153
EK202310132846,153
EK202310146926,143
EK202310205179,153
EK202310172161,153
EK202310206115,153
EK202310197301,153
EK202310172771,153
EK202310109812,153
EK202310152808,143
EK202310121442,153
EK202310136433,153
EK202310242312,143
EK202310104384,143
EK202310199318,153
EK202310135620,153
EK202310153631,153
EK202310133022,153
EK202310112038,143
EK202310200944,153
EK202310209272,153
EK202310221651,153
EK202310147889,153
EK202310004590,153
EK202310196915,153
EK202310186595,143
EK202310104696,153
EK202310144577,153
EK202310169285,153
EK202310184084,153
EK202310132378,153
EK202310246159,153
EK202310202358,153
EK202310159800,153
EK202310209349,153
EK202310200523,153
EK202310231409,153
EK202310125721,153
EK202310150276,153
EK202310197223,153
EK202310160408,153
EK202310213557,153
EK202310218382,153
EK202310209694,153
EK202310211465,153
EK202310227036,153
EK202310168055,153
EK202310173868,153
EK202310235783,153
EK202310182758,153
EK202310202200,153
EK202310114988,153
EK202310176929,153
EK202310121237,153
EK202310152253,153
EK202310226416,153
EK202310140761,153
EK202310200743,153
EK202310165360,153
EK202310235685,153
EK202310238675,153
EK202310191990,153
EK202310149927,153
EK202310196613,153
EK202310138650,153
EK202310135837,153
EK202310004179,153
EK202310202844,153
EK202310156145,153
EK202310137772,153
EK202310139643,153
EK202310190140,153
EK202310182976,153
EK202310140267,153
EK202310149614,153
EK202310188618,153
EK202310153165,153
EK202310239729,143
EK202310104290,153
EK202310237254,153
EK202310127230,153
EK202310133287,153
EK202310196943,153
EK202310154405,143
EK202310235085,153
EK202310144062,153
EK202310185906,153
EK202310133676,153
EK202310196801,153
EK202310223356,153
EK202310174845,153
EK202310131724,153
EK202310227778,153
EK202310139935,143
EK202310109785,153
EK202310162467,153
EK202310190820,153
EK202310111438,153
EK202310202344,153
EK202310128622,153
EK202310239716,153
EK202310206350,153
EK202310137152,153
EK202310186456,153
EK202310247836,153
EK202310239485,153
EK202310192860,153
EK202310130413,153
EK202310193922,153
EK202310181806,153
EK202310121213,153
EK202320006017,153
EK202310123080,153
EK202310155988,153
EK202310126966,153
EK202310189745,153
EK202310203961,153
EK202310118179,153
EK202310109004,153
EK202310003506,153
EK202310106808,153
EK202310242146,153
EK202310114687,153
EK202310139155,153
EK202310229903,153
EK202310170375,153
EK202310199839,153
EK202310112897,153
EK202310221448,153
EK202310191215,153
EK202310221051,153
EK202310221033,143
EK202310224111,153
EK202310217504,150
EK202310179120,153
EK202310106293,153
EK202310228948,153
EK202310192129,153
EK202310109160,153
EK202310170771,153
EK202310242806,143
EK202310175538,153
EK202310149012,153
EK202310104532,153
EK202310212068,153
EK202310123340,153
EK202310131077,153
EK202310148068,153
EK202310190251,153
EK202310174004,153
EK202310156599,153
EK202310153023,153
EK202310145554,153
EK202310160744,153
EK202310185195,153
EK202320006590,153
EK202310129886,153
EK202310124625,153
EK202310188309,153
EK202310142832,153
EK202310183119,153
EK202310105045,153
EK202310170611,153
EK202310155999,153
EK202310230234,153
EK202310103794,153
EK202310241301,153
EK202310202926,153
EK202310247420,153
EK202310165584,153
EK202310179695,153
EK202310164314,153
EK202310155082,153
EK202310145770,153
EK202310247538,153
EK202310214111,153
EK202310181544,153
EK202310151024,153
EK202310229794,143
EK202310125839,153
EK202310128797,153
EK202310147449,153
EK202310211288,153
EK202310165604,153
EK202310140481,143
EK202310154542,153
EK202310213091,153
EK202310248733,104
EK202310152930,153
EK202320006866,153
EK202310216477,153
EK202310181197,153
EK202310244809,153
EK202310111806,153
EK202310106490,153
EK202310145258,153
EK202310205168,153
EK202310157331,153
EK202310163882,153
EK202310129546,153
EK202310148414,153
EK202310224909,153
EK202310165479,143
EK202310170016,153
EK202310182759,153
EK202310111689,153
EK202310202711,153
EK202310201534,153
EK202310113940,153
EK202310114299,153
EK202310203251,153
EK202310143744,153
EK202310149498,153
EK202310217908,153
EK202310211929,153
EK202310149164,153
EK202310164565,153
EK202310210725,153
EK202310121120,153
EK202310216961,153
EK202310172951,153
EK202310230076,143
EK202310214365,153
EK202310120411,153
EK202310233763,153
EK202310189756,153
EK202310180908,153
EK202310163595,153
EK202310117226,143
EK202310133078,153
EK202310214364,153
EK202310216563,153
EK202310233460,153
EK202310145609,153
EK202310224257,153
EK202310192247,153
EK202310205631,153
EK202310231421,153
EK202310226086,153
EK202310237602,153
EK202310136602,153
EK202310122474,153
EK202310188932,153
EK202310138201,153
EK202310194378,153
EK202310214991,153
EK202310225525,153
EK202310134214,143
EK202310195862,153
EK202310159199,153
EK202310155737,153
EK202310170011,153
EK202310201630,153
EK202310226552,153
EK202310160002,153
EK202310151703,153
EK202310143816,153
EK202310232638,153
EK202310114002,153
EK202310129927,153
EK202310203267,153
EK202310177954,153
EK202310153060,153
EK202310111529,153
EK202310137725,153
EK202310166343,153
EK202310186809,153
EK202310144953,153
EK202310122463,153
EK202310134204,153
EK202310150378,153
EK202310237288,153
EK202310248480,153
EK202310004124,153
EK202310003566,153
EK202310213203,153
EK202310124344,153
EK202310228408,153
EK202310232131,153
EK202310118742,153
EK202310134004,153
EK202310247397,153
EK202310239190,143
EK202310246475,150
EK202310198578,153
EK202310215084,153
EK202310105260,143
EK202310165433,153
EK202310140038,153
EK202310107453,153
EK202310221064,153
EK202310120243,153
EK202310184845,153
EK202310176066,153
EK202310227077,153
EK202310144370,153
EK202310162124,143
EK202310110699,153
EK202310153084,153
EK202310160786,153
EK202310242308,153
EK202310194163,143
EK202310105869,153
EK202310214672,153
EK202310145840,153
EK202310178975,153
EK202310189351,153
EK202310180495,153
EK202310202435,153
EK202310111129,153
EK202310157646,153
EK202310227821,153
EK202310142018,104
EK202310176861,153
EK202310228822,143
EK202310142217,153
EK202310237859,153
EK202310146830,153
EK202310152183,143
EK202310179889,153
EK202310217535,153
EK202310111073,153
EK202310228103,153
EK202310171811,153
EK202310224290,153
EK202310108057,153
EK202310240225,153
EK202310240301,153
EK202310126961,143
EK202310235847,153
EK202310107011,153
EK202310185554,153
EK202310224213,153
EK202310132189,153
EK202310193327,153
EK202310230501,153
EK202310130145,153
EK202310188675,153
EK202310155036,153
EK202310177355,153
EK202310139948,153
EK202310119442,153
EK202310133620,153
EK202310202179,153
EK202310217546,153
EK202310182683,153
EK202310184843,153
EK202310108718,153
EK202310159849,153
EK202310004889,153
EK202320006575,153
EK202310209060,153
EK202310104959,153
EK202310182681,153
EK202310145101,143
EK202310134497,153
EK202310120585,153
EK202310198684,153
EK202310109466,153
EK202310106981,153
EK202310004230,153
EK202310173364,153
EK202310164220,153
EK202310207890,143
EK202310134470,150
EK202310124056,153
EK202310185859,153
EK202310160054,153
EK202310246219,153
EK202310196525,153
EK202310193933,153
EK202310144345,153
EK202310004466,153
EK202310168682,153
EK202310231230,153
EK202310206143,153
EK202310120180,153
EK202310208027,143
EK202310211315,153
EK202310176576,153
EK202310174969,153
EK202310210179,153
EK202310217528,153
EK202310238600,153
EK202310236054,153
EK202310137936,153
EK202310222493,153
EK202310171713,153
EK202310171703,153
EK202310132101,153
EK202310136177,153
EK202310222204,153
EK202310198438,153
EK202310198847,153
EK202310212204,153
EK202310158611,153
EK202310214429,153
EK202310197505,143
EK202310155317,153
EK202310103873,153
EK202310203439,153
EK202310205578,153
EK202310114493,153
EK202310192330,153
EK202310150257,143
EK202310212345,153
EK202310166764,153
EK202310173381,153
EK202310129246,153
EK202310198977,153
EK202310111435,153
EK202310210569,153
EK202310216496,153
EK202310159176,153
EK202310205779,153
EK202310160097,153
EK202310144776,153
EK202310232327,153
EK202310177826,153
EK202310232783,153
EK202310247658,153
EK202310192257,143
EK202310105522,153
EK202310110676,153
EK202310175277,153
EK202310222480,153
EK202310244692,153
EK202310238299,153
EK202310196847,153
EK202310219030,153
EK202310003531,153
EK202310216422,153
EK202310112977,153
EK202310184951,153
EK202310195157,153
EK202310107454,143
EK202310139967,104
EK202310150754,153
EK202310136822,153
EK202310219114,153
EK202310200603,153
EK202310141838,153
EK202310148763,153
EK202310234275,153
EK202310219816,153
EK202310105056,153
EK202310164743,153
EK202310132814,153
EK202310188510,153
EK202310190625,153
EK202310133363,153
EK202310164850,143
EK202310112766,153
EK202310242743,153
EK202310167944,153
EK202310174056,153
EK202310196467,143
EK202310112347,153
EK202310183616,153
EK202310169352,153
EK202310209027,153
EK202310223654,153
EK202310118853,153
EK202310161978,153
EK202310226345,153
EK202310229817,153
EK202310163424,153
EK202310230830,153
EK202310181485,153
EK202310173117,153
EK202310191342,143
EK202310205302,153
EK202310122843,153
EK202310201365,153
EK202310164039,153
EK202310176835,153
EK202310240788,153
EK202310112640,153
EK202310181638,153
EK202310233877,153
EK202310107169,153
EK202310178789,153
EK202310152645,153
EK202310139143,153
EK202310185606,153
EK202310236253,143
EK202310188369,153
EK202310138500,153
EK202310231971,153
EK202310194339,153
EK202310175771,153
EK202310109100,153
EK202310196714,153
EK202310135780,153
EK202310177286,153
EK202310162248,153
EK202310113556,153
EK202310225632,153
EK202310247856,153
EK202310178852,153
EK202310163577,153
EK202310151357,143
EK202310111121,153
EK202310181600,153
EK202310194358,153
EK202310202153,153
EK202310105466,143
EK202310216384,153
EK202310153150,153
EK202310230780,153
EK202310248548,104
EK202310121252,153
EK202310201045,153
EK202310208942,153
EK202310173243,153
EK202310183907,153
EK202310152258,153
EK202310151886,153
EK202310124883,153
EK202310206942,153
EK202310186343,153
EK202310199252,153
EK202310153785,153
EK202310119274,153
EK202310229019,153
EK202310003459,153
EK202310215837,153
EK202310104012,153
EK202310226825,153
EK202310112000,153
EK202310228139,153
EK202310195964,153
EK202310196447,153
EK202310133431,153
EK202310148207,153
EK202310208262,153
EK202310234548,153
EK202310110644,153
EK202310112284,153
EK202310185528,153
EK202310120181,153
EK202310155062,153
EK202310141339,153
EK202320007364,153
EK202310153420,153
EK202310168023,153
EK202310136980,153
EK202310109577,153
EK202310242836,153
EK202310245264,153
EK202310156259,153
EK202310190170,153
EK202310248085,153
EK202310236610,153
EK202310127984,143
EK202310151526,153
EK202310183833,153
EK202310181035,143
EK202310209277,153
EK202310208187,153
EK202310113331,153
EK202310130050,153
EK202310210098,153
EK202310131769,153
EK202310182943,153
EK202310245900,153
EK202310112562,153
EK202310112368,153
EK202310153158,153
EK202310246187,153
EK202310158259,153
EK202310191908,146
EK202310229177,143
EK202310173976,117
EK202310235029,153
EK202310160651,153
EK202310104176,153
EK202310163031,153
EK202310189284,153
EK202310203767,153
EK202310153903,153
EK202310163959,153
EK202310175696,153
EK202310196551,153
EK202310130357,153
EK202310227070,153
EK202310223980,153
EK202320005716,153
EK202310191016,153
EK202310159308,153
EK202310157506,153
EK202310205339,153
EK202310173591,153
EK202310212415,143
EK202310152400,153
EK202310116809,153
EK202310223921,153
EK202310136881,153
EK202310197683,153
EK202310119242,153
EK202310156431,153
EK202310142993,153
EK202310190357,153
EK202310138818,153
EK202310180708,146
EK202310171205,143
EK202310205536,153
EK202310178501,153
EK202310114516,153
EK202310217959,153
EK202310197130,153
EK202310175335,153
EK202310106557,153
EK202310228468,153
EK202310107166,153
EK202310187850,153
EK202310231655,153
EK202320005951,153
EK202310110395,153
EK202310229554,153
EK202310129150,153
EK202310245507,153
EK202310165967,153
EK202310139144,104
EK202310205378,153
EK202310118211,143
EK202310117975,153
EK202310246423,143
EK202310224264,153
EK202310157523,153
EK202310136806,153
EK202310209414,153
EK202310105657,153
EK202310227287,153
EK202310143495,153
EK202310104202,146
EK202310132179,153
EK202310192107,153
EK202310201701,153
EK202310204228,153
EK202310204465,153
EK202310220504,153
EK202310190283,153
EK202310220919,153
EK202310136224,153
EK202310229439,104
EK202310201973,153
EK202310233266,153
EK202310120402,153
EK202310203268,153
EK202310103759,153
EK202310206364,153
EK202310239486,153
EK202310167126,153
EK202310172738,153
EK202310225872,153
EK202310124187,153
EK202310230657,153
EK202310219193,153
EK202310169804,153
EK202310214791,153
EK202310130499,153
EK202310125258,153
EK202310217221,153
EK202310244345,153
EK202310130692,153
EK202310225290,153
EK202310202584,153
EK202310165777,153
EK202310173066,153
EK202310142994,153
EK202310146665,153
EK202310213439,153
EK202310239350,153
EK202310187146,153
EK202310141831,153
EK202310181405,153
EK202310218983,153
EK202310224271,153
EK202310141723,153
EK202310191900,153
EK202310179485,153
EK202310162868,153
EK202310182366,153
EK202310148108,153
EK202310160133,153
EK202310166838,153
EK202310209189,153
EK202310135477,153
EK202310136211,153
EK202310211907,153
EK202310204224,153
EK202310003420,143
EK202310111245,153
EK202310155528,153
EK202310116420,153
EK202310163647,153
EK202310004316,153
EK202310136565,153
EK202310242785,153
EK202310142669,153
EK202310113336,153
EK202310147196,153
EK202310198324,153
EK202310143104,153
EK202310112994,153
EK202310175359,153
EK202310185406,153
EK202310179778,153
EK202310112667,153
EK202310194252,153
EK202310147035,123
EK202310111219,153
EK202310214524,153
EK202310232716,153
EK202310105019,153
EK202310234559,153
EK202310173427,153
EK202310195378,153
EK202310134112,153
EK202310181301,153
EK202310214980,153
EK202310238261,153
EK202310130718,153
EK202310147373,153
EK202310168667,153
EK202310225226,153
EK202310118349,153
EK202310157718,153
EK202310187448,153
EK202310181860,153
EK202310236193,123
EK202310152103,153
EK202310136089,153
EK202310238835,153
EK202310142264,153
EK202310198539,153
EK202310190468,153
EK202320006389,153
EK202310148444,153
EK202310149959,153
EK202310228555,153
EK202310105501,153
EK202310119203,153
EK202310232306,153
EK202310182557,153
EK202310213342,153
EK202310167646,153
EK202310195462,153
EK202310171718,153
EK202310150737,153
EK202310207739,153
EK202310121660,153
EK202310205678,153
EK202310242815,104
EK202310193926,153
EK202310169215,153
EK202310121914,153
EK202310146443,153
EK202310186043,153
EK202310242764,153
EK202310125734,143
EK202310188093,153
EK202310247744,153
EK202310183732,153
EK202310120950,153
EK202310160943,153
EK202310223077,153
EK202310113322,153
EK202310171016,153
EK202310118992,153
EK202310210813,153
EK202310119393,153
EK202310165072,153
EK202310130476,153
EK202310176158,143
EK202310235070,153
EK202310108800,153
EK202310213698,150
EK202310211960,143
EK202310115107,153
EK202310154887,153
EK202310125964,153
EK202310197631,153
EK202310152495,153
EK202310138965,153
EK202310229751,153
EK202310243042,143
EK202310104932,153
EK202310196593,153
EK202310166871,153
EK202310148398,153
EK202310209486,143
EK202310136632,117
EK202310189646,153
EK202310225870,153
EK202310161755,153
EK202310228917,153
EK202310148074,153
EK202310127137,153
EK202310189248,153
EK202310125103,153
EK202310191210,153
EK202310218240,153
EK202310237275,150
EK202310162417,153
EK202320007302,153
EK202310198514,153
EK202310156654,153
EK202310171571,153
EK202310177305,153
EK202310246747,153
EK202310202758,153
EK202310106134,153
EK202310004263,153
EK202310167253,153
EK202310154950,153
EK202310104343,153
EK202310162981,153
EK202310170399,153
EK202310157462,153
EK202310222137,153
EK202320007745,153
EK202310220891,153
EK202310197465,153
EK202310169484,153
EK202310206857,153
EK202310246430,153
EK202310116674,153
EK202310143852,153
EK202310181630,153
EK202310208946,153
EK202310108868,153
EK202310175588,153
EK202310159547,153
EK202310188294,153
EK202310180437,153
EK202310212936,153
EK202310130231,153
EK202310127231,153
EK202310189985,153
EK202310116510,153
EK202310207462,153
EK202310218692,153
EK202310227138,153
EK202310209607,153
EK202310119774,153
EK202310244607,153
EK202310113466,153
EK202310117710,150
EK202310175467,153
EK202310137952,153
EK202310235796,123
EK202310248336,153
EK202310185289,153
EK202310149146,153
EK202310129791,153
EK202310122547,153
EK202310131673,143
EK202310218477,153
EK202310158788,153
EK202310243244,153
EK202310137064,153
EK202310178386,153
EK202310159003,153
EK202310127413,153
EK202310194146,153
EK202310232087,153
EK202310143601,153
EK202310127915,153
EK202310148535,153
EK202310127692,143
EK202310134785,153
EK202310196646,153
EK202310003600,153
EK202310246935,153
EK202310239761,153
EK202310216852,153
EK202310220984,153
EK202310144095,153
EK202310152597,153
EK202310168343,153
EK202310137883,153
EK202310193368,153
EK202310127993,153
EK202310141466,153
EK202310124906,143
EK202310121318,153
EK202310214552,153
EK202310242972,153
EK202310169356,153
EK202310141331,153
EK202310148511,153
EK202320006765,153
EK202310131274,153
EK202310126970,153
EK202310167321,143
EK202310215589,153
EK202320006107,153
EK202310147086,153
EK202310233859,143
EK202310141954,143
EK202310234852,153
EK202310136328,153
EK202310133047,153
EK202310136399,153
EK202310207760,153
EK202310139278,153
EK202310125356,153
EK202310146350,153
EK202310177090,153
EK202310138005,153
EK202310137985,153
EK202320005567,153
EK202310197087,153
EK202310157990,153
EK202310176214,153
EK202310128811,153
EK202310120029,153
EK202310144471,153
EK202310188230,143
EK202310154178,153
EK202310157814,153
EK202310130684,153
EK202310140639,153
EK202310233784,153
EK202310177044,153
EK202310204770,153
EK202310143193,143
EK202310229063,153
EK202310142428,153
EK202310142101,153
EK202310199185,153
EK202310122048,153
EK202310189594,153
EK202310105475,153
EK202310181985,153
EK202310111833,153
EK202310164318,153
EK202310170916,153
EK202310158358,153
EK202310106802,153
EK202310158510,153
EK202310212527,143
EK202310109926,153
EK202310114932,153
EK202310223038,153
EK202310193126,153
EK202310246777,153
EK202310189632,153
EK202310240945,153
EK202310239693,153
EK202310216494,153
EK202310183749,153
EK202310141275,153
EK202310131036,120
EK202310113828,153
EK202310207144,153
EK202310190451,153
EK202310229761,153
EK202320006392,153
EK202310227082,153
EK202310211827,153
EK202310235192,153
EK202310198132,153
EK202310189905,153
EK202310193570,153
EK202310137822,153
EK202310206557,153
EK202310127272,153
EK202310195399,153
EK202310116174,153
EK202310112198,153
EK202310163418,153
EK202310003339,153
EK202310145884,153
EK202310210819,153
EK202310188596,153
EK202310227740,153
EK202310171332,153
EK202310107268,153
EK202310232122,153
EK202310145739,153
EK202310240638,153
EK202310174884,153
EK202310213193,153
EK202310218429,153
EK202310225216,153
EK202310235813,153
EK202310223825,153
EK202310165260,153
EK202310136218,153
EK202310138301,153
EK202310217412,153
EK202310224143,153
EK202310155730,153
EK202310246010,143
EK202310111437,153
EK202310162583,153
EK202310126440,153
EK202310104619,153
EK202310172843,153
EK202310147555,143
EK202310161054,153
EK202310209188,153
EK202310144583,153
EK202310113571,153
EK202310236906,153
EK202310236614,153
EK202310153224,153
EK202310139052,153
EK202310238192,153
EK202310233466,153
EK202310215038,153
EK202310179617,153
EK202310159717,153
EK202310152017,153
EK202310190439,123
EK202310193413,153
EK202310160170,153
EK202310123300,153
EK202310204445,153
EK202310214835,153
EK202310220520,153
EK202310003433,153
EK202310159797,153
EK202310139535,153
EK202310118986,153
EK202310131290,143
EK202310145211,153
EK202310124121,153
EK202310164013,153
EK202310158539,153
EK202310157029,153
EK202310205071,153
EK202310237265,153
EK202310121334,153
EK202310169722,153
EK202310227972,153
EK202310148017,153
EK202310201744,153
EK202310178777,153
EK202310158599,153
EK202310223823,153
EK202310244269,153
EK202310145223,153
EK202310183001,153
EK202310144652,153
EK202310149925,153
EK202310232433,153
EK202310170505,153
EK202310213173,153
EK202310140978,153
EK202310003838,153
EK202310197038,153
EK202310144172,153
EK202310107554,153
EK202310145215,153
EK202310178423,153
EK202310135509,153
EK202310114244,153
EK202310143184,153
EK202310141247,143
EK202310202303,153
EK202310111325,153
EK202310167906,153
EK202310105431,153
EK202320005905,153
EK202310127826,153
EK202310104035,153
EK202310213387,153
EK202310109955,143
EK202310218233,143
EK202310115271,153
EK202310206248,153
EK202310158573,153
EK202310183224,153
EK202310231210,153
EK202310118684,153
EK202310242985,153
EK202310136035,153
EK202310231734,153
EK202310145163,143
EK202310211871,153
EK202310151737,153
EK202310165550,153
EK202310214955,153
EK202310112312,153
EK202310122742,153
EK202310202487,153
EK202310233089,153
EK202310166257,153
EK202310180021,153
EK202310149123,153
EK202310139242,153
EK202310140791,153
EK202310230828,153
EK202310242667,143
EK202310188077,153
EK202310184134,153
EK202310227767,153
EK202310206257,153
EK202310112535,153
EK202310142903,153
EK202310109645,153
EK202310153020,153
EK202310106726,153
EK202310223842,153
EK202310194598,153
EK202310148450,153
EK202310120806,104
EK202310209691,153
EK202310114213,153
EK202310152335,153
EK202310232377,153
EK202310150359,153
EK202310172745,143
EK202310201411,153
EK202310152893,153
EK202310155212,153
EK202310182742,153
EK202310183087,153
EK202310200379,143
EK202310173094,153
EK202310227985,153
EK202310238336,153
EK202310184224,153
EK202310232915,153
EK202310219151,153
EK202310213370,153
EK202310219745,153
EK202310138780,120
EK202310203481,153
EK202310174922,153
EK202310233758,153
EK202310153471,153
EK202310151891,153
EK202320005592,153
EK202310105631,153
EK202310176003,153
EK202310181211,153
EK202310144399,153
EK202310240649,153
EK202310145192,153
EK202310206829,153
EK202310110211,153
EK202310234760,153
EK202310114319,153
EK202310135966,153
EK202310183214,153
EK202310163942,153
EK202310219060,153
EK202310192350,153
EK202310130531,153
EK202310163172,153
EK202310240348,153
EK202310198945,153
EK202310004178,153
EK202310199537,153
EK202310152430,153
EK202310200143,153
EK202310190524,153
EK202310116645,153
EK202310193204,153
EK202310148808,153
EK202310231781,153
EK202310129095,153
EK202310114613,153
EK202310190518,153
EK202310180509,153
EK202310220514,153
EK202310225336,153
EK202310237750,143
EK202310182363,153
EK202310196291,143
EK202310161270,143
EK202310132154,153
EK202310181652,153
EK202310238306,153
EK202310187861,153
EK202310196524,153
EK202310218151,143
EK202310176813,153
EK202310115338,153
EK202320007107,153
EK202310190744,153
EK202310242292,153
EK202310133848,150
EK202310173165,153
EK202310201969,143
EK202310194094,153
EK202310192787,153
EK202310107065,153
EK202310247670,153
EK202310200824,153
EK202310157197,153
EK202310192671,153
EK202310189959,153
EK202310242747,153
EK202310221418,146
EK202310178956,153
EK202310162978,153
EK202320006792,153
EK202310119199,153
EK202310229640,153
EK202310136912,153
EK202310193691,153
EK202310141736,153
EK202310159077,153
EK202310199320,153
EK202310205972,153
EK202310155578,153
EK202310115031,153
EK202310143815,153
EK202310133150,153
EK202310133982,153
EK202310216455,153
EK202310206390,153
EK202310204338,137
EK202310115162,153
EK202310117837,143
EK202310211582,153
EK202310119713,153
EK202310136154,146
EK202310222178,143
EK202310143261,153
EK202310122388,153
EK202310125099,153
EK202310172723,143
EK202310226850,153
EK202310111054,153
EK202310187762,153
EK202310213222,153
EK202310105201,153
EK202310173124,153
EK202310180253,153
EK202310248026,153
EK202310177052,153
EK202310171106,153
EK202310136327,143
EK202310208120,153
EK202310004784,153
EK202310164690,153
EK202310214669,153
EK202310131706,153
EK202310104529,143
EK202310118248,153
EK202310137915,153
EK202310247207,153
EK202310185211,153
EK202310121850,153
EK202310128165,153
EK202310123063,153
EK202310219511,143
EK202310242037,153
EK202310180079,153
EK202310193224,153
EK202310191500,153
EK202310116444,143
EK202310130285,153
EK202310108568,153
EK202310136319,153
EK202310224242,143
EK202310227382,153
EK202310202780,153
EK202310137223,153
EK202310230312,153
EK202310234557,153
EK202310189352,153
EK202310226383,153
EK202310141535,153
EK202310184208,153
EK202310230152,153
EK202310160390,153
EK202310122632,153
EK202310165838,153
EK202310144483,153
EK202310108194,153
EK202310106793,153
EK202310120779,123
EK202310113163,153
EK202310115686,153
EK202310153049,153
EK202310177121,153
EK202310151267,153
EK202310214589,153
EK202310208963,153
EK202310154044,153
EK202310198051,153
EK202310105305,143
EK202310135168,153
EK202310200887,153
EK202310202015,153
EK202310211458,153
EK202310135559,153
EK202310135685,153
EK202310164450,153
EK202310195626,153
EK202310238957,153
EK202310131647,153
EK202310150387,153
EK202310121479,153
EK202310236900,153
EK202310159488,153
EK202310191125,153
EK202310132284,153
EK202310205918,143
EK202310192730,153
EK202310123751,153
EK202310157723,153
EK202310166159,153
EK202310217657,153
EK202310139130,153
EK202310176465,153
EK202310135907,153
EK202310142364,153
EK202310106377,153
EK202310246049,153
EK202310213693,153
EK202310164186,153
EK202310160898,153
EK202310217495,153
EK202310170927,153
EK202310164087,153
EK202310202710,153
EK202310161660,153
EK202310118714,153
EK202310208776,153
EK202310192073,153
EK202310149834,153
EK202310115300,153
EK202310137234,153
EK202310167336,153
EK202310130940,153
EK202310108363,153
EK202310240062,153
EK202310143711,153
EK202310126099,153
EK202310111701,153
EK202310109430,153
EK202310229241,153
EK202310224916,153
EK202310198104,153
EK202310146821,153
EK202310149423,153
EK202310189461,153
EK202310113093,153
EK202310203899,153
EK202310222972,153
EK202310122045,150
EK202310197655,153
EK202310207370,153
EK202310126718,153
EK202310239768,153
EK202310154953,153
EK202310104866,153
EK202310213299,153
EK202310152880,153
EK202310210510,153
EK202310003355,153
EK202310138578,153
EK202310221979,143
EK202310136372,153
EK202310240726,153
EK202310199316,153
EK202310180477,153
EK202310222146,104
EK202310195135,153
EK202310225124,153
EK202310197588,153
EK202310164715,153
EK202310224547,153
EK202310195634,153
EK202310233272,153
EK202310133354,153
EK202310155274,153
EK202310187381,153
EK202310181622,137
EK202310180891,153
EK202310208781,153
EK202310138532,153
EK202310158039,143
EK202310234759,153
EK202310172371,153
EK202310004492,153
EK202310167403,153
EK202310224663,153
EK202310125319,153
EK202310148708,153
EK202310199777,153
EK202310121002,153
EK202310223457,143
EK202310241156,153
EK202310242414,153
EK202310233868,153
EK202310218542,143
EK202310181849,153
EK202310199972,153
EK202310219891,153
EK202310198598,153
EK202310192601,153
EK202310192902,153
EK202310186540,153
EK202310135637,153
EK202310224182,153
EK202310245468,153
EK202310187476,153
EK202310004176,153
EK202310173306,153
EK202310174815,143
EK202310003528,153
EK202310106869,153
EK202310114334,153
EK202310128865,143
EK202310162698,153
EK202310246100,153
EK202310183029,153
EK202310138016,143
EK202310003652,153
EK202310206206,153
EK202310152370,153
EK202310168292,153
EK202310198068,153
EK202310138206,153
EK202310199965,153
EK202310108649,153
EK202310120575,153
EK202310124777,153
EK202310165021,153
EK202310183112,153
EK202310105459,153
EK202310134757,143
EK202310103956,153
EK202310222980,153
EK202310199522,153
EK202310224732,153
EK202310192783,143
EK202310194812,153
EK202310236020,153
EK202310108411,153
EK202310106942,153
EK202310110399,153
EK202310203809,153
EK202310126385,153
EK202310130826,153
EK202310143699,153
EK202310115466,153
EK202310201041,153
EK202310210566,153
EK202310142263,153
EK202310226772,153
EK202310174000,153
EK202310134341,153
EK202310213426,153
EK202310135863,153
EK202310135242,153
EK202310146997,153
EK202310243667,153
EK202310229674,153
EK202310130805,143
EK202310220574,153
EK202310164649,153
EK202310134408,132
EK202310003474,153
EK202310118263,153
EK202310161867,153
EK202310181365,153
EK202310154801,153
EK202310219520,153
EK202310200310,153
EK202310207883,153
EK202310146716,153
EK202310123679,153
EK202310240065,153
EK202310185668,153
EK202310182482,153
EK202310112781,153
EK202310105135,153
EK202310164531,153
EK202310150078,153
EK202310223094,153
EK202310247424,153
EK202310186061,153
EK202310173560,153
EK202310190249,153
EK202310160821,153
EK202310188946,153
EK202310149161,153
EK202310122403,153
EK202310195995,153
EK202310176442,143
EK202310146105,153
EK202310212801,153
EK202310227700,153
EK202310180756,153
EK202310140861,153
EK202310207186,153
EK202310225979,153
EK202310171463,153
EK202310123630,153
EK202310184360,143
EK202310176661,153
EK202310118436,153
EK202310106839,153
EK202310205589,153
EK202310224665,143
EK202310191707,153
EK202310108998,153
EK202310168084,153
EK202310222339,153
EK202310129697,153
EK202310170459,153
EK202310170867,153
EK202310004814,153
EK202310139330,153
EK202310243947,153
EK202310158812,153
EK202310246467,153
EK202310139605,153
EK202310204546,153
EK202310247739,153
EK202310163645,153
EK202310213374,153
EK202320006854,153
EK202310003821,153
EK202310154988,153
EK202310141484,153
EK202310166793,153
EK202310216066,153
EK202310209262,153
EK202310216292,153
EK202310134069,143
EK202310177735,153
EK202310213634,153
EK202310162478,153
EK202310232091,153
EK202310138848,153
EK202310233671,153
EK202310142473,153
EK202310159684,153
EK202310180111,153
EK202310229192,153
EK202310119588,153
EK202310238495,153
EK202310209893,153
EK202310234545,153
EK202310174703,153
EK202310171373,153
EK202310150301,153
EK202310198468,153
EK202310142834,153
EK202310123180,153
EK202310205955,153
EK202310227181,153
EK202310147163,123
EK202310196863,153
EK202310107077,143
EK202310224123,153
EK202310178723,153
EK202310188726,153
EK202310145842,153
EK202310126848,153
EK202310149653,153
EK202310210321,153
EK202310138754,153
EK202310190404,153
EK202310142661,153
EK202310163611,153
EK202310192118,153
EK202310209339,153
EK202310211087,153
EK202310200565,153
EK202310162171,153
EK202310239766,153
EK202310242115,153
EK202310206840,153
EK202310186840,153
EK202310122626,153
EK202310247532,153
EK202310248321,104
EK202310137335,153
EK202310164720,153
EK202310164776,153
EK202310172694,153
EK202310115208,153
EK202310140400,143
EK202310217155,153
EK202310220114,153
EK202310145630,153
EK202310246549,153
EK202310204696,153
EK202310225296,153
EK202310195107,153
EK202320006795,153
EK202310108157,143
EK202310121697,153
EK202310106708,153
EK202310181363,153
EK202310106364,153
EK202310180893,153
EK202310183016,153
EK202310004166,142
EK202310199838,153
EK202310148423,153
EK202310181024,143
EK202310114930,153
EK202310128476,153
EK202310169523,153
EK202310168371,153
EK202310195418,153
EK202310176857,143
EK202310111775,153
EK202310153448,153
EK202310141648,153
EK202320005982,153
EK202310003582,153
EK202310222503,142
EK202310202091,153
EK202310115161,153
EK202320007144,153
EK202310120067,153
EK202310156517,153
EK202310248466,153
EK202310183536,153
EK202310237952,153
EK202310205472,153
EK202310170132,153
EK202310132623,153
EK202310227130,153
EK202310131693,153
EK202310212847,153
EK202310192454,153
EK202310151379,153
EK202310166887,153
EK202310151838,153
EK202310218637,153
EK202320006368,153
EK202310110191,153
EK202310123397,153
EK202310183798,153
EK202310142570,153
EK202310123542,153
EK202310189606,153
EK202310239154,153
EK202310218250,153
EK202310222212,153
EK202310213689,153
EK202310108905,153
EK202310201539,153
EK202310241773,153
EK202310136938,143
EK202310223539,153
EK202310175290,153
EK202310167269,153
EK202310136276,153
EK202310241802,153
EK202310159213,153
EK202310163058,153
EK202310204661,143
EK202310165933,153
EK202310123794,153
EK202310191803,153
EK202310158551,153
EK202310146637,153
EK202310214984,153
EK202310191267,153
EK202320005702,153
EK202310112412,153
EK202310246169,153
EK202310173215,153
EK202310233468,153
EK202310197783,153
EK202310151122,153
EK202310248270,153
EK202310238332,153
EK202310194686,153
EK202310205802,153
EK202310205367,153
EK202310119704,153
EK202310149724,154
EK202320007846,153
EK202310108803,153
EK202310004799,153
EK202310198015,153
EK202310179913,153
EK202310180275,153
EK202310201100,153
EK202310203139,153
EK202310175999,153
EK202310205556,153
EK202310215029,153
EK202310246170,143
EK202310169135,153
EK202310132991,150
EK202310122441,153
EK202310004600,153
EK202310158154,153
EK202320006789,153
EK202310235205,143
EK202310241817,153
EK202310108496,153
EK202310159875,153
EK202310214914,153
EK202310145239,153
EK202310133595,153
EK202310144564,153
EK202310003645,153
EK202310152554,153
EK202310234203,153
EK202310119736,153
EK202310111683,153
EK202310171365,153
EK202310145469,153
EK202310104013,153
EK202310162563,153
EK202310234855,153
EK202310165574,153
EK202310128252,153
EK202310230398,153
EK202310197359,153
EK202310184700,153
EK202310139238,153
EK202310189435,153
EK202310229589,153
EK202310238308,153
EK202310119072,153
EK202310106928,153
EK202310248344,153
EK202310171179,153
EK202310247349,153
EK202310246070,143
EK202310003686,143
EK202310113178,153
EK202310228096,153
EK202310186013,153
EK202310106951,153
EK202310177362,153
EK202310158884,153
EK202310138608,153
EK202310143128,143
EK202310247561,153
EK202310204978,153
EK202310105695,153
EK202310108077,153
EK202310222072,153
EK202310140241,153
EK202310175319,153
EK202310122035,153
EK202310106538,153
EK202310178197,153
EK202310169222,153
EK202310216866,153
EK202310189689,153
EK202310228733,153
EK202310201271,153
EK202310119633,153
EK202310138720,153
EK202310108018,153
EK202310222345,153
EK202310210971,153
EK202310239519,146
EK202310111361,153
EK202310115072,153
EK202310152934,153
EK202310201912,153
EK202310213140,153
EK202310123466,153
EK202310212463,153
EK202310237675,153
EK202310161926,153
EK202310145150,153
EK202310185746,153
EK202310177566,153
EK202310244477,153
EK202310206745,153
EK202310174696,153
EK202310218448,153
EK202310131105,153
EK202310202457,153
EK202310107914,153
EK202310177630,143
EK202310167548,153
EK202310153531,153
EK202310119481,153
EK202310233113,153
EK202310200729,153
EK202310107842,153
EK202310145572,153
EK202310141270,153
EK202310180294,153
EK202310211781,153
EK202310130166,153
EK202310168426,153
EK202310238553,153
EK202310216542,153
EK202310188002,143
EK202310210328,153
EK202310125237,153
EK202310248501,153
EK202310178221,153
EK202310108029,153
EK202310111887,153
EK202310185328,157
EK202310104024,153
EK202310136271,120
EK202310204759,153
EK202310223434,153
EK202310195383,153
EK202310140709,153
EK202310195890,153
EK202310208311,153
EK202310154808,153
EK202310125908,153
EK202310128381,153
EK202310126417,153
EK202310155257,153
EK202310180115,153
EK202310134943,153
EK202310146571,153
EK202310151982,153
EK202310185006,153
EK202310141525,153
EK202310122362,153
EK202310131463,153
EK202310112675,153
EK202310214395,153
EK202310117362,153
EK202310195147,153
EK202310221205,153
EK202310108309,153
EK202310117176,153
EK202310197367,153
EK202310167645,153
EK202310216871,153
EK202310246466,153
EK202310174197,153
EK202310133708,153
EK202310214726,153
EK202310235715,153
EK202310144146,143
EK202310232336,153
EK202310126787,153
EK202310147504,153
EK202310205381,153
EK202310121997,153
EK202310212329,153
EK202310112068,153
EK202310136784,153
EK202310120002,153
EK202310226231,153
EK202310167029,153
EK202310232991,153
EK202310141646,153
EK202310217163,153
EK202310147198,153
EK202310228365,153
EK202310194716,153
EK202310199844,143
EK202310168777,153
EK202310192183,153
EK202310109241,153
EK202310222596,153
EK202310126978,153
EK202310152604,153
EK202310122324,153
EK202310112196,146
EK202310145565,153
EK202310207537,153
EK202310198691,153
EK202310193152,153
EK202310131752,153
EK202310201904,153
EK202310244465,153
EK202310233714,153
EK202310153449,153
EK202310217520,153
EK202310113415,153
EK202310172532,153
EK202310211969,153
EK202310199232,153
EK202310218608,153
EK202310122448,153
EK202310184841,153
EK202310130240,153
EK202310210575,153
EK202310175143,153
EK202310121434,153
EK202310172273,153
EK202310175483,153
EK202310197679,153
EK202310155037,153
EK202310171911,153
EK202310191161,104
EK202310244157,153
EK202310189824,153
EK202310149560,153
EK202310179284,153
EK202310203064,153
EK202310185974,153
EK202310225562,153
EK202310153740,143
EK202310225206,153
EK202310193780,153
EK202310198553,143
EK202310174477,153
EK202310200421,153
EK202310119138,153
EK202320005816,153
EK202310175740,153
EK202310116505,153
EK202310198911,153
EK202310127697,153
EK202310212650,153
EK202310150100,143
EK202310167937,153
EK202310221941,117
EK202310117495,153
EK202310143529,153
EK202310166968,153
EK202310129968,153
EK202310194131,153
EK202310186960,153
EK202310128028,153
EK202310105027,153
EK202310222774,153
EK202310244918,153
EK202310210086,153
EK202310179813,153
EK202310187059,153
EK202310195516,153
EK202310132170,153
EK202310183880,153
EK202310248278,153
EK202310221792,153
EK202310166778,153
EK202310148365,153
EK202310205442,143
EK202310201815,143
EK202310201915,153
EK202310183293,153
EK202310104337,153
EK202310120714,153
EK202310132745,153
EK202310241556,153
EK202310145559,137
EK202310140527,153
EK202310105180,153
EK202310115505,153
EK202310232969,153
EK202310168606,153
EK202310117990,153
EK202310143898,153
EK202310111999,153
EK202310133045,143
EK202310142041,153
EK202310216099,153
EK202310138895,153
EK202310147820,153
EK202310113918,153
EK202310226640,153
EK202310169991,153
EK202310195941,153
EK202310213195,153
EK202310161969,153
EK202310208345,153
EK202310180754,153
EK202310110267,153
EK202310194583,153
EK202320007655,153
EK202310142157,153
EK202310112664,150
EK202310136957,153
EK202310215766,153
EK202310167175,153
EK202310004831,153
EK202310159889,153
EK202310125472,153
EK202310166020,153
EK202310240418,153
EK202310156003,143
EK202310188199,153
EK202310213973,153
EK202310233649,153
EK202310124811,153
EK202310216543,153
EK202310121207,143
EK202310132104,153
EK202310138805,153
EK202310234030,153
EK202310172808,153
EK202310122536,153
EK202310189381,153
EK202310242706,153
EK202310239058,153
EK202310192990,153
EK202310202471,153
EK202310222312,153
EK202310202945,153
EK202310199092,153
EK202310128375,153
EK202310107473,153
EK202310170279,153
EK202310149133,153
EK202310199648,153
EK202320006719,153
EK202310234669,153
EK202310149973,153
EK202310154407,153
EK202310192562,153
EK202310158354,153
EK202310202377,153
EK202310225193,153
EK202310117896,153
EK202310122973,153
EK202310163485,153
EK202310146561,153
EK202310248571,153
EK202310145328,153
EK202310229897,153
EK202310225899,153
EK202310154673,153
EK202310242080,153
EK202310234618,153
EK202310229514,153
EK202310199205,153
EK202310189908,153
EK202310227654,153
EK202310108175,153
EK202310165456,153
EK202310204739,153
EK202310124368,153
EK202310221567,153
EK202310111364,146
EK202310166449,143
EK202310104016,153
EK202310109663,153
EK202310233976,153
EK202310116602,153
EK202310206707,153
EK202310125360,153
EK202310141090,153
EK202310187733,153
EK202310146874,153
EK202310199999,153
EK202310133984,153
EK202310239052,153
EK202310116872,143
EK202310170227,153
EK202320007825,153
EK202310247712,153
EK202310133557,153
EK202310122565,153
EK202310164010,153
EK202310176533,153
EK202310222265,143
EK202310164867,153
EK202310163156,153
EK202310183272,153
EK202310127914,153
EK202310245446,143
EK202310207443,153
EK202310197727,153
EK202310172576,153
EK202310004885,143
EK202310233895,153
EK202310210570,153
EK202310199572,153
EK202310168376,153
EK202310196031,153
EK202310208454,153
EK202310218454,153
EK202310194926,146
EK202310150716,153
EK202310169424,153
EK202310141489,153
EK202310198731,153
EK202310224708,153
EK202310220317,153
EK202310158723,153
EK202310226439,153
EK202310155952,153
EK202310235925,153
EK202310149483,153
EK202310182940,153
EK202310233127,153
EK202310198223,153
EK202310206595,153
EK202310162953,153
EK202310124622,153
EK202310199000,153
EK202310225515,153
EK202310200414,153
EK202310163151,153
EK202310147583,153
EK202310175959,143
EK202310156571,153
EK202310159464,153
EK202310133803,153
EK202310143242,153
EK202320007862,153
EK202310137674,153
EK202310158748,143
EK202310134807,153
EK202310232180,153
EK202310115545,153
EK202310106800,153
EK202310164487,153
EK202310189669,153
EK202310183633,153
EK202310160528,153
EK202310157424,153
EK202310175169,153
EK202310230775,143
EK202310176300,153
EK202310154141,153
EK202310121636,153
EK202310117991,153
EK202310114748,153
EK202310182305,153
EK202310183422,153
EK202310196576,153
EK202310212365,153
EK202310157851,153
EK202310143833,153
EK202310162493,153
EK202310200657,153
EK202310164870,153
EK202310139418,153
EK202310114290,153
EK202310206834,153
EK202310235641,153
EK202310179682,153
EK202310209582,153
EK202310225738,153
EK202310108381,153
EK202310125569,153
EK202310218417,153
EK202310228389,153
EK202310145963,153
EK202310109134,153
EK202310177470,153
EK202310162374,153
EK202310195949,153
EK202310122797,153
EK202310140758,153
EK202310232602,153
EK202310200151,153
EK202310166863,104
EK202310237243,153
EK202310120027,153
EK202310132524,153
EK202310204016,153
EK202310189020,153
EK202310202009,153
EK202310139108,153
EK202310181804,153
EK202310205040,153
EK202310141451,153
EK202310164866,153
EK202310245490,153
EK202310181489,153
EK202310147345,143
EK202310148300,153
EK202320006124,153
EK202310196622,120
EK202310182658,153
EK202310227451,153
EK202310209633,153
EK202310180045,153
EK202310240543,146
EK202310115142,153
EK202310247768,117
EK202320005662,153
EK202310182225,153
EK202310187393,143
EK202310111676,143
EK202310234672,153
EK202310217174,153
EK202310169712,153
EK202310141144,153
EK202310204110,153
EK202310217308,153
EK202310117170,153
EK202310129087,153
EK202310221591,153
EK202310209271,153
EK202310219363,153
EK202310004090,153
EK202310211544,153
EK202310224956,153
EK202310141398,153
EK202310148915,153
EK202310170219,153
EK202310191982,153
EK202310223575,153
EK202310104511,143
EK202310152387,153
EK202310218082,153
EK202310217177,153
EK202310248357,153
EK202310129896,153
EK202310152480,153
EK202310239767,153
EK202310160883,153
EK202310140193,153
EK202310207625,153
EK202310165482,153
EK202310158005,153
EK202310185420,150
EK202310187990,153
EK202310138441,153
EK202310147390,153
EK202310158825,153
EK202310183745,153
EK202310148680,153
EK202310129708,153
EK202310190440,153
EK202310157144,153
EK202310113257,153
EK202310141541,143
EK202310190438,153
EK202310243356,153
EK202310183196,153
EK202310196369,153
EK202310144897,153
EK202310144635,153
EK202310237276,143
EK202310196220,153
EK202310202228,153
EK202310123488,143
EK202310105805,153
EK202310142565,153
EK202310218967,153
EK202310120796,153
EK202310231531,153
EK202310199801,153
EK202310134790,153
EK202310203666,153
EK202310226666,153
EK202310232447,153
EK202310135897,153
EK202310168701,153
EK202310237343,153
EK202310154466,153
EK202310136457,153
EK202310121974,153
EK202310134631,153
EK202310213018,153
EK202310194001,153
EK202310136650,153
EK202310111505,153
EK202310209080,153
EK202310152444,153
EK202310121350,143
EK202310240365,153
EK202310159007,153
EK202310127159,153
EK202310226609,104
EK202310161102,153
EK202310103730,153
EK202310111243,153
EK202310156130,153
EK202310178873,143
EK202310176169,153
EK202320005724,153
EK202310150195,153
EK202320005792,153
EK202310117762,153
EK202310234499,153
EK202310176172,153
EK202320007254,153
EK202310128419,153
EK202310117754,153
EK202310222410,143
EK202310132750,153
EK202310195145,153
EK202310221266,153
EK202310156961,153
EK202310105175,153
EK202310167584,153
EK202310119050,143
EK202310127062,153
EK202310192052,153
EK202310118002,153
EK202310108997,143
EK202310160289,153
EK202310245922,153
EK202310116464,153
EK202310192195,153
EK202310237707,153
EK202310145422,153
EK202310245683,153
EK202310121291,143
EK202310209309,153
EK202310104450,153
EK202310123660,143
EK202310186410,153
EK202310151555,153
EK202310104952,153
EK202310115719,143
EK202310181542,153
EK202310150013,153
EK202310205849,153
EK202310196534,153
EK202310131464,153
EK202310210210,153
EK202310104249,153
EK202310207772,153
EK202310134829,153
EK202310179456,153
EK202310113484,117
EK202310182484,153
EK202310120445,153
EK202310213478,143
EK202310130129,153
EK202310197510,153
EK202310192959,153
EK202310203760,153
EK202310240021,153
EK202310160111,143
EK202310202544,153
EK202310195908,153
EK202310220917,143
EK202310146833,153
EK202310108791,153
EK202310225259,153
EK202310197958,153
EK202310157062,153
EK202310214170,153
EK202310243954,153
EK202310110033,153
EK202310144804,153
EK202310114117,153
EK202310165416,153
EK202310228479,153
EK202310188134,153
EK202320006372,153
EK202310111226,153
EK202310118404,153
EK202310160695,153
EK202310114408,153
EK202310182288,143
EK202310213633,153
EK202310229313,153
EK202310118665,153
EK202310233785,153
EK202310143238,143
EK202310128242,143
EK202310208336,153
EK202310216912,153
EK202310227300,153
EK202310196434,143
EK202310241940,153
EK202310140334,143
EK202310122524,153
EK202310211571,143
EK202310202080,153
EK202310155180,153
EK202310209752,153
EK202310003753,153
EK202310194332,153
EK202320005885,153
EK202310135026,153
EK202310225630,153
EK202310129248,143
EK202310118004,153
EK202310126344,153
EK202310125666,153
EK202310169951,153
EK202310159424,153
EK202310195617,153
EK202310240165,153
EK202310109583,153
EK202310127484,153
EK202310115422,153
EK202310189217,153
EK202310164467,153
EK202310160239,153
EK202310205148,153
EK202310177198,153
EK202310248326,153
EK202320007611,153
EK202310216806,143
EK202310236444,153
EK202310202895,153
EK202310189069,153
EK202310164095,153
EK202310177139,153
EK202310150069,153
EK202310217651,153
EK202310104531,143
EK202310175593,153
EK202310128801,153
EK202310226079,153
EK202310195896,153
EK202310248307,153
EK202310213215,153
EK202310126761,153
EK202310138077,153
EK202310219983,153
EK202310155585,153
EK202310224738,153
EK202310121398,153
EK202310144202,153
EK202310171260,153
EK202310224405,153
EK202310168192,153
EK202310147878,153
EK202310190896,153
EK202310114382,153
EK202310115319,153
EK202310212295,153
EK202310145014,153
EK202310153112,153
EK202310181859,153
EK202310201638,153
EK202310217948,153
EK202310126418,153
EK202310147842,153
EK202310213180,153
EK202310149555,153
EK202310162559,153
EK202310181969,153
EK202310239453,153
EK202310185897,153
EK202320007785,153
EK202310181407,153
EK202310223290,153
EK202310197319,153
EK202310128098,153
EK202310131498,153
EK202310104275,153
EK202310152898,153
EK202310207617,153
EK202310165239,153
EK202310161435,153
EK202310242971,153
EK202310111598,153
EK202310131958,153
EK202310186311,153
EK202310157046,143
EK202310115828,153
EK202320005888,153
EK202310116165,153
EK202310127616,153
EK202310190516,153
EK202310181145,153
EK202310112674,153
EK202310108818,153
EK202310137418,153
EK202310234306,153
EK202310147271,153
EK202310228137,153
EK202310208396,153
EK202310129360,153
EK202310104685,104
EK202310240248,153
EK202310111851,153
EK202310110232,153
EK202310149631,153
EK202310111987,153
EK202310149812,153
EK202310125394,153
EK202310201038,153
EK202310196950,153
EK202310130689,153
EK202310162831,153
EK202310191124,153
EK202310137249,153
EK202310221302,143
EK202310119496,143
EK202310123089,153
EK202310201023,153
EK202310200056,153
EK202310124074,153
EK202310187451,153
EK202310178204,153
EK202310176034,153
EK202310105275,153
EK202310217600,153
EK202310145365,153
EK202310179864,143
EK202310146164,153
EK202310148409,153
EK202310160145,153
EK202310211569,153
EK202310191535,153
EK202310212337,153
EK202310186617,153
EK202310200499,153
EK202310190255,153
EK202310161517,153
EK202310167751,153
EK202310230575,143
EK202310160889,153
EK202310236418,153
EK202310176273,153
EK202310104700,153
EK202310107420,153
EK202310169267,153
EK202310187330,153
EK202310140279,153
EK202310201773,123
EK202310168395,153
EK202310166412,153
EK202310175402,153
EK202310128581,153
EK202310232461,153
EK202310138340,153
EK202310175300,153
EK202310125041,153
EK202310177394,153
EK202310163068,153
EK202310128960,153
EK202310213859,153
EK202310153664,153
EK202310168885,153
EK202310211096,153
EK202310233212,153
EK202310204970,153
EK202310246566,153
EK202310181736,153
EK202310235583,153
EK202310235586,153
EK202310229567,153
EK202310237891,153
EK202310156320,153
EK202310200700,153
EK202310157317,153
EK202310165659,153
EK202310230462,153
EK202310107771,143
EK202310199945,153
EK202310239536,153
EK202310108719,153
EK202310193930,153
EK202310153705,153
EK202310230423,153
EK202310142088,153
EK202310240261,153
EK202310234834,153
EK202310175123,153
EK202310223459,153
EK202310113022,153
EK202310139384,143
EK202310127365,143
EK202310175890,153
EK202310210471,104
EK202310124749,153
EK202310107106,153
EK202310199447,153
EK202310214057,153
EK202310158006,153
EK202310183095,143
EK202310122989,153
EK202310004181,153
EK202310221000,153
EK202310216704,153
EK202310218492,153
EK202310175061,153
EK202310144712,153
EK202310230385,143
EK202310154951,153
EK202310158887,153
EK202310132252,153
EK202310160262,153
EK202310153966,153
EK202310190560,153
EK202310124555,153
EK202310114555,153
EK202310190493,153
EK202310161137,153
EK202310224942,153
EK202310230466,153
EK202310216178,153
EK202310205948,153
EK202320006948,153
EK202310224873,143
EK202310231707,153
EK202310198816,153
EK202310239894,153
EK202310212434,153
EK202310242399,153
EK202310126630,153
EK202310212116,153
EK202310116735,153
EK202310142424,153
EK202310126653,153
EK202310130536,153
EK202320007559,153
EK202310244114,143
EK202310194656,153
EK202310228023,153
EK202310184412,153
EK202310138297,153
EK202310233553,153
EK202310222650,153
EK202310148133,153
EK202310124138,153
EK202310210134,153
EK202310203676,153
EK202310120898,153
EK202310167341,153
EK202310180216,153
EK202310246916,153
EK202310157656,153
EK202310205414,153
EK202310152717,153
EK202310106791,153
EK202310105725,143
EK202310104432,153
EK202310194299,153
EK202310153184,153
EK202310240659,153
EK202310219840,153
EK202310153949,143
EK202310132803,153
EK202310146592,153
EK202310172131,153
EK202310121613,153
EK202310167818,153
EK202310200796,143
EK202310116481,153
EK202310114639,153
EK202310212375,153
EK202310235321,153
EK202310222322,153
EK202310110700,143
EK202310189946,153
EK202310162874,143
EK202310130785,153
EK202310242378,153
EK202310241513,153
EK202310160539,153
EK202310222342,153
EK202310138062,153
EK202310231769,153
EK202310158224,143
EK202310224139,153
EK202310216169,153
EK202310139185,153
EK202310110485,153
EK202310239046,153
EK202310138942,153
EK202310169633,153
EK202310109575,153
EK202310200090,153
EK202310163491,153
EK202310148729,143
EK202310140411,153
EK202310243532,153
EK202310125468,153
EK202310221117,153
EK202310232056,153
EK202310210091,153
EK202320006396,153
EK202310142016,153
EK202310235002,153
EK202310183074,153
EK202310182233,153
EK202310225556,153
EK202310179915,153
EK202310173349,153
EK202310212842,153
EK202310197784,153
EK202310138785,153
EK202310144444,153
EK202310181562,153
EK202310248524,153
EK202310216425,153
EK202310229912,143
EK202310139002,153
EK202310120982,153
EK202310221837,153
EK202310119947,153
EK202310149071,153
EK202310185898,153
EK202310117197,143
EK202310142908,153
EK202310185756,153
EK202310238913,153
EK202310204574,153
EK202310113564,153
EK202310118542,153
EK202310167688,153
EK202310212185,153
EK202310117088,153
EK202310229808,153
EK202310207582,153
EK202310154912,153
EK202310181168,153
EK202310149374,153
EK202310104396,153
EK202310109994,153
EK202310170860,153
EK202310115815,153
EK202310214779,153
EK202310109121,153
EK202310134158,153
EK202310167627,153
EK202310225236,153
EK202310181807,153
EK202310247389,153
EK202310235579,153
EK202310173291,153
EK202310192355,153
EK202310142541,153
EK202310150510,143
EK202310223761,143
EK202310175574,153
EK202310238511,153
EK202310157509,153
EK202310181989,153
EK202310003618,153
EK202310179471,153
EK202310230763,153
EK202310204971,153
EK202310233557,153
EK202310145292,153
EK202320005880,153
EK202310245241,153
EK202310212493,104
EK202310193001,153
EK202310199238,153
EK202310160941,153
EK202310155028,117
EK202310130868,153
EK202310200440,153
EK202310182060,153
EK202310111816,153
EK202310146969,153
EK202310158404,153
EK202310110705,153
EK202310186759,117
EK202310157536,153
EK202310140019,153
EK202310179351,143
EK202310183791,153
EK202310206480,153
EK202310133811,153
EK202310217540,146
EK202310132032,153
EK202310139504,153
EK202310161554,153
EK202310127921,153
EK202310140328,153
EK202310179259,153
EK202310110275,153
EK202310148522,143
EK202310245827,153
EK202310104601,153
EK202310158718,143
EK202310148204,153
EK202310152034,153
EK202310205880,153
EK202310150725,153
EK202310154400,153
EK202310120186,153
EK202310192712,153
EK202310165189,153
EK202310152937,153
EK202310234101,153
EK202310191564,153
EK202310174430,153
EK202310208622,153
EK202310233831,153
EK202310136566,153
EK202310146005,153
EK202310221494,153
EK202310239849,153
EK202310176728,153
EK202310106909,153
EK202310208429,153
EK202310174444,153
EK202310242098,153
EK202310175190,153
EK202310177312,153
EK202310229607,143
EK202310121574,153
EK202310187339,153
EK202310227049,153
EK202310135213,153
EK202310128318,153
EK202310108701,153
EK202310114284,153
EK202310108473,153
EK202310160235,123
EK202310120842,153
EK202310142363,153
EK202310163562,153
EK202310192991,153
EK202310203468,153
EK202310188577,153
EK202310240344,143
EK202310113690,153
EK202310213117,153
EK202310222749,153
EK202310004635,153
EK202310141613,153
EK202310108032,153
EK202310233880,153
EK202310205163,153
EK202310104692,153
EK202310237071,143
EK202310111732,153
EK202310137404,153
EK202310146556,153
EK202310111180,153
EK202310190526,153
EK202310119701,153
EK202310182123,153
EK202310187615,153
EK202310201487,153
EK202310144094,143
EK202310116261,153
EK202310142783,104
EK202310192602,153
EK202310167866,153
EK202310145551,153
EK202310117731,153
EK202310125526,153
EK202310128615,153
EK202310180563,153
EK202310139532,143
EK202310224142,143
EK202310233781,153
EK202310157368,153
EK202310203603,153
EK202310180362,153
EK202310198397,153
EK202310124770,153
EK202310223755,153
EK202310106275,153
EK202310205161,153
EK202310139936,153
EK202310205611,153
EK202310134137,143
EK202310127542,153
EK202310193128,153
EK202310237157,153
EK202310107674,143
EK202310149217,143
EK202310129309,153
EK202310156886,153
EK202310117116,150
EK202310225911,153
EK202310145676,153
EK202310166738,153
EK202310158541,143
EK202310106511,143
EK202310131343,153
EK202310245992,143
EK202310140003,153
EK202310174342,153
EK202310208385,153
EK202310216439,153
EK202310211004,153
EK202310106760,153
EK202310176087,153
EK202310106317,153
EK202310215460,153
EK202310201661,153
EK202310166937,153
EK202310200307,153
EK202310181766,153
EK202310214069,153
EK202310200177,153
EK202310123321,153
EK202310151256,153
EK202310171945,153
EK202310136311,153
EK202310150029,153
EK202310212078,153
EK202310210902,153
EK202310210594,153
EK202310127288,153
EK202310126517,153
EK202310161234,153
EK202310220266,153
EK202310142494,153
EK202310217357,153
EK202310132692,153
EK202310227115,153
EK202310141700,153
EK202310115959,153
EK202310230099,153
EK202310211438,153
EK202310219042,153
EK202310177531,137
EK202310233521,153
EK202310128329,153
EK202310201328,153
EK202310171078,153
EK202310138130,153
EK202310177993,153
EK202310228196,153
EK202310170822,153
EK202310184514,143
EK202310208895,153
EK202310204293,153
EK202310163755,153
EK202310112893,153
EK202310207633,153
EK202310120935,153
EK202310198348,153
EK202310216671,153
EK202310203558,153
EK202310221470,153
EK202310134114,153
EK202310161904,153
EK202310121193,153
EK202310112380,153
EK202310123715,153
EK202310182522,153
EK202310165246,153
EK202310165109,153
EK202310226207,143
EK202310189166,153
EK202310171824,153
EK202310212508,153
EK202310188289,153
EK202310161253,153
EK202310188025,153
EK202310170339,153
EK202310103831,153
EK202310214220,153
EK202310149031,153
EK202310147724,153
EK202310142296,143
EK202310176974,153
EK202310161334,153
EK202310213866,153
EK202310225737,153
EK202310156109,153
EK202310200303,120
EK202310185044,153
EK202320006653,153
EK202310111122,153
EK202310120782,153
EK202310198165,143
EK202310228584,150
EK202310205188,153
EK202310121258,153
EK202310199633,143
EK202310143847,153
EK202310135571,153
EK202310206110,153
EK202310138447,153
EK202310192664,153
EK202310187215,153
EK202310151514,153
EK202310144726,153
EK202310207249,153
EK202310161306,153
EK202310158826,153
EK202310173556,153
EK202310125091,153
EK202310142377,143
EK202310236947,143
EK202310208442,153
EK202310118298,150
EK202310219483,150
EK202310211212,153
EK202310104173,153
EK202310201478,153
EK202310158280,153
EK202310123070,153
EK202310138063,153
EK202310164203,153
EK202310190017,153
EK202310169668,153
EK202310113501,153
EK202310235684,143
EK202310137261,153
EK202310162355,153
EK202310217469,153
EK202310161201,153
EK202310157515,153
EK202310145284,153
EK202310227827,153
EK202310209456,153
EK202310211698,153
EK202310194731,153
EK202310248330,153
EK202310106105,153
EK202310160743,153
EK202310166605,153
EK202310212995,153
EK202310233144,153
EK202310230980,153
EK202310226067,153
EK202310120976,104
EK202310128266,153
EK202310106331,153
EK202310199325,153
EK202310204088,153
EK202310174720,153
EK202310240940,153
EK202310109263,153
EK202310106322,143
EK202310135599,143
EK202310145520,153
EK202320005632,153
EK202310199819,153
EK202310172008,153
EK202310199276,153
EK202310106548,153
EK202310217167,153
EK202310176173,153
EK202310221378,153
EK202310201211,153
EK202320007715,153
EK202310182662,143
EK202310177694,153
EK202310156023,153
EK202310111848,153
EK202310129647,153
EK202310170544,153
EK202310242820,153
EK202310194133,153
EK202310216029,153
EK202310107349,153
EK202310208265,153
EK202310229154,153
EK202310107089,153
EK202310112252,153
EK202310148875,143
EK202310119051,153
EK202310147588,153
EK202310113617,153
EK202310147037,153
EK202310238313,153
EK202310192918,153
EK202310155166,153
EK202310177734,153
EK202310125003,153
EK202310204102,153
EK202310127233,153
EK202310154507,153
EK202310208352,153
EK202310123745,153
EK202310147036,153
EK202310110497,153
EK202310246320,153
EK202310138361,143
EK202310167217,153
EK202310229839,153
EK202310204873,153
EK202310208025,153
EK202310139865,153
EK202310238834,153
EK202320007032,153
EK202310223956,153
EK202310205152,153
EK202310127859,153
EK202310122230,153
EK202310235039,153
EK202310172181,153
EK202310152472,143
EK202310163385,153
EK202310226473,153
EK202310196206,153
EK202310004942,153
EK202310141871,153
EK202310215986,117
EK202310211462,153
EK202310245537,153
EK202310204491,153
EK202310139744,153
EK202310138719,153
EK202310128437,153
EK202310138286,153
EK202310148950,153
EK202310225042,153
EK202310227372,153
EK202310184056,153
EK202310203882,153
EK202310108510,153
EK202310220594,153
EK202310119141,153
EK202310246490,153
EK202310143698,153
EK202310126746,153
EK202310233106,153
EK202310108410,153
EK202310186336,153
EK202310231142,153
EK202310126076,153
EK202310205622,153
EK202310220488,153
EK202310120527,143
EK202310220246,153
EK202310161188,153
EK202310155699,153
EK202310189021,153
EK202310236601,153
EK202310164905,153
EK202310128052,153
EK202310126712,153
EK202310239805,153
EK202310224857,153
EK202310173357,153
EK202310127584,153
EK202310229371,153
EK202310110882,153
EK202310160530,153
EK202310116477,153
EK202310118586,150
EK202310172703,153
EK202310136123,143
EK202310108114,153
EK202310208296,143
EK202310232508,153
EK202310220252,143
EK202310168728,153
EK202310165440,153
EK202310214684,143
EK202310107697,153
EK202310129545,153
EK202310163236,153
EK202310236802,153
EK202310153242,153
EK202310144615,153
EK202310129912,123
EK202310197325,153
EK202310216540,153
EK202310104778,153
EK202310114062,153
EK202310205213,153
EK202310227892,153
EK202310232305,153
EK202310185667,153
EK202310212219,153
EK202310214315,153
EK202310222807,153
EK202310192829,153
EK202310246736,153
EK202310144859,153
EK202310167652,153
EK202310120246,153
EK202310182888,143
EK202310150758,153
EK202310172256,153
EK202310143177,153
EK202310197462,143
EK202310196459,153
EK202310164019,153
EK202310139039,153
EK202310134361,153
EK202310147025,146
EK202310208999,153
EK202310142527,153
EK202310193745,153
EK202310167641,153
EK202310240938,153
EK202310112017,117
EK202310240024,153
EK202310244708,153
EK202310210230,102
EK202310004423,153
EK202310221224,153
EK202310157667,143
EK202310215430,153
EK202310182844,150
EK202310236293,153
EK202310123092,137
EK202310125798,153
EK202310167474,153
EK202310124113,153
EK202310232206,153
EK202310222185,153
EK202310149306,153
EK202310167817,153
EK202310212632,153
EK202310132358,153
EK202310145151,153
EK202310141011,153
EK202310200018,153
EK202310132356,153
EK202310149165,153
EK202310129607,143
EK202310194843,153
EK202310190635,153
EK202310207943,153
EK202310164644,153
EK202310241540,153
EK202310116312,153
EK202310162974,153
EK202310151341,143
EK202310158724,153
EK202310247924,153
EK202310119010,153
EK202310186778,153
EK202310183764,153
EK202310151317,153
EK202310110771,153
EK202310180616,153
EK202310162283,153
EK202310228393,143
EK202310003867,153
EK202310162011,153
EK202310192785,153
EK202310205984,153
EK202310191301,153
EK202310205696,153
EK202310003384,153
EK202310244834,153
EK202310204220,153
EK202310110856,153
EK202310134787,153
EK202320007820,153
EK202310179208,153
EK202310223932,153
EK202310216781,153
EK202310187602,153
EK202310179844,153
EK202310163357,153
EK202310137800,153
EK202310202504,153
EK202310152435,104
EK202310138850,153
EK202310120464,143
EK202310200493,153
EK202310243016,101
EK202310168573,153
EK202310163051,153
EK202310188721,153
EK202310187647,153
EK202310194460,153
EK202310199853,153
EK202310199354,153
EK202310156872,153
EK202310183296,153
EK202310105927,153
EK202310106682,143
EK202310127329,153
EK202310116459,143
EK202310192223,153
EK202310004549,153
EK202310108809,153
EK202310180902,143
EK202310104309,153
EK202320005779,153
EK202310145003,153
EK202310234434,153
EK202310228455,153
EK202310196294,153
EK202310214611,153
EK202310128897,153
EK202310140953,153
EK202310153523,143
EK202310107262,153
EK202310177695,153
EK202310133157,153
EK202310243662,153
EK202310155394,153
EK202310126776,143
EK202310241762,153
EK202310141862,153
EK202310151835,153
EK202310128935,153
EK202310114330,153
EK202310166988,153
EK202310201794,153
EK202310181313,153
EK202310186725,153
EK202310146475,146
EK202310109755,153
EK202310161538,153
EK202310186435,153
EK202310193897,153
EK202310160769,153
EK202310212581,153
EK202310248122,153
EK202310235931,143
EK202310181771,153
EK202310155768,153
EK202310111605,153
EK202310127306,153
EK202310150190,153
EK202320005858,153
EK202310236072,153
EK202310225439,153
EK202310237893,153
EK202310136361,153
EK202310191072,153
EK202310181865,153
EK202310231592,153
EK202310207325,153
EK202310172714,153
EK202310224865,153
EK202310168576,153
EK202310103778,153
EK202310217586,153
EK202310231160,153
EK202310234098,153
EK202310178165,153
EK202310135798,153
EK202310207159,153
EK202310161503,153
EK202310164971,153
EK202310227797,153
EK202310138476,153
EK202310105436,153
EK202310171599,153
EK202310155833,153
EK202320007748,153
EK202310216275,153
EK202310178246,153
EK202310233952,153
EK202310236351,153
EK202310208975,153
EK202310210410,153
EK202310179531,153
EK202310207618,153
EK202310173550,153
EK202310226730,143
EK202310129523,143
EK202310220746,143
EK202310248566,143
EK202310193943,153
EK202310119814,153
EK202310142248,153
EK202310186304,153
EK202310138557,153
EK202310245483,153
EK202310132300,153
EK202310208081,153
EK202310230460,153
EK202310140474,153
EK202310212083,153
EK202310136665,153
EK202310131251,153
EK202310232633,153
EK202310147477,153
EK202310205850,153
EK202310202041,153
EK202310173763,153
EK202310160578,153
EK202310191339,153
EK202310212270,153
EK202310145728,153
EK202310221046,153
EK202310188691,153
EK202310171896,153
EK202310139766,153
EK202310173220,153
EK202310162948,153
EK202310105701,153
EK202310197311,153
EK202310147640,153
EK202310183542,153
EK202310183535,153
EK202310245904,153
EK202310133031,153
EK202310188018,153
EK202310135860,153
EK202310236943,153
EK202310156470,153
EK202310195857,153
EK202310187539,153
EK202310004424,123
EK202310217002,153
EK202310179415,153
EK202310120456,153
EK202310200863,153
EK202310147545,153
EK202310230822,153
EK202310121215,153
EK202310177411,153
EK202310224282,153
EK202310140227,153
EK202310129737,153
EK202310140849,153
EK202310189202,153
EK202310104642,153
EK202310208010,153
EK202310166940,153
EK202310162024,153
EK202310199815,153
EK202310152439,153
EK202310233448,153
EK202310242843,153
EK202310201491,153
EK202310107632,153
EK202310198770,153
EK202310137566,153
EK202310142121,153
EK202310190572,153
EK202310205775,153
EK202310220844,153
EK202310139338,153
EK202310108582,153
EK202310158552,153
EK202310184301,153
EK202310243616,153
EK202310151811,153
EK202310125407,153
EK202310139375,143
EK202310239439,153
EK202310155841,153
EK202310215149,153
EK202310107124,153
EK202310134118,153
EK202310194279,153
EK202310246720,153
EK202310162584,153
EK202310195982,153
EK202310228933,153
EK202310116256,153
EK202310114568,153
EK202310131206,153
EK202310175053,153
EK202310221935,153
EK202310185735,143
EK202310223371,153
EK202310228532,153
EK202310201399,117
EK202310225779,153
EK202310223354,153
EK202310149880,153
EK202310182361,153
EK202310245495,150
EK202310004203,153
EK202310179618,153
EK202320007066,153
EK202310114050,153
EK202310191315,153
EK202310146983,153
EK202310130594,153
EK202310242203,153
EK202310241138,153
EK202310156504,153
EK202310197660,153
EK202310140136,153
EK202310143917,153
EK202310219192,153
EK202310134270,153
EK202310232270,153
EK202310173917,153
EK202310173711,153
EK202310112756,153
EK202310204172,153
EK202310159759,153
EK202310186227,153
EK202310185665,153
EK202310117309,153
EK202310197672,153
EK202310153079,153
EK202320006035,153
EK202310247525,153
EK202310161438,153
EK202310218023,153
EK202310150064,153
EK202310142573,153
EK202310124576,153
EK202310219887,153
EK202310120184,153
EK202310112918,143
EK202310109372,153
EK202310107015,153
EK202310150353,153
EK202310204484,153
EK202310146488,153
EK202310124804,153
EK202310185666,153
EK202310195519,153
EK202310160733,146
EK202310104544,153
EK202310184750,153
EK202310003740,153
EK202310226854,143
EK202310125742,153
EK202310168317,153
EK202310149766,153
EK202310190272,153
EK202310146274,153
EK202310112851,153
EK202310175254,153
EK202310163259,153
EK202310133880,153
EK202310217079,143
EK202310170637,153
EK202310194778,104
EK202310218095,153
EK202310135253,153
EK202310197692,153
EK202310208639,153
EK202310246924,153
EK202310189081,153
EK202310186006,153
EK202310234924,153
EK202310159161,153
EK202310118361,153
EK202310103934,153
EK202310218075,153
EK202310151847,153
EK202310227485,153
EK202310215170,153
EK202310182285,153
EK202320006523,153
EK202310226724,153
EK202310144268,153
EK202310156630,153
EK202310245294,153
EK202310223363,153
EK202310237800,153
EK202310173460,153
EK202310209655,153
EK202310119136,153
EK202310127314,153
EK202310193844,153
EK202310162315,153
EK202310218294,143
EK202310151071,153
EK202310217686,153
EK202310154435,153
EK202310191927,146
EK202310181837,153
EK202310148256,153
EK202310230363,153
EK202310156095,153
EK202310169939,143
EK202310141818,153
EK202310230706,153
EK202310138074,143
EK202310213136,153
EK202310245174,153
EK202310149067,153
EK202310215609,153
EK202310170363,153
EK202310238402,153
EK202310117314,153
EK202310241750,153
EK202310154247,153
EK202310148755,153
EK202310150162,153
EK202310189110,132
EK202310168769,153
EK202310211938,153
EK202310176335,153
EK202310113812,153
EK202310123004,153
EK202310205174,153
EK202310168759,153
EK202310213442,142
EK202310239610,153
EK202310195241,153
EK202310153703,153
EK202310150341,153
EK202310208289,153
EK202310111014,153
EK202310221055,153
EK202310201138,153
EK202310004391,153
EK202310155939,120
EK202310148376,153
EK202310116871,153
EK202310197518,153
EK202310119757,153
EK202320007473,153
EK202310134809,153
EK202310189457,153
EK202310185033,153
EK202310229340,153
EK202310122288,153
EK202310120743,153
EK202310242075,153
EK202310140597,153
EK202310242069,153
EK202310136890,153
EK202310209810,153
EK202310223071,153
EK202310218487,153
EK202310232696,153
EK202310209345,153
EK202310170813,153
EK202310153786,153
EK202310151789,153
EK202310151677,153
EK202310137204,153
EK202310218836,153
EK202310151080,153
EK202310164354,153
EK202310173775,153
EK202310121695,153
EK202310205477,153
EK202310157033,153
EK202310119370,153
EK202310126142,153
EK202310205658,153
EK202310186719,153
EK202310144182,153
EK202310246415,150
EK202310227129,153
EK202310156707,153
EK202320005770,153
EK202310166383,153
EK202310210479,143
EK202310179571,153
EK202310187791,153
EK202310171969,153
EK202310132165,153
EK202310124907,153
EK202310208889,153
EK202310247697,153
EK202310194854,153
EK202310225021,153
EK202310238477,153
EK202310239246,143
EK202310176503,153
EK202310176496,153
EK202310198306,153
EK202310188583,153
EK202310207194,153
EK202310219806,153
EK202310227819,117
EK202310164368,153
EK202310239912,153
EK202310198458,153
EK202310142902,153
EK202310240388,153
EK202310222895,153
EK202310160875,153
EK202310167060,153
EK202310224028,153
EK202310151657,153
EK202310155117,153
EK202310136926,153
EK202310143427,153
EK202310172189,143
EK202310125542,104
EK202310217168,153
EK202310121975,153
EK202310182960,143
EK202310128220,153
EK202310112524,143
EK202310212379,153
EK202310207577,153
EK202310153262,153
EK202310198456,153
EK202310108358,153
EK202310160189,153
EK202310210891,153
EK202310193109,153
EK202310181289,153
EK202310131577,153
EK202310211895,153
EK202310190829,153
EK202310127301,153
EK202310116811,153
EK202310107250,153
EK202310107498,143
EK202310192130,153
EK202310132040,123
EK202310175120,153
EK202310246012,153
EK202320006537,153
EK202310129645,153
EK202310188742,153
EK202310196813,153
EK202310125413,153
EK202310166995,153
EK202310146585,153
EK202310229973,153
EK202310247518,153
EK202310198340,153
EK202310113811,153
EK202310188773,153
EK202310109282,153
EK202310240034,153
EK202310215437,153
EK202310194389,153
EK202310172196,153
EK202310165827,153
EK202320005561,153
EK202310149595,153
EK202310168288,153
EK202310140892,153
EK202310184756,153
EK202310155970,153
EK202310219701,153
EK202310174732,153
EK202310195694,153
EK202310213272,153
EK202310140437,153
EK202310235734,153
EK202310130236,153
EK202310144191,153
EK202310190014,153
EK202310244140,153
EK202310179886,153
EK202310124185,153
EK202310153209,143
EK202310153141,153
EK202310203881,153
EK202310166214,153
EK202310165860,153
EK202310221150,143
EK202310212669,143
EK202310183646,153
EK202310161293,153
EK202310123374,153
EK202310167702,153
EK202310218991,153
EK202310153681,153
EK202310132053,153
EK202310181558,153
EK202310234347,153
EK202310205398,153
EK202310236180,153
EK202310215127,153
EK202310184646,153
EK202310248044,153
EK202310232425,153
EK202310151757,153
EK202310134956,153
EK202310203447,153
EK202310125366,153
EK202310180083,153
EK202310170602,153
EK202310189329,153
EK202310152190,153
EK202310118845,153
EK202310202683,143
EK202310131733,153
EK202310151659,117
EK202310111223,153
EK202310189015,153
EK202310204933,153
EK202310220311,153
EK202310153186,153
EK202310204998,153
EK202310206640,104
EK202310148731,153
EK202310177950,153
EK202310236764,153
EK202310149184,153
EK202310243178,153
EK202310149329,153
EK202310124506,153
EK202310175231,153
EK202310117163,153
EK202310235121,153
EK202310201963,153
EK202310177877,153
EK202310196442,153
EK202310165909,153
EK202310148120,153
EK202310165323,153
EK202310148717,153
EK202310110684,153
EK202310131621,153
EK202310155848,153
EK202310116241,143
EK202310139259,153
EK202310125773,153
EK202310233036,153
EK202310149022,153
EK202310189335,153
EK202310124884,153
EK202310120137,143
EK202310164298,153
EK202310210341,153
EK202310235088,153
EK202310187731,153
EK202310243618,153
EK202310246975,153
EK202310178699,153
EK202310208826,153
EK202310192931,153
EK202310144942,153
EK202310204406,153
EK202310228390,153
EK202310116598,153
EK202310168298,153
EK202310221487,153
EK202310129003,143
EK202310199518,153
EK202310230415,153
EK202310229198,153
EK202310191619,153
EK202310135624,153
EK202310188764,153
EK202310194928,153
EK202310136019,153
EK202310193486,153
EK202310114440,153
EK202310233214,153
EK202310228766,153
EK202310149990,153
EK202310122654,153
EK202310221978,153
EK202310166235,153
EK202310165801,153
EK202310164057,153
EK202310168718,153
EK202310108201,153
EK202310206343,153
EK202310114675,143
EK202310188537,153
EK202310179087,153
EK202310187084,153
EK202310187925,153
EK202310170956,153
EK202310212887,153
EK202310137413,143
EK202310217648,153
EK202310174679,153
EK202310229265,153
EK202310148461,153
EK202310222772,143
EK202310113407,153
EK202310206546,153
EK202310224810,153
EK202310228008,153
EK202310165670,153
EK202310188801,153
EK202310163428,143
EK202310155452,153
EK202310188057,153
EK202310191879,143
EK202310221170,153
EK202310231103,153
EK202310242198,153
EK202310187526,153
EK202310188098,153
EK202310203053,153
EK202310215291,143
EK202310175087,153
EK202310187624,153
EK202310190415,153
EK202310123309,153
EK202310148164,153
EK202310185918,153
EK202310122611,153
EK202310174402,153
EK202310165680,153
EK202310234342,153
EK202310196937,153
EK202310111601,153
EK202310115643,153
EK202310111554,153
EK202310128358,153
EK202310131862,153
EK202310207446,153
EK202310189921,153
EK202310129789,153
EK202310226523,153
EK202310231417,153
EK202320007285,153
EK202310217873,153
EK202310105042,120
EK202310136636,153
EK202310175915,153
EK202310003483,153
EK202310200419,153
EK202310117924,153
EK202310181210,153
EK202310202561,153
EK202310107499,153
EK202310107137,153
EK202310231924,153
EK202310144923,153
EK202310207718,153
EK202310212477,153
EK202310107846,153
EK202310185004,153
EK202310134355,153
EK202310170491,153
EK202310234495,153
EK202310126339,153
EK202310185015,153
EK202310208389,153
EK202310165712,153
EK202310168161,153
EK202310152314,153
EK202310207349,153
EK202310195623,153
EK202310187039,153
EK202310141159,153
EK202310209863,153
EK202310160465,153
EK202310171624,153
EK202310227086,153
EK202310177422,143
EK202310240033,153
EK202310147863,153
EK202310187436,153
EK202310210870,153
EK202310104543,153
EK202310136266,153
EK202310169848,153
EK202310134804,143
EK202310128125,153
EK202310105804,153
EK202310240636,153
EK202310128250,153
EK202310167986,153
EK202310223738,153
EK202310194978,143
EK202310174109,153
EK202310234407,153
EK202310174138,153
EK202310167183,153
EK202310111941,123
EK202310199956,153
EK202310116743,153
EK202310140835,153
EK202310179216,153
EK202310205539,153
EK202310196566,153
EK202310224930,153
EK202310120947,153
EK202310170902,153
EK202310235028,153
EK202310113734,153
EK202310204036,153
EK202310230642,153
EK202310131709,153
EK202310226061,153
EK202310175946,153
EK202310152205,153
EK202310188482,153
EK202310108311,153
EK202310191290,143
EK202310144489,153
EK202310172283,153
EK202310226719,153
EK202310159716,153
EK202310199594,153
EK202310173559,153
EK202310136955,153
EK202310116269,153
EK202310193704,153
EK202320007431,153
EK202310132812,153
EK202310180739,153
EK202310174941,153
EK202310178926,153
EK202310194112,153
EK202310133210,153
EK202310192212,123
EK202310120175,153
EK202310139063,153
EK202310110816,153
EK202310133264,153
EK202310104140,153
EK202310162125,153
EK202310144954,153
EK202310169762,143
EK202310161221,153
EK202310216951,143
EK202310231726,153
EK202310149140,153
EK202310129051,153
EK202310134433,153
EK202310247557,153
EK202310231514,143
EK202310224127,153
EK202310126711,153
EK202310145914,153
EK202310147010,153
EK202310141199,153
EK202310163547,104
EK202310204148,153
EK202310159997,153
EK202310147517,153
EK202310120397,143
EK202310154029,153
EK202310208628,153
EK202310240529,153
EK202310119023,153
EK202310171849,153
EK202310180911,143
EK202310111220,153
EK202310155400,153
EK202310205379,153
EK202310151041,153
EK202310122951,153
EK202310196536,153
EK202310160766,153
EK202310209097,153
EK202310140289,143
EK202310133699,153
EK202310193965,153
EK202310201530,153
EK202310131280,153
EK202310225831,143
EK202310197460,153
EK202310225230,153
EK202310158454,153
EK202310245266,153
EK202310175415,153
EK202310194223,153
EK202310199942,153
EK202310233835,153
EK202310220027,153
EK202310119464,153
EK202310179368,153
EK202320006345,153
EK202310124702,153
EK202310197937,153
EK202310159091,143
EK202310138888,117
EK202310216680,153
EK202310240252,153
EK202310175387,153
EK202310199869,153
EK202310140275,153
EK202310151577,113
EK202310130981,153
EK202310131764,153
EK202310121874,143
EK202310171868,153
EK202310140109,153
EK202310120574,153
EK202310151566,153
EK202310124827,153
EK202310120607,153
EK202320006257,153
EK202310220130,153
EK202310144885,153
EK202310186525,153
EK202310219807,153
EK202310167657,153
EK202310123275,153
EK202310215234,153
EK202310146524,153
EK202310169940,153
EK202310243649,143
EK202310183687,153
EK202310130415,153
EK202310188385,153
EK202310158217,153
EK202310004449,153
EK202310193236,153
EK202310151651,153
EK202310106009,153
EK202310185711,153
EK202310104495,143
EK202310144848,153
EK202310180048,153
EK202310137754,153
EK202310156546,153
EK202310137352,153
EK202310182441,153
EK202310208167,153
EK202310223871,153
EK202310172342,153
EK202310219366,153
EK202310196187,153
EK202310138150,146
EK202310172299,143
EK202310127364,153
EK202310139869,143
EK202310128954,153
EK202310146322,117
EK202310162849,153
EK202310181038,153
EK202310170175,153
EK202310112098,153
EK202310176673,153
EK202310139559,153
EK202310233592,153
EK202310224263,153
EK202310110134,117
EK202310226556,153
EK202310209883,153
EK202310231890,153
EK202310190968,153
EK202310136859,153
EK202310247260,153
EK202310172360,153
EK202310210416,153
EK202310227699,153
EK202310213569,153
EK202310224874,153
EK202310169709,153
EK202310228257,153
EK202310141038,153
EK202310129192,153
EK202310107751,153
EK202310140717,153
EK202310228229,153
EK202310207072,153
EK202310202830,153
EK202310148905,143
EK202310127758,153
EK202310178020,153
EK202310193951,153
EK202310155292,153
EK202310144487,143
EK202310121253,153
EK202310148088,153
EK202310187124,153
EK202310229693,153
EK202310201484,143
EK202310129571,153
EK202310125950,153
EK202310185603,153
EK202310114453,153
EK202310117950,153
EK202310119043,153
EK202310198703,153
EK202310140299,153
EK202310135296,153
EK202310107227,153
EK202310240359,153
EK202310240921,153
EK202310128737,117
EK202310124258,153
EK202310220986,143
EK202310120232,153
EK202310164246,153
EK202310179029,153
EK202310162108,153
EK202310117566,153
EK202310232452,153
EK202310199397,153
EK202310150619,153
EK202310112912,153
EK202310196213,153
EK202310128306,153
EK202310186545,153
EK202310245338,153
EK202310126833,153
EK202310183324,153
EK202310206548,153
EK202310162684,153
EK202310158471,153
EK202310237583,153
EK202310142976,153
EK202310181877,153
EK202310193411,153
EK202310140403,153
EK202310223571,153
EK202310200630,153
EK202310219428,153
EK202310149680,153
EK202310109895,153
EK202310204098,153
EK202310177412,153
EK202310219692,117
EK202310103878,153
EK202310193630,153
EK202310109504,153
EK202310109364,153
EK202310239283,153
EK202310104478,153
EK202310204048,153
EK202310159059,153
EK202310156030,153
EK202310245545,153
EK202320007416,153
EK202310221846,153
EK202310132308,153
EK202310197059,153
EK202310234332,153
EK202310194822,153
EK202310148932,153
EK202310128434,143
EK202310238922,143
EK202310114232,153
EK202310175005,153
EK202320007002,153
EK202310197439,153
EK202310236355,153
EK202310003833,153
EK202310204832,153
EK202310004506,153
EK202310121065,153
EK202310127094,153
EK202310213840,153
EK202310114333,153
EK202310145274,153
EK202310222042,143
EK202310213433,153
EK202310146144,153
EK202310204047,153
EK202310212828,143
EK202310138593,153
EK202310226806,153
EK202310208095,153
EK202310114814,153
EK202310186543,153
EK202310110336,153
EK202310167478,143
EK202310236430,157
EK202310217023,153
EK202310153953,153
EK202310230502,153
EK202310247381,153
EK202310208704,153
EK202310139824,153
EK202310197168,153
EK202310128080,153
EK202310123269,143
EK202310121955,153
EK202310161214,153
EK202310133556,153
EK202310197481,153
EK202310246538,153
EK202310194330,153
EK202310178652,153
EK202310209776,153
EK202310242382,153
EK202310234518,153
EK202310217553,153
EK202310003369,153
EK202310207859,153
EK202310215266,153
EK202310191942,143
EK202310113737,153
EK202310128655,153
EK202310248203,153
EK202310170678,153
EK202310225376,153
EK202310198236,153
EK202310138567,153
EK202310148635,153
EK202310121362,153
EK202310216537,153
EK202310244010,153
EK202310199391,153
EK202310150957,153
EK202310160956,153
EK202310234204,153
EK202310230587,153
EK202310212166,153
EK202310164638,153
EK202310157872,153
EK202310206238,153
EK202310137733,153
EK202310123238,143
EK202310201665,153
EK202310150077,153
EK202310140491,143
EK202310183010,153
EK202310168338,153
EK202310146731,153
EK202310201575,146
EK202310151646,153
EK202310110613,153
EK202310107412,153
EK202310110590,153
EK202310127237,153
EK202310217513,153
EK202310148694,153
EK202310223185,153
EK202310172511,153
EK202310219014,153
EK202310134780,153
EK202310117915,153
EK202310153389,153
EK202310207296,153
EK202310132494,153
EK202310187803,153
EK202310233954,153
EK202310119049,153
EK202310243256,153
EK202310244548,153
EK202310240124,153
EK202310148734,153
EK202310131233,153
EK202310220058,153
EK202310217202,153
EK202310179774,153
EK202310227794,143
EK202310132105,153
EK202310177761,153
EK202310227840,153
EK202310169016,153
EK202320006837,153
EK202310108574,153
EK202310190548,153
EK202310109486,153
EK202310200259,153
EK202310162701,153
EK202310160336,153
EK202310212709,150
EK202310226725,153
EK202310158681,153
EK202310107964,153
EK202310235518,153
EK202310123552,143
EK202310201865,153
EK202310145317,153
EK202310183030,153
EK202310200118,153
EK202310114422,153
EK202310157848,153
EK202310239370,153
EK202310131836,153
EK202310143421,153
EK202310205485,153
EK202310168662,153
EK202310154586,153
EK202310186744,153
EK202310233340,153
EK202310239910,153
EK202310245136,153
EK202310149851,153
EK202310149779,153
EK202310228990,153
EK202310242178,143
EK202310133873,153
EK202310164264,153
EK202310231632,153
EK202310144424,143
EK202310112760,153
EK202310212956,153
EK202310145964,153
EK202310126563,143
EK202310109694,153
EK202310128490,143
EK202310180704,153
EK202310126998,153
EK202310112115,153
EK202310209159,153
EK202310191498,153
EK202310216436,153
EK202310163197,117
EK202310151701,153
EK202310110130,143
EK202310226705,153
EK202310139340,153
EK202310110862,153
EK202310127381,153
EK202310202546,153
EK202310225643,153
EK202310213096,153
EK202310235079,153
EK202310109108,153
EK202310225137,153
EK202310187484,137
EK202310244698,153
EK202310182643,153
EK202310172470,153
EK202310202542,143
EK202310240368,143
EK202310103843,153
EK202310219530,153
EK202310176306,153
EK202310239841,153
EK202310216087,153
EK202310153817,153
EK202310170433,153
EK202310219831,153
EK202310232545,153
EK202310128070,153
EK202310160215,153
EK202310233605,153
EK202310004309,153
EK202310162940,153
EK202310229901,153
EK202310155025,153
EK202310127004,153
EK202310247408,153
EK202310202128,153
EK202310178091,153
EK202310123328,153
EK202310228444,153
EK202310156135,153
EK202310164582,153
EK202310120354,153
EK202310225755,153
EK202310242750,153
EK202310142998,153
EK202310224125,153
EK202310169891,153
EK202310115679,153
EK202310198800,153
EK202310105498,153
EK202310178156,153
EK202310186930,153
EK202310133899,153
EK202310156394,153
EK202310122250,153
EK202310148614,153
EK202310195974,153
EK202310140125,104
EK202310210027,153
EK202310123730,153
EK202310116187,153
EK202310159940,153
EK202310120469,153
EK202310153614,153
EK202310233640,153
EK202310185515,153
EK202310205120,153
EK202310178305,153
EK202310184917,153
EK202310194354,153
EK202310171208,153
EK202310154255,153
EK202310245884,153
EK202310179361,153
EK202310181720,153
EK202310198136,153
EK202310123723,153
EK202310162489,153
EK202310242175,153
EK202310224905,153
EK202310248091,153
EK202310123593,153
EK202310183684,104
EK202310235351,153
EK202310169872,153
EK202320006484,153
EK202310199450,153
EK202310109127,153
EK202320007711,153
EK202310156432,153
EK202310233998,143
EK202310128218,153
EK202310121076,104
EK202310161013,153
EK202310116233,153
EK202310172825,143
EK202310126048,153
EK202310238467,153
EK202310172112,153
EK202310105094,153
EK202310228653,153
EK202310166974,153
EK202310236937,153
EK202310155066,153
EK202310110822,153
EK202310117204,153
EK202310124699,153
EK202310201420,153
EK202310193066,153
EK202310103851,153
EK202310107858,153
EK202310136568,153
EK202310108975,153
EK202310123028,153
EK202310124327,153
EK202310127718,143
EK202310155357,153
EK202310230360,153
EK202310107277,153
EK202310140418,153
EK202310205320,153
EK202310111068,153
EK202310199336,153
EK202310124051,153
EK202310137534,153
EK202310134728,104
EK202310186537,143
EK202310212779,153
EK202310184455,153
EK202310243388,153
EK202310137422,153
EK202310241788,153
EK202310107922,153
EK202310193955,153
EK202310194721,153
EK202310146903,143
EK202310134637,153
EK202310115633,153
EK202310226326,153
EK202310191621,153
EK202310218537,153
EK202310140032,153
EK202310187906,153
EK202310160631,153
EK202310235165,143
EK202310226953,153
EK202310231462,153
EK202310131496,153
EK202310215576,153
EK202310122149,153
EK202310167024,153
EK202310201015,153
EK202310139845,153
EK202310206739,153
EK202310107474,143
EK202310212444,153
EK202310160242,153
EK202310151058,153
EK202310107745,153
EK202310180777,153
EK202310118200,153
EK202310110288,153
EK202310133962,153
EK202310209998,153
EK202310113961,153
EK202310125421,153
EK202310204604,153
EK202310120459,150
EK202310179318,153
EK202310188043,153
EK202310139621,153
EK202310223960,153
EK202310116277,153
EK202310173520,153
EK202310140244,104
EK202310172775,153
EK202310209021,153
EK202310137060,153
EK202310169472,153
EK202310220708,153
EK202310155346,153
EK202310203724,153
EK202310174172,152
EK202310127338,143
EK202310231177,153
EK202310110283,143
EK202310194192,153
EK202310179609,153
EK202310233542,153
EK202310223188,153
EK202310160161,153
EK202310142059,153
EK202310148973,153
EK202310185968,153
EK202310143375,153
EK202310223394,153
EK202310142935,153
EK202310128889,153
EK202310243694,153
EK202310168873,153
EK202310110255,153
EK202310217355,153
EK202310170477,153
EK202310126294,153
EK202310193447,153
EK202310208452,153
EK202310121117,153
EK202310188124,153
EK202310200744,153
EK202310246111,153
EK202310161343,153
EK202310174717,153
EK202310162592,153
EK202310199334,153
EK202310004427,153
EK202310128231,153
EK202310159198,153
EK202310190595,153
EK202310234887,153
EK202310230530,153
EK202310212245,153
EK202310247440,153
EK202310190679,153
EK202310215878,153
EK202310118270,153
EK202310109213,153
EK202320007685,153
EK202310125681,153
EK202310187523,153
EK202310185418,153
EK202310147002,153
EK202310171520,153
EK202310222521,153
EK202310200454,153
EK202310121658,143
EK202310147902,153
EK202310204527,104
EK202310202723,153
EK202310149975,153
EK202310157163,153
EK202310125893,153
EK202310121387,153
EK202310151762,153
EK202310193998,143
EK202310106551,153
EK202310245044,153
EK202310207864,153
EK202310150519,153
EK202310180535,153
EK202310140574,153
EK202310152351,153
EK202310119381,153
EK202310144308,153
EK202310204920,143
EK202310169039,153
EK202310126992,153
EK202310165821,153
EK202310218625,153
EK202310224581,153
EK202310104040,153
EK202310151985,153
EK202310151422,153
EK202310181497,153
EK202310143064,153
EK202310115232,153
EK202310160598,153
EK202310153804,153
EK202310246991,153
EK202310205912,153
EK202310147949,153
EK202310147713,153
EK202310172130,153
EK202310193689,153
EK202320007377,153
EK202310234778,153
EK202310126968,153
EK202310168723,143
EK202310205210,153
EK202310236972,153
EK202310110805,153
EK202310110541,153
EK202320006784,153
EK202310169268,143
EK202310192717,153
EK202310134072,153
EK202310109817,153
EK202310111416,153
EK202310163760,153
EK202310206928,153
EK202310222806,153
EK202310245025,153
EK202310154335,153
EK202310122966,153
EK202310147154,153
EK202310161786,153
EK202310122057,153
EK202310206279,153
EK202310241236,153
EK202310107469,153
EK202310236549,153
EK202310144138,153
EK202310212131,153
EK202310112701,153
EK202310163659,153
EK202310172713,153
EK202310175303,153
EK202310129678,153
EK202310204116,153
EK202310226565,153
EK202310177622,154
EK202310173275,153
EK202310108694,153
EK202310124863,153
EK202310209698,153
EK202310155502,153
EK202310160025,153
EK202310219991,153
EK202310229114,153
EK202310179717,153
EK202310112666,153
EK202310122607,153
EK202310203774,153
EK202310167012,143
EK202310177207,153
EK202310108755,153
EK202310235791,153
EK202310193173,153
EK202310226669,153
EK202310241591,153
EK202310139673,143
EK202310245678,153
EK202320005871,153
EK202310146553,153
EK202310110812,153
EK202310163248,153
EK202310198120,153
EK202310130383,153
EK202310165453,153
EK202310129296,143
EK202310114158,153
EK202310206093,153
EK202310178733,153
EK202310148785,143
EK202310182839,153
EK202310243137,153
EK202310180781,153
EK202310221757,153
EK202310247595,153
EK202310119239,153
EK202310174112,153
EK202310195036,153
EK202310139240,153
EK202310161228,153
EK202310124628,153
EK202310216201,153
EK202310171177,153
EK202310217298,143
EK202310105105,153
EK202310121917,153
EK202310175901,153
EK202310248632,153
EK202310168647,153
EK202310189433,153
EK202310219364,153
EK202310208149,153
EK202310115824,153
EK202310147437,153
EK202310131516,153
EK202310216229,153
EK202310143057,153
EK202310227618,153
EK202310105862,153
EK202310191429,153
EK202310114100,153
EK202310240658,153
EK202310221826,153
EK202310228005,153
EK202310114273,153
EK202310129611,153
EK202310106828,153
EK202310216849,153
EK202310217419,153
EK202310123260,153
EK202310189255,153
EK202310141612,153
EK202310115638,153
EK202310144626,153
EK202310128398,153
EK202310150599,153
EK202310209851,153
EK202310142306,153
EK202310151733,153
EK202310115665,153
EK202310144016,153
EK202310194248,153
EK202310221662,153
EK202310239754,143
EK202310183618,153
EK202310247966,153
EK202310144467,153
EK202310199980,153
EK202310147993,153
EK202310219732,153
EK202310201255,153
EK202310166834,153
EK202310188039,153
EK202310125812,153
EK202310149327,143
EK202310186774,153
EK202310131937,153
EK202310136858,153
EK202310194737,153
EK202310227116,153
EK202310188953,153
EK202310152825,153
EK202310233830,123
EK202310175569,153
EK202310127649,153
EK202310189873,153
EK202310164363,153
EK202310122930,142
EK202310159410,153
EK202310150191,153
EK202310174699,143
EK202310184344,153
EK202310142972,153
EK202310136313,153
EK202310159605,153
EK202310211606,153
EK202310194487,153
EK202310109553,153
EK202310121906,153
EK202310132283,153
EK202310156330,153
EK202310109685,153
EK202310166453,153
EK202310235141,153
EK202310242155,153
EK202310171093,177
EK202310157094,153
EK202310157497,153
EK202310112679,153
EK202310201020,153
EK202310137760,153
EK202310152523,153
EK202310227728,153
EK202310194083,153
EK202310194984,153
EK202310145213,153
EK202310216337,153
EK202310189326,153
EK202310145361,153
EK202310209596,153
EK202310147914,153
EK202310210977,153
EK202310169601,143
EK202310218627,153
EK202310222818,153
EK202310175529,153
EK202310201612,153
EK202310174062,153
EK202310223170,153
EK202310225186,153
EK202310243838,153
EK202310241520,153
EK202310166518,146
EK202310113920,153
EK202310164784,153
EK202310159164,146
EK202310149463,153
EK202310227499,153
EK202310217794,153
EK202310225560,143
EK202310147201,153
EK202310128156,153
EK202310115240,153
EK202310238532,143
EK202310183846,153
EK202310144731,153
EK202310162390,153
EK202310197431,153
EK202310105951,153
EK202310204990,153
EK202310210191,153
EK202310126933,153
EK202310202480,143
EK202310111923,153
EK202310119216,153
EK202310157432,153
EK202310177567,153
EK202310131552,153
EK202310179248,153
EK202310151456,153
EK202310168955,153
EK202320007813,153
EK202310117010,153
EK202310151990,153
EK202310125852,153
EK202310136345,153
EK202310107482,153
EK202310136674,153
EK202310162359,153
EK202310130813,153
EK202310242095,153
EK202310112314,153
EK202310234433,153
EK202310202458,153
EK202310129103,153
EK202310177132,153
EK202310242050,153
EK202310232456,153
EK202310200214,153
EK202310163472,153
EK202310185311,153
EK202310228179,153
EK202310130371,153
EK202310179660,153
EK202310190711,153
EK202310246542,153
EK202310231496,117
EK202310222179,153
EK202310132158,153
EK202310167423,153
EK202310201349,153
EK202310142224,153
EK202310179938,153
EK202310223135,153
EK202310205817,153
EK202310246593,153
EK202310176304,153
EK202310130059,153
EK202310111192,153
EK202310165881,153
EK202310127812,153
EK202310190156,153
EK202310216483,143
EK202310144414,153
EK202310132901,158
EK202310154231,153
EK202310145897,153
EK202310209392,153
EK202310178084,153
EK202310125343,104
EK202310146816,153
EK202310155084,153
EK202310168900,153
EK202310185047,153
EK202310237486,153
EK202310203671,153
EK202310135522,153
EK202310159093,153
EK202310189257,153
EK202310177736,153
EK202310105312,153
EK202310242607,153
EK202310206314,153
EK202310125578,153
EK202310217187,153
EK202310239344,123
EK202310148598,153
EK202310211006,153
EK202310141573,153
EK202310208369,153
EK202310143928,153
EK202310149152,153
EK202310150945,153
EK202310158400,153
EK202310117629,153
EK202310104031,153
EK202310110083,153
EK202310178368,153
EK202310119686,153
EK202310143618,153
EK202310120487,153
EK202310219395,153
EK202310112376,153
EK202310201306,104
EK202310228811,153
EK202310171144,153
EK202310196110,153
EK202310115076,153
EK202310106850,153
EK202310224133,153
EK202310138595,153
EK202310197537,153
EK202310190665,143
EK202310148759,153
EK202310243283,153
EK202310159395,153
EK202310114620,153
EK202310111786,153
EK202310179340,153
EK202310246360,153
EK202310165546,143
EK202310231626,153
EK202310154298,143
EK202310234468,153
EK202310216859,153
EK202310159904,153
EK202310122874,153
EK202310226448,153
EK202310109658,153
EK202310248327,153
EK202310240275,153
EK202310160292,153
EK202310130749,153
EK202310208708,153
EK202310184600,153
EK202310136202,153
EK202310118993,153
EK202310135570,153
EK202310144234,153
EK202310232831,153
EK202310190714,143
EK202310237590,153
EK202310105068,153
EK202310233087,153
EK202310174797,153
EK202310241325,153
EK202310003548,153
EK202310226491,153
EK202310111356,153
EK202310246019,153
EK202310104422,153
EK202310140919,153
EK202310247367,153
EK202310108141,153
EK202310202875,153
EK202310132953,150
EK202310163551,153
EK202310155719,153
EK202310128169,153
EK202310227798,153
EK202310112895,153
EK202310110637,153
EK202310111099,143
EK202310160891,153
EK202310174833,153
EK202310133014,153
EK202310229258,153
EK202310191591,153
EK202310190178,153
EK202310227882,153
EK202310248423,153
EK202310199669,153
EK202310178419,153
EK202310229489,153
EK202310109158,153
EK202310167700,153
EK202310183769,153
EK202320007189,153
EK202310119946,153
EK202310171685,153
EK202310237171,153
EK202310114451,153
EK202310200193,153
EK202310211187,153
EK202310163649,153
EK202310128906,137
EK202310155349,153
EK202310226103,153
EK202310130867,153
EK202310144735,153
EK202310131002,153
EK202310147837,153
EK202310182788,153
EK202310130743,153
EK202310195554,153
EK202310111296,153
EK202310109329,153
EK202310003505,104
EK202310182130,153
EK202310158028,153
EK202310156165,153
EK202310210442,153
EK202310182184,153
EK202310198996,153
EK202310141171,153
EK202310223224,153
EK202310186527,153
EK202310155114,153
EK202310176069,153
EK202310129120,153
EK202310189707,153
EK202310116275,143
EK202310208833,153
EK202310197309,143
EK202310213895,153
EK202310208737,153
EK202310200447,153
EK202310152283,153
EK202310220449,153
EK202310110949,153
EK202310209106,153
EK202310223835,153
EK202310230881,153
EK202310122186,153
EK202310170304,153
EK202310193993,153
EK202310141761,153
EK202310127568,143
EK202310128895,153
EK202310228433,153
EK202310118632,153
EK202310104226,153
EK202310164491,153
EK202310216438,153
EK202310214077,153
EK202310247400,153
EK202310174422,153
EK202310122877,153
EK202310128301,153
EK202310121029,153
EK202310156904,153
EK202310228463,153
EK202310197399,153
EK202310210314,153
EK202310114247,153
EK202320005931,153
EK202310129928,153
EK202310213491,143
EK202310117524,153
EK202310118755,153
EK202310184404,153
EK202310227256,143
EK202310179166,153
EK202310136432,153
EK202310176274,153
EK202310151297,153
EK202310125109,153
EK202310116780,153
EK202310135569,150
EK202310134565,153
EK202310186448,153
EK202310178115,153
EK202310113148,153
EK202310228489,153
EK202310179723,153
EK202310157269,153
EK202310199275,153
EK202310233646,153
EK202310154900,153
EK202310140705,153
EK202310148303,153
EK202310216595,153
EK202310109916,153
EK202310115675,153
EK202310155830,143
EK202310218005,153
EK202310141563,153
EK202310228213,153
EK202310212791,143
EK202310194782,153
EK202310231645,153
EK202310241926,153
EK202310210213,153
EK202310134817,123
EK202310133386,153
EK202310142531,153
EK202310187663,153
EK202310117777,153
EK202310158245,153
EK202310195137,153
EK202310142488,153
EK202310187991,153
EK202310150662,153
EK202310217688,153
EK202310179171,153
EK202310127405,153
EK202310135392,153
EK202310171859,143
EK202310105858,153
EK202310158319,153
EK202310230414,153
EK202310118707,153
EK202310128139,153
EK202310186693,153
EK202310179495,153
EK202310199992,153
EK202310107900,153
EK202310139759,153
EK202310109278,153
EK202310126409,153
EK202310207784,153
EK202310236292,153
EK202310154556,153
EK202310134873,143
EK202310132640,153
EK202310228961,153
EK202310185810,153
EK202310149986,153
EK202310131518,153
EK202310121880,153
EK202310191180,153
EK202310177003,153
EK202310215011,153
EK202310146470,153
EK202310200272,153
EK202310172780,153
EK202310225929,153
EK202310145639,153
EK202310246707,153
EK202310196529,153
EK202310232839,153
EK202310140369,153
EK202310141325,153
EK202310151532,153
EK202310217721,104
EK202310189960,153
EK202310132726,104
EK202310182587,153
EK202310216789,153
EK202310187849,153
EK202310234305,153
EK202310142640,153
EK202310211367,153
EK202310237820,153
EK202310128311,153
EK202310234908,153
EK202310104928,153
EK202310124402,153
EK202310170954,153
EK202310238908,153
EK202310138176,143
EK202310150598,153
EK202310108952,153
EK202310147721,153
EK202310164148,153
EK202310164879,153
EK202310170715,153
EK202310169418,142
EK202310133466,153
EK202310133903,153
EK202310204671,153
EK202310156209,153
EK202310243873,153
EK202310134929,153
EK202310216695,153
EK202310158237,153
EK202310194292,153
EK202310103856,153
EK202310126627,153
EK202310121161,143
EK202310191392,153
EK202310245531,153
EK202310126763,153
EK202310161498,153
EK202310112456,153
EK202310191483,153
EK202310140746,153
EK202310175247,153
EK202310112978,153
EK202310115781,153
EK202310150028,153
EK202310204581,153
EK202310137480,153
EK202310191514,153
EK202310201678,153
EK202310117265,153
EK202310112369,153
EK202310208647,143
EK202310142602,143
EK202310113073,153
EK202310149092,153
EK202310162989,153
EK202320006610,153
EK202310177443,139
EK202310104850,123
EK202310126368,153
EK202310248204,153
EK202310190956,153
EK202310110980,153
EK202310154273,153
EK202310242223,153
EK202310117698,153
EK202310195417,153
EK202310145942,153
EK202310152887,153
EK202310169297,153
EK202310221863,153
EK202310199131,153
EK202310185529,153
EK202310113311,153
EK202310209762,153
EK202310164806,153
EK202310134642,153
EK202310146968,153
EK202310107027,153
EK202310226716,153
EK202310243795,153
EK202310138740,153
EK202310144607,153
EK202310244471,153
EK202310159052,153
EK202310123055,143
EK202310113885,153
EK202310199531,153
EK202310236118,153
EK202310137888,153
EK202310215531,153
EK202310185054,153
EK202310129573,153
EK202310163633,153
EK202310202282,153
EK202310143694,153
EK202320006080,153
EK202310232132,153
EK202310138363,153
EK202310193434,153
EK202310175511,153
EK202310133748,153
EK202310106718,153
EK202310188899,153
EK202310232574,153
EK202310212172,153
EK202310190446,153
EK202310113384,153
EK202310181368,153
EK202310003999,153
EK202310141115,143
EK202310109981,153
EK202310166769,153
EK202310138115,153
EK202310128203,153
EK202310206649,153
EK202310110780,153
EK202310240635,153
EK202310190614,153
EK202310129881,153
EK202310127835,117
EK202310121093,153
EK202310150408,153
EK202310164894,153
EK202310109584,153
EK202310173464,153
EK202310204837,153
EK202310152348,153
EK202310164097,153
EK202310127163,153
EK202310244695,153
EK202310229812,153
EK202310134538,153
EK202310210536,153
EK202310140667,153
EK202310141775,153
EK202310214180,153
EK202310164023,153
EK202310173588,153
EK202310170905,153
EK202310114396,153
EK202310183841,153
EK202310201453,153
EK202310113439,153
EK202310238212,153
EK202310127261,153
EK202310238188,153
EK202310206294,153
EK202310144833,153
EK202310211732,153
EK202310224752,153
EK202310193699,153
EK202310143520,153
EK202310115211,153
EK202310164360,153
EK202310117381,143
EK202310229483,153
EK202310188649,153
EK202310200724,153
EK202310144431,153
EK202310133572,153
EK202310208802,153
EK202310248659,153
EK202310131585,153
EK202310233777,153
EK202310129212,153
EK202310155799,153
EK202310229572,104
EK202310128875,153
EK202310148223,153
EK202310142900,153
EK202310183384,153
EK202310111421,153
EK202310212086,153
EK202310239476,104
EK202310131957,153
EK202310204264,153
EK202310178704,153
EK202310227864,153
EK202310169538,143
EK202310173784,153
EK202310216416,153
EK202310196443,153
EK202310214690,120
EK202310224533,153
EK202310171089,153
EK202310213256,153
EK202310136488,153
EK202310199625,153
EK202310171589,153
EK202310226351,153
EK202310106984,153
EK202310212070,153
EK202310183076,153
EK202310232081,153
EK202310126981,153
EK202310154523,153
EK202310184085,153
EK202310170300,153
EK202310218531,153
EK202310206452,153
EK202310004184,153
EK202310177618,153
EK202310222352,153
EK202310106506,153
EK202310186819,153
EK202310140723,153
EK202310238611,153
EK202310120555,143
EK202310147094,153
EK202310155462,153
EK202310105723,153
EK202310136398,153
EK202310233819,153
EK202310133289,153
EK202310230003,153
EK202310144991,153
EK202310172964,153
EK202310238178,153
EK202310126938,153
EK202310231506,143
EK202310190088,153
EK202310172578,153
EK202310153732,153
EK202310179604,153
EK202310129682,153
EK202310143507,153
EK202310155560,153
EK202310127202,153
EK202310143252,143
EK202310217653,153
EK202310173062,153
EK202310105294,153
EK202310117821,153
EK202310215199,153
EK202310241483,153
EK202310174150,153
EK202310219893,153
EK202310219552,153
EK202310136028,143
EK202310225636,153
EK202310150738,153
EK202310176837,153
EK202310172368,153
EK202310184904,153
EK202310191265,153
EK202310144201,153
EK202310139926,153
EK202310133343,153
EK202310193942,153
EK202310181626,153
EK202310138065,143
EK202310175111,153
EK202310242001,153
EK202310160431,153
EK202310169578,153
EK202310137385,153
EK202310136468,153
EK202310158374,153
EK202310108318,153
EK202310122270,153
EK202310144491,153
EK202310123031,153
EK202310155418,153
EK202320006341,153
EK202310110341,153
EK202310103961,153
EK202310003695,153
EK202310200040,153
EK202310119278,153
EK202310174626,153
EK202310153937,153
EK202310189548,153
EK202310149005,153
EK202310184006,153
EK202310129614,153
EK202310178276,153
EK202310124293,153
EK202310199434,153
EK202310111178,153
EK202310143329,153
EK202310229141,153
EK202310225446,153
EK202310133140,153
EK202310204388,153
EK202310127528,153
EK202310175944,153
EK202310205185,153
EK202310220142,143
EK202310188984,153
EK202310117484,153
EK202310222387,153
EK202310238376,153
EK202310190275,153
EK202310127517,153
EK202310148647,153
EK202310144619,153
EK202310172144,153
EK202310105902,153
EK202310169293,153
EK202310231168,153
EK202310147200,143
EK202310193258,153
EK202310134686,153
EK202310184958,153
EK202310172029,153
EK202310199176,153
EK202310232628,153
EK202310230800,153
EK202310169188,143
EK202310143652,153
EK202310210776,153
EK202310243268,153
EK202310219929,153
EK202320006873,153
EK202310142750,153
EK202310105033,153
EK202310171957,153
EK202310167819,153
EK202310224575,153
EK202310218984,153
EK202310148378,153
EK202310124296,143
EK202310153505,153
EK202310202475,153
EK202310105768,153
EK202310155150,153
EK202310131403,153
EK202310236965,153
EK202310128158,153
EK202310244898,153
EK202310168438,153
EK202310191063,153
EK202310247883,153
EK202310144879,153
EK202310248004,153
EK202310129311,153
EK202310159341,153
EK202310186599,153
EK202310003714,153
EK202310141937,153
EK202310141516,153
EK202310211399,143
EK202310133332,153
EK202310245637,153
EK202310195191,153
EK202310120028,153
EK202310238137,153
EK202310155822,153
EK202310178814,153
EK202310117251,153
EK202310134938,153
EK202310209690,153
EK202310203758,143
EK202310115669,153
EK202310104134,153
EK202310145861,153
EK202310150671,153
EK202310240589,153
EK202310212301,153
EK202310142614,153
EK202310141457,153
EK202310245972,153
EK202310150051,153
EK202310170670,153
EK202310211033,153
EK202310206028,153
EK202310116009,153
EK202310119459,153
EK202310205201,143
EK202320005999,153
EK202310137068,153
EK202310125205,153
EK202310111843,143
EK202310155744,153
EK202310189271,153
EK202310200042,153
EK202310234396,153
EK202310203600,153
EK202310206171,153
EK202310206072,153
EK202310163819,153
EK202310241837,153
EK202310122958,153
EK202310143934,153
EK202310108166,153
EK202310157169,153
EK202310152923,153
EK202310194312,153
EK202310176406,143
EK202310150358,153
EK202310219917,143
EK202310196050,143
EK202310199317,153
EK202310214061,143
EK202310122593,153
EK202310244955,153
EK202310156822,153
EK202310207476,153
EK202310158934,153
EK202310201930,153
EK202310119122,153
EK202310196169,153
EK202310201449,153
EK202310130630,153
EK202310216667,153
EK202310109941,153
EK202310200400,153
EK202310137456,153
EK202310196853,153
EK202310215704,153
EK202310135405,153
EK202310169616,143
EK202310216148,153
EK202310243354,153
EK202310228967,153
EK202310243234,153
EK202310192532,153
EK202310214813,153
EK202310104914,143
EK202310153816,153
EK202310202614,143
EK202310210862,153
EK202310170135,153
EK202310188088,153
EK202310221249,153
EK202310232182,159
EK202310185589,153
EK202310220140,153
EK202310151225,153
EK202310120905,153
EK202310125281,153
EK202310129594,123
EK202310131652,153
EK202310178780,153
EK202310199546,153
EK202310184333,143
EK202310129518,153
EK202310125847,153
EK202310146303,153
EK202310175806,153
EK202310220347,153
EK202310225734,153
EK202310240284,153
EK202310114155,153
EK202310208667,153
EK202310247128,153
EK202310218283,153
EK202310227443,153
EK202310157358,153
EK202310205155,153
EK202310189640,153
EK202310219047,153
EK202310155307,153
EK202310190346,153
EK202310186825,153
EK202310203583,153
EK202310122872,153
EK202310223579,153
EK202310134595,153
EK202310199315,143
EK202310197280,153
EK202310105445,153
EK202310170127,153
EK202310124087,153
EK202310186812,153
EK202310175470,153
EK202310178249,153
EK202310246428,143
EK202310206906,153
EK202320007523,153
EK202310106696,143
EK202310139497,153
EK202310135104,153
EK202310165444,153
EK202310150670,153
EK202310141326,153
EK202310206479,143
EK202310182003,153
EK202310240148,177
EK202310246934,153
EK202310157908,153
EK202310233790,153
EK202310227231,153
EK202310104197,153
EK202310003919,153
EK202310134161,153
EK202310132637,153
EK202310112692,153
EK202310004804,117
EK202310188449,153
EK202310161514,153
EK202310121257,153
EK202310165460,153
EK202310246582,153
EK202310182549,153
EK202310153021,153
EK202310155857,153
EK202310112710,143
EK202310193527,153
EK202310210851,153
EK202310166991,143
EK202310153617,153
EK202310162029,153
EK202310150898,153
EK202310119566,153
EK202310172046,153
EK202310113364,153
EK202310104697,153
EK202310110438,153
EK202310139792,153
EK202310108044,153
EK202310191154,153
EK202310162199,153
EK202310159050,153
EK202310127404,153
EK202310216583,153
EK202310233658,153
EK202310141492,153
EK202310203883,153
EK202310219043,153
EK202310145653,153
EK202310228503,153
EK202310179347,143
EK202310132009,153
EK202310212361,153
EK202310124879,153
EK202320006785,153
EK202310245990,117
EK202310177823,153
EK202310229376,153
EK202310181146,153
EK202310201989,143
EK202310192148,153
EK202310185865,143
EK202310149322,153
EK202310154759,153
EK202310142366,153
EK202310225136,153
EK202310140657,153
EK202310181056,153
EK202310147652,153
EK202310195069,153
EK202310186330,153
EK202310170880,143
EK202310104902,153
EK202310137021,153
EK202310112219,153
EK202310114567,153
EK202310174050,153
EK202310146459,153
EK202310125401,153
EK202310232042,153
EK202310137842,153
EK202310235166,153
EK202310123303,153
EK202310204672,153
EK202310147206,153
EK202310165103,153
EK202310246536,153
EK202310204665,132
EK202310139971,153
EK202310230726,153
EK202310217044,153
EK202310175720,153
EK202310208548,153
EK202310213825,143
EK202310196825,153
EK202310117004,153
EK202310164666,153
EK202310195792,143
EK202310195121,153
EK202310188217,153
EK202310178996,153
EK202310107580,153
EK202310163974,153
EK202310237799,153
EK202310232053,153
EK202310178319,153
EK202310126202,153
EK202310227911,153
EK202310109084,153
EK202310143067,153
EK202310206930,153
EK202310201884,153
EK202310130641,153
EK202310157121,153
EK202310220877,153
EK202310149540,143
EK202310169600,143
EK202310163175,153
EK202310106277,153
EK202310209667,143
EK202310119877,153
EK202310204499,153
EK202310190780,153
EK202310115565,137
EK202310195056,143
EK202310111373,153
EK202310161299,153
EK202310245424,153
EK202310246906,143
EK202310120316,153
EK202310144965,153
EK202310211133,153
EK202310167406,153
EK202310162901,143
EK202310107075,143
EK202310140916,153
EK202310143120,153
EK202310114506,153
EK202310175480,153
EK202310118790,153
EK202310169280,153
EK202310129297,153
EK202310198282,153
EK202310240512,153
EK202310192236,153
EK202310177577,153
EK202310161068,153
EK202310111934,153
EK202310155260,153
EK202310124483,153
EK202310155315,153
EK202310123325,153
EK202310149045,153
EK202310222163,153
EK202310108935,153
EK202310188397,153
EK202310110895,146
EK202310146042,143
EK202310116291,153
EK202310214128,153
EK202310122572,153
EK202310246206,153
EK202310190227,153
EK202310137442,153
EK202310240613,153
EK202310171036,146
EK202310165619,153
EK202310135508,153
EK202310203859,143
EK202310208937,153
EK202310190964,153
EK202310157232,153
EK202310233329,146
EK202310004857,153
EK202310114112,153
EK202310231381,153
EK202310183273,153
EK202310198133,143
EK202310243118,153
EK202310179772,153
EK202310177045,153
EK202310129608,153
EK202310146699,153
EK202310118550,153
EK202310236716,153
EK202310225924,153
EK202310137908,153
EK202310136472,153
EK202310227498,153
EK202310197540,153
EK202310177606,153
EK202310233230,153
EK202310129471,153
EK202310240950,153
EK202320007590,153
EK202310163887,153
EK202320007425,153
EK202310127560,153
EK202310155824,153
EK202310187346,143
EK202310200413,153
EK202310185717,153
EK202310217975,153
EK202310216468,153
EK202310201451,143
EK202310187386,143
EK202310113263,153
EK202310129498,153
EK202310168744,153
EK202310142626,153
EK202310190880,153
EK202310131573,153
EK202310220638,153
EK202310207069,153
EK202310116824,153
EK202310231727,153
EK202310184770,153
EK202310197350,153
EK202310147966,153
EK202310160556,153
EK202310242942,153
EK202310207659,153
EK202310189516,143
EK202310214218,153
EK202310105070,153
EK202310218843,153
EK202310163176,153
EK202310109656,153
EK202310004202,153
EK202310203545,153
EK202310153518,153
EK202310119723,153
EK202310122303,153
EK202310113636,153
EK202310216948,153
EK202310154167,153
EK202310122355,153
EK202310150417,146
EK202310218226,153
EK202310191370,123
EK202310146010,153
EK202310242320,153
EK202310182162,153
EK202310129315,153
EK202310106705,153
EK202310240258,153
EK202310241039,153
EK202310204816,153
EK202310142491,153
EK202310200125,153
EK202310111662,153
EK202310141792,153
EK202310242215,153
EK202310227322,153
EK202310206010,153
EK202310220576,153
EK202310169744,153
EK202310236130,153
EK202310117603,153
EK202310164018,153
EK202310173758,153
EK202310169263,153
EK202310220742,153
EK202310234928,153
EK202310133036,153
EK202310134185,153
EK202310185530,153
EK202310218330,153
EK202310220164,153
EK202310136625,153
EK202310190327,153
EK202310156810,104
EK202310235883,153
EK202310135135,153
EK202310232747,153
EK202310146074,153
EK202310170263,123
EK202310117439,153
EK202310155695,153
EK202310180749,143
EK202310165733,153
EK202310122820,153
EK202310132148,153
EK202310174037,153
EK202310116351,153
EK202320007454,153
EK202310126404,153
EK202310179147,153
EK202310119107,153
EK202310232208,153
EK202310146308,153
EK202310221836,153
EK202310241730,153
EK202310126972,153
EK202310190112,153
EK202310189550,153
EK202310167601,153
EK202310129178,153
EK202310208362,153
EK202310108633,101
EK202310119330,153
EK202310241595,143
EK202310133580,153
EK202310184140,153
EK202310243629,153
EK202310240837,153
EK202310133514,153
EK202310248438,153
EK202310144323,153
EK202310199263,153
EK202310170561,143
EK202320006441,153
EK202310156158,153
EK202310160966,143
EK202310170924,143
EK202310166196,143
EK202310180519,153
EK202310163021,153
EK202310217277,153
EK202310182542,153
EK202310187706,153
EK202310177424,153
EK202310116469,153
EK202310126864,153
EK202310171044,153
EK202310159422,153
EK202310126564,153
EK202310136978,153
EK202310227254,153
EK202310241407,153
EK202310151596,153
EK202310143155,153
EK202310003368,153
EK202310225579,153
EK202310142662,153
EK202310124623,153
EK202310117099,104
EK202310209488,153
EK202310218949,153
EK202310163688,153
EK202310233616,153
EK202310181063,153
EK202310122017,153
EK202310232279,153
EK202310188255,153
EK202310222087,153
EK202310235863,153
EK202310142201,153
EK202310142028,153
EK202310105750,143
EK202310192986,153
EK202310183238,153
EK202310184211,153
EK202310114501,143
EK202310183815,153
EK202310239065,153
EK202310203010,153
EK202310119934,153
EK202310245690,153
EK202310228481,153
EK202310115026,153
EK202310227715,143
EK202310147211,153
EK202310112774,153
EK202310213753,153
EK202310115799,153
EK202310158491,153
EK202310224855,153
EK202310175378,153
EK202310120852,153
EK202310115724,153
EK202310188278,153
EK202310218258,153
EK202310187357,153
EK202310170314,153
EK202310219875,153
EK202310198138,153
EK202310238879,153
EK202310179039,153
EK202310221294,153
EK202310181636,153
EK202310180030,143
EK202310188261,153
EK202310109627,153
EK202310218359,153
EK202310221160,153
EK202310210517,153
EK202310231490,153
EK202310142904,153
EK202310228183,153
EK202310190608,153
EK202310229652,153
EK202310201677,153
EK202310161948,153
EK202310164852,153
EK202310130019,143
EK202310137201,153
EK202310199958,153
EK202310168651,153
EK202310163750,153
EK202310164255,153
EK202310112200,153
EK202310226582,153
EK202310150983,153
EK202310117868,153
EK202310104519,153
EK202310112900,153
EK202310175950,153
EK202310132832,153
EK202310177022,150
EK202310224847,153
EK202310220893,153
EK202310140282,153
EK202310140130,153
EK202310111884,153
EK202310169119,153
EK202310114003,153
EK202310204840,153
EK202310227423,153
EK202310243266,153
EK202310224568,153
EK202310129159,153
EK202310216851,153
EK202310173637,153
EK202310137694,153
EK202310224949,153
EK202310182755,153
EK202310121872,153
EK202310199590,153
EK202310237216,153
EK202310152666,153
EK202310119202,153
EK202310154055,153
EK202310131194,153
EK202310205515,153
EK202310226482,153
EK202310131717,153
EK202310116461,153
EK202310209370,153
EK202310112844,153
EK202310148195,153
EK202310205500,153
EK202310180785,153
EK202310114659,153
EK202310206704,153
EK202310194100,143
EK202310192316,153
EK202310227158,153
EK202310210960,153
EK202310201569,153
EK202310208440,153
EK202310159738,153
EK202310167571,153
EK202310133506,153
EK202310206074,153
EK202310189737,153
EK202310168575,153
EK202310159786,153
EK202310241528,153
EK202310135551,153
EK202310154421,153
EK202310229939,153
EK202310199977,153
EK202310212346,153
EK202310240842,153
EK202310188648,153
EK202310204867,153
EK202310221803,153
EK202310216991,153
EK202310234267,153
EK202310164050,153
EK202310160606,153
EK202310163801,153
EK202310202607,153
EK202310211679,153
EK202310161289,143
EK202310216723,153
EK202310241675,153
EK202310227693,153
EK202310153006,153
EK202310152517,153
EK202310119296,153
EK202310135167,153
EK202310129365,153
EK202310224938,153
EK202310246031,153
EK202310227934,153
EK202310155888,153
EK202310112003,153
EK202310110042,153
EK202310202481,135
EK202310119852,153
EK202310191910,153
EK202310208404,153
EK202310175620,153
EK202310162522,153
EK202310141148,153
EK202310173552,146
EK202310235762,153
EK202310170630,143
EK202310215013,153
EK202310233350,104
EK202310189297,153
EK202310201145,153
EK202310128701,117
EK202310135409,143
EK202310117705,137
EK202310122677,104
EK202310193307,153
EK202310150126,153
EK202310203066,153
EK202310243263,153
EK202310147744,153
EK202310115839,153
EK202310120766,153
EK202310141591,153
EK202310171912,153
EK202310105341,153
EK202320005577,153
EK202310168922,153
EK202310241884,153
EK202310231171,143
EK202310160293,153
EK202310177237,153
EK202310003836,153
EK202310159624,153
EK202310201626,153
EK202310109032,153
EK202310139930,143
EK202310004116,153
EK202310186841,132
EK202310118029,153
EK202310239323,143
EK202310204171,153
EK202310190000,153
EK202310220235,153
EK202310200517,153
EK202310124822,153
EK202310206677,153
EK202310173092,143
EK202310140031,153
EK202310118392,153
EK202310241116,153
EK202310162167,153
EK202310165764,153
EK202310109757,153
EK202310166993,153
EK202310178462,153
EK202310236406,153
EK202310168692,153
EK202310221373,153
EK202310144973,153
EK202310125785,153
EK202310187049,153
EK202310216907,153
EK202310129517,153
EK202310195530,153
EK202310177392,153
EK202310224171,153
EK202310195298,153
EK202310196360,153
EK202310197685,143
EK202310127212,153
EK202310194711,153
EK202310134995,153
EK202310215322,153
EK202310129156,143
EK202310194573,153
EK202310107850,153
EK202310224151,153
EK202310236621,153
EK202310240110,153
EK202310151137,153
EK202310245976,153
EK202310201981,153
EK202310128852,153
EK202310105479,153
EK202310134237,153
EK202310186135,153
EK202310126691,153
EK202310230960,153
EK202310167746,153
EK202310220451,153
EK202310187367,153
EK202310211918,153
EK202310218758,153
EK202310170030,153
EK202310182773,153
EK202310132214,153
EK202310004044,153
EK202310210481,153
EK202310233818,153
EK202310134772,153
EK202310190788,153
EK202310245891,153
EK202310152473,153
EK202310173468,153
EK202310134860,153
EK202310219927,153
EK202310242547,143
EK202310190542,153
EK202310248304,153
EK202310234323,143
EK202310116774,153
EK202310162192,153
EK202310200226,153
EK202310223298,153
EK202310131109,153
EK202310170422,153
EK202310247958,153
EK202310150344,153
EK202310186547,153
EK202310159511,153
EK202310107832,153
EK202310157429,153
EK202310206031,153
EK202310153162,153
EK202310246453,143
EK202310169465,153
EK202310127917,153
EK202310230060,143
EK202310115986,153
EK202310231341,153
EK202310207431,143
EK202310115427,153
EK202310148216,153
EK202310236465,153
EK202310214889,153
EK202310183344,153
EK202310115563,153
EK202310204127,153
EK202310148558,153
EK202310239253,153
EK202310223421,153
EK202310164157,143
EK202310191038,153
EK202310206653,153
EK202310189587,153
EK202320007832,153
EK202310107195,153
EK202310154834,153
EK202310225399,153
EK202310200244,153
EK202310181369,153
EK202310238327,153
EK202310119929,153
EK202310199445,153
EK202310167881,150
EK202310134304,104
EK202310206774,153
EK202310217924,153
EK202310114025,143
EK202310153648,153
EK202310168223,153
EK202310217182,153
EK202310228108,153
EK202310106503,153
EK202310132704,153
EK202310146469,153
EK202310190547,153
EK202310131045,153
EK202310120149,153
EK202310188786,153
EK202310164309,153
EK202310141856,153
EK202310174571,153
EK202310191248,153
EK202310228497,153
EK202310248650,153
EK202310003518,153
EK202310184477,153
EK202310177306,153
EK202310124268,143
EK202310207962,153
EK202310187364,153
EK202310188630,153
EK202310183825,153
EK202310228647,153
EK202310242814,153
EK202310190403,153
EK202310152077,153
EK202310127706,153
EK202310142346,153
EK202310140834,153
EK202310124143,143
EK202310158418,153
EK202310104315,153
EK202310186057,153
EK202310175318,153
EK202310170196,153
EK202310222979,153
EK202310179579,139
EK202310131268,153
EK202310232636,153
EK202310240941,153
EK202310162473,153
EK202310214960,153
EK202310158148,153
EK202310240646,153
EK202310190660,153
EK202310137900,153
EK202310105369,153
EK202310182640,153
EK202310222831,153
EK202310158111,153
EK202310137268,153
EK202310172836,153
EK202310130602,153
EK202310116478,143
EK202310176354,153
EK202310136605,153
EK202310120400,153
EK202310138807,143
EK202310158128,143
EK202320007743,153
EK202310240290,143
EK202310176995,153
EK202310178489,153
EK202310125320,153
EK202310158248,153
EK202310115199,153
EK202310214342,153
EK202310164698,153
EK202310181281,153
EK202310105605,153
EK202310117153,153
EK202310169108,153
EK202310135565,153
EK202310176476,153
EK202310245673,153
EK202310200545,153
EK202310147448,153
EK202310195084,146
EK202310228420,153
EK202310136789,153
EK202310141614,153
EK202310151545,153
EK202310183497,153
EK202320005693,153
EK202310160617,153
EK202310207236,153
EK202310123254,153
EK202310131721,153
EK202310129551,153
EK202310125982,104
EK202310129231,143
EK202310237005,150
EK202310138431,153
EK202310107167,153
EK202310180405,153
EK202310185138,153
EK202310207362,153
EK202310188914,153
EK202310157622,153
EK202310209933,153
EK202310191168,153
EK202310168227,104
EK202310211342,153
EK202310166980,153
EK202310206475,153
EK202310186567,153
EK202310227651,153
EK202310157161,153
EK202310171211,153
EK202310132575,153
EK202310135453,153
EK202310219005,153
EK202310186299,153
EK202310122783,153
EK202310112879,153
EK202310236548,153
EK202310156862,153
EK202310158283,153
EK202310220175,143
EK202310205692,153
EK202310104703,153
EK202310201863,153
EK202310175191,143
EK202310143809,153
EK202310228164,153
EK202310227395,153
EK202310170797,153
EK202310147520,153
EK202310241613,153
EK202310135976,153
EK202310248616,153
EK202310246754,153
EK202310197862,153
EK202310177128,153
EK202310232113,153
EK202310141746,153
EK202310168387,153
EK202310245345,153
EK202310209506,153
EK202310180792,153
EK202310230504,153
EK202310207171,153
EK202310123678,153
EK202310116185,153
EK202310237515,153
EK202310168029,143
EK202310226787,153
EK202310171773,153
EK202310213797,153
EK202310210449,153
EK202310200138,143
EK202310124561,153
EK202310104095,153
EK202310173838,143
EK202310188790,153
EK202320006026,153
EK202310175964,153
EK202310246749,153
EK202310211166,153
EK202310130296,153
EK202310133656,153
EK202310162528,153
EK202310232172,153
EK202310126678,153
EK202310175006,153
EK202310195947,153
EK202310175965,153
EK202310194000,146
EK202310109642,153
EK202310234602,153
EK202310216505,153
EK202310182057,153
EK202310205348,153
EK202310231919,153
EK202310143248,153
EK202310170516,153
EK202310228644,153
EK202310162365,153
EK202310221959,153
EK202310135830,153
EK202310132773,153
EK202310116452,153
EK202310125827,143
EK202310153615,153
EK202310104234,153
EK202310171291,153
EK202310143530,153
EK202310199377,153
EK202310148675,153
EK202310136051,153
EK202310108210,153
EK202310199466,153
EK202310227747,153
EK202310247834,153
EK202310241529,153
EK202310112144,153
EK202310182993,153
EK202310189245,143
EK202310160406,153
EK202310200045,143
EK202310220419,153
EK202310139976,153
EK202310004037,153
EK202310151229,153
EK202310124255,153
EK202310112236,153
EK202310169836,153
EK202310206379,153
EK202310237044,153
EK202310156899,153
EK202310135286,146
EK202310233848,153
EK202310243867,153
EK202310193719,153
EK202310115856,153
EK202310152769,153
EK202310208931,153
EK202310166273,153
EK202310174146,153
EK202310216893,153
EK202310200816,153
EK202310117687,153
EK202310109308,153
EK202310130253,153
EK202310129353,153
EK202310232695,150
EK202310168934,153
EK202320006147,153
EK202310131865,153
EK202310154389,153
EK202310144452,153
EK202310109772,153
EK202310142187,153
EK202310220392,153
EK202310185327,153
EK202310147396,153
EK202310207907,143
EK202310137274,153
EK202310192264,153
EK202310217353,153
EK202310169024,153
EK202310168820,153
EK202310156728,153
EK202310172897,153
EK202310141606,153
EK202310209150,153
EK202310242727,153
EK202310172918,150
EK202310238608,153
EK202310118817,153
EK202310209232,153
EK202310246528,153
EK202310225110,153
EK202310196139,153
EK202310183805,153
EK202310109611,146
EK202310165156,153
EK202310169977,153
EK202320005840,153
EK202310164548,153
EK202310200636,153
EK202310175371,153
EK202310149850,153
EK202310192563,153
EK202310150786,153
EK202310232852,153
EK202310129104,153
EK202310222400,153
EK202310238847,153
EK202310215409,153
EK202310132626,153
EK202310209457,153
EK202310191648,153
EK202310211924,153
EK202310123972,153
EK202320006941,153
EK202310172894,153
EK202310201352,153
EK202310246908,153
EK202310159957,153
EK202310208067,153
EK202310132399,153
EK202310154363,153
EK202310190672,153
EK202310191938,153
EK202310190279,153
EK202310205127,153
EK202310202799,153
EK202310169811,153
EK202310131611,153
EK202310124021,153
EK202310105652,143
EK202310133772,153
EK202310222132,153
EK202310187623,153
EK202310138088,153
EK202310203335,153
EK202310139562,153
EK202310239042,153
EK202310231151,153
EK202310142022,153
EK202310227265,153
EK202310122491,153
EK202310246498,153
EK202310237745,153
EK202310230083,153
EK202310239818,153
EK202310109374,153
EK202310188938,153
EK202310239985,153
EK202310190536,153
EK202310108454,153
EK202310185187,120
EK202310214929,143
EK202310163742,153
EK202310133341,153
EK202310123932,153
EK202310224048,153
EK202310194734,153
EK202310233579,143
EK202310111120,153
EK202310202005,153
EK202310170430,153
EK202310215966,143
EK202310142957,153
EK202310238877,153
EK202310197380,153
EK202310242798,153
EK202310118054,153
EK202310171995,143
EK202310156378,143
EK202310209380,153
EK202320005988,153
EK202310132771,153
EK202310196985,153
EK202310209813,153
EK202310156025,153
EK202310119261,153
EK202310200800,153
EK202310113114,153
EK202310176337,153
EK202310116221,104
EK202310185787,153
EK202310161101,153
EK202310109179,153
EK202310211864,153
EK202310233086,153
EK202310203086,153
EK202310209153,153
EK202320006944,153
EK202310124624,153
EK202310160066,153
EK202310212610,153
EK202310176922,153
EK202310221476,153
EK202310178896,153
EK202310242101,153
EK202310208004,153
EK202310217499,153
EK202310133817,153
EK202310169528,143
EK202310239561,153
EK202310158179,153
EK202310145688,153
EK202310242791,153
EK202310152257,153
EK202310137070,143
EK202310146130,153
EK202310204201,153
EK202310155505,153
EK202310154019,153
EK202310233453,153
EK202310217804,153
EK202310172949,153
EK202310188635,153
EK202310117443,153
EK202310160841,153
EK202310125406,153
EK202310182154,153
EK202310118807,153
EK202310159569,153
EK202310185202,153
EK202310240184,153
EK202310180957,153
EK202310208211,153
EK202310152382,153
EK202310174048,153
EK202310150319,153
EK202310152702,153
EK202310170820,153
EK202320007378,153
EK202310131773,153
EK202310185301,153
EK202310175383,153
EK202310170884,153
EK202310178300,153
EK202310246617,153
EK202310238047,150
EK202310208163,153
EK202310124260,143
EK202310128456,153
EK202310212256,153
EK202310234312,153
EK202310104195,153
EK202310148897,153
EK202310158080,153
EK202310219877,153
EK202310165158,153
EK202310109254,153
EK202310185727,153
EK202310143277,153
EK202310194994,153
EK202310243012,153
EK202310134903,153
EK202310231333,143
EK202310156732,153
EK202310216366,153
EK202310220643,153
EK202310165968,153
EK202310246411,153
EK202310155750,153
EK202310190049,153
EK202310004189,153
EK202310184691,153
EK202310111760,153
EK202310176428,143
EK202310152951,153
EK202310104263,153
EK202310103997,153
EK202310229279,153
EK202310157826,153
EK202310142511,153
EK202310232992,153
EK202320007132,153
EK202310180745,153
EK202310225853,153
EK202310198235,143
EK202310196329,153
EK202310223113,153
EK202310166045,153
EK202310174983,153
EK202310197554,153
EK202310215823,153
EK202310122372,153
EK202310157463,153
EK202310175294,153
EK202310004183,153
EK202310111002,153
EK202310132507,153
EK202310226239,153
EK202310160993,153
EK202310177494,153
EK202310247179,153
EK202310159413,153
EK202310205675,153
EK202310204805,153
EK202310104970,143
EK202310143326,153
EK202310104508,153
EK202310109138,153
EK202310155067,143
EK202310180368,153
EK202310174283,153
EK202310164563,153
EK202310248605,153
EK202310144814,153
EK202310151103,153
EK202310137749,153
EK202310244871,153
EK202310231958,153
EK202320006420,153
EK202310180132,153
EK202310208818,143
EK202310242680,153
EK202310124810,153
EK202310179535,153
EK202310180039,153
EK202310142068,153
EK202310241810,153
EK202310142213,153
EK202310205835,153
EK202310176395,153
EK202310108817,153
EK202310144432,153
EK202310164208,153
EK202310125282,153
EK202310110364,143
EK202310147767,153
EK202310175310,153
EK202310169612,104
EK202310177089,153
EK202310164613,143
EK202310214491,153
EK202310159145,153
EK202310148143,153
EK202310130196,153
EK202310140526,153
EK202310220135,153
EK202310116422,153
EK202310121781,143
EK202310108897,153
EK202310110908,153
EK202310219796,153
EK202310109152,153
EK202310217807,153
EK202310115494,143
EK202310221948,153
EK202320006012,153
EK202310119926,153
EK202310212680,153
EK202310004522,153
EK202310200665,153
EK202310159142,153
EK202310217394,153
EK202310247390,153
EK202310153429,153
EK202310133009,153
EK202310183153,153
EK202310223238,153
EK202310189167,153
EK202310167404,153
EK202310123436,153
EK202310201161,153
EK202310202874,153
EK202310205144,153
EK202310211825,153
EK202310119888,153
EK202310187594,153
EK202310127146,153
EK202310115361,153
EK202310122062,153
EK202310161120,153
EK202310119640,153
EK202310196025,153
EK202310239045,153
EK202310197374,153
EK202310201644,153
EK202310239463,153
EK202310234006,153
EK202310209744,153
EK202310138496,153
EK202310159749,153
EK202310199933,153
EK202310121772,153
EK202310150984,153
EK202310245852,143
EK202310129919,153
EK202310203657,153
EK202320007279,153
EK202310213923,153
EK202310004091,143
EK202310142372,153
EK202320007651,153
EK202310188243,153
EK202310162087,153
EK202310124791,153
EK202310111667,153
EK202310105642,153
EK202310196224,153
EK202310159474,104
EK202310137962,153
EK202310194276,153
EK202310155765,153
EK202310222240,143
EK202310175830,153
EK202310115286,153
EK202310179252,153
EK202310216929,153
EK202310158567,153
EK202310124273,153
EK202310162224,153
EK202310165570,153
EK202310151292,153
EK202310123293,153
EK202310151984,153
EK202310133891,153
EK202310108554,153
EK202310108056,153
EK202310208276,153
EK202310106720,153
EK202310164462,143
EK202310153370,153
EK202310156354,153
EK202310120895,153
EK202310204021,153
EK202310144453,153
EK202310187876,153
EK202310234386,153
EK202310223302,153
EK202310198885,153
EK202310133774,153
EK202310216355,153
EK202310170923,153
EK202310190308,143
EK202310116974,143
EK202310147600,153
EK202310134725,153
EK202310205939,153
EK202310166068,153
EK202310228965,153
EK202310106007,153
EK202310192113,153
EK202310168030,153
EK202310119751,153
EK202310196784,153
EK202310147073,153
EK202310215585,153
EK202310176737,153
EK202310191426,153
EK202310234686,153
EK202310173981,153
EK202310238285,153
EK202310004398,153
EK202310227760,153
EK202310228813,153
EK202310108999,153
EK202310170661,153
EK202310107069,150
EK202310107605,153
EK202310149427,153
EK202310235767,153
EK202310146513,153
EK202310134095,153
EK202310212824,153
EK202310187784,153
EK202310220588,153
EK202310171664,153
EK202310213580,153
EK202310117169,143
EK202310225689,153
EK202310228834,153
EK202310199085,153
EK202310115337,153
EK202310222451,153
EK202310120450,153
EK202310196902,143
EK202310213448,153
EK202310194551,153
EK202310210607,153
EK202310240625,153
EK202310232826,153
EK202310115580,153
EK202310230496,142
EK202310153896,153
EK202310167421,153
EK202310185386,153
EK202310226162,153
EK202320006296,153
EK202310122211,153
EK202310120410,157
EK202310135887,153
EK202310123262,153
EK202310116308,153
EK202310141964,153
EK202310114738,153
EK202320007799,153
EK202310135945,153
EK202310152049,153
EK202310159468,153
EK202310137922,153
EK202310137799,143
EK202310185003,153
EK202310183141,153
EK202310179706,153
EK202310226300,153
EK202310209408,153
EK202310224094,153
EK202310155840,150
EK202310153392,153
EK202310119916,153
EK202310189485,153
EK202310153973,153
EK202310143859,153
EK202310209322,153
EK202310219928,153
EK202310177843,153
EK202310235521,153
EK202310227218,153
EK202310120634,143
EK202310237236,146
EK202310174275,153
EK202310207517,153
EK202310197066,153
EK202310235418,153
EK202310229043,153
EK202310232518,153
EK202310127726,153
EK202310216259,143
EK202310132033,153
EK202310204271,153
EK202310194461,143
EK202310202541,143
EK202310201397,153
EK202310169275,153
EK202310115278,153
EK202310157300,153
EK202310111329,153
EK202310132731,153
EK202310107770,153
EK202310131063,153
EK202310212722,153
EK202310172610,153
EK202310243791,104
EK202310219499,153
EK202310131588,153
EK202310217120,153
EK202310172169,153
EK202310133205,153
EK202310190824,153
EK202310119229,143
EK202310172059,153
EK202320006521,153
EK202310221989,153
EK202310178785,153
EK202310183830,153
EK202310168297,153
EK202310127675,153
EK202310172854,143
EK202310176515,153
EK202310154731,153
EK202310213784,153
EK202310150574,153
EK202310130454,153
EK202310131489,153
EK202310174498,153
EK202310103853,153
EK202320007395,153
EK202310182375,143
EK202310146376,153
EK202310236179,153
EK202310149241,153
EK202310135136,143
EK202310140867,153
EK202310223502,153
EK202310243943,153
EK202310174164,153
EK202310158044,153
EK202310148103,143
EK202310156336,153
EK202310190263,153
EK202310176162,153
EK202310129272,153
EK202310199173,153
EK202310150794,153
EK202310207717,153
EK202310109712,153
EK202310142567,153
EK202310117141,153
EK202310204093,143
EK202310241706,153
EK202310183611,153
EK202310233211,153
EK202320005748,153
EK202310124159,153
EK202310138315,153
EK202310193796,153
EK202310218166,153
EK202310229779,153
EK202310131658,153
EK202310229978,117
EK202310171658,143
EK202310121521,153
EK202310190841,153
EK202310104228,153
EK202310113040,153
EK202310131735,143
EK202310170151,153
EK202310124366,153
EK202310149451,153
EK202310206552,153
EK202310129905,150
EK202310227850,153
EK202310235398,153
EK202310218108,153
EK202310157681,150
EK202310214538,153
EK202310201752,153
EK202310105353,153
EK202310106768,153
EK202310200116,153
EK202310127715,153
EK202310105124,153
EK202310198102,153
EK202310106141,153
EK202310165059,153
EK202310163969,153
EK202310163911,153
EK202310160055,153
EK202310126497,153
EK202310189545,153
EK202310187535,153
EK202310224997,153
EK202310147587,153
EK202310130969,153
EK202310157178,153
EK202310150244,153
EK202310114255,153
EK202310214855,153
EK202310158832,153
EK202310143631,153
EK202310206903,153
EK202310213965,153
EK202310140974,153
EK202310243752,153
EK202310230647,153
EK202310110490,153
EK202310168466,153
EK202310138755,153
EK202310169502,153
EK202310203430,153
EK202310163679,153
EK202310157628,153
EK202310224841,153
EK202310153096,153
EK202310116043,153
EK202310201955,143
EK202310240755,153
EK202310215391,153
EK202310120508,153
EK202310166816,153
EK202310197615,153
EK202310149113,153
EK202310187571,153
EK202310234394,153
EK202310204787,153
EK202310170562,153
EK202310158575,153
EK202310200164,153
EK202310167493,153
EK202310181034,153
EK202310167070,143
EK202310221166,153
EK202310157175,153
EK202310148464,153
EK202310143208,153
EK202310139027,143
EK202310224872,153
EK202310173761,143
EK202310234649,153
EK202310134946,153
EK202310132145,153
EK202310124351,153
EK202310240711,153
EK202310228181,153
EK202310152792,153
EK202310218480,153
EK202310233680,153
EK202310226082,123
EK202310166293,153
EK202310178413,153
EK202310192848,153
EK202310169316,153
EK202320006913,153
EK202310108324,153
EK202310209693,153
EK202310108004,153
EK202310198846,153
EK202310219677,153
EK202310164857,153
EK202310147656,153
EK202310145013,153
EK202310147368,153
EK202310170036,104
EK202310120376,153
EK202310150683,153
EK202310240238,153
EK202310217185,153
EK202310164586,153
EK202310198428,153
EK202310233407,153
EK202310163412,153
EK202310151118,153
EK202310206940,153
EK202310229350,153
EK202310118968,153
EK202320006106,153
EK202310201360,153
EK202310214617,153
EK202310230798,153
EK202310131993,153
EK202310165856,153
EK202310208421,153
EK202310140732,153
EK202310134224,153
EK202310108759,153
EK202310115586,153
EK202310166328,153
EK202310104171,146
EK202310218466,153
EK202310186769,153
EK202310231774,153
EK202310130856,143
EK202310199243,153
EK202310178583,153
EK202310231077,153
EK202310232984,153
EK202310204584,153
EK202310210808,153
EK202310243853,153
EK202310114871,153
EK202310220680,153
EK202310225716,153
EK202310171582,153
EK202310153093,153
EK202310170911,153
EK202310165452,153
EK202310235729,153
EK202310175158,153
EK202310161650,153
EK202310179057,153
EK202310173343,153
EK202310188221,153
EK202310207572,153
EK202310126999,153
EK202310121103,153
EK202310186391,153
EK202310210239,153
EK202310195085,153
EK202310160300,153
EK202310199891,153
EK202310163707,153
EK202310196523,153
EK202310234859,153
EK202310231803,153
EK202310136798,143
EK202310244538,153
EK202310004017,153
EK202320006492,153
EK202310185950,153
EK202310130639,153
EK202320005689,153
EK202320006687,153
EK202310167248,153
EK202310134731,153
EK202310179818,153
EK202310147913,153
EK202310153980,153
EK202310117979,153
EK202310149501,153
EK202310236960,153
EK202310181994,153
EK202310170364,153
EK202310173530,153
EK202310111439,153
EK202310222093,153
EK202310144055,143
EK202310214164,143
EK202310177168,153
EK202310233756,153
EK202310154451,153
EK202310193603,153
EK202310210012,143
EK202310109490,153
EK202310161365,153
EK202310153596,153
EK202310171021,153
EK202310135046,143
EK202310105468,143
EK202310180678,153
EK202310123763,153
EK202310137466,153
EK202310138581,153
EK202310221347,153
EK202310175567,153
EK202310136752,153
EK202310129734,153
EK202310120365,153
EK202310127797,153
EK202310183416,153
EK202310239153,153
EK202310222246,153
EK202310144082,153
EK202310226435,153
EK202310110236,153
EK202310172009,153
EK202310152432,153
EK202310219667,153
EK202310202548,153
EK202310179444,153
EK202310110933,153
EK202310112714,153
EK202310129776,153
EK202310184025,153
EK202310199495,153
EK202310120853,153
EK202310110965,153
EK202310125670,153
EK202310129995,153
EK202310228248,153
EK202310128534,153
EK202310183479,153
EK202310159882,153
EK202310224442,153
EK202310119875,153
EK202310165118,153
EK202310003461,153
EK202310127902,153
EK202310241227,153
EK202310177075,153
EK202310195321,153
EK202310109724,153
EK202310224884,161
EK202310246986,153
EK202310180027,153
EK202310143531,153
EK202310180604,153
EK202310241988,153
EK202310109076,153
EK202310117902,153
EK202310215898,153
EK202310134539,143
EK202310239440,153
EK202310230665,153
EK202310172063,153
EK202310126450,153
EK202310229116,153
EK202310178898,153
EK202310111721,153
EK202310170101,153
EK202310158581,153
EK202310157015,153
EK202310229038,153
EK202310222680,153
EK202310111285,153
EK202310222575,153
EK202310156621,153
EK202310199481,153
EK202310204046,153
EK202310219609,153
EK202310222642,153
EK202310199140,143
EK202310200730,153
EK202310139007,153
EK202310126900,153
EK202310228039,153
EK202310177276,143
EK202310233570,153
EK202310237169,153
EK202310238023,153
EK202310127838,153
EK202310232618,153
EK202310114863,153
EK202310196485,153
EK202310128223,153
EK202310121663,153
EK202310111075,153
EK202310131404,153
EK202310104361,153
EK202310188771,153
EK202310166069,153
EK202310225476,153
EK202310118945,153
EK202310203625,153
EK202310245898,153
EK202310197749,153
EK202310185073,153
EK202310114565,153
EK202310151446,153
EK202310206021,143
EK202310179791,153
EK202310205394,153
EK202310166488,153
EK202310106840,153
EK202310115082,153
EK202310173564,153
EK202310205877,153
EK202310152051,153
EK202310144703,153
EK202310130259,153
EK202310177228,153
EK202310218957,153
EK202310142498,153
EK202310119549,143
EK202310233725,153
EK202310233810,153
EK202310210342,153
EK202310142303,153
EK202310227362,153
EK202310212631,153
EK202310148066,153
EK202310115133,153
EK202310145502,104
EK202310151385,153
EK202310245859,153
EK202310222753,153
EK202310170556,153
EK202310186591,153
EK202310141795,153
EK202310129475,153
EK202310117335,150
EK202310219091,153
EK202310224742,153
EK202310153827,153
EK202310159244,153
EK202310218618,153
EK202310229622,153
EK202310212905,153
EK202310190075,153
EK202310190265,153
EK202310168559,143
EK202310215223,153
EK202310231305,153
EK202310220211,153
EK202310183222,153
EK202310141182,153
EK202310227695,153
EK202310233303,153
EK202310108658,153
EK202310157889,153
EK202310176473,143
EK202310235635,153
EK202310127390,153
EK202310137562,153
EK202310104205,153
EK202310174206,153
EK202310212816,153
EK202310147436,123
EK202310180611,153
EK202310210354,153
EK202310189663,153
EK202310119259,153
EK202310235125,153
EK202310246750,153
EK202310218896,153
EK202310203786,153
EK202310180913,143
EK202310124372,153
EK202310165379,153
EK202310180954,153
EK202310145852,153
EK202310236766,153
EK202310134276,153
EK202310121348,153
EK202310141601,153
EK202310128602,143
EK202310110423,143
EK202310145558,153
EK202310155126,153
EK202310148031,153
EK202310174648,153
EK202310107125,153
EK202310206336,153
EK202310244639,153
EK202310225703,117
EK202310246590,153
EK202310162037,123
EK202310214389,153
EK202310186078,153
EK202310237892,153
EK202310139019,153
EK202310144411,153
EK202310121887,153
EK202310182472,153
EK202310110577,153
EK202310217458,153
EK202310206751,153
EK202310135834,153
EK202310129936,153
EK202310193629,153
EK202310109058,153
EK202310229608,153
EK202310201686,153
EK202310206823,153
EK202310109660,143
EK202310202418,153
EK202310140335,143
EK202310198168,153
EK202310117989,153
EK202310110082,153
EK202310227199,153
EK202310219307,153
EK202310236825,153
EK202310114629,153
EK202310180370,153
EK202310145206,153
EK202310108111,153
EK202310226175,153
EK202310227223,153
EK202310199795,153
EK202310228694,153
EK202310217385,153
EK202310104812,153
EK202310216111,153
EK202310176703,153
EK202310240602,153
EK202310103728,153
EK202310220868,143
EK202310114579,153
EK202310165033,153
EK202310150030,153
EK202310201296,153
EK202310105195,153
EK202310213553,153
EK202310162788,153
EK202310216325,153
EK202310144613,153
EK202310226580,153
EK202310229109,153
EK202310124954,153
EK202310205954,153
EK202310179712,153
EK202310193847,153
EK202310175822,153
EK202310116359,153
EK202320006662,153
EK202310111520,153
EK202310213288,153
EK202310191137,153
EK202310132404,153
EK202310201570,153
EK202310203322,153
EK202310143258,153
EK202310241669,153
EK202310190261,153
EK202310145096,153
EK202310231686,143
EK202310163789,153
EK202310196402,153
EK202310230132,153
EK202310155673,153
EK202310210437,153
EK202310107353,153
EK202310219475,153
EK202310232408,153
EK202310152774,143
EK202310200770,153
EK202310185372,153
EK202310119209,153
EK202310131238,153
EK202310162969,153
EK202310127182,143
EK202310245830,153
EK202310205893,153
EK202310104756,153
EK202310153892,153
EK202310244027,153
EK202310163145,153
EK202310165966,153
EK202310185338,153
EK202310004564,153
EK202310246545,153
EK202310243927,153
EK202310171098,153
EK202310226637,143
EK202310240501,153
EK202310213124,153
EK202310185369,153
EK202310184650,153
EK202310191710,143
EK202310186505,153
EK202310246315,153
EK202310128179,153
EK202310218717,153
EK202310140183,143
EK202310218416,153
EK202310104512,153
EK202310148024,153
EK202310211056,153
EK202310212788,153
EK202310151708,153
EK202310192193,153
EK202310147119,153
EK202310134171,153
EK202310120405,153
EK202310197432,153
EK202310116473,153
EK202310148941,153
EK202310225424,153
EK202310160249,153
EK202310177564,153
EK202310147712,153
EK202310130033,153
EK202310161738,153
EK202310225844,153
EK202310200581,153
EK202310155845,153
EK202310121666,153
EK202310124396,153
EK202310234458,153
EK202310122157,153
EK202310122028,153
EK202310178168,153
EK202320006120,153
EK202310104089,153
EK202310130047,143
EK202310233902,153
EK202310145593,153
EK202310145435,153
EK202310121638,153
EK202310175711,153
EK202310178650,153
EK202310209932,153
EK202310150842,153
EK202310176075,143
EK202310225913,153
EK202310223616,153
EK202310177498,153
EK202310210293,153
EK202310243077,153
EK202310120981,153
EK202310161599,143
EK202310199852,153
EK202310152182,153
EK202310201657,153
EK202310108940,153
EK202310167429,153
EK202310245926,153
EK202310152784,153
EK202310124342,153
EK202310161267,153
EK202310145118,153
EK202310124701,153
EK202310144618,153
EK202310233384,153
EK202310207039,153
EK202310190234,153
EK202310198686,153
EK202310120341,153
EK202310247847,153
EK202310003450,153
EK202310134573,153
EK202310116321,153
EK202310202729,153
EK202310225102,153
EK202320007842,153
EK202310185093,153
EK202310147662,153
EK202310202843,153
EK202310233390,153
EK202310136750,153
EK202310132231,153
EK202310229820,153
EK202310198900,153
EK202310112722,153
EK202310124481,153
EK202310168703,153
EK202310215506,153
EK202310227298,153
EK202310162425,153
EK202310147420,153
EK202310230006,153
EK202310107551,153
EK202310245496,153
EK202310121500,153
EK202310137045,153
EK202310004368,123
EK202310124048,153
EK202310123230,153
EK202310003475,153
EK202310129436,153
EK202310202223,120
EK202310135682,143
EK202310113775,153
EK202310143850,153
EK202310199362,153
EK202310206686,153
EK202310134277,153
EK202310244824,153
EK202310127241,153
EK202310153015,153
EK202310183863,143
EK202310194062,153
EK202310137570,153
EK202310105406,153
EK202310211726,153
EK202310140163,153
EK202310151370,153
EK202310183307,153
EK202310209242,153
EK202310201596,153
EK202310148319,153
EK202310212091,153
EK202310231030,153
EK202310111993,153
EK202310156211,153
EK202310104592,153
EK202310133538,153
EK202310143489,153
EK202310108608,153
EK202310209410,153
EK202310196298,153
EK202310200348,153
EK202310130825,153
EK202310211388,153
EK202310151265,153
EK202310161779,153
EK202310117949,153
EK202310204507,153
EK202310104001,153
EK202310217266,153
EK202310210738,153
EK202310179516,153
EK202310185260,153
EK202310117134,153
EK202310218620,153
EK202310118920,153
EK202310174953,153
EK202310235880,153
EK202310246765,153
EK202310151192,153
EK202310218327,153
EK202310184977,153
EK202310106156,117
EK202310174601,143
EK202310242933,143
EK202320006248,153
EK202310155266,153
EK202310118205,153
EK202320007868,153
EK202310122476,104
EK202310246704,153
EK202310154390,153
EK202310208154,153
EK202310130903,153
EK202310244992,153
EK202310141315,104
EK202310119220,153
EK202310245411,153
EK202310122328,153
EK202310145979,153
EK202310137109,153
EK202310107808,153
EK202310237598,153
EK202310150637,153
EK202310115093,153
EK202310121973,143
EK202310201313,143
EK202310171481,153
EK202310151406,153
EK202310201141,153
EK202310179223,153
EK202310195934,153
EK202310142396,153
EK202310161167,153
EK202310166581,153
EK202310247520,153
EK202310113867,153
EK202310124498,153
EK202310156133,153
EK202310199597,153
EK202310161135,153
EK202310215679,153
EK202310238774,153
EK202310196868,153
EK202310112295,153
EK202310235239,153
EK202310127731,153
EK202310230868,153
EK202310217903,153
EK202310172613,153
EK202310129229,153
EK202310190368,143
EK202310162297,153
EK202310222739,153
EK202310161749,153
EK202310155297,153
EK202310108502,153
EK202310130801,153
EK202310231593,143
EK202310125919,153
EK202310209411,153
EK202310179339,153
EK202310187200,153
EK202310146890,153
EK202310166979,153
EK202310237165,153
EK202310152579,153
EK202310003917,153
EK202310235269,153
EK202310108468,153
EK202310143968,153
EK202310160042,153
EK202310203662,153
EK202310151437,153
EK202310144465,153
EK202310190402,153
EK202310134264,153
EK202310234082,153
EK202310210958,153
EK202310139701,153
EK202310143670,153
EK202310144634,153
EK202310141663,153
EK202310137665,153
EK202310205722,153
EK202310151909,153
EK202310221195,143
EK202310137582,153
EK202310194278,143
EK202310128272,153
EK202310106468,153
EK202310144004,153
EK202310128173,153
EK202310111420,153
EK202310120296,104
EK202310200950,153
EK202310175501,153
EK202310120331,153
EK202310228878,153
EK202310182513,153
EK202310146179,153
EK202310122722,153
EK202310105824,153
EK202310153125,153
EK202310245447,153
EK202310119032,153
EK202310121833,153
EK202310241687,153
EK202310239324,143
EK202310164441,153
EK202310140020,153
EK202310130010,153
EK202310121272,153
EK202310155947,153
EK202310235396,143
EK202310142223,153
EK202310112225,153
EK202310169440,153
EK202310136706,153
EK202310216973,153
EK202310226784,153
EK202310221041,143
EK202310231770,153
EK202310145329,153
EK202310134603,153
EK202310186803,153
EK202310004747,153
EK202310140470,153
EK202310195581,153
EK202310150690,153
EK202310107903,153
EK202310192146,153
EK202310148551,153
EK202310106261,153
EK202310146170,104
EK202310136162,153
EK202310113122,153
EK202310163718,153
EK202310183205,153
EK202310200858,153
EK202310196929,153
EK202310171438,153
EK202310174765,153
EK202310124046,153
EK202310152264,143
EK202310213792,153
EK202310165171,153
EK202310162758,153
EK202310143468,153
EK202310180043,153
EK202310147871,153
EK202310164549,153
EK202310201642,153
EK202310109113,153
EK202310174688,153
EK202310248259,153
EK202310185782,153
EK202310110936,153
EK202310117421,153
EK202310142478,153
EK202310141930,153
EK202310243981,153
EK202310172266,153
EK202310228140,153
EK202310176614,153
EK202310233607,153
EK202310106233,153
EK202310162621,153
EK202310190940,153
EK202310219344,153
EK202310154188,153
EK202310219915,153
EK202310166730,153
EK202310117725,153
EK202310166726,153
EK202310163657,153
EK202310228898,153
EK202310184184,153
EK202310125372,153
EK202310119495,143
EK202310117082,153
EK202310146291,153
EK202310241466,153
EK202310150849,153
EK202310202757,153
EK202310182560,153
EK202310112973,153
EK202310213514,153
EK202310221393,153
EK202310158310,153
EK202310140347,153
EK202310175551,153
EK202310180868,143
EK202320006868,153
EK202310248257,153
EK202310180309,153
EK202310229558,153
EK202310115971,153
EK202310160935,153
EK202310157633,153
EK202310146143,153
EK202310186183,153
EK202310211422,153
EK202310161977,153
EK202320006500,153
EK202310150314,143
EK202310110846,153
EK202310203222,153
EK202310129532,153
EK202310129904,153
EK202310186467,153
EK202310147117,153
EK202310116424,153
EK202310149442,153
EK202310104505,153
EK202310121773,153
EK202310127109,153
EK202310201894,153
EK202310188361,153
EK202310193295,153
EK202310177870,153
EK202310113628,153
EK202310139300,153
EK202310142961,153
EK202310105639,153
EK202310200187,153
EK202310235386,153
EK202310201587,153
EK202310139029,153
EK202310170332,153
EK202310104539,153
EK202310221009,153
EK202310111917,153
EK202310155020,153
EK202310209995,153
EK202310201277,153
EK202310142737,153
EK202310226601,153
EK202310248195,153
EK202310181017,153
EK202310141427,143
EK202310231407,153
EK202310137086,153
EK202310125507,153
EK202310122987,143
EK202310200912,153
EK202310104251,153
EK202310195674,153
EK202310223438,153
EK202310153194,153
EK202310213990,153
EK202310162781,143
EK202310187211,153
EK202310176227,153
EK202310234676,169
EK202310125148,153
EK202310177679,153
EK202310120787,143
EK202310145311,153
EK202310122627,153
EK202310201377,153
EK202310212640,153
EK202310123690,143
EK202310111428,153
EK202310231233,153
EK202310205587,153
EK202310126571,166
EK202310145090,153
EK202320006877,153
EK202310172065,153
EK202310198983,150
EK202310169546,153
EK202310111317,153
EK202310119424,143
EK202310135345,153
EK202310118372,153
EK202310170295,153
EK202310190557,153
EK202310200195,153
EK202310131868,153
EK202310158562,153
EK202310150891,153
EK202310151386,153
EK202310243101,153
EK202310146970,153
EK202310194638,153
EK202310142085,142
EK202310155341,153
EK202310226663,153
EK202310183726,153
EK202310189308,153
EK202310198713,153
EK202310202117,153
EK202310163684,153
EK202310111102,153
EK202310127044,153
EK202310118453,153
EK202310128214,153
EK202310135042,153
EK202310126915,153
EK202310147166,153
EK202310233052,153
EK202310141703,143
EK202310164168,153
EK202310156751,153
EK202310146541,143
EK202310184817,153
EK202310195187,153
EK202310168677,153
EK202310188486,153
EK202310224018,153
EK202310172986,153
EK202310161060,153
EK202310178666,153
EK202310166665,153
EK202310141091,153
EK202310191127,153
EK202310189382,153
EK202310172890,153
EK202310171361,153
EK202310186346,143
EK202310189932,143
EK202310189293,153
EK202310171610,153
EK202310239231,153
EK202310201004,153
EK202310178301,153
EK202310246066,153
EK202310243993,153
EK202310240850,153
EK202310115127,153
EK202310232199,104
EK202310217063,143
EK202310115674,152
EK202310110226,143
EK202310181037,153
EK202310004136,120
EK202310159843,153
EK202310126952,153
EK202310230766,153
EK202310110797,153
EK202310231475,143
EK202310135719,153
EK202310145051,153
EK202310113543,153
EK202310159237,153
EK202310238856,153
EK202310121123,153
EK202310192625,153
EK202310170391,153
EK202310141783,153
EK202310117317,150
EK202310159443,153
EK202310224692,153
EK202310129133,153
EK202310118922,153
EK202310187333,153
EK202310149791,153
EK202310231752,153
EK202310130461,153
EK202310151790,153
EK202310156693,153
EK202310138274,153
EK202310217407,153
EK202310115388,143
EK202310145689,153
EK202310104824,153
EK202310247570,153
EK202310197035,153
EK202310230114,153
EK202310105854,143
EK202310187457,153
EK202310192506,153
EK202310140455,153
EK202310226538,143
EK202310175408,153
EK202310132765,153
EK202310193721,153
EK202310151285,153
EK202310178760,153
EK202310149663,153
EK202310219711,153
EK202310217272,153
EK202310238355,153
EK202310188659,153
EK202310205449,153
EK202310233265,153
EK202310109651,153
EK202310226933,153
EK202310159603,123
EK202310105868,153
EK202310171812,153
EK202310176259,153
EK202310122912,153
EK202310184013,153
EK202310179868,153
EK202310176252,153
EK202310239466,153
EK202310228949,153
EK202310169903,153
EK202310209528,153
EK202310213123,153
EK202310173452,150
EK202310230252,153
EK202310106835,153
EK202320007700,153
EK202310198359,153
EK202310180758,153
EK202310227440,153
EK202310239839,153
EK202310145401,153
EK202310131446,153
EK202310121079,153
EK202310159312,153
EK202310167080,143
EK202310110131,143
EK202310173862,153
EK202310184021,153
EK202310223793,153
EK202310190740,153
EK202310165164,153
EK202310136762,153
EK202310187434,153
EK202310212919,153
EK202310147933,153
EK202310217428,153
EK202310163195,153
EK202310144020,153
EK202310226546,153
EK202310172034,153
EK202310113666,153
EK202310189588,143
EK202310107725,153
EK202310195274,153
EK202310180008,153
EK202310164031,153
EK202310229645,153
EK202310125934,153
EK202310218196,153
EK202310119725,153
EK202310133573,153
EK202310219254,153
EK202310105775,153
EK202310163730,139
EK202310119408,153
EK202310134331,153
EK202310138761,153
EK202310126020,153
EK202310128964,153
EK202310225868,153
EK202310217967,153
EK202310222323,153
EK202310206855,153
EK202310152085,153
EK202310004023,153
EK202310211193,153
EK202310189925,153
EK202310152235,153
EK202310189056,153
EK202310242595,153
EK202310140195,153
EK202310181500,153
EK202310171216,153
EK202310209110,153
EK202310246479,104
EK202310194938,153
EK202310224895,153
EK202310195509,153
EK202310173849,153
EK202310116837,153
EK202310105574,153
EK202310196041,153
EK202310122385,153
EK202310193454,153
EK202310124125,153
EK202310180862,153
EK202310234723,153
EK202310126036,153
EK202310171137,153
EK202310233393,153
EK202310132926,153
EK202310160365,153
EK202310211274,153
EK202310225058,153
EK202310194840,153
EK202310216072,153
EK202310224888,153
EK202310003930,153
EK202310187789,153
EK202310237317,104
EK202310188643,153
EK202310163618,153
EK202310216984,153
EK202310243216,153
EK202310111010,153
EK202310140852,153
EK202310114085,153
EK202310123385,153
EK202310222159,153
EK202310203038,153
EK202320005703,153
EK202320006527,153
EK202310234277,153
EK202310135781,153
EK202310157465,153
EK202310178744,153
EK202310238253,153
EK202310122583,153
EK202310214372,153
EK202310174457,153
EK202310167149,153
EK202310228958,153
EK202310157246,153
EK202310148323,153
EK202310174823,153
EK202310165142,153
EK202310207746,153
EK202310245090,143
EK202310181612,153
EK202310217652,143
EK202310161957,153
EK202310116818,153
EK202310180631,153
EK202310158422,153
EK202310195969,153
EK202310226142,153
EK202310199652,153
EK202310150930,153
EK202310148331,153
EK202310189171,123
EK202310194950,153
EK202310242729,153
EK202310221050,153
EK202310105169,153
EK202310231810,153
EK202310201600,153
EK202310173892,153
EK202310103909,153
EK202310207543,153
EK202310217532,153
EK202310131408,143
EK202310216303,153
EK202310207214,153
EK202310237069,153
EK202310130210,153
EK202310148179,153
EK202310230098,153
EK202310106540,153
EK202310247875,153
EK202310131197,153
EK202310213017,153
EK202310226797,153
EK202310124853,153
EK202310219648,104
EK202310242013,153
EK202310190443,143
EK202310142718,143
EK202310173178,143
EK202310125534,153
EK202310122118,153
EK202310151782,153
EK202310142165,153
EK202310120956,153
EK202310158163,143
EK202310110021,153
EK202310196057,153
EK202310199008,153
EK202310003987,153
EK202310240352,153
EK202310165694,153
EK202310232204,153
EK202310125243,153
EK202310171212,153
EK202310165904,153
EK202310156703,153
EK202310161254,153
EK202310141589,153
EK202310139870,153
EK202310003550,153
EK202310004721,153
EK202310237716,153
EK202310162213,153
EK202310231470,153
EK202310165710,153
EK202310219597,143
EK202310177018,153
EK202310113173,153
EK202310161177,153
EK202310105482,153
EK202310178942,153
EK202310105694,153
EK202310120998,153
EK202310216864,153
EK202310198211,153
EK202310118620,153
EK202310221238,153
EK202310161217,153
EK202310218766,153
EK202310128213,153
EK202310137523,153
EK202310210262,153
EK202310155407,153
EK202310156355,153
EK202310171504,153
EK202310205541,153
EK202310165351,143
EK202310247442,153
EK202310131239,153
EK202310169672,153
EK202310118977,153
EK202310235793,153
EK202310200392,153
EK202310164965,153
EK202310171249,153
EK202310106318,153
EK202310237266,153
EK202310147471,143
EK202310194031,143
EK202310192307,153
EK202310181117,153
EK202310116526,153
EK202310194824,153
EK202310162842,153
EK202310181349,153
EK202310164261,153
EK202310131101,153
EK202310151625,153
EK202310141286,153
EK202310241249,143
EK202310212872,153
EK202310226815,153
EK202310141152,143
EK202310235794,153
EK202310229993,153
EK202310147668,153
EK202310164475,153
EK202310110039,153
EK202310187421,153
EK202310215044,153
EK202310105965,153
EK202310120150,153
EK202310201212,153
EK202310127536,153
EK202310165403,153
EK202310135385,153
EK202310159428,153
EK202310214834,153
EK202310130931,153
EK202310206054,153
EK202310112744,153
EK202310242341,153
EK202310159100,153
EK202310186817,143
EK202310187749,153
EK202310246213,153
EK202310202813,153
EK202310119983,143
EK202310241219,153
EK202310195435,153
EK202310199454,153
EK202310194920,153
EK202310151167,153
EK202310204930,153
EK202310210621,153
EK202310234981,153
EK202310218747,153
EK202310125674,153
EK202310004025,153
EK202310131481,153
EK202310162994,153
EK202310232677,153
EK202310004278,143
EK202310108810,153
EK202310225683,153
EK202310115846,153
EK202310003668,153
EK202310153044,153
EK202310206782,153
EK202310198360,153
EK202310103708,153
EK202310138116,153
EK202310160576,153
EK202310183081,153
EK202310105137,153
EK202310170115,153
EK202310116604,153
EK202310236944,153
EK202310175444,153
EK202310150908,153
EK202310204946,153
EK202310139272,153
EK202310173841,153
EK202310241566,153
EK202310140944,153
EK202310166702,143
EK202310172479,153
EK202310209418,153
EK202310165364,153
EK202310170685,153
EK202310137383,153
EK202310208374,153
EK202310124992,153
EK202310227242,153
EK202310200684,153
EK202310137981,117
EK202310183855,153
EK202310120432,153
EK202310128607,153
EK202310146775,153
EK202310175473,153
EK202310194578,153
EK202310199456,143
EK202310114576,153
EK202310232002,153
EK202310133113,153
EK202310177757,153
EK202310106035,153
EK202310161565,153
EK202310110506,153
EK202310206193,153
EK202310134593,153
EK202310157521,153
EK202310142924,153
EK202310237263,153
EK202310170297,153
EK202310106326,153
EK202310128380,143
EK202310222238,143
EK202310194876,153
EK202310228783,153
EK202310186905,153
EK202310116223,153
EK202310124674,153
EK202310164997,153
EK202310164834,153
EK202310207829,143
EK202310156532,153
EK202310129196,153
EK202310119383,153
EK202310246942,153
EK202310108008,153
EK202310209225,135
EK202310191622,153
EK202310207087,153
EK202310152145,153
EK202310130483,153
EK202310218772,153
EK202310202740,153
EK202310189738,137
EK202310150713,153
EK202310235780,153
EK202310245036,153
EK202310003439,153
EK202310231070,143
EK202320006731,153
EK202310244442,153
EK202310132886,153
EK202310147295,153
EK202310133587,153
EK202310186397,153
EK202310123728,153
EK202310232420,153
EK202310233200,153
EK202310187145,153
EK202310238519,153
EK202310122640,153
EK202310114892,153
EK202310172340,153
EK202310109402,153
EK202310229865,153
EK202310202666,153
EK202310106916,153
EK202320005781,153
EK202310127666,153
EK202310224319,153
EK202310164602,153
EK202310118941,153
EK202310234012,153
EK202310199233,153
EK202310214877,153
EK202310179245,153
EK202310160250,153
EK202310219316,153
EK202310175330,153
EK202310156975,153
EK202310115055,153
EK202310112754,153
EK202310175770,153
EK202310218114,153
EK202310135889,143
EK202310245028,153
EK202310104852,153
EK202310216044,153
EK202310230940,104
EK202310198398,153
EK202310152619,153
EK202310168477,153
EK202310236502,153
EK202310112037,153
EK202310159871,153
EK202310213645,153
EK202310120040,153
EK202310183203,153
EK202310109200,153
EK202310132933,153
EK202310137560,153
EK202310177041,153
EK202310137910,153
EK202310104847,153
EK202310200423,153
EK202310187271,153
EK202310213803,153
EK202310246954,153
EK202310118188,153
EK202310134413,153
EK202310232546,153
EK202310158497,153
EK202320007533,153
EK202310174045,153
EK202310232493,153
EK202310121025,153
EK202310203256,153
EK202310142445,153
EK202310184247,153
EK202310192611,161
EK202310119937,153
EK202310231831,153
EK202310208214,153
EK202310237790,153
EK202310187705,153
EK202310209139,153
EK202310170634,150
EK202310146481,153
EK202310198380,153
EK202310226702,153
EK202310222936,153
EK202310197081,153
EK202310116985,153
EK202310223669,153
EK202310204735,153
EK202310184616,143
EK202310148138,153
EK202310134199,153
EK202310149246,153
EK202310237457,153
EK202310160240,143
EK202310177402,153
EK202310231985,153
EK202310171409,153
EK202310176316,153
EK202310164869,153
EK202310134160,153
EK202310213361,153
EK202310204421,153
EK202310209884,143
EK202310136308,153
EK202310242777,153
EK202310193657,153
EK202310188052,153
EK202310147057,153
EK202310153768,153
EK202310144579,153
EK202310198362,153
EK202310105880,153
EK202310171799,153
EK202310120109,153
EK202310216065,153
EK202310170495,153
EK202310125667,153
EK202310105906,153
EK202310003424,153
EK202310195264,153
EK202310130646,153
EK202310115346,153
EK202310106003,153
EK202310193189,153
EK202310120005,153
EK202310225659,153
EK202310187329,153
EK202310234854,153
EK202310245195,153
EK202310245177,153
EK202310229481,153
EK202310218683,153
EK202310232957,153
EK202310244525,153
EK202310238364,153
EK202310233731,150
EK202310114718,143
EK202310152186,153
EK202310217521,153
EK202310183796,153
EK202310218461,153
EK202310113523,153
EK202310149413,153
EK202310115324,153
EK202310104367,153
EK202310124772,143
EK202310195448,153
EK202310211731,153
EK202310162193,143
EK202310187308,120
EK202310129859,153
EK202310170962,153
EK202310235749,153
EK202320007870,153
EK202310154838,153
EK202310206242,153
EK202310209717,153
EK202310247573,153
EK202310113989,153
EK202310152196,153
EK202310183083,153
EK202310234475,153
EK202310234459,153
EK202310106650,153
EK202310117634,153
EK202310128279,153
EK202310158721,153
EK202310234607,153
EK202310149804,153
EK202310242352,153
EK202310126148,153
EK202310165882,153
EK202310137378,153
EK202310112801,143
EK202310119995,153
EK202310123123,153
EK202310190387,153
EK202310226519,143
EK202310129375,153
EK202310245192,153
EK202310215168,153
EK202310137434,153
EK202310194720,153
EK202310201666,153
EK202310193830,153
EK202310178910,153
EK202310110446,153
EK202310166237,153
EK202310180109,153
EK202310146375,153
EK202310227332,153
EK202310241765,153
EK202310229368,143
EK202310135373,153
EK202310169663,153
EK202310236365,153
EK202310182601,104
EK202310144591,153
EK202310203065,153
EK202310185758,153
EK202310105204,153
EK202310150175,153
EK202310172599,153
EK202310145266,143
EK202310004647,153
EK202310242466,153
EK202310167834,153
EK202310225932,153
EK202310132329,153
EK202310123888,153
EK202310208707,153
EK202310201294,153
EK202310233641,153
EK202310140113,153
EK202310218544,153
EK202310219472,153
EK202310143848,153
EK202310134434,153
EK202310236630,153
EK202310198379,153
EK202310222797,153
EK202310248842,153
EK202310132974,150
EK202310235130,153
EK202310238228,153
EK202310226782,153
EK202310210339,143
EK202310189790,153
EK202310187315,153
EK202310171801,143
EK202310123573,153
EK202310172773,153
EK202310139716,153
EK202310110431,143
EK202310189055,153
EK202310124983,153
EK202310190155,153
EK202310238929,153
EK202310180436,153
EK202310230021,153
EK202310181912,153
EK202310178377,153
EK202310145374,153
EK202310126596,153
EK202310225731,153
EK202310138678,153
EK202310172372,153
EK202310116119,153
EK202310167609,143
EK202310244078,153
EK202310217427,153
EK202310182904,153
EK202310208329,153
EK202310189009,153
EK202310114945,153
EK202310139882,153
EK202310206869,153
EK202310192874,153
EK202310216134,153
EK202310203212,153
EK202310156888,153
EK202310182240,143
EK202310141092,153
EK202310124359,153
EK202310152947,153
EK202310114595,153
EK202310146656,153
EK202310223051,153
EK202310134381,153
EK202310208234,153
EK202310169332,153
EK202310103907,153
EK202310143678,153
EK202310114762,153
EK202310120679,153
EK202310153376,153
EK202310207113,153
EK202310229661,153
EK202310219333,153
EK202310131040,153
EK202310120192,143
EK202310114032,143
EK202310178367,153
EK202310195835,153
EK202310154385,143
EK202310215393,153
EK202310107773,143
EK202310164250,153
EK202310158284,153
EK202310181120,153
EK202320007585,153
EK202310182248,153
EK202310178445,153
EK202310151607,153
EK202310114270,153
EK202310237697,153
EK202310141166,153
EK202310153773,153
EK202310129425,153
EK202310114483,153
EK202310235872,153
EK202310140448,153
EK202310140940,153
EK202310173832,153
EK202310131844,153
EK202310236956,153
EK202310166354,153
EK202310122182,153
EK202310212213,153
EK202310165400,153
EK202310148714,153
EK202310126880,153
EK202310191702,153
EK202310161903,153
EK202310223034,153
EK202310188051,153
EK202310205595,153
EK202310171306,153
EK202310246135,153
EK202310210097,153
EK202310191192,153
EK202310216619,153
EK202310153794,153
EK202310122914,153
EK202310122058,150
EK202310138004,153
EK202310221367,153
EK202310158770,146
EK202310145695,153
EK202310125582,143
EK202310136243,153
EK202310194117,153
EK202310107078,153
EK202310190139,153
EK202310156770,153
EK202310178929,153
EK202310164953,153
EK202310118034,153
EK202310227978,143
EK202310144597,153
EK202310176112,153
EK202310162357,153
EK202310176897,153
EK202310134145,153
EK202310129907,153
EK202310229306,153
EK202310198497,153
EK202310163561,153
EK202310221369,153
EK202310176645,153
EK202310157146,153
EK202310120273,153
EK202310192592,153
EK202310169221,153
EK202310191453,153
EK202310131848,153
EK202310127626,137
EK202310213244,153
EK202310137030,153
EK202310146412,153
EK202310173918,153
EK202310161898,153
EK202310106892,153
EK202310110349,153
EK202310209540,153
EK202310191336,143
EK202310114498,153
EK202310181006,153
EK202310212668,153
EK202310158230,153
EK202310004318,153
EK202310247144,153
EK202310107710,153
EK202310228147,153
EK202310143106,153
EK202310167345,143
EK202310208077,153
EK202320006983,153
EK202310243790,153
EK202310126443,143
EK202310245699,153
EK202310194114,153
EK202310195998,153
EK202310198935,153
EK202310164465,153
EK202310181559,153
EK202310194595,153
EK202310158381,153
EK202310155757,153
EK202310180220,153
EK202310179540,153
EK202310161312,153
EK202310185555,153
EK202310186696,153
EK202310161004,153
EK202310124318,143
EK202310162537,153
EK202310246753,123
EK202310225958,153
EK202310186853,153
EK202310171921,153
EK202310114970,143
EK202310215111,153
EK202310211062,153
EK202310189772,153
EK202310136766,153
EK202310126300,153
EK202310221810,153
EK202310204369,153
EK202310169470,153
EK202310189339,153
EK202310190063,153
EK202310220996,143
EK202310164885,153
EK202310191557,153
EK202310210576,153
EK202320006385,153
EK202310192386,153
EK202310129301,153
EK202310212266,153
EK202310248678,153
EK202310121007,153
EK202310158409,153
EK202310230262,153
EK202310105099,153
EK202310225197,153
EK202310141113,153
EK202310112350,153
EK202310220805,153
EK202310220038,153
EK202310153113,153
EK202320006647,153
EK202310145953,153
EK202310209351,153
EK202310202126,143
EK202310191102,153
EK202310127097,153
EK202310126540,150
EK202310202419,153
EK202310116857,153
EK202320006346,153
EK202310216539,153
EK202310224958,153
EK202310222877,153
EK202310104924,153
EK202310230930,153
EK202310176678,153
EK202310144934,153
EK202310148649,153
EK202310168500,153
EK202310150427,153
EK202310205648,153
EK202310159787,146
EK202310131529,153
EK202310173679,153
EK202310216340,153
EK202310113807,153
EK202310189797,153
EK202310172848,153
EK202320007206,153
EK202310183124,153
EK202310202871,153
EK202310195901,153
EK202310108242,143
EK202310209662,153
EK202310186506,153
EK202310241427,153
EK202310104646,153
EK202310110500,153
EK202310140229,143
EK202310197951,104
EK202310204251,139
EK202310218413,153
EK202310111117,153
EK202310153521,153
EK202310163012,153
EK202310238189,153
EK202310139597,153
EK202310239588,143
EK202310197135,153
EK202310105473,153
EK202310142438,153
EK202310238026,153
EK202310194838,153
EK202310218361,153
EK202310192741,153
EK202310193265,153
EK202310216986,143
EK202310230537,153
EK202310119794,153
EK202310170043,153
EK202310108833,153
EK202310161240,153
EK202310234010,153
EK202310109182,153
EK202310230972,153
EK202310149335,153
EK202310107970,153
EK202310149458,153
EK202310144815,153
EK202310155738,153
EK202310204043,153
EK202310150762,153
EK202310177738,153
EK202310156587,153
EK202310157016,153
EK202310206235,153
EK202310220646,153
EK202310173733,153
EK202310245161,153
EK202310246615,153
EK202310107283,153
EK202310172948,153
EK202310223104,150
EK202310137920,143
EK202310237485,153
EK202310185339,153
EK202310150373,153
EK202310181031,153
EK202310246036,153
EK202310211321,143
EK202310166021,153
EK202310104995,153
EK202310154804,153
EK202310207957,153
EK202310115976,153
EK202310146527,153
EK202310241764,153
EK202310242749,153
EK202310174079,153
EK202310246052,153
EK202310224322,143
EK202310136529,143
EK202320005962,153
EK202310220450,153
EK202310212212,153
EK202310153182,153
EK202310105480,153
EK202310125339,153
EK202310237988,153
EK202310159218,153
EK202310178861,153
EK202310146447,153
EK202310242533,153
EK202310239148,153
EK202310206069,153
EK202310209438,153
EK202310203458,153
EK202310139769,153
EK202310192295,153
EK202310213849,153
EK202310117386,153
EK202310148126,153
EK202310141622,153
EK202310203974,153
EK202310124862,153
EK202310238082,153
EK202310131352,153
EK202310123750,153
EK202310165127,153
EK202310166390,153
EK202310245131,153
EK202310191228,153
EK202310218338,143
EK202310229880,153
EK202310139618,153
EK202310166418,153
EK202310114847,153
EK202310129128,153
EK202310129085,143
EK202310208641,153
EK202310241385,153
EK202310231427,153
EK202310183819,153
EK202310103894,153
EK202310115562,153
EK202310153110,153
EK202310107637,153
EK202310003429,153
EK202310141699,153
EK202310200793,150
EK202310107984,153
EK202310113752,153
EK202310136157,153
EK202310207954,153
EK202310135579,153
EK202310166104,153
EK202310127366,153
EK202310121696,153
EK202310138993,153
EK202310207033,153
EK202310122660,153
EK202310132081,153
EK202310198420,153
EK202310144336,143
EK202310238656,153
EK202310230161,153
EK202310202206,153
EK202310213571,153
EK202310203092,153
EK202310194418,153
EK202310128430,153
EK202310225153,153
EK202310160344,143
EK202310130554,143
EK202310165569,153
EK202310199349,153
EK202310129160,153
EK202310169725,153
EK202310160348,153
EK202310126901,117
EK202310199923,153
EK202310214691,104
EK202310202989,153
EK202310117244,153
EK202310162223,153
EK202310178451,153
EK202310233563,153
EK202310109378,153
EK202310177478,153
EK202310109053,153
EK202310125187,153
EK202320005814,153
EK202310211630,153
EK202310156552,153
EK202310148023,153
EK202310166593,143
EK202310215548,153
EK202310111952,153
EK202310187710,153
EK202310157541,153
EK202310171275,153
EK202310113025,143
EK202310197258,153
EK202310112846,153
EK202310127206,123
EK202310115243,153
EK202310124158,153
EK202310145344,153
EK202310115574,153
EK202310157721,153
EK202310122313,153
EK202310139139,153
EK202310225769,153
EK202310238365,153
EK202310237637,153
EK202310109616,153
EK202310133259,153
EK202310228157,153
EK202310198466,153
EK202310106809,153
EK202310165950,153
EK202310128641,153
EK202310148916,153
EK202310114147,153
EK202310232304,153
EK202310188415,143
EK202310232540,153
EK202310207576,153
EK202310231963,153
EK202310229805,153
EK202310161625,153
EK202310223364,153
EK202310145207,153
EK202310154942,153
EK202310177414,153
EK202310151135,153
EK202320005867,153
EK202310199483,153
EK202310193069,153
EK202310231001,143
EK202310153397,153
EK202320006411,153
EK202310178129,143
EK202310158178,153
EK202320006728,153
EK202310168603,153
EK202310188957,153
EK202310134962,153
EK202320006232,153
EK202310216197,153
EK202310205473,153
EK202310177138,132
EK202310003578,153
EK202310125915,153
EK202310163847,153
EK202310175723,143
EK202310167304,153
EK202310231580,153
EK202310224672,153
EK202310231849,153
EK202310118283,143
EK202310108021,153
EK202310244191,153
EK202310176446,153
EK202310153144,153
EK202310192762,153
EK202310155944,146
EK202310122042,153
EK202310139279,153
EK202310124333,143
EK202310222309,153
EK202310237489,153
EK202310225285,153
EK202310205925,153
EK202310146849,153
EK202310155584,153
EK202310127840,153
EK202310159012,153
EK202310171367,153
EK202310179659,153
EK202310147533,153
EK202310134101,153
EK202310167244,153
EK202310134522,153
EK202310188890,153
EK202310152081,153
EK202310168749,153
EK202310185345,153
EK202310212863,153
EK202310104615,153
EK202310188714,153
EK202310148084,153
EK202310211875,153
EK202310134441,153
EK202310187368,153
EK202310142139,153
EK202310216736,153
EK202310148523,153
EK202310177638,153
EK202310191439,153
EK202310184957,153
EK202310229730,153
EK202310171653,153
EK202310119614,153
EK202310193277,143
EK202310221106,153
EK202310196517,153
EK202310186815,153
EK202310118791,143
EK202310236202,153
EK202310121642,143
EK202310228637,153
EK202310171042,153
EK202310218012,153
EK202310238955,153
EK202310169993,153
EK202310227859,153
EK202310175628,153
EK202310225536,153
EK202310194964,153
EK202310170946,153
EK202310201972,153
EK202310204049,153
EK202310238497,153
EK202310231256,153
EK202310231579,143
EK202310174311,153
EK202310192651,153
EK202310114496,153
EK202310230770,143
EK202310242388,153
EK202310114424,153
EK202310166798,153
EK202310246359,143
EK202310165038,153
EK202310197955,153
EK202310121307,153
EK202310151932,153
EK202310242488,153
EK202310105346,143
EK202310133118,153
EK202310125218,153
EK202310104440,153
EK202310238581,153
EK202310128830,153
EK202310111289,153
EK202310218154,153
EK202310184481,153
EK202310151857,153
EK202310107393,153
EK202310150289,153
EK202310113235,153
EK202310154628,153
EK202310183234,153
EK202310193060,153
EK202310142940,153
EK202310177291,153
EK202310214941,153
EK202310123810,153
EK202310234861,153
EK202310166088,153
EK202310175230,153
EK202310173351,153
EK202310246599,153
EK202310121468,153
EK202310115870,153
EK202310122689,153
EK202310104457,153
EK202310239958,153
EK202310108834,143
EK202310242150,153
EK202310127460,153
EK202310150161,153
EK202310220593,153
EK202310208892,153
EK202310116640,153
EK202310228102,153
EK202310178599,153
EK202310211615,153
EK202310208762,153
EK202310118517,153
EK202310187114,153
EK202310119172,153
EK202310131645,153
EK202310106254,153
EK202310132336,104
EK202310226404,153
EK202310196510,153
EK202310116508,153
EK202310188534,153
EK202310177793,153
EK202310206591,143
EK202310192097,153
EK202310119525,153
EK202310168918,153
EK202310004052,153
EK202310155004,146
EK202310113224,153
EK202310168827,153
EK202310151452,112
EK202310233171,153
EK202310189316,153
EK202310165015,153
EK202310191520,153
EK202310154021,153
EK202310142035,153
EK202310136677,153
EK202310193692,153
EK202310217638,153
EK202310152626,153
EK202310130527,153
EK202310219621,143
EK202310117231,143
EK202310184541,153
EK202310123337,153
EK202310004825,153
EK202310004105,153
EK202310222141,153
EK202310223687,153
EK202310004753,153
EK202310138231,153
EK202310230297,153
EK202310123109,143
EK202310118394,153
EK202310236285,153
EK202310142984,153
EK202310228922,153
EK202310180656,153
EK202310198343,153
EK202310213613,153
EK202310143759,153
EK202310243098,153
EK202310140826,153
EK202310219432,153
EK202310235984,153
EK202310112132,153
EK202310207139,153
EK202310123515,153
EK202310147539,153
EK202310201614,153
EK202310242651,153
EK202310116831,153
EK202310142528,153
EK202310158275,104
EK202310119240,153
EK202310189798,153
EK202310140182,153
EK202310104020,153
EK202310144562,153
EK202310211897,153
EK202310209649,153
EK202310224584,153
EK202310149915,153
EK202310205659,153
EK202310150345,153
EK202310228952,143
EK202310126648,153
EK202310243579,153
EK202310164006,153
EK202310108668,153
EK202310137775,153
EK202310233150,153
EK202310152386,153
EK202310166882,153
EK202310231895,153
EK202310170539,153
EK202310115226,153
EK202310214376,153
EK202310137712,153
EK202310186209,153
EK202310205015,153
EK202310106040,153
EK202310170557,153
EK202310201318,153
EK202310230025,153
EK202310112264,153
EK202310187559,153
EK202310126729,153
EK202310208910,153
EK202310131942,153
EK202310154020,153
EK202310245865,153
EK202310192165,153
EK202310172699,153
EK202310157236,153
EK202310131791,153
EK202310200367,153
EK202310152638,153
EK202310229854,153
EK202310176423,153
EK202310229737,153
EK202310203806,153
EK202310115409,153
EK202310118234,153
EK202310140636,153
EK202310240942,153
EK202310197687,153
EK202310124485,153
EK202310144257,153
EK202310218871,153
EK202310210772,143
EK202310195971,153
EK202310135577,153
EK202310203323,153
EK202310128855,117
EK202310209533,153
EK202310174860,153
EK202310132988,153
EK202310210555,153
EK202310229724,153
EK202310159406,153
EK202310206212,153
EK202310105258,153
EK202310197230,153
EK202310146776,153
EK202310171620,104
EK202310241357,153
EK202310138908,117
EK202310144141,153
EK202310183530,153
EK202310241996,153
EK202310143198,143
EK202310240754,153
EK202310120793,153
EK202310152995,153
EK202310168076,153
EK202310194434,153
EK202310231667,153
EK202310117230,153
EK202310188291,153
EK202310149424,153
EK202310128832,153
EK202310196168,153
EK202310197883,153
EK202310138276,153
EK202310170757,153
EK202310191340,153
EK202310145811,153
EK202310227194,153
EK202310111485,153
EK202310157083,153
EK202310171852,153
EK202310207366,150
EK202310145654,153
EK202310108850,153
EK202310231758,153
EK202310144301,153
EK202310201304,153
EK202310178159,153
EK202310239482,153
EK202310144262,153
EK202310143929,153
EK202310235952,143
EK202310183241,153
EK202310189101,153
EK202310171584,153
EK202310131328,153
EK202310226641,153
EK202310166552,153
EK202310196910,153
EK202310166692,153
EK202310184651,153
EK202310194347,153
EK202310208716,153
EK202310187760,153
EK202310243524,153
EK202310155787,153
EK202310114204,153
EK202310160396,153
EK202310172512,153
EK202310157332,153
EK202310209704,153
EK202310154943,153
EK202310189036,153
EK202310133173,153
EK202310130199,153
EK202310182622,153
EK202310167778,153
EK202310163301,153
EK202310184220,117
EK202310172679,153
EK202310171532,153
EK202310200942,153
EK202310141847,153
EK202310122343,153
EK202310174760,153
EK202310225953,153
EK202310159867,153
EK202310174529,153
EK202310239197,153
EK202310142275,153
EK202310235069,153
EK202310173910,153
EK202310155908,153
EK202310221001,153
EK202310113086,143
EK202310200755,153
EK202310152545,153
EK202310185434,153
EK202310110043,153
EK202310116474,153
EK202310203902,153
EK202310157771,153
EK202310209652,153
EK202310115313,153
EK202310149967,153
EK202310226488,153
EK202310004820,153
EK202310240136,153
EK202310201496,153
EK202310224644,153
EK202310168634,153
EK202310120438,153
EK202310104992,153
EK202310152772,153
EK202310189045,153
EK202310180854,153
EK202310162939,153
EK202310202787,153
EK202310132425,153
EK202310106638,153
EK202310130488,153
EK202310216320,153
EK202310174034,153
EK202310167069,153
EK202310119791,153
EK202310191561,153
EK202310141924,153
EK202310155116,153
EK202310194530,153
EK202310148342,153
EK202310115218,153
EK202310208496,153
EK202310242665,153
EK202310247657,153
EK202310228469,153
EK202310233886,153
EK202310169400,153
EK202310161344,153
EK202310236712,153
EK202310118866,143
EK202310221584,153
EK202310107825,153
EK202310110196,153
EK202310159979,153
EK202310195875,153
EK202310163166,153
EK202310206462,153
EK202310109481,153
EK202310245477,153
EK202310129738,153
EK202320005730,153
EK202310104244,153
EK202310227658,153
EK202310227290,153
EK202310201250,153
EK202310170654,153
EK202310225211,153
EK202310181404,153
EK202310175856,153
EK202310167250,153
EK202310225198,153
EK202310247108,153
EK202310228244,153
EK202310206266,153
EK202310215876,153
EK202310130596,153
EK202310224249,153
EK202310154491,153
EK202310233669,153
EK202310111293,153
EK202310120077,153
EK202310190354,153
EK202310180848,153
EK202310206991,153
EK202310127954,153
EK202310125079,153
EK202310211424,153
EK202310134279,143
EK202310206851,153
EK202310164397,153
EK202310235148,153
EK202310190060,153
EK202310240587,104
EK202310234152,153
EK202310161209,153
EK202310187254,153
EK202310219785,153
EK202310160063,153
EK202310225782,153
EK202310166126,153
EK202310104397,153
EK202310195068,153
EK202310148964,153
EK202310105544,153
EK202310190157,153
EK202310177029,153
EK202310134822,153
EK202310188505,153
EK202310131430,153
EK202310197663,153
EK202310150719,153
EK202310004834,153
EK202310200921,153
EK202320005684,153
EK202310179009,143
EK202310248177,153
EK202310132766,143
EK202310237026,153
EK202310193021,153
EK202310190757,153
EK202310173200,123
EK202310219771,153
EK202310109597,153
EK202310206771,153
EK202310127671,153
EK202310167676,153
EK202310232944,153
EK202310168061,153
EK202310105714,153
EK202310147632,153
EK202310244606,153
EK202310118560,153
EK202310194271,143
EK202310142720,153
EK202310166900,153
EK202310164794,153
EK202310115042,153
EK202310174373,143
EK202310214507,153
EK202310223225,153
EK202310107151,153
EK202310189175,153
EK202310161808,153
EK202310121994,143
EK202310219449,153
EK202310136206,143
EK202310111739,153
EK202310229388,153
EK202310224978,153
EK202310149730,153
EK202310163504,104
EK202310156148,153
EK202310150249,153
EK202310224329,153
EK202310147011,153
EK202310192326,153
EK202310245006,143
EK202310224053,153
EK202310228581,153
EK202310113047,153
EK202310149808,153
EK202310175027,153
EK202310234758,153
EK202310175412,153
EK202310132176,153
EK202310205739,153
EK202310153994,143
EK202310200714,153
EK202310247869,153
EK202310186589,153
EK202310145135,153
EK202310193164,153
EK202310222960,153
EK202310116552,153
EK202310123971,153
EK202310113406,153
EK202310234777,153
EK202310109531,153
EK202310186502,153
EK202310190436,143
EK202310198804,153
EK202310188371,153
EK202310189870,153
EK202310179411,153
EK202310233363,153
EK202310104971,153
EK202310191357,153
EK202310172762,153
EK202310199936,153
EK202310153452,153
EK202310160325,143
EK202310240026,153
EK202310134117,153
EK202310214971,153
EK202310210492,153
EK202310200943,153
EK202310233114,153
EK202310209755,153
EK202310114040,143
EK202310231262,153
EK202310196982,153
EK202310168935,153
EK202310209663,153
EK202310171963,153
EK202310128429,153
EK202310243988,143
EK202310131432,153
EK202310170157,153
EK202310135062,153
EK202310180073,153
EK202310154392,153
EK202310211600,153
EK202310221370,153
EK202310135902,153
EK202310248071,153
EK202310140056,153
EK202310113087,153
EK202310140280,153
EK202310231029,153
EK202310003876,153
EK202310110872,153
EK202310110803,153
EK202310234005,153
EK202310195582,153
EK202310216699,153
EK202310161870,153
EK202310207634,153
EK202310154729,153
EK202310119219,153
EK202310216260,153
EK202310241741,153
EK202310127099,153
EK202310142543,153
EK202310159437,153
EK202310139226,153
EK202310145866,153
EK202310240067,153
EK202310242685,104
EK202310158289,153
EK202310145943,153
EK202310196762,153
EK202310141743,153
EK202310222881,153
EK202310170624,143
EK202310139072,153
EK202310168507,143
EK202310141768,153
EK202310111130,153
EK202310217027,153
EK202310224945,153
EK202310188108,153
EK202310200577,153
EK202310152955,153
EK202310184966,153
EK202310133181,143
EK202310209985,153
EK202310195572,153
EK202310199966,153
EK202310109052,153
EK202310173422,153
EK202310216493,153
EK202310234480,153
EK202310239882,153
EK202310151506,153
EK202310231481,132
EK202310173660,153
EK202310124885,153
EK202310226112,153
EK202310169770,153
EK202310112146,153
EK202310126447,153
EK202310197865,153
EK202310144993,153
EK202320007830,153
EK202310134803,153
EK202310247257,153
EK202310189213,153
EK202310163523,153
EK202310177884,153
EK202310168374,146
EK202310181460,153
EK202310164324,153
EK202320006373,153
EK202310240516,153
EK202310106433,153
EK202310104794,153
EK202310179826,153
EK202310220482,153
EK202310144501,153
EK202310236116,153
EK202310143566,153
EK202310244286,153
EK202310117364,153
EK202310182812,153
EK202310165290,153
EK202310175655,153
EK202310191765,153
EK202310175575,153
EK202310190556,153
EK202310109849,153
EK202310125361,153
EK202310117657,153
EK202310166741,153
EK202310152997,143
EK202310197388,153
EK202310131984,153
EK202310219422,153
EK202310121522,153
EK202310175245,153
EK202310195205,153
EK202310108650,153
EK202310181782,153
EK202310115038,153
EK202310158797,153
EK202310170666,153
EK202310168966,123
EK202310214825,153
EK202310120494,143
EK202310220603,153
EK202310225685,153
EK202310223164,153
EK202310162099,153
EK202310181378,153
EK202310206274,153
EK202310245110,143
EK202310149953,153
EK202310200512,153
EK202310195166,153
EK202310181696,153
EK202310246293,153
EK202310112958,153
EK202310144239,153
EK202310112531,153
EK202310215394,153
EK202310214916,153
EK202310135655,153
EK202310234936,153
EK202310216594,153
EK202310221025,153
EK202310111609,143
EK202310213129,153
EK202310117137,153
EK202310239490,153
EK202310157671,153
EK202310188165,153
EK202310134859,153
EK202310183908,153
EK202310147406,153
EK202310175129,153
EK202310164780,153
EK202310227743,153
EK202310120706,143
EK202310118366,153
EK202310106692,153
EK202310190791,153
EK202310208607,153
EK202310170692,153
EK202310225887,153
EK202310182352,153
EK202310185880,153
EK202310178297,153
EK202310195149,153
EK202310231610,153
EK202310137276,153
EK202310184484,153
EK202310121199,153
EK202310125536,153
EK202310213706,153
EK202310135204,153
EK202310247699,153
EK202310217787,153
EK202310182191,153
EK202310198529,153
EK202310220299,153
EK202310188677,153
EK202310232253,153
EK202310164691,153
EK202310103832,153
EK202310149722,153
EK202310198859,153
EK202310234749,153
EK202310104566,153
EK202310211383,153
EK202310170287,153
EK202310150824,153
EK202310171304,143
EK202310193205,153
EK202320006114,153
EK202310135524,153
EK202310192025,153
EK202310170020,153
EK202310198095,153
EK202310105801,153
EK202310177479,153
EK202310108455,153
EK202310165998,143
EK202310122714,153
EK202310164202,153
EK202310226026,143
EK202310223682,153
EK202310116148,153
EK202310210129,153
EK202310242087,153
EK202310116328,153
EK202310217261,153
EK202310106484,153
EK202310157473,153
EK202310198511,143
EK202310217751,143
EK202310168432,153
EK202310151251,153
EK202310120767,153
EK202310127801,153
EK202310118354,153
EK202310209195,153
EK202310172035,153
EK202310114626,153
EK202310144629,153
EK202310185061,153
EK202310174592,153
EK202310164708,153
EK202310149304,153
EK202310170289,153
EK202310213861,153
EK202310126098,153
EK202310133915,153
EK202310148594,104
EK202310116687,153
EK202310171866,143
EK202310147735,153
EK202310105679,153
EK202310248635,153
EK202310139369,153
EK202310105974,153
EK202310104978,153
EK202310174467,153
EK202310124199,153
EK202310135676,153
EK202310146763,153
EK202310205937,153
EK202310135445,153
EK202310109193,153
EK202310161169,153
EK202310204092,153
EK202310202680,153
EK202310172794,153
EK202310217791,153
EK202310158468,153
EK202310149937,153
EK202310166789,153
EK202310159167,153
EK202310125029,153
EK202310203531,153
EK202310181665,153
EK202310142148,153
EK202310166843,153
EK202310161022,153
EK202310118997,153
EK202310239449,153
EK202310210440,153
EK202310205614,153
EK202310179227,153
EK202310143023,153
EK202310178605,153
EK202310151926,153
EK202310205156,153
EK202310227477,153
EK202310118582,153
EK202310145669,153
EK202310181578,153
EK202310193806,153
EK202310233863,153
EK202310111982,153
EK202310228092,153
EK202310117791,153
EK202310174095,153
EK202310199167,153
EK202310147864,153
EK202310136545,153
EK202310004781,153
EK202310110648,104
EK202310187608,153
EK202310212121,153
EK202310200654,153
EK202310110670,153
EK202310148332,153
EK202310198602,153
EK202310162570,153
EK202310105840,153
EK202310216931,143
EK202310152841,153
EK202310107705,153
EK202310178316,153
EK202310147750,143
EK202310110434,143
EK202310219134,143
EK202310207502,153
EK202310137524,153
EK202310237806,153
EK202310248546,153
EK202310246510,153
EK202310215312,153
EK202310135935,143
EK202310246337,104
EK202310133292,153
EK202310208105,153
EK202310221927,153
EK202310185220,153
EK202310195012,153
EK202310220382,143
EK202310228071,143
EK202310139303,153
EK202310146446,153
EK202310113629,153
EK202310121125,153
EK202310179172,153
EK202310135030,153
EK202310154871,153
EK202310104446,153
EK202310112990,153
EK202310189753,146
EK202310239147,153
EK202310170148,153
EK202310227849,153
EK202310206204,153
EK202310160122,153
EK202310131964,153
EK202310111949,153
EK202310122396,143
EK202310187780,153
EK202310205438,153
EK202310153038,153
EK202310152163,153
EK202310192310,153
EK202310174795,153
EK202310193009,153
EK202310150434,153
EK202310118338,153
EK202310197441,153
EK202310142091,153
EK202310117239,153
EK202310179745,153
EK202310219687,153
EK202310176027,153
EK202310104893,153
EK202310227192,153
EK202310146856,153
EK202310107173,153
EK202310211813,153
EK202310188253,153
EK202310233335,143
EK202310217329,153
EK202310155219,153
EK202310157321,153
EK202310153713,153
EK202310120830,153
EK202310229321,153
EK202310130365,153
EK202310202308,153
EK202310203388,153
EK202310185835,153
EK202310188805,153
EK202310159594,153
EK202310147573,153
EK202310190109,153
EK202310180140,153
EK202310149775,153
EK202310238274,153
EK202310242923,153
EK202310107321,153
EK202310204141,153
EK202310219133,153
EK202310139067,153
EK202310140520,153
EK202310248527,153
EK202310003682,153
EK202310162432,153
EK202310179950,153
EK202310240868,153
EK202310116267,153
EK202310221765,153
EK202310173563,153
EK202310143455,153
EK202310207343,153
EK202310217689,143
EK202310146102,153
EK202310168973,153
EK202310222519,153
EK202310129680,153
EK202310178200,153
EK202310170870,153
EK202310126872,153
EK202310148891,153
EK202310173852,153
EK202310125523,153
EK202310159491,153
EK202310157366,153
EK202310178992,153
EK202310143866,153
EK202310152326,146
EK202310202864,143
EK202310218888,153
EK202310209358,153
EK202310227775,153
EK202310186270,153
EK202310203414,153
EK202310225866,153
EK202310234055,153
EK202310129825,153
EK202310209772,153
EK202310182146,153
EK202310180456,153
EK202310182353,153
EK202310199926,143
EK202310226078,153
EK202310212125,153
EK202310149668,153
EK202310234903,153
EK202310205875,143
EK202310157799,153
EK202310211749,153
EK202310224314,153
EK202310124274,153
EK202310127800,153
EK202310238415,153
EK202310229891,153
EK202310145946,153
EK202310181109,153
EK202310147129,153
EK202310178177,153
EK202310113395,153
EK202310217919,153
EK202310154751,153
EK202310130965,153
EK202310190874,143
EK202310195521,153
EK202310201613,153
EK202310214697,153
EK202310191560,153
EK202310121406,153
EK202310114089,153
EK202310159340,153
EK202310113700,153
EK202310126654,153
EK202310144476,153
EK202310131321,153
EK202310187814,153
EK202310220881,153
EK202310189638,153
EK202310178407,153
EK202310180651,153
EK202310239749,153
EK202310171046,153
EK202310164907,153
EK202310147112,153
EK202310181779,153
EK202310177716,153
EK202310211440,153
EK202310205701,153
EK202310116151,117
EK202310183859,153
EK202310135998,153
EK202310201975,153
EK202310170925,153
EK202310104593,153
EK202310110432,153
EK202310129862,123
EK202310189525,153
EK202310111229,137
EK202310188865,153
EK202310146283,143
EK202310178823,153
EK202310147049,146
EK202310221900,153
EK202310182664,153
EK202310115895,153
EK202310137882,153
EK202310142987,153
EK202310230693,153
EK202310105910,153
EK202310176888,143
EK202310179407,153
EK202310113511,153
EK202310226410,153
EK202310194828,153
EK202310209526,153
EK202310232266,153
EK202310190901,153
EK202310120320,153
EK202310109391,153
EK202310126276,153
EK202310223714,123
EK202310211517,153
EK202310110636,143
EK202310235623,153
EK202310186004,153
EK202310004261,153
EK202310193375,153
EK202310218449,153
EK202310179058,153
EK202310133795,153
EK202310164408,153
EK202310159492,153
EK202310214283,153
EK202310133551,153
EK202310190061,153
EK202320007557,153
EK202310114241,153
EK202310203894,153
EK202310186487,153
EK202310004631,153
EK202310172845,153
EK202310124858,153
EK202320006937,153
EK202310164626,153
EK202310109948,153
EK202310112053,153
EK202310184712,153
EK202310122821,153
EK202310179754,153
EK202310230071,153
EK202310169385,153
EK202310205297,153
EK202310176789,153
EK202310234641,153
EK202310216672,153
EK202310218187,153
EK202310163653,143
EK202310173938,153
EK202310144779,153
EK202310105452,153
EK202310203289,153
EK202310244916,153
EK202310212913,153
EK202310195593,153
EK202310109392,153
EK202310239794,153
EK202310156466,153
EK202310234091,153
EK202310202246,153
EK202310208070,153
EK202310199529,153
EK202310191597,143
EK202310232873,153
EK202310245305,153
EK202310196018,153
EK202310205608,153
EK202310211776,153
EK202310219819,153
EK202310152910,153
EK202310244549,153
EK202310123421,153
EK202310205600,153
EK202310219535,143
EK202310247105,153
EK202310223625,153
EK202310135177,153
EK202310167858,153
EK202310193232,153
EK202310144624,153
EK202310132627,153
EK202310213967,153
EK202310236061,153
EK202310177659,153
EK202310145236,153
EK202310118399,153
EK202310215365,153
EK202320006049,153
EK202310185900,153
EK202310133957,153
EK202310234170,153
EK202310126261,153
EK202310118103,153
EK202310118678,153
EK202310113678,153
EK202310111849,153
EK202310218593,153
EK202310145457,153
EK202310174907,153
EK202310004460,153
EK202310194109,153
EK202310108378,153
EK202310200664,153
EK202310167993,153
EK202310157089,153
EK202310210287,153
EK202310148250,153
EK202310207303,153
EK202310206507,153
EK202310243704,153
EK202310179019,153
EK202310243866,153
EK202310137648,153
EK202310173887,153
EK202310235491,153
EK202310212645,153
EK202310190281,153
EK202310220934,153
EK202310230719,153
EK202310201074,153
EK202310178051,153
EK202310181204,153
EK202310135829,153
EK202310170445,153
EK202310238141,153
EK202310135822,153
EK202310227546,153
EK202310140976,153
EK202310246668,153
EK202310105632,153
EK202310109270,153
EK202310131782,153
EK202310233567,153
EK202310161598,153
EK202310110724,153
EK202310229148,153
EK202310159146,153
EK202310195696,153
EK202310117218,143
EK202310205895,153
EK202310194401,153
EK202310126710,153
EK202310152278,153
EK202310190916,153
EK202310110549,153
EK202310177514,153
EK202310175686,153
EK202310223432,153
EK202310244466,153
EK202310134231,153
EK202310236274,153
EK202310195863,153
EK202310241144,153
EK202310202269,153
EK202310231316,153
EK202310211605,153
EK202310200954,153
EK202310224489,153
EK202310165476,153
EK202310204173,153
EK202310178369,153
EK202310170774,153
EK202310205764,146
EK202310236659,153
EK202310170743,153
EK202310136793,153
EK202310187675,153
EK202310156962,153
EK202310216942,153
EK202310168321,153
EK202310243793,153
EK202310235437,153
EK202310118510,153
EK202310139337,153
EK202310120961,153
EK202310214076,153
EK202310241228,153
EK202310212101,153
EK202310199696,153
EK202310163542,153
EK202310232836,104
EK202310189334,153
EK202310239101,153
EK202310156523,153
EK202310201002,153
EK202310003364,153
EK202310179389,153
EK202310163130,153
EK202310232481,153
EK202310186459,153
EK202310164481,143
EK202310169941,153
EK202310131128,153
EK202310228174,153
EK202310173249,153
EK202310202077,153
EK202310225477,153
EK202310247572,153
EK202310181799,153
EK202310119740,153
EK202310131395,143
EK202310224529,153
EK202310156156,153
EK202310200552,153
EK202310169146,153
EK202310143038,153
EK202310170406,153
EK202310200533,153
EK202310119387,153
EK202310202355,143
EK202310225013,153
EK202310214250,153
EK202310210556,157
EK202310201139,153
EK202310130429,153
EK202310224863,153
EK202310153482,153
EK202310241062,153
EK202310164485,153
EK202310245636,153
EK202310157534,153
EK202310229118,153
EK202310171426,153
EK202310210127,153
EK202310111733,153
EK202310141203,153
EK202310232387,153
EK202310188639,153
EK202310190835,153
EK202310201801,153
EK202310175974,153
EK202310187326,153
EK202310212155,153
EK202310151022,153
EK202310211125,153
EK202310219268,153
EK202310110245,153
EK202310238069,153
EK202310199559,153
EK202310167739,153
EK202310142979,153
EK202310191202,153
EK202310144654,153
EK202310224039,153
EK202310150921,153
EK202320006004,153
EK202310108116,153
EK202310226608,153
EK202310237947,153
EK202310245724,153
EK202310216589,153
EK202310242883,123
EK202310192702,153
EK202310168445,153
EK202310205542,153
EK202310150929,153
EK202310173039,143
EK202310139742,153
EK202310138564,153
EK202310145764,143
EK202310148134,153
EK202310180451,153
EK202310149802,153
EK202310247608,153
EK202310130999,153
EK202310141610,153
EK202310224015,153
EK202310229698,153
EK202310197753,153
EK202310152255,153
EK202310133838,153
EK202310192249,153
EK202310195834,153
EK202310186510,153
EK202310177054,153
EK202310107524,153
EK202310128174,153
EK202310187413,153
EK202310234580,153
EK202310104409,153
EK202310125276,153
EK202310113893,153
EK202310179353,153
EK202310240438,153
EK202310229420,153
EK202310116112,153
EK202310117942,153
EK202310163339,153
EK202310166509,153
EK202310185556,153
EK202310227524,153
EK202310109010,153
EK202310183425,104
EK202310191714,153
EK202310155039,153
EK202310169140,153
EK202310177573,153
EK202310170318,153
EK202310207697,153
EK202310199740,153
EK202310149864,153
EK202310150264,153
EK202310189933,153
EK202310218127,153
EK202310108083,153
EK202310154872,153
EK202310160785,153
EK202310206282,143
EK202310124253,153
EK202310196633,153
EK202310105966,153
EK202310141033,153
EK202310197213,153
EK202310206024,153
EK202310113110,153
EK202310114366,153
EK202310133810,153
EK202310135192,153
EK202310233334,153
EK202310148079,153
EK202310109276,153
EK202310124568,153
EK202310162273,153
EK202310126242,153
EK202310106288,153
EK202310190761,153
EK202310003653,153
EK202310111116,153
EK202310193002,153
EK202310107463,153
EK202310237608,153
EK202310213418,153
EK202310204153,153
EK202310104707,153
EK202310238820,143
EK202310141697,153
EK202310178269,153
EK202310229367,153
EK202310172017,153
EK202310223139,153
EK202310125096,143
EK202310143070,153
EK202310234470,153
EK202310131911,153
EK202310176053,153
EK202310158201,153
EK202310113896,153
EK202310217246,153
EK202310202878,143
EK202310179418,153
EK202310106198,153
EK202310130287,153
EK202310203618,153
EK202310144069,153
EK202310225997,153
EK202310137087,153
EK202310114093,153
EK202310125025,153
EK202310169960,153
EK202310211027,153
EK202310156374,153
EK202310184239,153
EK202310193887,153
EK202310169120,153
EK202310214116,153
EK202310004097,153
EK202310156682,153
EK202310154604,153
EK202310218245,153
EK202310224853,153
EK202310164480,153
EK202310130017,153
EK202310142314,153
EK202310104271,153
EK202310245758,153
EK202310229784,153
EK202310110502,153
EK202310121032,153
EK202310233632,153
EK202310126266,153
EK202310109825,104
EK202320007054,153
EK202310166953,153
EK202310227160,153
EK202310215524,153
EK202310221415,153
EK202310224669,153
EK202310182834,153
EK202310155348,153
EK202310186571,153
EK202310130542,153
EK202310108675,153
EK202310147107,153
EK202310175270,153
EK202310223760,153
EK202310124746,153
EK202310170040,153
EK202310004065,153
EK202310221363,143
EK202310209500,153
EK202310178304,153
EK202310133005,153
EK202310120850,153
EK202310213264,143
EK202310149096,153
EK202310177683,153
EK202310242597,153
EK202310177919,153
EK202310134733,153
EK202310181823,143
EK202310136672,153
EK202310151585,153
EK202310117995,153
EK202320007252,153
EK202310231786,143
EK202310241673,153
EK202310161732,153
EK202310161656,153
EK202310212063,153
EK202310217895,153
EK202310138774,150
EK202310126590,153
EK202310123141,153
EK202310224982,153
EK202310206262,153
EK202310139370,153
EK202310224820,153
EK202310130273,153
EK202310133523,153
EK202310239621,153
EK202310190678,153
EK202310125061,153
EK202310234940,143
EK202310178076,153
EK202310153610,153
EK202310179234,153
EK202310159634,153
EK202310186548,153
EK202310135839,153
EK202310136969,153
EK202310145737,153
EK202310164062,153
EK202310237524,153
EK202310225600,153
EK202310130766,153
EK202310198060,153
EK202310202900,153
EK202310180295,153
EK202310161819,153
EK202310182490,153
EK202310151915,153
EK202310114135,153
EK202310155620,153
EK202310156539,153
EK202310164137,153
EK202310172602,153
EK202310161051,153
EK202310225217,153
EK202310220749,153
EK202310135024,153
EK202310236167,153
EK202310106428,143
EK202310191224,153
EK202310126171,153
EK202310152423,153
EK202310168273,153
EK202310129168,153
EK202310176927,153
EK202310172428,153
EK202310181185,153
EK202310004161,153
EK202310221234,153
EK202310161711,153
EK202310240221,153
EK202310222828,117
EK202310210279,143
EK202310170097,153
EK202310188723,153
EK202310166478,153
EK202310221027,153
EK202310114979,135
EK202310242042,153
EK202310140021,153
EK202310130000,153
EK202310186640,153
EK202310004760,153
EK202310122844,153
EK202310153842,153
EK202310177802,153
EK202310004581,143
EK202310246710,153
EK202310113952,153
EK202310151035,143
EK202310216428,153
EK202310144070,153
EK202310169605,153
EK202310159620,153
EK202310105550,153
EK202310240970,153
EK202310182151,153
EK202310231587,153
EK202310118075,153
EK202310133019,153
EK202310206992,153
EK202310220008,153
EK202310234156,143
EK202310162641,153
EK202310142907,153
EK202310154115,153
EK202310130815,153
EK202310150846,117
EK202320007669,153
EK202310227486,153
EK202320007572,153
EK202310137639,153
EK202310103836,153
EK202310202037,153
EK202310223420,153
EK202310185672,153
EK202310229956,153
EK202310183246,153
EK202310138498,153
EK202310191631,153
EK202310197089,153
EK202310133822,123
EK202310245494,153
EK202310207684,153
EK202310170631,153
EK202310230054,153
EK202310229119,153
EK202310162261,153
EK202310134206,153
EK202310126114,153
EK202310202130,153
EK202310201610,153
EK202310140475,143
EK202310134356,153
EK202320007186,153
EK202310120790,153
EK202310245157,153
EK202310208016,153
EK202310174476,153
EK202310188403,153
EK202310142082,153
EK202310126792,153
EK202310182973,153
EK202310236318,153
EK202310191185,153
EK202310135600,153
EK202310212912,153
EK202310109044,153
EK202310220665,153
EK202310209857,153
EK202310136210,153
EK202310241948,153
EK202310147383,153
EK202310119158,153
EK202310225656,153
EK202310115771,153
EK202310115861,153
EK202310156104,153
EK202310168339,153
EK202310186770,153
EK202310227679,153
EK202310198604,153
EK202310126896,153
EK202310119992,143
EK202310194849,153
EK202310224912,153
EK202310163124,153
EK202310181144,153
EK202310147897,153
EK202310177921,153
EK202310199607,153
EK202310172680,153
EK202310129543,153
EK202310161704,153
EK202310193784,153
EK202310243291,153
EK202310208991,153
EK202310140086,153
EK202310136481,153
EK202310178220,153
EK202310210109,153
EK202310128687,153
EK202310213632,153
EK202310215453,153
EK202310235764,153
EK202310216758,153
EK202310163056,153
EK202310125899,153
EK202310180181,153
EK202310224630,153
EK202310118929,153
EK202310178808,153
EK202310234570,143
EK202310127428,153
EK202310213472,153
EK202310192759,153
EK202310210638,153
EK202310104955,153
EK202310124793,153
EK202310154265,153
EK202310136853,153
EK202310160020,153
EK202310129715,153
EK202310208844,153
EK202310165769,153
EK202310119276,153
EK202310155853,153
EK202310148019,153
EK202310158588,153
EK202320005915,153
EK202310139760,153
EK202310235740,153
EK202310163003,153
EK202310166151,153
EK202310205151,153
EK202310163809,153
EK202310195046,153
EK202310190606,153
EK202310201185,153
EK202310244204,153
EK202310221873,153
EK202310213079,153
EK202310167878,153
EK202310108748,153
EK202310231105,143
EK202310162450,153
EK202310106681,153
EK202310175585,153
EK202310216131,153
EK202310247112,153
EK202310133778,153
EK202310226737,153
EK202310149352,153
EK202310125918,143
EK202310163682,153
EK202310189571,153
EK202310128706,153
EK202310227554,153
EK202310149106,153
EK202310200290,153
EK202310192844,153
EK202310229985,153
EK202310196907,153
EK202310148131,153
EK202310223289,153
EK202310169529,153
EK202310169806,153
EK202310212585,153
EK202310196857,153
EK202310190419,143
EK202310219008,153
EK202310142486,143
EK202310192709,153
EK202310182822,143
EK202310136899,153
EK202310115463,153
EK202310146582,153
EK202310132422,153
EK202310112592,153
EK202310226203,153
EK202310121586,153
EK202310181107,153
EK202310213474,153
EK202310138830,153
EK202310168849,143
EK202310229317,153
EK202310204390,153
EK202310192992,153
EK202310152280,153
EK202310155151,153
EK202310174087,153
EK202310212165,153
EK202310152752,153
EK202310168592,153
EK202310191895,153
EK202310200059,153
EK202310243745,143
EK202310158852,153
EK202310157579,153
EK202310225059,153
EK202310183337,153
EK202310198264,153
EK202310114412,153
EK202310227155,153
EK202310234975,153
EK202310197349,153
EK202310208018,153
EK202310200505,153
EK202310115897,153
EK202310202707,153
EK202310207442,153
EK202310185479,153
EK202310237037,153
EK202310136200,153
EK202310154113,153
EK202310114492,153
EK202310176297,153
EK202310107640,153
EK202310209670,143
EK202310105256,153
EK202310108117,153
EK202310214550,153
EK202310175559,153
EK202310148239,153
EK202310181548,153
EK202310216342,153
EK202310160035,153
EK202310168843,153
EK202310131732,153
EK202310209477,153
EK202310237971,153
EK202310129891,153
EK202310171726,153
EK202310229665,143
EK202310204967,153
EK202310174899,153
EK202310116238,153
EK202310114560,153
EK202310238506,153
EK202310234905,153
EK202310229020,153
EK202320006240,153
EK202310142292,153
EK202310150080,153
EK202310159478,153
EK202310158699,153
EK202310245027,153
EK202310152722,143
EK202310233081,153
EK202310246556,153
EK202310105650,153
EK202310190838,153
EK202310218394,153
EK202310118154,153
EK202310131520,153
EK202310139487,153
EK202310146562,153
EK202310205269,153
EK202310139486,153
EK202310106738,153
EK202310196849,143
EK202310181949,153
EK202310201469,153
EK202310163916,153
EK202310221312,153
EK202310138582,153
EK202310135507,153
EK202310179372,153
EK202310004219,153
EK202310158089,153
EK202310150765,153
EK202310191391,153
EK202310112611,153
EK202310107389,153
EK202310233851,153
EK202310151219,153
EK202310232601,153
EK202310202073,153
EK202310225289,153
EK202310166576,153
EK202310224067,143
EK202310136837,153
EK202310177674,153
EK202310246493,153
EK202310183092,153
EK202310109401,153
EK202310145629,153
EK202310130973,143
EK202310208348,153
EK202310184342,153
EK202320007150,153
EK202310237789,153
EK202310114883,153
EK202310205366,153
EK202310124191,150
EK202310155262,143
EK202310220998,153
EK202310220544,153
EK202310143757,153
EK202310106423,153
EK202310221380,143
EK202310126488,153
EK202310161364,153
EK202310239501,153
EK202310164868,153
EK202310203126,153
EK202310137546,123
EK202310121376,143
EK202310105109,153
EK202310205221,153
EK202310188382,153
EK202310241423,153
EK202310167391,153
EK202310228119,153
EK202310207564,153
EK202310141877,153
EK202310244134,143
EK202310148484,153
EK202310213947,153
EK202310189815,153
EK202310196971,153
EK202310170035,153
EK202310118616,153
EK202310202991,153
EK202310193605,153
EK202310142332,153
EK202310107201,153
EK202310196602,153
EK202310112787,153
EK202310237416,143
EK202310234910,153
EK202310190727,153
EK202310114532,153
EK202310202380,143
EK202310196667,153
EK202310118771,153
EK202310112695,153
EK202310196403,153
EK202310214197,153
EK202310204797,143
EK202310107958,153
EK202310130013,153
EK202310135758,153
EK202310193054,150
EK202310148141,153
EK202310166034,153
EK202310158033,153
EK202310150288,153
EK202310113821,153
EK202310179440,153
EK202310217819,153
EK202310162109,153
EK202310200554,153
EK202310115242,153
EK202310154839,153
EK202310208688,142
EK202310191490,150
EK202310137318,153
EK202310142738,153
EK202310180609,153
EK202310158752,153
EK202310181525,153
EK202310236876,153
EK202310151933,153
EK202310203259,153
EK202310158609,153
EK202310142468,153
EK202310178475,153
EK202310113000,153
EK202310112010,153
EK202310141067,153
EK202310228986,153
EK202310123898,153
EK202310247624,153
EK202310110313,153
EK202310148786,143
EK202310200971,153
EK202310202596,153
EK202310196164,153
EK202310106209,153
EK202310177374,153
EK202310179062,153
EK202310222889,153
EK202310144590,153
EK202310136010,153
EK202310157710,153
EK202310168920,153
EK202310194908,153
EK202310245967,153
EK202310210453,153
EK202310223279,143
EK202310146923,143
EK202310231717,153
EK202310133833,153
EK202310108447,143
EK202310156614,153
EK202310124987,153
EK202310215881,153
EK202310161152,153
EK202310224348,153
EK202310242122,153
EK202310173831,153
EK202310122353,153
EK202310238723,153
EK202310232778,153
EK202310198262,153
EK202310206795,153
EK202310105061,153
EK202310147550,153
EK202310169793,153
EK202310174721,153
EK202310197557,153
EK202320007058,153
EK202310201254,143
EK202310243393,153
EK202310225384,153
EK202310004551,153
EK202310187388,153
EK202310221213,153
EK202310206186,123
EK202310118966,153
EK202310126228,153
EK202310143806,153
EK202310134776,153
EK202310222461,153
EK202310125996,153
EK202310219494,143
EK202310110685,153
EK202310222225,153
EK202310191983,153
EK202310144685,153
EK202310179138,153
EK202310179457,153
EK202310217372,153
EK202310158103,153
EK202310167022,153
EK202310148101,153
EK202310174010,153
EK202310247906,153
EK202310146964,153
EK202310195616,153
EK202310187966,153
EK202310172204,153
EK202310201348,117
EK202310125866,153
EK202310107865,153
EK202310116596,153
EK202310247975,153
EK202310118528,153
EK202310148683,153
EK202310158367,153
EK202310126019,153
EK202310163868,153
EK202310125121,153
EK202310152576,153
EK202310170352,143
EK202310233529,153
EK202310186906,153
EK202310144083,153
EK202310184975,153
EK202310178056,153
EK202310188978,153
EK202310217567,150
EK202310184281,153
EK202310140673,153
EK202310228899,143
EK202310196162,153
EK202310135089,153
EK202310115752,153
EK202310214385,153
EK202310232516,153
EK202310220873,135
EK202310172989,153
EK202310240149,153
EK202310212616,153
EK202310187474,153
EK202310156838,153
EK202310183007,153
EK202310227341,153
EK202310110343,153
EK202310198412,153
EK202310150894,153
EK202310181422,153
EK202310198432,153
EK202310187779,153
EK202310159706,153
EK202310127815,153
EK202310242438,153
EK202310145323,153
EK202310130401,153
EK202310116797,153
EK202310123002,153
EK202310152154,153
EK202310117372,153
EK202310116670,153
EK202310237203,143
EK202310162551,153
EK202310113370,153
EK202310228900,153
EK202310175209,153
EK202310236343,153
EK202310236383,153
EK202310131357,153
EK202310159166,153
EK202310170247,153
EK202310222379,153
EK202310154909,153
EK202310146442,153
EK202310003774,153
EK202310112911,153
EK202310227351,153
EK202310209062,153
EK202310238802,153
EK202310210919,153
EK202310232835,153
EK202310117128,153
EK202310219225,153
EK202310174933,153
EK202310204676,153
EK202310107148,153
EK202310181371,153
EK202310146220,153
EK202310224369,153
EK202310114927,146
EK202310177552,153
EK202310221588,153
EK202310107465,153
EK202310135932,153
EK202310110876,143
EK202310237021,153
EK202310109014,153
EK202310140401,153
EK202310137294,153
EK202310163064,153
EK202310147482,153
EK202310127284,153
EK202310201694,153
EK202310198350,153
EK202310208750,146
EK202310004741,153
EK202310164975,153
EK202310219480,153
EK202310213044,143
EK202310225710,153
EK202310174791,153
EK202310110800,143
EK202310208627,153
EK202310191043,153
EK202310154022,153
EK202310224070,153
EK202310119217,143
EK202310166221,153
EK202310135615,153
EK202310184260,153
EK202310123132,153
EK202310234461,153
EK202310167872,143
EK202310174913,153
EK202310199190,143
EK202310207044,153
EK202310121394,153
EK202310191133,153
EK202310222955,153
EK202310193537,153
EK202310131922,153
EK202310241321,153
EK202310223125,153
EK202310177034,153
EK202310189208,153
EK202320006578,153
EK202310204325,137
EK202310104387,153
EK202310188941,153
EK202310163981,153
EK202310222266,143
EK202310108713,153
EK202310201346,153
EK202310218638,153
EK202310161345,153
EK202310241526,153
EK202310199356,153
EK202310134515,150
EK202310004519,153
EK202310135276,153
EK202310219279,153
EK202310136740,143
EK202310200952,153
EK202310110068,153
EK202310157132,153
EK202310149621,153
EK202310138788,153
EK202310224324,153
EK202310239811,153
EK202310201046,153
EK202310165503,153
EK202310238259,153
EK202310165302,153
EK202310191144,143
EK202310185640,153
EK202310120926,153
EK202310197879,153
EK202310196320,153
EK202310220563,143
EK202310221699,153
EK202310229519,153
EK202310108573,153
EK202310184582,153
EK202310211294,153
EK202310195625,153
EK202310139587,153
EK202310118764,143
EK202310110542,153
EK202310173704,153
EK202310136262,153
EK202310237271,153
EK202310205898,153
EK202310245831,153
EK202310193909,143
EK202310204263,153
EK202310105876,143
EK202310192947,153
EK202310183403,153
EK202310133788,153
EK202310222018,153
EK202310129042,153
EK202310227808,153
EK202310218437,153
EK202310237736,143
EK202310141333,153
EK202310156395,153
EK202310004469,153
EK202310114436,153
EK202310118411,153
EK202310163568,153
EK202310183481,153
EK202310124719,153
EK202320006725,153
EK202310166370,153
EK202310133824,153
EK202310210325,153
EK202310144287,153
EK202310130686,153
EK202310177102,143
EK202310168931,153
EK202310235183,153
EK202310228458,153
EK202310207703,153
EK202310203188,153
EK202310111430,143
EK202310244894,153
EK202310113983,153
EK202310202824,153
EK202310138446,153
EK202310176444,153
EK202310126844,153
EK202310226840,153
EK202310109459,153
EK202310118743,153
EK202310129553,153
EK202310199845,153
EK202310228563,153
EK202310218219,153
EK202310197921,153
EK202310233068,153
EK202310159242,153
EK202310198622,153
EK202310203352,153
EK202310164418,153
EK202310119871,153
EK202310207409,153
EK202310109177,153
EK202310165988,153
EK202310199785,153
EK202310196659,153
EK202310169272,153
EK202310197425,153
EK202310175738,153
EK202310135941,153
EK202310139904,153
EK202310194855,146
EK202310221332,153
EK202310126755,153
EK202310220018,153
EK202310134041,153
EK202310210951,153
EK202310122540,153
EK202310205978,153
EK202310159579,153
EK202310118408,153
EK202310115221,153
EK202310120155,153
EK202310163240,153
EK202310147464,153
EK202310248306,153
EK202310152592,153
EK202310192478,143
EK202310126785,153
EK202310110706,153
EK202310182765,153
EK202310248138,153
EK202310186154,153
EK202310181675,153
EK202310217987,143
EK202310179130,153
EK202310135992,153
EK202310221623,146
EK202310113128,153
EK202310210010,153
EK202310163945,153
EK202310239487,153
EK202310238588,153
EK202310146898,153
EK202310147158,153
EK202310187097,153
EK202310195731,153
EK202310105999,153
EK202310200746,153
EK202310129579,153
EK202310197982,153
EK202310183465,143
EK202310105248,117
EK202310142138,143
EK202310171408,153
EK202310131832,153
EK202310211971,153
EK202310240690,153
EK202310003608,123
EK202310145836,153
EK202310171399,153
EK202310137705,153
EK202310136000,153
EK202310133882,153
EK202310141636,153
EK202310147290,153
EK202310241487,153
EK202310137723,153
EK202310140855,153
EK202310177098,153
EK202320006676,153
EK202310112514,153
EK202310141677,153
EK202310175682,153
EK202310236633,153
EK202310196176,153
EK202310156999,143
EK202310213305,153
EK202310200333,153
EK202310196550,153
EK202310226257,153
EK202310210514,153
EK202310185954,153
EK202310239737,153
EK202310231636,143
EK202310167744,153
EK202310227786,153
EK202310234832,153
EK202310126608,153
EK202310231942,153
EK202310107679,153
EK202310154939,153
EK202310191434,153
EK202310143462,153
EK202310228890,153
EK202310181791,153
EK202310147122,153
EK202310114485,153
EK202310104634,153
EK202310183103,153
EK202310003449,153
EK202310220154,104
EK202310215919,153
EK202310183173,153
EK202310136581,153
EK202310135891,153
EK202310234960,101
EK202310213672,153
EK202310160012,153
EK202310112248,153
EK202310136825,153
EK202310243733,153
EK202310235540,153
EK202310241172,153
EK202310189939,153
EK202310115473,120
EK202310188980,153
EK202310248520,153
EK202320006015,153
EK202310156531,153
EK202310146465,143
EK202310104718,153
EK202310208272,153
EK202310170862,153
EK202310235381,153
EK202310171376,153
EK202310167650,153
EK202310160990,153
EK202310195882,153
EK202310190552,153
EK202310120695,153
EK202310177689,143
EK202310116634,153
EK202310110519,153
EK202310125017,153
EK202310182959,153
EK202310181811,153
EK202310214725,153
EK202310212263,153
EK202310122692,153
EK202310215131,153
EK202310202575,153
EK202310167856,153
EK202310196698,153
EK202310226483,153
EK202310162014,153
EK202310125942,153
EK202310106367,153
EK202310229140,153
EK202310207884,153
EK202310152869,153
EK202310178619,153
EK202310211976,153
EK202310229203,153
EK202310192119,153
EK202310202715,153
EK202320007183,153
EK202310218337,143
EK202310146967,153
EK202310184808,153
EK202310190764,153
EK202310156823,153
EK202310199791,153
EK202310128548,153
EK202310156699,153
EK202310191011,153
EK202310192556,153
EK202310201947,153
EK202310180835,153
EK202310218514,153
EK202310235403,153
EK202310222338,153
EK202310129625,153
EK202320005601,153
EK202310167199,153
EK202310216271,153
EK202310186219,153
EK202310200112,153
EK202310240709,143
EK202310140388,153
EK202310167460,153
EK202310207710,153
EK202310136954,153
EK202310238009,153
EK202310241135,153
EK202310118669,153
EK202310177676,153
EK202310110622,153
EK202310106125,153
EK202310137730,153
EK202310169952,153
EK202310201586,153
EK202310199082,153
EK202310110230,153
EK202310169093,153
EK202310151384,153
EK202310118353,153
EK202310217860,153
EK202310155832,153
EK202310192043,153
EK202310227031,153
EK202310181504,153
EK202310123944,153
EK202310155457,153
EK202310121127,153
EK202310004367,153
EK202310113745,143
EK202310121643,153
EK202310126640,153
EK202310203242,153
EK202310144892,153
EK202310108440,153
EK202310169807,153
EK202310247122,153
EK202310129519,153
EK202310235954,153
EK202310122880,153
EK202310231944,153
EK202310244881,153
EK202310124312,143
EK202310193201,153
EK202310229571,153
EK202310157769,143
EK202310109164,153
EK202310188000,153
EK202310109289,153
EK202310157844,153
EK202310237961,153
EK202310138503,153
EK202310155205,153
EK202310199658,153
EK202310168116,153
EK202310236349,153
EK202310003984,153
EK202310227800,153
EK202310238162,153
EK202310207863,153
EK202310104629,153
EK202310199877,153
EK202310242313,153
EK202310180497,153
EK202310205863,153
EK202310198959,153
EK202310150579,153
EK202310142769,153
EK202310198383,153
EK202310114099,153
EK202310189094,153
EK202310128005,153
EK202310210639,153
EK202310247606,153
EK202310161724,153
EK202310141881,153
EK202310131694,153
EK202310204730,153
EK202310171972,153
EK202310208602,153
EK202310154432,153
EK202310122263,153
EK202310192830,153
EK202310211505,153
EK202310247017,153
EK202310106742,153
EK202310160358,153
EK202310241263,153
EK202310109888,153
EK202310119208,153
EK202310138383,153
EK202310195693,153
EK202310150042,153
EK202310233867,153
EK202310151155,153
EK202310152450,153
EK202310216227,153
EK202310119674,153
EK202310151394,153
EK202310198198,153
EK202310231585,153
EK202310220310,153
EK202310133553,153
EK202310119758,153
EK202310154895,153
EK202310166029,153
EK202310209935,153
EK202310106150,153
EK202310220446,153
EK202310138946,153
EK202310136698,153
EK202310237887,153
EK202310133476,153
EK202310219601,153
EK202310171218,153
EK202310235182,143
EK202310132648,153
EK202310244452,153
EK202310138113,153
EK202310187317,153
EK202310179142,153
EK202310165891,153
EK202310177495,153
EK202310150032,153
EK202310133680,153
EK202310133975,153
EK202310203779,153
EK202320007546,153
EK202310191528,153
EK202310129147,153
EK202310181778,153
EK202310230476,153
EK202310110448,143
EK202310107980,153
EK202310150018,153
EK202310222076,153
EK202310178437,153
EK202310206209,153
EK202310211038,153
EK202310130172,153
EK202310166466,153
EK202310183473,143
EK202310196150,153
EK202310157693,153
EK202310104605,153
EK202310235306,153
EK202310107563,153
EK202310163320,123
EK202310136756,153
EK202310211564,153
EK202310232534,153
EK202310132550,143
EK202310160312,153
EK202310234805,153
EK202310185938,153
EK202310144699,153
EK202310191954,153
EK202310146126,153
EK202320006284,153
EK202310185460,153
EK202310191567,153
EK202310222307,153
EK202310105032,153
EK202310230256,153
EK202310220456,153
EK202310125059,153
EK202320006649,153
EK202310170919,153
EK202310244926,153
EK202310123389,153
EK202310122848,153
EK202310211774,153
EK202310197231,143
EK202310138568,153
EK202310198554,143
EK202310121478,153
EK202310236719,153
EK202310168801,153
EK202310224443,143
EK202310206512,153
EK202310220836,153
EK202310247269,153
EK202310131994,153
EK202310134008,153
EK202310157322,153
EK202310143414,153
EK202310173429,153
EK202310217512,143
EK202310166684,153
EK202310203358,153
EK202310135525,153
EK202310190632,153
EK202310109605,153
EK202310209788,153
EK202310184706,153
EK202320006994,153
EK202310184357,143
EK202320007190,153
EK202310105990,153
EK202310168348,146
EK202310138422,153
EK202310136152,153
EK202310126424,153
EK202310147111,153
EK202310231544,153
EK202310149122,153
EK202310212352,153
EK202310178385,153
EK202310224803,153
EK202310004063,153
EK202310206156,153
EK202310157699,153
EK202310154414,153
EK202310149221,153
EK202310171384,153
EK202310153408,153
EK202310109654,153
EK202310158683,153
EK202310206976,153
EK202310186788,146
EK202310187515,153
EK202310153792,153
EK202310144321,153
EK202310222822,143
EK202310152281,153
EK202310003851,153
EK202310205656,153
EK202310239556,153
EK202310145427,153
EK202310107329,153
EK202310135305,153
EK202310225618,153
EK202310212945,153
EK202310244567,153
EK202310188392,153
EK202310188450,153
EK202310119188,143
EK202310156387,153
EK202310154237,153
EK202310232890,153
EK202310219207,143
EK202310247057,143
EK202310229305,153
EK202310128710,153
EK202310179533,153
EK202310115467,153
EK202310237723,153
EK202310197376,153
EK202310135350,153
EK202310135038,153
EK202310190843,153
EK202310148220,153
EK202310193335,153
EK202310201565,153
EK202310108505,153
EK202310236715,153
EK202310149792,153
EK202310193733,153
EK202310248391,153
EK202310134202,153
EK202310174938,153
EK202310104253,153
EK202310178227,153
EK202310200622,153
EK202310162938,153
EK202310136715,153
EK202310219551,153
EK202310213720,153
EK202310197334,153
EK202310162409,153
EK202310176758,143
EK202310106155,153
EK202310178600,153
EK202310181111,104
EK202310237737,143
EK202310135634,153
EK202310222019,153
EK202310211690,153
EK202310223930,153
EK202310159564,153
EK202310123361,153
EK202310154711,153
EK202310196284,153
EK202310142525,143
EK202310185635,153
EK202310163743,153
EK202310176119,153
EK202310243732,153
EK202310153106,153
EK202310105266,153
EK202310192211,150
EK202310109959,169
EK202310124347,153
EK202310215657,153
EK202310181609,153
EK202310166089,153
EK202310180562,153
EK202310220766,153
EK202310208527,153
EK202310197946,153
EK202310165805,153
EK202310184781,153
EK202310212044,153
EK202310182865,150
EK202310187564,153
EK202310187093,153
EK202310243295,143
EK202310156858,153
EK202310123996,153
EK202310120097,153
EK202310135094,153
EK202310189874,153
EK202310210390,153
EK202310108372,153
EK202310217559,153
EK202310136995,153
EK202310119918,153
EK202310108102,153
EK202310205335,143
EK202310192571,153
EK202310122214,153
EK202310111079,153
EK202310143134,153
EK202310244019,143
EK202310238237,153
EK202310136960,153
EK202310140905,153
EK202310207571,153
EK202310185887,153
EK202310179874,153
EK202310228155,153
EK202320006551,153
EK202310198810,153
EK202310197956,153
EK202310109446,153
EK202310145921,153
EK202310127078,153
EK202310106661,153
EK202310107868,153
EK202310137756,143
EK202310112214,123
EK202310223082,153
EK202310180270,153
EK202310164239,153
EK202310126360,153
EK202320007775,153
EK202310212210,153
EK202310154670,153
EK202310225780,153
EK202310159250,143
EK202310189634,153
EK202310140814,153
EK202310127508,153
EK202310218677,153
EK202310128068,153
EK202310113414,153
EK202310127227,153
EK202310119514,153
EK202310228944,153
EK202310109272,153
EK202310181673,153
EK202310213638,153
EK202310244798,153
EK202310204831,153
EK202310208541,153
EK202310226684,153
EK202310106021,153
EK202310186790,153
EK202310134623,143
EK202310004353,153
EK202310120823,153
EK202310193351,153
EK202310129759,153
EK202310211069,153
EK202310145710,153
EK202310129442,153
EK202310157511,143
EK202310210155,153
EK202310240481,153
EK202310182044,153
EK202310180996,153
EK202310130678,153
EK202310003775,143
EK202310155552,135
EK202310111202,153
EK202310108361,153
EK202310224126,143
EK202310115508,143
EK202310225464,153
EK202310198925,153
EK202310143314,153
EK202310231386,153
EK202310120970,104
EK202310179304,153
EK202310222188,143
EK202310173726,153
EK202310151318,153
EK202310139619,153
EK202310175938,153
EK202310178847,153
EK202310191627,153
EK202310180100,153
EK202310237846,123
EK202310136435,143
EK202310104391,131
EK202310182074,153
EK202310197546,153
EK202310237183,153
EK202310113688,153
EK202310168496,153
EK202310140650,153
EK202310202579,153
EK202310173337,153
EK202310148159,153
EK202310177447,153
EK202310172439,153
EK202310193776,153
EK202310126160,143
EK202310129091,153
EK202310180011,153
EK202310219524,153
EK202310188997,153
EK202310183044,153
EK202310192813,153
EK202310148696,153
EK202310197244,153
EK202310243949,104
EK202310223004,153
EK202310159964,153
EK202310226266,153
EK202310227381,153
EK202310143706,153
EK202310156505,153
EK202310146977,153
EK202310207164,153
EK202310115033,153
EK202310197774,153
EK202310183602,153
EK202310163574,153
EK202310139474,153
EK202310139787,143
EK202310151771,153
EK202310141474,153
EK202310201682,153
EK202310235051,153
EK202310197036,153
EK202310208162,153
EK202310192736,153
EK202310239207,132
EK202310213359,153
EK202310165987,153
EK202310144351,153
EK202310192377,153
EK202310178661,153
EK202310133799,153
EK202310167137,153
EK202310196182,153
EK202310239217,152
EK202310163146,153
EK202310139455,153
EK202310164544,153
EK202310105037,153
EK202310168936,153
EK202310182321,153
EK202310223204,153
EK202310124648,153
EK202310133402,143
EK202310189249,153
EK202310211896,143
EK202310153695,153
EK202310197047,153
EK202310115358,153
EK202310178231,153
EK202310140750,153
EK202310196690,153
EK202310180158,153
EK202310118819,153
EK202310129172,117
EK202310160427,153
EK202310217514,153
EK202310228544,153
EK202310129411,153
EK202310120076,104
EK202310147682,153
EK202310119579,153
EK202310231294,153
EK202310205896,153
EK202310168792,153
EK202310194600,153
EK202310231773,153
EK202310197094,153
EK202310159125,153
EK202310145220,153
EK202310109432,153
EK202310154128,153
EK202310226955,143
EK202310232457,104
EK202310196244,153
EK202310246079,153
EK202310168088,153
EK202310128614,153
EK202310156766,153
EK202310208139,153
EK202310167951,153
EK202310140914,153
EK202310123858,153
EK202310246678,153
EK202310231310,153
EK202310145596,153
EK202310227515,153
EK202310124946,153
EK202310146823,143
EK202310135586,153
EK202310201307,153
EK202310182403,153
EK202310215443,153
EK202310126298,153
EK202310189734,153
EK202310150496,153
EK202310201647,153
EK202310236856,153
EK202310141840,153
EK202310129012,153
EK202310191859,153
EK202310128135,143
EK202310140784,153
EK202310106371,153
EK202310189118,153
EK202310185786,153
EK202310177437,153
EK202310183495,153
EK202310183166,153
EK202310121858,153
EK202310128877,153
EK202310155995,153
EK202310158905,153
EK202310197700,153
EK202310135362,153
EK202310238208,153
EK202310225984,153
EK202310196965,153
EK202310244512,153
EK202310113816,153
EK202310141423,153
EK202310226411,143
EK202310217081,153
EK202310161000,153
EK202310141027,153
EK202310231746,153
EK202310209069,146
EK202310142345,153
EK202310117104,153
EK202310108603,153
EK202310196141,153
EK202310192522,153
EK202310144266,153
EK202310203451,153
EK202310161877,153
EK202310155543,153
EK202310123638,153
EK202310145309,153
EK202310138293,153
EK202310227474,153
EK202310227560,153
EK202310152889,153
EK202310107200,153
EK202310205243,150
EK202310203128,153
EK202310176303,153
EK202310236159,153
EK202310146226,123
EK202310114477,153
EK202310193701,153
EK202310132862,153
EK202310146635,153
EK202310118476,153
EK202310207776,153
EK202310165877,153
EK202320006410,153
EK202310111513,153
EK202310143909,153
EK202310132541,153
EK202310209469,153
EK202310103777,143
EK202310138311,143
EK202310155715,153
EK202310161111,153
EK202310231380,153
EK202310129520,153
EK202310234907,153
EK202310107216,143
EK202310106843,153
EK202310204308,153
EK202310214592,153
EK202310116839,153
EK202310180647,143
EK202310142824,153
EK202310196639,153
EK202310231947,153
EK202310135996,153
EK202310225970,153
EK202310232921,153
EK202310229671,153
EK202310143117,153
EK202310235001,153
EK202310223296,153
EK202310166180,153
EK202310144778,153
EK202310140206,153
EK202310146221,143
EK202310191931,143
EK202310139195,153
EK202310110326,153
EK202310198683,153
EK202310108642,153
EK202310147919,153
EK202310120403,153
EK202310148663,153
EK202310194369,153
EK202310188744,153
EK202310197143,153
EK202310188007,153
EK202310230690,153
EK202310109322,153
EK202310122503,153
EK202310208466,153
EK202310169759,153
EK202310004770,153
EK202310197055,153
EK202310190099,153
EK202310238226,153
EK202310166147,153
EK202320006000,153
EK202310214036,153
EK202310004510,153
EK202310144131,153
EK202310182006,153
EK202310115418,143
EK202310203399,153
EK202310219700,153
EK202310141585,153
EK202310236911,153
EK202310153553,153
EK202310152777,153
EK202310216006,153
EK202310159334,153
EK202310200189,153
EK202310176376,153
EK202310177091,153
EK202310135092,153
EK202310152730,153
EK202310194718,153
EK202310174761,153
EK202310187516,153
EK202310225948,153
EK202310159500,153
EK202320005628,153
EK202310150262,153
EK202310197555,153
EK202310224652,153
EK202310239239,153
EK202310222699,143
EK202310115560,153
EK202310179277,153
EK202310202696,153
EK202310154234,153
EK202310113254,153
EK202310139630,153
EK202310202764,153
EK202310121640,153
EK202310142534,153
EK202310239215,153
EK202310244715,153
EK202310185779,153
EK202310221201,153
EK202310206833,153
EK202310171904,153
EK202310178044,153
EK202310168114,153
EK202310138587,143
EK202310173356,143
EK202310197110,126
EK202310242357,153
EK202310208746,153
EK202310217847,153
EK202310199265,157
EK202310182895,153
EK202310107553,153
EK202310107608,153
EK202320005608,153
EK202310199563,153
EK202310141002,153
EK202310187238,153
EK202310187741,153
EK202310189994,153
EK202310147256,153
EK202310118527,153
EK202310229103,153
EK202310135696,132
EK202310165074,153
EK202310205649,153
EK202310174231,153
EK202310181105,153
EK202310173608,153
EK202310147350,153
EK202310145408,153
EK202310163214,153
EK202310141179,153
EK202310235877,153
EK202310168519,153
EK202310111852,104
EK202310120721,153
EK202310239396,153
EK202310125811,153
EK202310122414,153
EK202310109063,153
EK202310136944,153
EK202310112504,153
EK202310187424,153
EK202310107467,153
EK202310170488,153
EK202310221856,153
EK202310146245,153
EK202310211446,153
EK202310234464,153
EK202310216823,153
EK202310158691,143
EK202310130435,153
EK202310173064,153
EK202310159177,153
EK202310164312,153
EK202310190628,153
EK202310108846,153
EK202310180445,153
EK202310131205,153
EK202310164126,153
EK202310107936,153
EK202310243521,153
EK202310208141,153
EK202310190781,153
EK202310172000,153
EK202310190053,153
EK202310233066,153
EK202310131018,153
EK202310149945,153
EK202310205501,117
EK202310248483,153
EK202310129538,153
EK202310167469,153
EK202310106330,153
EK202310225391,153
EK202310125703,153
EK202310208418,153
EK202310147781,153
EK202310164598,153
EK202310214120,153
EK202310118444,153
EK202310145109,153
EK202310150661,153
EK202310134650,153
EK202310170695,153
EK202310171347,153
EK202310118507,153
EK202310135088,153
EK202310169570,153
EK202310198285,153
EK202310244339,153
EK202310218458,153
EK202310167361,153
EK202320006358,153
EK202310155685,153
EK202310193521,153
EK202310178456,153
EK202310120435,153
EK202310229594,153
EK202310204793,153
EK202310128806,153
EK202310145561,153
EK202310218298,143
EK202310185508,143
EK202310169152,153
EK202310119338,153
EK202310172073,153
EK202310164403,153
EK202310228535,153
EK202310233245,153
EK202310247155,153
EK202310184707,153
EK202310244628,153
EK202310184991,153
EK202310200030,153
EK202310131926,153
EK202310183294,153
EK202310156979,153
EK202310196008,153
EK202310124917,153
EK202310182478,153
EK202310206853,153
EK202310131555,153
EK202310134282,153
EK202310120141,153
EK202310246441,153
EK202310195921,153
EK202310214428,143
EK202310124519,153
EK202310153352,143
EK202310155554,153
EK202310193684,153
EK202310225319,153
EK202310148621,153
EK202310237907,153
EK202310202805,153
EK202310161990,153
EK202310200477,153
EK202310114915,143
EK202310242909,153
EK202310142330,153
EK202310221377,153
EK202310137957,153
EK202310151180,153
EK202310182686,153
EK202310244166,153
EK202310242349,153
EK202310121472,153
EK202310192151,153
EK202310112554,153
EK202310225810,143
EK202310235008,143
EK202310217946,153
EK202310197822,153
EK202310003944,153
EK202310135754,153
EK202310235898,153
EK202310171140,143
EK202310145149,153
EK202310202195,153
EK202310220091,153
EK202310232376,153
EK202310189509,153
EK202310113709,153
EK202310119993,153
EK202310223647,153
EK202310227478,153
EK202310174661,153
EK202310165728,153
EK202310182436,153
EK202310181591,153
EK202310233458,153
EK202310138708,153
EK202310107419,153
EK202310242771,153
EK202310110825,117
EK202310148516,153
EK202310169259,153
EK202310139428,153
EK202320005946,153
EK202310212395,153
EK202310211186,153
EK202310124150,153
EK202310172970,153
EK202310212383,153
EK202310152532,153
EK202310174856,153
EK202310150761,153
EK202310192707,153
EK202320006514,153
EK202310230857,143
EK202310209642,153
EK202310244831,153
EK202310004958,153
EK202310222994,153
EK202310122972,153
EK202310240517,153
EK202310154489,153
EK202310149568,153
EK202310173750,153
EK202310127136,153
EK202310162460,153
EK202310237884,153
EK202310128591,153
EK202310167782,153
EK202310173162,143
EK202310176040,153
EK202310180187,153
EK202310205385,153
EK202310189417,153
EK202310110265,153
EK202310175081,153
EK202310241247,153
EK202310210940,152
EK202310239869,153
EK202310208022,153
EK202310186683,153
EK202310244974,153
EK202310196503,153
EK202310147774,153
EK202310194263,153
EK202310188228,153
EK202310164624,153
EK202310153042,153
EK202310157883,153
EK202310110532,153
EK202310166599,153
EK202310153767,153
EK202310126138,143
EK202310121044,153
EK202310133142,153
EK202310128385,153
EK202310175042,153
EK202310189448,153
EK202310190050,153
EK202310172092,153
EK202310207334,153
EK202310182559,153
EK202310137090,153
EK202310190532,153
EK202310236425,153
EK202310203185,143
EK202310168314,153
EK202310151263,153
EK202310108095,153
EK202310232838,153
EK202310135295,153
EK202310163910,153
EK202310194553,153
EK202310174190,153
EK202310231328,153
EK202310147991,153
EK202310161571,153
EK202310240598,153
EK202310236106,153
EK202310109500,153
EK202320005589,153
EK202310143413,153
EK202310153498,153
EK202310181818,153
EK202310137951,153
EK202310158889,153
EK202310147118,146
EK202310153978,153
EK202310107126,153
EK202310145858,153
EK202310220104,153
EK202310112400,153
EK202310236894,153
EK202310217550,153
EK202310236693,153
EK202310217785,153
EK202310235143,153
EK202310182831,153
EK202310117677,153
EK202310207224,153
EK202310217694,153
EK202310144000,153
EK202310165837,153
EK202310211421,153
EK202310004270,153
EK202310189309,153
EK202310127417,153
EK202310197347,153
EK202310209401,153
EK202310180542,153
EK202310162786,153
EK202310223059,153
EK202310147692,153
EK202310244440,153
EK202310180779,153
EK202310189325,153
EK202310110924,153
EK202310157687,153
EK202310154799,153
EK202310169628,153
EK202310169107,153
EK202310105506,153
EK202310154969,153
EK202310122511,150
EK202310156453,153
EK202310246928,153
EK202310203362,153
EK202310138843,153
EK202310157857,153
EK202310236705,153
EK202310236064,153
EK202310190655,153
EK202310232773,153
EK202310209352,153
EK202310196574,153
EK202310153431,153
EK202310213738,153
EK202310159195,153
EK202310192497,153
EK202310179803,153
EK202310122219,153
EK202310121778,153
EK202310240799,153
EK202310186388,153
EK202310227442,153
EK202310236831,153
EK202310146534,153
EK202310108548,153
EK202310127039,153
EK202310239867,153
EK202310140091,153
EK202320007345,153
EK202310181587,153
EK202310183586,153
EK202310161537,153
EK202310221929,153
EK202310115533,153
EK202310245422,153
EK202310134303,153
EK202310206878,153
EK202310143077,153
EK202310187766,153
EK202310233861,153
EK202310145715,153
EK202310186238,146
EK202310168663,153
EK202310230983,153
EK202310139816,153
EK202310206473,153
EK202310153829,153
EK202310182371,153
EK202310173647,153
EK202310114150,123
EK202310242508,153
EK202310203427,153
EK202310132984,104
EK202310117793,153
EK202310138841,153
EK202310139058,153
EK202310164995,153
EK202310202198,153
EK202310160037,117
EK202310138091,153
EK202310183753,153
EK202310211184,153
EK202310187233,153
EK202310225971,153
EK202310155927,153
EK202310123628,143
EK202310183593,153
EK202310196797,143
EK202310129620,153
EK202310157287,153
EK202310181152,143
EK202310203161,153
EK202310247889,104
EK202310205874,153
EK202310175828,153
EK202310141292,153
EK202310127480,153
EK202310112716,153
EK202310200229,153
EK202310112035,143
EK202310204257,153
EK202310145471,153
EK202310210409,153
EK202310166832,153
EK202310248711,153
EK202310177732,153
EK202310160771,153
EK202310136073,153
EK202310182269,153
EK202310240985,153
EK202310106392,153
EK202310208908,153
EK202310113165,153
EK202310152602,153
EK202310210636,153
EK202310140721,153
EK202310148290,153
EK202310199880,153
EK202310227144,153
EK202310147589,153
EK202310004177,153
EK202310138763,153
EK202310172464,153
EK202310105200,153
EK202310184573,153
EK202310208816,104
EK202310109118,153
EK202310200139,153
EK202310133070,153
EK202310122855,153
EK202310233834,153
EK202310209821,153
EK202310124502,153
EK202310187088,153
EK202310133122,153
EK202310004846,153
EK202310147252,143
EK202310175414,153
EK202310181170,153
EK202310004408,153
EK202310125748,153
EK202310131440,153
EK202310192559,153
EK202310192910,153
EK202310180784,153
EK202310236540,153
EK202310175339,153
EK202310160527,153
EK202310236221,153
EK202310238864,153
EK202310166680,153
EK202310117287,153
EK202310192797,153
EK202310200327,153
EK202310176045,153
EK202310148346,153
EK202310142274,153
EK202310122242,153
EK202310126568,153
EK202310204418,153
EK202310156236,153
EK202310189484,153
EK202310137543,153
EK202320007300,153
EK202310198932,153
EK202310108514,153
EK202310219932,153
EK202310132147,153
EK202310227649,153
EK202310224668,153
EK202310156447,153
EK202310210496,153
EK202310152297,153
EK202310187324,153
EK202310247309,153
EK202310190789,153
EK202310199601,153
EK202310239017,153
EK202310106841,153
EK202310182928,170
EK202310204568,153
EK202310243353,153
EK202310123522,153
EK202310162526,153
EK202310214114,153
EK202310197207,153
EK202310232110,153
EK202310179397,153
EK202310155653,153
EK202310004343,153
EK202310192586,153
EK202310186352,153
EK202310124214,150
EK202310228925,153
EK202310112746,153
EK202310158948,153
EK202310210700,153
EK202310164939,153
EK202310183358,153
EK202310144690,153
EK202310206169,153
EK202310107548,153
EK202310213425,153
EK202310127466,153
EK202310215414,153
EK202310113096,153
EK202310177778,153
EK202310225362,153
EK202310164338,143
EK202310247571,153
EK202310126985,104
EK202310226690,153
EK202310122754,150
EK202310114324,153
EK202310162544,153
EK202310185834,153
EK202310147784,153
EK202310122287,153
EK202310169104,153
EK202310212851,153
EK202310004912,153
EK202310122676,153
EK202310241678,153
EK202310235919,153
EK202310200266,153
EK202310229111,153
EK202310143535,153
EK202310132424,153
EK202310150394,153
EK202310121122,153
