id,GLOBAL_SCORE
EK202310003556,132.43
EK202310170625,146.81
EK202310167359,150.82
EK202310118370,131.98
EK202320006361,147.68
EK202310003542,134.11
EK202310125266,140.34
EK202310144740,144.05
EK202310137443,143.03
EK202310159067,154.46
EK202310245067,129.44
EK202310240556,131.45
EK202310166743,137.67
EK202310247454,133.77
EK202310215702,157.97
EK202310142190,153.66
EK202310205417,134.75
EK202310119601,138.32
EK202310190356,135.89
EK202310158758,139.24
EK202310145496,138.81
EK202310164763,147.1
EK202310200188,141.83
EK202310238803,160.53
EK202320005607,156.23
EK202310225681,133.5
EK202310127174,136.35
EK202310204317,146.51
EK202310179355,136.86
EK202310176524,148.58
EK202310237228,137.33
EK202310172549,163.48
EK202310168863,144.55
EK202310185904,154.83
EK202310133615,154.83
EK202310122063,129.11
EK202310121770,144.93
EK202310125590,132.64
EK202310172269,136.96
EK202310147894,141.3
EK202310137986,141.64
EK202310150838,142.96
EK202310104915,138.04
EK202310170090,131.03
EK202310165637,135.82
EK202310134467,132.2
EK202310182637,157.57
EK202310112116,142.39
EK202310241220,159.02
EK202310103801,141.97
EK202310177448,139.69
EK202310157860,166.12
EK202310211985,134.64
EK202310232907,147.57
EK202310162917,140.38
EK202310211786,134.67
EK202310132171,158.68
EK202310153694,152.54
EK202310174960,164.87
EK202310121096,133.51
EK202310222475,136.18
EK202310146254,152.62
EK202310111466,142.13
EK202310004385,153.81
EK202310108961,141.66
EK202310203170,138.52
EK202310161424,168.42
EK202310206583,150.75
EK202310138840,136.35
EK202310221976,137.57
EK202310143972,144.17
EK202310175420,133.62
EK202310227655,146.3
EK202310163389,139.74
EK202310239480,134.83
EK202310146467,145.74
EK202310162597,140.76
EK202310194862,143.74
EK202310152448,150.89
EK202310245431,147.81
EK202310206822,169.31
EK202310166559,167.28
EK202310221701,155.44
EK202310231403,129.86
EK202310156027,140.0
EK202310135956,140.66
EK202310183176,133.46
EK202310206055,180.17
EK202310167360,145.67
EK202310142701,142.02
EK202310156629,160.61
EK202310241352,148.24
EK202310123587,156.08
EK202310003639,145.46
EK202310158269,152.88
EK202320007090,147.69
EK202310111707,139.24
EK202310104096,150.99
EK202310235404,130.27
EK202310108783,137.24
EK202310116298,136.74
EK202310156281,151.66
EK202310164483,137.57
EK202310108212,126.49
EK202310233950,137.23
EK202310157041,140.39
EK202310104522,133.77
EK202310175972,147.7
EK202310225965,138.15
EK202310138403,138.9
EK202310234452,135.47
EK202310104614,149.95
EK202310117970,137.01
EK202310128727,135.75
EK202310190230,134.22
EK202310201465,147.41
EK202310197534,166.56
EK202310171846,135.33
EK202310193751,153.33
EK202310242967,140.02
EK202310112852,164.62
EK202310132804,148.59
EK202310127612,145.83
EK202310136082,171.83
EK202310186665,160.26
EK202310156519,137.1
EK202310108430,151.62
EK202310164930,141.89
EK202310153971,166.49
EK202310129412,132.87
EK202310124383,143.05
EK202310215858,145.11
EK202310104131,137.14
EK202310185040,142.49
EK202310119251,136.54
EK202310191724,153.84
EK202310149922,136.86
EK202310176193,152.95
EK202310204311,146.07
EK202310248324,153.84
EK202310120496,136.78
EK202310233548,137.79
EK202310219178,137.93
EK202310114723,143.44
EK202310185832,159.59
EK202310106587,154.52
EK202310239252,133.98
EK202310208710,137.18
EK202310244056,130.02
EK202310223702,125.92
EK202310236969,145.78
EK202310196070,155.78
EK202310227710,137.13
EK202310119702,133.89
EK202310143351,145.41
EK202310144967,136.97
EK202310207097,135.73
EK202310193281,130.33
EK202310223068,139.91
EK202310158743,147.67
EK202310142353,146.23
EK202310154024,147.2
EK202310136326,140.6
EK202320006526,153.18
EK202310240160,141.44
EK202310230270,141.67
EK202310209591,142.04
EK202310201937,145.38
EK202310138686,135.28
EK202310125946,145.44
EK202310112949,150.46
EK202310128660,157.49
EK202310223565,141.92
EK202310155372,152.26
EK202310229467,139.7
EK202310232289,137.82
EK202310142439,152.71
EK202310128595,139.93
EK202310228661,137.25
EK202310220811,133.73
EK202310104677,145.19
EK202310108708,143.49
EK202310235044,129.99
EK202310141363,143.97
EK202310174855,154.95
EK202310154755,141.66
EK202310157326,140.19
EK202310228659,138.86
EK202310215026,161.34
EK202310177129,140.58
EK202310178830,152.2
EK202310222959,128.4
EK202320007347,145.06
EK202310153807,166.27
EK202310165563,154.49
EK202310240070,126.12
EK202310171642,140.54
EK202310221419,135.5
EK202310210258,139.01
EK202310108225,140.49
EK202310156515,144.44
EK202320006021,169.28
EK202310214746,143.91
EK202310166648,142.14
EK202310243041,136.41
EK202310227731,130.09
EK202310118513,129.09
EK202310240129,154.25
EK202310140813,143.78
EK202310181628,140.76
EK202310126085,136.55
EK202310246101,142.2
EK202310113312,138.33
EK202310217968,131.73
EK202310213114,135.44
EK202310219800,145.64
EK202310184495,148.54
EK202310119316,132.11
EK202310180007,141.35
EK202310199156,135.66
EK202310177234,151.34
EK202310226743,144.56
EK202310189141,135.17
EK202320006005,150.72
EK202310227823,137.68
EK202310174022,147.04
EK202310134374,138.96
EK202310200180,131.24
EK202310161433,157.5
EK202310121700,134.39
EK202310237451,137.27
EK202310192827,147.47
EK202310160428,150.05
EK202310205223,135.57
EK202310111659,147.5
EK202310218773,137.1
EK202310161247,144.39
EK202310109618,145.41
EK202310155619,132.39
EK202310135096,158.92
EK202310188704,146.14
EK202310198311,161.63
EK202310138345,129.22
EK202310187653,145.56
EK202310223676,150.85
EK202310165688,137.22
EK202310104779,137.62
EK202320007241,170.21
EK202310247012,145.44
EK202310115649,141.74
EK202310158687,139.04
EK202310139898,146.52
EK202310183012,140.24
EK202310189323,171.09
EK202310236084,148.93
EK202310187745,140.38
EK202310213754,150.48
EK202310207691,129.81
EK202310213360,139.11
EK202310134511,134.53
EK202310162421,142.54
EK202310137854,162.8
EK202310150901,141.17
EK202310114810,140.96
EK202310110564,137.21
EK202310188498,129.08
EK202310122137,133.39
EK202310234827,136.86
EK202310123845,160.65
EK202310117679,147.89
EK202310226733,135.93
EK202310146806,138.01
EK202310186532,142.65
EK202310198523,137.14
EK202310169242,140.28
EK202310189605,149.16
EK202310177460,137.96
EK202310156053,144.61
EK202310138997,136.65
EK202310231114,140.63
EK202310147763,135.56
EK202310119709,142.2
EK202310121129,146.13
EK202310137901,146.95
EK202310144077,144.45
EK202310110337,130.47
EK202310184408,141.2
EK202310215841,133.37
EK202310157214,148.57
EK202310193140,134.38
EK202310216105,134.89
EK202310246420,134.35
EK202310118424,131.98
EK202310144290,137.34
EK202310236171,131.86
EK202310161913,141.97
EK202310116195,134.61
EK202310140252,141.28
EK202310238025,146.99
EK202310146861,134.93
EK202310125756,130.66
EK202310211082,136.6
EK202310202590,133.62
EK202310212292,134.8
EK202310151188,140.8
EK202310186431,158.15
EK202310197054,142.07
EK202310229535,134.18
EK202310237693,132.25
EK202310127899,153.36
EK202310125513,133.52
EK202310143417,150.96
EK202310114922,148.2
EK202310185011,140.91
EK202310157380,142.1
EK202310242841,146.71
EK202310128764,130.68
EK202310160302,136.17
EK202310132265,136.64
EK202310142152,140.15
EK202310184138,146.21
EK202310218922,147.05
EK202310105732,129.19
EK202310202421,138.59
EK202310204745,141.02
EK202310231651,136.82
EK202310206373,143.69
EK202310231327,134.9
EK202310129440,146.55
EK202310229405,142.45
EK202310233561,133.98
EK202310141433,147.53
EK202310164651,148.42
EK202310201935,150.04
EK202310184574,128.69
EK202310223915,146.07
EK202310200908,152.09
EK202310128941,138.83
EK202310186952,169.2
EK202310193974,150.59
EK202310169879,151.6
EK202310172093,130.51
EK202310184529,133.06
EK202310230089,139.03
EK202310181118,154.05
EK202310204225,137.57
EK202310112100,129.32
EK202310222373,148.48
EK202310182126,148.5
EK202310169072,138.78
EK202310203100,152.0
EK202310228065,147.91
EK202310003374,126.89
EK202310231993,136.19
EK202310166999,135.58
EK202310113561,144.12
EK202310150384,156.91
EK202310204151,145.24
EK202310243179,156.15
EK202310229664,138.7
EK202310214850,140.96
EK202310203348,147.31
EK202310146725,133.28
EK202310134763,134.87
EK202310145729,157.48
EK202310246535,150.72
EK202310141577,137.82
EK202310216160,133.57
EK202310116782,140.69
EK202310211327,151.06
EK202310204090,143.9
EK202310175898,155.07
EK202310226259,142.01
EK202310151274,140.55
EK202310154215,141.63
EK202310174277,152.21
EK202320006496,148.19
EK202310141969,141.0
EK202320005622,151.76
EK202310157093,148.92
EK202310139909,145.26
EK202310209908,145.56
EK202310218730,135.93
EK202310229718,130.46
EK202310111615,141.0
EK202310138168,130.65
EK202310162118,161.39
EK202310164185,146.59
EK202310123341,135.23
EK202310154152,140.86
EK202310169662,144.14
EK202310195289,145.1
EK202310247758,154.66
EK202310223580,134.05
EK202310104690,138.08
EK202310234439,134.05
EK202310225052,157.23
EK202310139674,155.18
EK202310186662,133.98
EK202310198339,148.24
EK202310219978,135.47
EK202310205279,144.25
EK202310241147,158.84
EK202310225981,158.49
EK202310168112,139.44
EK202310226106,138.54
EK202310116095,131.3
EK202310114593,143.43
EK202310175636,132.64
EK202310117905,153.5
EK202310200614,151.65
EK202310137390,141.18
EK202310196458,149.23
EK202310212839,144.95
EK202310149449,150.62
EK202310172721,134.61
EK202310133382,130.51
EK202310171991,145.03
EK202310178147,145.99
EK202310210822,131.97
EK202310169958,136.19
EK202310216612,132.81
EK202310190351,134.96
EK202310128333,141.45
EK202310156052,137.07
EK202310207300,149.87
EK202310148098,144.51
EK202310236834,140.0
EK202310206502,146.64
EK202310232490,127.82
EK202310115920,130.4
EK202310155557,136.53
EK202310118792,147.7
EK202310213449,141.55
EK202310157956,150.46
EK202310202461,150.06
EK202310210080,162.93
EK202310123713,145.8
EK202310138636,143.32
EK202310197194,142.59
EK202310136131,164.16
EK202310194280,133.67
EK202310144073,156.18
EK202310196767,159.69
EK202310152659,137.64
EK202310119318,135.33
EK202310175079,147.66
EK202310246973,140.16
EK202310177069,133.92
EK202310228915,143.93
EK202310237967,139.88
EK202310004766,141.17
EK202310197580,160.09
EK202310163370,146.62
EK202310126258,130.94
EK202320006245,153.58
EK202310214455,148.81
EK202310225077,165.94
EK202310121345,130.19
EK202310118753,124.97
EK202310209148,141.81
EK202310235651,138.86
EK202310195584,143.78
EK202310131541,137.32
EK202310167958,152.52
EK202310232848,133.02
EK202310112373,135.44
EK202310247588,171.53
EK202310124781,140.61
EK202310187345,163.27
EK202310117200,156.61
EK202310103838,136.53
EK202310123310,146.17
EK202310193567,154.34
EK202310176987,146.51
EK202310217483,129.03
EK202310219653,134.86
EK202310189258,135.64
EK202310213235,133.83
EK202310148485,138.89
EK202310243846,129.18
EK202310157685,146.02
EK202310228217,169.19
EK202310167414,150.2
EK202310116553,145.99
EK202310154306,148.41
EK202310218246,140.38
EK202310214924,153.29
EK202310124301,148.32
EK202310132969,137.47
EK202310116665,146.83
EK202310126109,149.42
EK202310246626,142.36
EK202310165655,134.28
EK202310222900,137.3
EK202310183920,146.39
EK202310188655,140.77
EK202310140837,144.38
EK202310110105,129.59
EK202310166926,161.23
EK202310222571,149.32
EK202310130862,161.82
EK202310159918,141.98
EK202310191732,167.68
EK202310154430,160.11
EK202310209379,135.28
EK202310242826,158.42
EK202310127621,142.0
EK202310144269,141.64
EK202310168554,169.85
EK202310225096,127.24
EK202310004191,137.82
EK202310198832,136.89
EK202310166122,153.61
EK202310197812,178.31
EK202310173577,134.36
EK202310107780,136.46
EK202310200080,139.97
EK202310244832,157.19
EK202310153701,150.93
EK202310248897,147.39
EK202310238758,144.21
EK202310180956,164.46
EK202310133597,168.67
EK202310165926,146.4
EK202310113563,144.33
EK202310219177,141.26
EK202310215546,141.15
EK202310239803,134.85
EK202310170081,125.73
EK202310206625,140.55
EK202310104069,138.79
EK202310186393,160.18
EK202310173267,136.5
EK202310110426,146.86
EK202310164765,138.68
EK202310158220,134.9
EK202310168816,149.45
EK202310204071,140.26
EK202310157259,149.79
EK202310156843,141.45
EK202310223529,134.86
EK202310149961,142.49
EK202310108241,135.07
EK202310168245,142.34
EK202310191021,138.03
EK202310165776,144.56
EK202310172874,133.39
EK202310163779,146.24
EK202310188731,157.21
EK202310105850,161.52
EK202310129025,148.29
EK202310122251,142.33
EK202310233739,128.41
EK202310145467,135.44
EK202310125541,140.26
EK202310128736,153.54
EK202310157339,151.87
EK202310204674,151.56
EK202310199931,134.62
EK202310159776,154.72
EK202310233618,158.89
EK202310209554,148.33
EK202310147590,140.27
EK202310233558,134.87
EK202310141475,144.64
EK202310192184,144.89
EK202310121465,138.81
EK202310144674,154.31
EK202310225145,157.5
EK202310211862,137.31
EK202310218476,136.61
EK202310227106,157.07
EK202310184475,138.07
EK202310132027,157.78
EK202310134826,142.96
EK202310182784,153.2
EK202310236142,126.52
EK202310215997,172.15
EK202310218885,148.52
EK202310189497,138.0
EK202310242392,144.78
EK202310139831,131.66
EK202310159899,135.12
EK202320007536,146.39
EK202310205864,151.27
EK202310205412,147.09
EK202310178623,144.43
EK202310144137,140.62
EK202310156851,145.96
EK202310200692,138.55
EK202310221442,143.66
EK202310225402,147.91
EK202310128314,139.14
EK202310135585,152.52
EK202310230304,163.18
EK202310106564,142.86
EK202310195276,133.13
EK202310168561,138.44
EK202310238035,145.5
EK202310210412,138.47
EK202310193015,149.39
EK202310160429,153.66
EK202310203227,133.33
EK202310144260,133.46
EK202310231994,134.47
EK202310169556,142.33
EK202310112231,151.11
EK202310179305,150.84
EK202310111693,154.97
EK202310163778,140.71
EK202310197562,148.31
EK202310147780,140.99
EK202310165497,169.46
EK202310191527,135.87
EK202310106149,141.65
EK202310179787,139.54
EK202310247018,150.96
EK202310177578,154.68
EK202310138872,162.88
EK202310204378,135.57
EK202310146296,157.78
EK202310110160,140.01
EK202310179095,143.27
EK202310220481,130.24
EK202310227227,140.49
EK202310234336,158.03
EK202310145809,143.31
EK202310209306,152.22
EK202310225649,126.4
EK202310226704,147.29
EK202310157072,163.31
EK202310121530,131.7
EK202310165600,139.29
EK202310197233,140.69
EK202310184332,131.2
EK202310143743,154.99
EK202310154640,147.23
EK202310158286,149.1
EK202310123880,137.82
EK202310182423,148.81
EK202310124053,130.25
EK202310206144,135.88
EK202310140890,153.48
EK202310127015,128.95
EK202310134941,152.92
EK202310119304,130.36
EK202310212796,141.4
EK202310108377,132.41
EK202310174180,141.11
EK202310239157,145.55
EK202310216632,136.88
EK202310172285,137.89
EK202310150279,148.66
EK202310186491,131.58
EK202310197932,145.55
EK202310120172,143.84
EK202310216664,149.53
EK202320006884,171.89
EK202310178918,149.53
EK202310144935,136.71
EK202310141510,138.49
EK202310216762,150.29
EK202310106406,132.64
EK202310111996,142.95
EK202310208681,139.45
EK202310226247,132.75
EK202310113253,167.22
EK202310122999,144.79
EK202310155079,147.89
EK202310160222,141.7
EK202310210742,137.2
EK202310156801,147.56
EK202310159360,144.49
EK202310180024,148.48
EK202310213928,136.98
EK202310152334,140.87
EK202310245937,129.28
EK202310164808,166.48
EK202310146870,140.5
EK202310163950,148.89
EK202310195716,149.33
EK202310150305,152.34
EK202310229713,136.04
EK202310188916,152.58
EK202310121395,140.57
EK202310160376,142.98
EK202310244651,143.32
EK202310150169,134.85
EK202310110958,138.59
EK202310143966,133.62
EK202310221741,163.51
EK202310187012,145.66
EK202310193822,161.71
EK202310172094,136.34
EK202310178633,142.28
EK202310117674,141.17
EK202310133805,139.33
EK202310180948,166.12
EK202310203849,138.48
EK202310149491,169.03
EK202310216830,157.94
EK202310229432,134.2
EK202310109652,136.71
EK202310181925,140.06
EK202310196245,137.39
EK202310248098,142.56
EK202310183221,161.95
EK202310196195,165.53
EK202310197137,138.69
EK202310110247,148.81
EK202310144126,144.4
EK202310156911,158.53
EK202310224215,139.63
EK202310236337,137.08
EK202310188431,152.17
EK202310137114,167.34
EK202310115030,144.59
EK202310117460,130.43
EK202310162361,139.65
EK202310130281,169.51
EK202310148428,145.26
EK202310163311,140.48
EK202310145526,139.5
EK202310235374,141.28
EK202310156223,148.99
EK202310151269,135.8
EK202310150741,148.94
EK202310225372,136.52
EK202310133344,145.39
EK202310127071,138.98
EK202310152237,144.23
EK202310244229,130.85
EK202310167190,139.42
EK202310154488,158.33
EK202310211108,130.55
EK202310114416,146.33
EK202310222978,160.17
EK202310187337,166.29
EK202310195712,169.58
EK202310176238,149.23
EK202310204719,154.48
EK202310184298,138.43
EK202310215525,142.66
EK202310154861,139.97
EK202310200739,134.8
EK202310242424,129.89
EK202310247300,137.5
EK202310116475,139.93
EK202310225458,135.01
EK202310126918,137.5
EK202310185579,130.48
EK202310241455,140.45
EK202310209465,138.41
EK202310142842,143.39
EK202310185122,140.51
EK202310223530,138.17
EK202310188514,148.28
EK202310171731,140.0
EK202310130376,152.28
EK202310222189,141.25
EK202310106430,146.47
EK202310127369,147.96
EK202310236443,136.73
EK202310182405,148.81
EK202310210187,129.01
EK202310116888,132.01
EK202310173132,139.65
EK202310108743,133.56
EK202310125006,132.38
EK202310213574,131.94
EK202310165356,148.82
EK202310149418,162.24
EK202310198882,133.67
EK202310231320,140.84
EK202310205653,143.91
EK202310198599,143.77
EK202310199963,131.9
EK202310173699,147.95
EK202310245726,137.37
EK202320006040,171.09
EK202310154743,146.49
EK202310188160,138.69
EK202310214367,160.22
EK202310103702,140.93
EK202310127965,145.17
EK202310203245,163.25
EK202310139888,137.66
EK202310108972,136.5
EK202310004612,137.11
EK202310143552,145.77
EK202310120024,149.66
EK202310221518,141.98
EK202310180966,165.05
EK202310193489,144.17
EK202310117005,136.22
EK202310213271,143.33
EK202310120394,152.14
EK202310183259,149.76
EK202310125697,142.06
EK202310110553,139.54
EK202310150138,138.63
EK202310169349,141.8
EK202310224959,134.77
EK202310003872,137.32
EK202310189922,159.12
EK202310196746,161.14
EK202310189397,132.36
EK202310154076,143.76
EK202310003409,134.77
EK202310132461,137.74
EK202310114430,146.51
EK202310207939,136.23
EK202310219274,134.68
EK202310226342,141.82
EK202310127397,142.94
EK202310237125,129.06
EK202310214068,157.85
EK202310184942,148.74
EK202310113334,142.13
EK202310121808,127.56
EK202310134472,134.75
EK202310213189,133.55
EK202310200986,135.36
EK202310183319,138.6
EK202310138451,137.2
EK202310134480,134.63
EK202310248001,139.06
EK202310215511,139.91
EK202310148692,158.98
EK202310003356,142.95
EK202310186363,146.53
EK202310117649,134.16
EK202310107222,123.11
EK202310140103,127.76
EK202310162055,149.49
EK202310160543,144.92
EK202310104526,137.2
EK202310111072,146.9
EK202310144115,143.85
EK202310227753,157.61
EK202310168401,145.1
EK202310225278,136.99
EK202310121727,147.58
EK202310209068,139.65
EK202310117324,142.99
EK202310119649,145.73
EK202310154151,139.99
EK202310235668,138.01
EK202310197052,137.14
EK202310133218,146.34
EK202310228623,134.52
EK202310236771,130.06
EK202320007756,156.61
EK202310123680,136.85
EK202310153796,153.42
EK202310184256,153.26
EK202310189360,150.03
EK202310169170,151.91
EK202310238568,163.64
EK202310147463,144.74
EK202310246348,140.06
EK202310146645,140.11
EK202310112043,148.16
EK202310126693,135.25
EK202310105633,135.85
EK202310108187,138.15
EK202310142659,144.9
EK202310154109,144.89
EK202310187961,158.8
EK202310138151,141.59
EK202310145768,140.45
EK202310204437,132.41
EK202310234444,135.31
EK202310146920,143.77
EK202310191972,142.66
EK202310135664,140.37
EK202310136647,160.14
EK202310149136,145.9
EK202310004755,131.5
EK202310003806,140.65
EK202320005862,148.71
EK202310238222,135.07
EK202310165638,147.08
EK202310195278,140.69
EK202310191050,145.78
EK202310165081,160.22
EK202310141108,138.01
EK202310225501,134.35
EK202310190006,153.15
EK202310232901,147.2
EK202310183145,138.11
EK202310133834,171.19
EK202310111865,136.52
EK202310233162,141.87
EK202310144096,139.22
EK202310241460,144.79
EK202310148061,146.79
EK202310123096,155.61
EK202310168745,134.13
EK202310232533,135.13
EK202310238139,141.45
EK202310107671,144.63
EK202310003635,137.31
EK202310160939,140.56
EK202310165138,148.59
EK202310177363,150.62
EK202310140380,145.75
EK202310127640,133.67
EK202310145483,142.91
EK202310144142,134.73
EK202310182466,148.08
EK202310134774,142.45
EK202310239504,150.56
EK202310179694,129.2
EK202310105818,139.91
EK202310206801,148.31
EK202310133427,141.05
EK202310172349,137.19
EK202310144166,147.66
EK202310118960,128.94
EK202310199115,145.7
EK202310213777,151.65
EK202310232118,129.55
EK202310204757,144.34
EK202310241858,152.67
EK202310204589,158.99
EK202310224131,140.13
EK202310160384,151.89
EK202310158733,145.02
EK202310139320,132.87
EK202310186373,154.13
EK202310207408,135.62
EK202310202032,134.17
EK202310191726,139.92
EK202310237659,148.65
EK202310202929,157.19
EK202310138221,136.7
EK202310213944,143.63
EK202310217592,138.98
EK202310156873,144.5
EK202310154026,130.87
EK202310227896,135.14
EK202310165724,154.89
EK202310160534,140.39
EK202310238733,139.65
EK202310187242,161.47
EK202310160829,142.03
EK202310160276,149.35
EK202310137939,135.73
EK202310200291,138.5
EK202310238138,134.52
EK202310217144,142.51
EK202310196491,142.91
EK202320006298,146.94
EK202310228178,136.5
EK202310138802,144.85
EK202310240713,136.4
EK202310175243,143.19
EK202310207967,126.26
EK202310107352,137.56
EK202310211309,135.47
EK202310131783,143.55
EK202310166826,156.62
EK202310112512,131.29
EK202310153955,154.21
EK202310223762,143.87
EK202310220803,137.73
EK202310191806,142.87
EK202310139794,138.54
EK202310004495,136.68
EK202310165321,146.22
EK202310152644,152.08
EK202310107844,135.81
EK202310224636,151.83
EK202310182912,151.76
EK202310227725,132.56
EK202310129401,136.44
EK202310132710,143.84
EK202310167591,149.43
EK202310209362,139.89
EK202310191553,148.84
EK202310191129,142.62
EK202310229273,137.76
EK202310177141,155.54
EK202310210987,130.9
EK202310246808,137.34
EK202310186424,144.18
EK202310243671,145.91
EK202310157978,132.0
EK202310141176,140.08
EK202310166632,158.89
EK202310188518,137.0
EK202310176726,155.53
EK202310232858,169.51
EK202310203103,140.96
EK202310172581,142.6
EK202310129669,143.36
EK202310149026,147.1
EK202310151271,139.73
EK202310164311,137.83
EK202310193156,153.29
EK202310183315,146.42
EK202310129742,169.55
EK202310244163,139.7
EK202310162820,143.28
EK202310158627,151.87
EK202310195793,130.66
EK202310243898,147.93
EK202310211036,131.7
EK202310231066,134.7
EK202310188792,152.49
EK202310181166,146.05
EK202310240476,133.48
EK202310197771,164.56
EK202310141037,149.37
EK202310204780,142.46
EK202310191058,153.58
EK202310173228,137.34
EK202310197491,149.66
EK202310156720,150.2
EK202310244219,141.06
EK202310119128,138.91
EK202310241327,160.97
EK202310152238,149.12
EK202310179839,140.24
EK202310238196,138.53
EK202310153091,165.36
EK202320006753,172.79
EK202310123570,143.87
EK202310163341,136.21
EK202310162440,160.09
EK202310151053,134.87
EK202310188188,145.48
EK202310127289,159.05
EK202310248374,132.78
EK202310167393,146.98
EK202310192930,139.81
EK202310113187,138.86
EK202310174516,145.66
EK202310187588,133.86
EK202320007750,148.25
EK202310189741,172.25
EK202310174859,146.7
EK202310195086,146.21
EK202310183873,162.74
EK202310171631,147.17
EK202310123283,126.24
EK202320006306,173.17
EK202310139834,131.02
EK202310239785,144.48
EK202310153276,141.99
EK202310180328,160.96
EK202310207645,151.49
EK202310130192,160.55
EK202310154977,143.71
EK202310139793,142.73
EK202310243107,139.77
EK202310209482,150.14
EK202310241115,131.53
EK202310214880,130.58
EK202310240253,135.53
EK202310226088,145.39
EK202320006633,174.34
EK202310245104,152.81
EK202310112870,143.05
EK202310161734,155.22
EK202310225927,135.25
EK202310145336,148.64
EK202310137212,134.32
EK202310190306,134.62
EK202310172851,152.35
EK202310231101,138.86
EK202310212990,127.45
EK202310122658,137.3
EK202310176278,145.05
EK202310200882,140.82
EK202310152325,138.36
EK202310151272,148.26
EK202310194215,161.78
EK202310185678,145.62
EK202310243281,140.66
EK202310120514,133.93
EK202310126433,135.47
EK202310122944,131.94
EK202310236394,134.18
EK202310218087,148.22
EK202310151593,166.68
EK202310110201,131.5
EK202310131708,142.15
EK202310111333,141.29
EK202310183969,151.95
EK202310161113,166.2
EK202310184302,143.21
EK202310152148,144.91
EK202310236146,128.33
EK202310229823,136.4
EK202310133950,160.11
EK202310176959,138.25
EK202310003859,152.44
EK202310185070,150.5
EK202310004826,142.2
EK202310192593,130.6
EK202310212457,136.29
EK202310133750,130.1
EK202320007484,170.36
EK202310190675,151.08
EK202310129882,149.84
EK202310216142,131.85
EK202310197446,153.93
EK202310243332,143.52
EK202310139113,153.74
EK202320007314,155.18
EK202310192244,153.97
EK202310209792,138.37
EK202310218921,139.24
EK202310128700,136.48
EK202310219548,136.3
EK202310230864,136.89
EK202310141941,145.22
EK202310206423,137.75
EK202310188250,140.12
EK202310180278,129.39
EK202310123620,138.37
EK202310180928,134.01
EK202310148298,132.33
EK202310124265,151.44
EK202310125883,146.67
EK202310128123,136.56
EK202310234185,132.1
EK202310141809,163.65
EK202310125724,145.4
EK202320006085,153.01
EK202310232099,141.91
EK202310193331,143.64
EK202310205400,151.19
EK202310160975,143.25
EK202310203863,139.08
EK202310126413,131.81
EK202310118450,148.31
EK202310133563,140.99
EK202310239448,127.7
EK202310114694,139.37
EK202310158288,156.9
EK202310122422,137.59
EK202310235320,135.66
EK202310201960,132.07
EK202310194645,149.34
EK202310214962,154.53
EK202310247868,156.0
EK202310126826,140.21
EK202310120690,143.58
EK202320006557,165.36
EK202310224482,136.17
EK202310188666,135.5
EK202310167967,155.76
EK202310240200,141.73
EK202310183867,141.7
EK202310195682,130.99
EK202310108034,149.39
EK202310143324,136.83
EK202310139977,138.69
EK202310134578,136.99
EK202310003485,139.92
EK202310127332,148.19
EK202310195959,147.23
EK202310173389,132.72
EK202310120326,122.79
EK202310228101,131.47
EK202310194577,137.2
EK202310230845,136.03
EK202310144430,141.3
EK202310155784,149.78
EK202310160254,157.19
EK202310118458,149.48
EK202310134107,154.04
EK202310247672,148.01
EK202310233715,139.85
EK202310192802,163.68
EK202310226073,132.82
EK202310112128,146.73
EK202310214142,162.77
EK202310205070,141.59
EK202310191656,135.62
EK202310108700,133.34
EK202310121333,146.75
EK202310153942,141.37
EK202310228151,139.84
EK202310185062,143.99
EK202310133213,162.08
EK202310242233,138.53
EK202310143796,138.56
EK202310202444,150.75
EK202310166800,144.73
EK202310191020,137.45
EK202310122069,136.03
EK202310221793,146.5
EK202310235848,146.79
EK202310205016,145.74
EK202310119021,154.26
EK202310222995,164.07
EK202310114479,132.37
EK202310182453,151.39
EK202310143133,143.74
EK202310175194,137.49
EK202310144671,136.16
EK202310245023,142.21
EK202310144979,145.08
EK202310235216,146.74
EK202310247586,137.52
EK202310105223,143.57
EK202310163741,165.61
EK202310141732,149.7
EK202310142505,140.13
EK202310131799,159.41
EK202310209090,144.41
EK202310159139,154.74
EK202310214093,145.71
EK202310199515,137.65
EK202310228095,133.77
EK202310173578,136.56
EK202310170010,150.78
EK202310164861,139.61
EK202310167580,135.76
EK202310225936,124.06
EK202310147008,144.69
EK202310187537,143.31
EK202310170479,147.11
EK202310238268,137.78
EK202310231268,135.67
EK202310167280,146.25
EK202310203266,132.5
EK202310179810,132.38
EK202310107445,147.63
EK202310107969,154.19
EK202310127481,137.86
EK202310180706,134.14
EK202310125230,139.6
EK202310127751,135.1
EK202310172588,151.14
EK202310202984,154.09
EK202310104212,134.35
EK202310106923,131.38
EK202310147971,147.52
EK202310243146,135.89
EK202310171023,148.53
EK202310109775,145.53
EK202310205700,141.35
EK202310143997,140.18
EK202310132126,131.5
EK202310127316,160.28
EK202310107147,140.42
EK202310151185,147.95
EK202310228200,136.1
EK202310117856,149.84
EK202320005717,155.68
EK202310129616,140.35
EK202310232791,144.87
EK202310243834,139.04
EK202310246208,147.68
EK202310160233,149.48
EK202310149219,144.79
EK202310108589,141.03
EK202310204725,141.57
EK202310243502,139.14
EK202310114320,128.15
EK202310202291,133.13
EK202310237771,145.6
EK202310216760,147.31
EK202310244222,150.71
EK202310113733,146.09
EK202310138119,146.16
EK202310219085,125.46
EK202310153944,133.18
EK202310161644,166.07
EK202310204382,139.72
EK202310229663,128.55
EK202310156198,138.72
EK202310148211,131.03
EK202310152274,139.84
EK202310197042,132.53
EK202310163556,140.93
EK202310197960,170.47
EK202310232731,131.4
EK202310147947,148.4
EK202310144176,131.24
EK202310237272,146.6
EK202310195596,142.06
EK202310231682,139.65
EK202310114178,139.12
EK202310165798,133.69
EK202310177163,145.8
EK202310161995,167.48
EK202310130803,132.83
EK202310225601,131.13
EK202310139718,137.12
EK202310146622,138.18
EK202310113181,129.71
EK202310179401,169.39
EK202310202908,150.84
EK202310171925,136.71
EK202310136543,136.21
EK202310119266,130.83
EK202310144770,142.63
EK202310217594,147.75
EK202310224918,152.62
EK202310116728,142.19
EK202310136368,145.98
EK202310242872,160.95
EK202310226098,138.2
EK202310243029,136.87
EK202310234838,135.81
EK202310103797,144.5
EK202310159666,129.74
EK202310234494,133.51
EK202310134806,135.34
EK202310191437,147.6
EK202310125110,135.76
EK202310217366,150.0
EK202310191101,130.19
EK202310179382,144.75
EK202310137469,129.97
EK202310137658,140.85
EK202310134629,136.67
EK202310104525,133.68
EK202310151444,171.37
EK202310237636,145.87
EK202310143439,129.45
EK202310149845,131.46
EK202310128851,147.45
EK202310237330,138.6
EK202310117295,142.45
EK202310243270,141.19
EK202310187106,142.98
EK202310137652,139.45
EK202310217947,138.37
EK202310215368,148.54
EK202310113202,148.03
EK202310122109,137.4
EK202310121040,139.31
EK202310226711,132.96
EK202310132709,122.37
EK202310169984,146.74
EK202310198212,142.66
EK202310158003,144.94
EK202310214974,153.68
EK202310134360,151.43
EK202310178688,161.35
EK202310171682,160.11
EK202310103768,149.49
EK202310209555,137.1
EK202310151086,126.2
EK202310201836,154.0
EK202310174895,136.54
EK202310138537,152.07
EK202310111581,135.2
EK202310219638,145.15
EK202310154214,142.55
EK202310200463,144.77
EK202310172356,129.93
EK202310164996,137.56
EK202310140375,141.74
EK202310216009,131.26
EK202310113207,134.26
EK202310132100,153.47
EK202310126863,151.99
EK202310146868,132.95
EK202310108177,154.48
EK202310166280,157.05
EK202310182008,163.14
EK202310162197,134.85
EK202310147752,148.03
EK202310003947,129.97
EK202310176472,134.99
EK202310234387,138.57
EK202310170022,131.17
EK202310171056,140.25
EK202310180973,167.16
EK202310166464,144.5
EK202310123184,132.58
EK202310192128,156.98
EK202310207232,135.66
EK202310133397,129.81
EK202310113037,151.93
EK202320007617,173.6
EK202310128691,126.41
EK202310234443,130.12
EK202310163599,139.38
EK202310124529,148.08
EK202310195861,144.87
EK202310004652,136.96
EK202310128598,148.76
EK202310219754,146.08
EK202310153907,149.0
EK202310210564,142.42
EK202310119285,143.73
EK202310236273,133.11
EK202310205597,150.38
EK202310232930,129.65
EK202310191886,161.73
EK202310236382,128.0
EK202310174764,148.82
EK202310105490,144.57
EK202310177012,163.47
EK202310128378,136.19
EK202310165398,133.78
EK202310142395,149.71
EK202310220861,139.13
EK202310209523,135.28
EK202310122997,138.05
EK202310205282,141.18
EK202310131435,152.4
EK202310203906,142.6
EK202310236413,133.86
EK202310156951,151.68
EK202310106622,130.58
EK202310189975,156.31
EK202310225784,133.15
EK202310219294,130.67
EK202310105442,136.4
EK202310132208,126.23
EK202310105616,131.99
EK202310174736,129.65
EK202310196913,143.44
EK202310137961,151.67
EK202310176163,154.66
EK202310110032,135.63
EK202310157504,132.97
EK202310233635,136.0
EK202310248436,146.34
EK202310202168,133.33
EK202310155766,135.31
EK202310139190,135.45
EK202310178893,137.18
EK202310194060,163.22
EK202310118567,141.31
EK202310127903,141.13
EK202310236053,135.1
EK202310156969,155.73
EK202310113094,142.37
EK202310117682,140.58
EK202310175150,132.79
EK202310190181,147.38
EK202310144477,146.77
EK202310167953,148.32
EK202310123207,140.28
EK202310211120,134.79
EK202310158476,146.0
EK202310245986,141.38
EK202310141979,152.86
EK202310210627,138.96
EK202310131358,134.65
EK202310108863,139.9
EK202310106507,156.74
EK202310219636,132.12
EK202310206075,139.89
EK202310164374,145.23
EK202310247640,134.72
EK202310128033,166.13
EK202310202213,155.48
EK202320007199,150.93
EK202310148351,144.79
EK202310167191,151.45
EK202310191728,140.46
EK202310200275,136.58
EK202310240207,143.91
EK202310169132,144.88
EK202310144609,147.14
EK202310198534,146.56
EK202310117322,138.32
EK202310111311,143.95
EK202310132198,136.52
EK202310123213,136.07
EK202310175579,143.9
EK202310179611,148.84
EK202310162505,152.78
EK202310192578,146.01
EK202310106746,144.3
EK202310131965,136.32
EK202310193615,149.09
EK202310196394,155.99
EK202310219201,131.18
EK202310223123,136.83
EK202310193426,152.51
EK202310118739,151.88
EK202310106117,148.32
EK202310104981,138.35
EK202310210450,139.52
EK202310174407,144.4
EK202310104567,140.27
EK202310127432,138.18
EK202320005737,150.35
EK202310191941,139.5
EK202310153855,139.79
EK202310207694,148.99
EK202310227244,134.31
EK202310153520,133.74
EK202310160923,152.87
EK202310105321,133.07
EK202310134289,146.31
EK202310221860,138.52
EK202310127051,120.49
EK202310004011,132.75
EK202310106438,127.48
EK202310223885,134.51
EK202310147175,146.9
EK202310172305,140.71
EK202310233355,134.32
EK202310175639,150.88
EK202310119187,131.13
EK202310208266,140.38
EK202310218780,142.25
EK202310208314,144.88
EK202310231800,140.15
EK202310128055,151.55
EK202310239898,131.71
EK202310216957,136.81
EK202310209441,136.75
EK202310123208,135.24
EK202310209923,135.68
EK202310133751,133.61
EK202310245312,135.36
EK202310115764,148.67
EK202310207764,126.38
EK202310240599,167.16
EK202310147315,143.79
EK202310131500,129.04
EK202310176669,145.61
EK202310123945,144.89
EK202310209731,141.55
EK202310144605,142.51
EK202310122549,142.43
EK202310145497,133.83
EK202310140293,141.97
EK202310139650,142.65
EK202310157829,131.93
EK202310106995,146.06
EK202310124413,163.54
EK202310214088,139.89
EK202310164191,147.75
EK202310226197,129.39
EK202310004226,140.56
EK202310108441,135.99
EK202310135386,149.2
EK202310129306,156.4
EK202310235944,143.89
EK202310247944,145.74
EK202310165677,131.92
EK202310199534,139.29
EK202310126380,139.89
EK202310154011,139.51
EK202310132506,155.34
EK202310108076,138.86
EK202310160457,145.02
EK202310208714,149.22
EK202310154569,144.47
EK202310144642,137.63
EK202310190051,156.89
EK202310117172,144.17
EK202310177405,155.35
EK202310213301,131.93
EK202310137198,160.16
EK202310151042,139.24
EK202310168461,141.69
EK202310243164,138.31
EK202310179023,136.37
EK202310160904,150.83
EK202310171189,141.23
EK202310239158,132.56
EK202310167988,154.86
EK202310226837,144.92
EK202310135580,135.91
EK202310246488,148.38
EK202310003762,138.8
EK202310134904,143.95
EK202310136330,153.29
EK202310217816,135.13
EK202310122041,133.98
EK202310246474,141.71
EK202310157040,141.86
EK202310198401,166.12
EK202310117127,139.66
EK202310105754,145.78
EK202310166261,147.11
EK202310168044,146.86
EK202310220538,134.15
EK202310139280,145.25
EK202310135523,149.64
EK202310236682,137.58
EK202310244877,130.23
EK202310107483,135.2
EK202310175451,137.8
EK202310180461,165.83
EK202310144697,136.23
EK202310123532,131.84
EK202310123754,157.56
EK202310206309,147.69
EK202310239121,141.05
EK202310104310,151.01
EK202310211761,139.35
EK202310191013,157.85
EK202310240312,138.75
EK202310217200,144.33
EK202310114563,143.45
EK202310161367,131.17
EK202310144122,140.02
EK202310212504,129.88
EK202310177497,146.73
EK202310236237,137.45
EK202310198587,145.96
EK202310163062,146.29
EK202310164746,143.4
EK202310201875,139.99
EK202310172081,153.29
EK202310239571,140.67
EK202310135582,142.2
EK202310168412,158.85
EK202310207958,135.62
EK202310192851,147.52
EK202310192868,133.7
EK202310240745,140.57
EK202320007142,147.43
EK202310242152,143.38
EK202310158334,151.23
EK202310202840,149.77
EK202310135210,162.63
EK202310140844,140.82
EK202310231684,135.09
EK202310220876,135.78
EK202310135369,149.32
EK202310163963,141.83
EK202310126679,134.41
EK202310162655,153.19
EK202310154642,141.84
EK202310178024,135.05
EK202310168498,147.6
EK202310220365,137.96
EK202310111380,141.78
EK202310152697,161.19
EK202310246759,137.46
EK202310111419,140.6
EK202310218578,133.7
EK202310110262,132.72
EK202310112025,160.47
EK202310219733,142.83
EK202310188715,153.2
EK202310120824,155.93
EK202310115460,140.48
EK202310243920,139.2
EK202310177399,146.7
EK202310187981,134.09
EK202310245247,132.8
EK202310121751,136.16
EK202310157398,139.73
EK202310146316,147.84
EK202310147009,144.56
EK202310186969,142.69
EK202310137065,159.88
EK202310121746,131.86
EK202310156291,145.32
EK202310214011,155.9
EK202310214233,140.98
EK202310119619,138.7
EK202310179742,125.21
EK202310182000,142.71
EK202310200585,161.44
EK202310152222,146.12
EK202310149190,158.88
EK202310187819,161.24
EK202310124003,162.68
EK202310201545,143.97
EK202310171385,145.07
EK202310238751,135.61
EK202310140367,130.06
EK202310237130,135.23
EK202310198345,153.34
EK202310247133,143.4
EK202310137734,126.67
EK202310148474,136.05
EK202310150325,143.07
EK202310208250,137.71
EK202310232333,139.8
EK202310226045,134.77
EK202310158994,143.68
EK202310198109,145.53
EK202310193685,144.09
EK202310178796,164.25
EK202310168028,152.93
EK202310106830,140.47
EK202310181540,132.53
EK202310182066,156.21
EK202310206663,144.61
EK202310219839,162.67
EK202310201710,148.33
EK202310187487,144.36
EK202310202274,138.74
EK202310137558,141.37
EK202310190906,144.92
EK202310223424,147.25
EK202310178941,133.76
EK202310184440,135.95
EK202310155782,145.69
EK202310122432,151.98
EK202310182848,135.53
EK202310164226,145.02
EK202310173490,136.32
EK202310213090,134.12
EK202310153722,150.22
EK202310173472,151.65
EK202310167875,147.05
EK202310133234,130.72
EK202310223308,133.19
EK202310205100,149.84
EK202310198402,136.78
EK202310110225,148.75
EK202310171586,150.16
EK202310122356,138.54
EK202310163392,135.39
EK202310183719,148.46
EK202310003951,150.81
EK202310138515,154.13
EK202310170831,140.41
EK202310133182,133.16
EK202310111516,138.01
EK202310125263,134.44
EK202310240055,141.83
EK202310180483,136.61
EK202310204716,131.74
EK202310187018,146.53
EK202310158527,153.34
EK202310122260,153.36
EK202310234650,138.7
EK202310144474,136.91
EK202310237894,136.12
EK202310106091,168.13
EK202310188317,137.43
EK202310158850,140.71
EK202310186426,164.01
EK202310169750,136.1
EK202310206676,163.51
EK202310155928,160.58
EK202310230978,130.48
EK202310233369,126.05
EK202310129476,149.97
EK202310133048,144.27
EK202310165488,139.62
EK202310143637,164.69
EK202310214266,145.32
EK202310126225,136.04
EK202310152458,164.49
EK202310223231,136.13
EK202310120167,133.72
EK202310143015,144.97
EK202310158308,147.34
EK202310173081,143.6
EK202310189028,143.57
EK202310132273,168.74
EK202310128353,140.07
EK202310174810,144.07
EK202310239062,149.26
EK202310120641,138.17
EK202310244227,136.62
EK202310118757,130.97
EK202310129075,145.5
EK202310224814,134.79
EK202310004731,135.17
EK202310156915,166.45
EK202310115641,136.02
EK202310118147,150.33
EK202310248390,169.14
EK202310218403,133.35
EK202310155441,151.38
EK202310230283,140.19
EK202310162794,143.74
EK202310182211,157.27
EK202310143073,146.48
EK202310177848,145.94
EK202310003966,144.06
EK202310194839,152.21
EK202310233597,142.83
EK202310160959,130.34
EK202310225528,134.51
EK202310108255,137.01
EK202310166709,134.6
EK202310203616,144.47
EK202310189898,156.95
EK202310135324,161.31
EK202310183856,159.53
EK202310178334,151.51
EK202310112277,150.77
EK202310116332,134.31
EK202310174408,136.38
EK202310225395,136.14
EK202310179921,136.27
EK202310136896,133.8
EK202310246946,153.09
EK202310132878,133.4
EK202310132936,137.95
EK202310117215,137.58
EK202310194744,138.72
EK202310239667,138.32
EK202310137081,129.94
EK202310195120,152.79
EK202310244943,142.57
EK202310216463,141.53
EK202310175023,150.82
EK202310123452,147.8
EK202310120759,144.3
EK202310200555,153.99
EK202310183159,157.9
EK202310237119,150.81
EK202310241465,133.7
EK202310185913,146.43
EK202310207534,145.08
EK202310158605,150.96
EK202310193608,140.6
EK202310238219,144.39
EK202310142209,152.07
EK202310158659,144.68
EK202310196102,151.34
EK202310244335,138.04
EK202310151300,146.03
EK202310135647,133.04
EK202310208600,136.94
EK202320006689,171.71
EK202310208813,149.95
EK202310154438,141.47
EK202310165804,134.29
EK202310124724,127.55
EK202320005923,168.2
EK202310193868,144.02
EK202310243558,130.8
EK202310213393,132.64
EK202310142913,157.79
EK202310168870,163.42
EK202310246882,149.5
EK202310123829,142.0
EK202310125993,138.24
EK202310148678,132.13
EK202310214338,129.2
EK202310118609,148.07
EK202310223350,142.76
EK202310161314,136.26
EK202310172634,167.32
EK202310218585,145.71
EK202310004027,132.95
EK202310177913,142.13
EK202310195749,140.02
EK202310176453,130.06
EK202310213885,151.1
EK202310137118,148.6
EK202310219450,133.86
EK202310228378,158.93
EK202310157141,164.64
EK202310131718,154.26
EK202310165083,132.15
EK202310004821,139.36
EK202310115195,138.57
EK202310179460,132.56
EK202310204918,155.0
EK202310126066,128.31
EK202310147822,145.86
EK202310233974,135.81
EK202310152337,152.7
EK202310121597,142.59
EK202310113315,141.6
EK202310172487,164.81
EK202310208865,141.52
EK202310178856,130.82
EK202310163216,140.89
EK202310192275,133.84
EK202310123629,135.79
EK202310118365,148.96
EK202310205626,141.81
EK202310197305,136.07
EK202310168104,139.19
EK202310147731,159.85
EK202310202905,137.98
EK202310240860,140.19
EK202310003646,157.1
EK202310241992,135.45
EK202310139823,143.98
EK202310229599,133.52
EK202310183516,158.92
EK202310224914,124.84
EK202310191077,145.81
EK202320006964,166.56
EK202310237895,137.01
EK202310176057,150.31
EK202310165954,134.62
EK202310122162,141.08
EK202310126238,130.5
EK202310121795,141.04
EK202310161976,146.2
EK202310191508,135.73
EK202310176644,140.06
EK202310152467,157.4
EK202310219240,134.82
EK202310208125,131.71
EK202310159439,150.09
EK202310112020,143.34
EK202310131152,141.26
EK202310231176,139.32
EK202310119600,154.96
EK202310142740,165.76
EK202310190305,139.62
EK202310181410,147.36
EK202310195269,133.47
EK202310154821,125.57
EK202310247409,139.19
EK202310146034,140.42
EK202310193073,147.43
EK202310184666,170.85
EK202310107982,147.1
EK202310118565,130.51
EK202310189557,145.2
EK202310176523,158.04
EK202310199098,153.18
EK202310192444,154.61
EK202310201510,149.06
EK202310152404,150.37
EK202310159084,170.2
EK202310241360,137.77
EK202310216628,139.26
EK202310228907,132.18
EK202310129890,157.49
EK202310151590,134.16
EK202310145359,133.85
EK202310157050,142.42
EK202310176488,133.39
EK202310130834,137.33
EK202310209574,143.35
EK202310111176,140.61
EK202310147278,141.86
EK202310208597,157.1
EK202310196533,132.81
EK202310195547,153.88
EK202310176613,133.69
EK202310164726,146.58
EK202310243633,139.12
EK202310196133,145.99
EK202310147029,146.45
EK202310218892,152.19
EK202310140920,140.58
EK202310155482,138.23
EK202310135200,137.45
EK202310172820,135.32
EK202310105543,131.45
EK202310172387,142.71
EK202310176697,134.36
EK202310218951,166.35
EK202310103784,146.71
EK202310230023,134.79
EK202310164692,147.5
EK202310104542,140.83
EK202310176068,148.08
EK202310244683,151.42
EK202310119149,143.78
EK202310191861,128.61
EK202310199949,137.09
EK202310161393,160.5
EK202310125111,141.09
EK202310199054,149.75
EK202310004487,140.2
EK202310183184,130.02
EK202310201897,157.5
EK202310210681,131.92
EK202310171699,131.86
EK202310136344,140.04
EK202310142799,139.88
EK202310003358,147.38
EK202310177915,143.47
EK202310233198,143.84
EK202310180154,131.4
EK202310174450,130.9
EK202310136841,140.78
EK202310121016,146.18
EK202310165032,140.97
EK202310228963,137.08
EK202310121559,142.92
EK202310181916,137.83
EK202310145575,162.69
EK202310239181,145.84
EK202310188158,141.05
EK202310128251,131.72
EK202310132218,160.72
EK202310171818,145.56
EK202310104717,143.82
EK202310166536,144.51
EK202310165544,158.48
EK202310106140,134.2
EK202310120542,128.31
EK202310200432,141.81
EK202310137688,137.19
EK202310199770,142.15
EK202310151234,141.46
EK202310239824,150.97
EK202310109979,139.55
EK202310222377,133.45
EK202310129765,143.77
EK202310004768,128.65
EK202310161683,150.33
EK202310111657,148.34
EK202310233223,136.43
EK202310191113,166.25
EK202310133283,149.24
EK202310196259,146.05
EK202310180866,151.95
EK202310219289,131.97
EK202310195465,160.54
EK202310163110,146.89
EK202310236924,134.7
EK202310175544,148.45
EK202310106368,140.87
EK202310187622,146.98
EK202310204563,154.02
EK202310169494,145.56
EK202310151846,146.45
EK202310239299,145.76
EK202310145012,125.16
EK202310110945,138.71
EK202310198659,135.68
EK202310130369,136.92
EK202310191235,146.82
EK202310171717,131.17
EK202310235589,147.73
EK202310114348,152.32
EK202310232893,152.59
EK202310164789,153.68
EK202310236042,165.22
EK202310004445,134.51
EK202310172245,132.22
EK202310224823,130.07
EK202310136877,148.04
EK202310123423,148.11
EK202310153225,150.28
EK202310145756,142.39
EK202310146568,139.39
EK202310163087,137.15
EK202310245297,169.04
EK202310209644,148.88
EK202310140290,135.13
EK202310221072,145.42
EK202310135414,142.61
EK202310187378,149.91
EK202310133530,146.44
EK202310224364,145.1
EK202310195517,149.35
EK202310204169,137.41
EK202310210323,130.3
EK202310200422,133.21
EK202310151056,136.9
EK202310227277,140.77
EK202310247028,139.33
EK202310180050,135.22
EK202310127868,148.24
EK202310234685,139.72
EK202310223304,130.64
EK202310222628,131.28
EK202310132162,149.53
EK202310107313,151.74
EK202310193034,138.59
EK202320006263,160.8
EK202310180508,147.38
EK202310126699,134.63
EK202310161588,153.1
EK202310230044,139.09
EK202310131679,155.39
EK202310130402,144.5
EK202310186216,139.78
EK202310104460,147.99
EK202310138193,130.95
EK202310190994,149.49
EK202310235895,146.82
EK202310129828,152.85
EK202310188700,164.69
EK202310162187,129.12
EK202310137095,135.71
EK202310142210,144.29
EK202310197331,146.69
EK202310224439,160.23
EK202310202545,162.15
EK202310172841,142.75
EK202310185316,148.98
EK202310193096,134.06
EK202310239366,136.52
EK202310157680,142.72
EK202310216245,134.2
EK202310122188,131.2
EK202310229644,133.77
EK202310205871,138.11
EK202310215556,148.54
EK202310158679,159.65
EK202310147755,137.91
EK202310186194,151.24
EK202310117620,128.3
EK202310194359,141.93
EK202310198922,132.07
EK202310116214,149.37
EK202310162259,139.68
EK202310157059,167.47
EK202310128924,149.17
EK202310141619,166.99
EK202310221578,137.9
EK202310138618,139.39
EK202310183482,143.44
EK202310152447,144.16
EK202310237940,135.44
EK202310150193,132.6
EK202310183803,166.51
EK202310111372,138.88
EK202310201263,149.85
EK202310124638,141.18
EK202310178960,152.87
EK202310210327,133.4
EK202310201273,143.56
EK202310222624,137.9
EK202310180840,134.92
EK202310185078,147.04
EK202310168572,152.32
EK202310170490,139.26
EK202310232989,131.39
EK202310162228,149.76
EK202310175459,140.38
EK202310165474,140.07
EK202310243395,141.1
EK202310127631,147.39
EK202310186924,125.9
EK202310163431,130.37
EK202310189463,157.03
EK202310190842,152.11
EK202310185696,140.76
EK202310111713,149.23
EK202310193617,153.22
EK202310125805,135.55
EK202310151745,144.18
EK202310175297,139.79
EK202310196724,129.51
EK202310233146,165.14
EK202310143125,145.15
EK202310162683,149.23
EK202310105844,145.8
EK202310137395,138.7
EK202310234360,157.01
EK202310169711,162.36
EK202310229840,135.33
EK202310108815,137.74
EK202310173350,139.92
EK202310221654,137.37
EK202310117503,131.39
EK202310118377,130.98
EK202310193948,159.89
EK202310157293,150.0
EK202310229924,137.52
EK202310207252,134.07
EK202310112063,153.95
EK202310211575,133.75
EK202310121865,131.18
EK202310229242,134.26
EK202310217753,129.31
EK202310154203,151.47
EK202310119526,141.9
EK202310233019,134.97
EK202310110136,142.85
EK202310136917,146.65
EK202310232125,136.13
EK202310195652,146.29
EK202310003341,146.69
EK202310172729,139.44
EK202310106011,150.78
EK202310226908,130.4
EK202310160952,164.7
EK202310123901,144.2
EK202310219883,130.5
EK202310239294,141.5
EK202310191292,143.8
EK202310242675,140.88
EK202310159365,140.74
EK202310207357,136.98
EK202310134219,142.15
EK202310204692,162.96
EK202310145833,145.71
EK202310232367,133.3
EK202310133942,170.41
EK202310116957,146.31
EK202310113990,152.3
EK202310110317,135.08
EK202310183678,130.56
EK202310210475,135.98
EK202310215753,136.31
EK202310172041,145.72
EK202310127368,150.87
EK202310133141,170.4
EK202310166184,157.92
EK202310123460,139.57
EK202310159288,170.18
EK202310224966,153.34
EK202310169548,137.68
EK202310157945,170.81
EK202310208906,135.68
EK202320005732,153.16
EK202310140120,143.55
EK202310153086,151.25
EK202310230330,131.0
EK202310213318,131.09
EK202310178418,144.25
EK202310155143,137.83
EK202310183350,153.48
EK202310171243,155.76
EK202310241995,149.11
EK202310166956,136.04
EK202310239455,151.94
EK202310230110,138.72
EK202310232654,137.3
EK202310230579,135.66
EK202310230165,140.18
EK202310150438,144.41
EK202310114432,132.2
EK202310178701,168.41
EK202310193862,144.0
EK202310133458,144.64
EK202310126585,132.48
EK202310114949,138.65
EK202310239835,142.46
EK202310198418,167.79
EK202310164005,132.5
EK202310108538,146.45
EK202310248296,134.72
EK202310164825,139.75
EK202310202468,133.39
EK202310179750,143.45
EK202310178078,135.45
EK202310224170,170.51
EK202310108711,138.25
EK202310107024,135.4
EK202310229155,135.06
EK202310109556,138.71
EK202310202152,139.04
EK202310237189,141.56
EK202310147644,151.36
EK202310161108,170.1
EK202310122907,163.49
EK202310108647,135.08
EK202310116234,148.91
EK202310180820,143.98
EK202310185427,138.81
EK202310156227,165.62
EK202310121246,136.53
EK202310135704,138.68
EK202310225359,129.18
EK202310205195,148.61
EK202310201515,145.4
EK202310195070,146.3
EK202310185184,143.31
EK202310233163,132.42
EK202310169236,146.54
EK202310113651,144.14
EK202310105373,132.34
EK202310106115,131.96
EK202310245413,138.8
EK202310219987,140.52
EK202310142576,149.72
EK202310158268,146.7
EK202310156894,150.92
EK202310004886,146.89
EK202310154420,132.96
EK202310210832,134.77
EK202310220049,142.36
EK202310181921,167.27
EK202310201324,153.72
EK202310191459,139.87
EK202310128368,145.17
EK202310175128,126.05
EK202310172288,136.1
EK202310216634,138.25
EK202320007004,177.35
EK202310244935,129.59
EK202310176831,131.48
EK202310119255,140.47
EK202310225916,141.2
EK202310159227,150.24
EK202310208285,149.39
EK202310139560,162.77
EK202310122710,132.01
EK202310121289,134.15
EK202310124642,140.92
EK202310232850,130.58
EK202310162749,160.61
EK202310114861,144.82
EK202310147672,148.45
EK202310146693,147.76
EK202310229560,150.15
EK202310153109,158.84
EK202310159133,139.81
EK202310147681,138.97
EK202310154454,148.55
EK202310215971,140.98
EK202310176116,158.43
EK202310108965,136.59
EK202310117311,141.12
EK202310205689,143.97
EK202310196959,157.09
EK202310208747,167.24
EK202310220306,143.18
EK202310229825,141.53
EK202310156765,164.58
EK202310123916,146.27
EK202310208563,141.2
EK202310176612,134.4
EK202310150270,168.96
EK202310167920,135.7
EK202310004780,129.28
EK202310228392,153.79
EK202310162764,144.49
EK202310178248,151.63
EK202310161854,125.29
EK202310184896,145.21
EK202310196454,138.59
EK202310166252,152.79
EK202310224266,135.15
EK202310228300,143.51
EK202310228517,134.14
EK202310119762,129.37
EK202310197634,137.67
EK202310163433,132.87
EK202310205791,142.3
EK202310198433,132.9
EK202310205023,133.56
EK202310139454,139.81
EK202310201839,139.64
EK202310197547,161.71
EK202310233724,140.7
EK202310153252,147.54
EK202310190922,145.26
EK202310142523,147.17
EK202310219846,139.61
EK202310198901,129.89
EK202310167227,150.44
EK202310111384,154.16
EK202310136046,170.9
EK202310214121,150.1
EK202310118169,144.44
EK202310183250,143.67
EK202310188579,132.14
EK202310131031,138.45
EK202310104480,145.98
EK202310239710,155.75
EK202310234691,128.65
EK202310168972,138.91
EK202310120008,133.52
EK202310212233,133.68
EK202310215929,140.55
EK202310211484,135.29
EK202310222506,134.67
EK202310202763,151.61
EK202310220490,142.69
EK202310116375,142.37
EK202310175337,162.65
EK202310240580,136.99
EK202310109905,146.44
EK202310192597,146.07
EK202310114800,137.19
EK202310132205,130.6
EK202310110193,131.22
EK202310165102,147.75
EK202310116663,142.38
EK202310218315,142.61
EK202310113156,152.42
EK202310231146,131.44
EK202310180373,136.48
EK202310232424,134.6
EK202310224878,135.05
EK202310103830,133.18
EK202310240706,136.87
EK202310120776,147.85
EK202310160117,135.52
EK202310132998,135.46
EK202310003968,162.24
EK202310209613,137.77
EK202310241092,135.03
EK202310123771,148.02
EK202310245280,134.82
EK202310244377,141.38
EK202310109713,168.35
EK202310228232,147.56
EK202310148652,132.59
EK202310243472,131.53
EK202310170765,138.13
EK202310170088,129.58
EK202310004315,138.95
EK202310217178,144.85
EK202310108775,140.32
EK202310180920,142.11
EK202310246305,132.02
EK202310206922,159.22
EK202310167783,147.35
EK202310129574,145.06
EK202310174308,131.43
EK202310161413,142.67
EK202310148150,157.98
EK202310141044,154.39
EK202310231588,138.81
EK202310118970,132.92
EK202310181033,145.47
EK202310194383,153.17
EK202310183986,153.1
EK202310150419,139.6
EK202310194684,151.97
EK202310123982,169.37
EK202310167254,133.47
EK202310170710,133.7
EK202310112450,151.69
EK202310220586,143.93
EK202310189665,141.88
EK202310117974,140.14
EK202310131602,142.75
EK202310162096,145.08
EK202310243659,144.69
EK202310187107,129.19
EK202310188591,128.56
EK202310130729,150.57
EK202310207612,139.17
EK202310190165,145.57
EK202310240918,132.25
EK202310138933,139.42
EK202310124424,135.29
EK202310207452,136.12
EK202310149692,161.77
EK202310122269,157.41
EK202310178206,154.62
EK202310236928,130.67
EK202310108129,155.52
EK202310242986,139.53
EK202310153555,129.72
EK202310135472,149.19
EK202310135151,147.11
EK202310121132,150.27
EK202310159808,140.24
EK202310111940,143.39
EK202310211823,129.02
EK202310208954,161.52
EK202310174925,147.57
EK202310139934,139.0
EK202310128204,136.94
EK202310207948,136.06
EK202310194132,149.28
EK202310213757,133.52
EK202310210438,132.33
EK202310144525,145.37
EK202310125105,143.39
EK202310120299,133.43
EK202310246727,137.53
EK202310200847,153.46
EK202310181091,140.4
EK202310130669,132.65
EK202310164111,158.09
EK202310141945,143.87
EK202310238865,158.0
EK202310107320,133.25
EK202310220000,151.26
EK202310180826,152.11
EK202310117534,144.82
EK202310148403,153.89
EK202310235756,139.27
EK202310215153,133.14
EK202310215909,141.73
EK202310232668,136.23
EK202310169331,158.39
EK202310168151,139.27
EK202310218890,133.91
EK202310186779,143.63
EK202310114858,134.32
EK202310152341,150.25
EK202310128217,129.34
EK202310193271,132.1
EK202310180464,147.06
EK202310205276,149.0
EK202310125640,141.53
EK202310141600,145.84
EK202310141981,148.16
EK202310167795,153.23
EK202310192334,141.72
EK202310241694,138.83
EK202310196935,143.04
EK202310180151,131.03
EK202310106774,144.96
EK202310215027,165.66
EK202310216078,151.25
EK202310163711,140.12
EK202310109770,146.01
EK202310215501,134.86
EK202310163977,136.43
EK202320007174,161.25
EK202310205844,137.87
EK202310139223,139.72
EK202310244458,133.56
EK202310131387,150.57
EK202310143831,144.5
EK202310147793,144.17
EK202310219748,140.13
EK202310155389,138.15
EK202310134466,151.3
EK202310151903,143.38
EK202310234772,140.68
EK202310131775,170.93
EK202310134952,157.7
EK202310118242,129.2
EK202310107035,134.62
EK202310131515,139.83
EK202310244132,136.94
EK202310201654,147.13
EK202310237041,145.19
EK202310171334,148.01
EK202310104916,131.24
EK202310182983,144.61
EK202310164359,153.56
EK202310112552,139.2
EK202310201546,136.28
EK202310202954,137.31
EK202310134253,143.16
EK202310004718,155.73
EK202310242169,167.35
EK202310188966,129.97
EK202310179423,135.62
EK202310218744,152.81
EK202310193025,156.19
EK202310232272,130.22
EK202310217104,136.92
EK202310245973,137.22
EK202310108124,150.91
EK202310195074,155.36
EK202310177534,151.07
EK202310220572,129.12
EK202310176418,142.54
EK202310159967,150.44
EK202310163800,165.03
EK202310154402,159.0
EK202310212424,135.05
EK202310115194,130.5
EK202310157002,146.62
EK202310236493,135.35
EK202310209384,144.64
EK202310153699,145.02
EK202310140162,139.04
EK202310191690,156.03
EK202310164321,144.95
EK202310167679,136.71
EK202310118401,135.52
EK202320006231,157.28
EK202310158105,136.65
EK202310179352,146.5
EK202310112735,148.07
EK202310144319,138.89
EK202310173893,147.61
EK202310160526,138.83
EK202310147338,124.54
EK202310164737,150.25
EK202310226429,137.7
EK202310119510,133.93
EK202310111353,138.33
EK202310121601,132.54
EK202310138216,129.59
EK202310222532,145.65
EK202310138949,141.1
EK202310214912,152.14
EK202310121057,137.89
EK202310231318,136.31
EK202310137231,136.19
EK202310136824,139.28
EK202310115476,138.04
EK202310195522,173.87
EK202310130890,126.04
EK202310161838,162.54
EK202310158188,144.6
EK202310184190,132.61
EK202310106659,143.93
EK202310134400,133.68
EK202310209267,141.07
EK202310241209,141.44
EK202310214760,159.95
EK202310151809,162.35
EK202310198002,141.9
EK202310228621,137.89
EK202310162885,140.1
EK202310133298,152.97
EK202310126484,137.24
EK202310196380,128.36
EK202310143373,137.21
EK202310202385,144.44
EK202310131648,134.84
EK202310116966,143.92
EK202310134410,152.57
EK202310191544,137.72
EK202310196047,149.38
EK202310119440,134.35
EK202310132919,149.23
EK202310156448,152.31
EK202310198177,134.32
EK202310148838,145.31
EK202310171364,137.17
EK202310120500,130.82
EK202310247151,134.43
EK202310144904,137.06
EK202310174989,135.17
EK202310133355,142.83
EK202310226353,157.05
EK202310176858,138.03
EK202310227114,143.51
EK202310187693,142.92
EK202310109711,165.26
EK202310181780,143.71
EK202310163147,152.52
EK202310190696,142.13
EK202310165868,144.36
EK202310110400,133.04
EK202310135537,157.07
EK202310169217,161.82
EK202310195878,149.91
EK202310189489,137.73
EK202310205257,129.29
EK202310239304,160.04
EK202310132417,133.93
EK202310221095,128.91
EK202310110398,135.16
EK202310240389,150.24
EK202310185614,152.16
EK202310213110,131.0
EK202310154463,151.13
EK202310177140,171.57
EK202310175268,149.57
EK202310199152,130.32
EK202310128676,145.12
EK202310168399,148.02
EK202310201459,142.45
EK202310235106,150.76
EK202310232368,131.39
EK202310127908,129.88
EK202310182464,142.12
EK202310184852,137.32
EK202310170955,132.97
EK202310185265,147.07
EK202310114431,151.88
EK202310124741,144.47
EK202310193561,147.77
EK202310113830,147.19
EK202310229300,144.31
EK202310176918,147.44
EK202310222543,136.28
EK202310240095,158.89
EK202310208448,139.3
EK202310201172,179.86
EK202310125525,136.96
EK202310221529,131.71
EK202310120352,138.8
EK202310140711,137.86
EK202310211389,133.24
EK202310124018,167.59
EK202310143340,131.36
EK202310180385,156.07
EK202320006974,163.92
EK202310159693,152.25
EK202310181459,130.96
EK202310182182,150.35
EK202310141048,147.16
EK202310211604,135.69
EK202310141173,140.08
EK202310151648,139.49
EK202310243583,147.75
EK202310133700,133.37
EK202310152960,147.51
EK202310192543,136.63
EK202310131141,132.27
EK202310134377,140.74
EK202310174653,136.08
EK202310218574,142.03
EK202310191005,146.02
EK202310104855,139.04
EK202310178218,152.3
EK202310166318,153.88
EK202310202248,137.76
EK202310234490,166.71
EK202310225442,141.89
EK202310123331,138.03
EK202310238951,138.29
EK202310114122,132.16
EK202310202645,145.75
EK202310221624,145.14
EK202310147534,146.38
EK202310197356,160.93
EK202310222430,135.44
EK202310225523,129.51
EK202310177178,150.46
EK202310153665,129.47
EK202310196238,139.61
EK202310244577,147.27
EK202310172448,154.89
EK202310225799,135.47
EK202310183968,148.87
EK202310203019,146.66
EK202310109776,150.31
EK202310111537,137.72
EK202310124731,160.22
EK202310213643,137.76
EK202310146267,138.08
EK202310245701,135.36
EK202310177157,129.3
EK202310153114,160.14
EK202310004024,162.41
EK202310240323,137.41
EK202310116344,135.87
EK202310174344,134.55
EK202310166165,146.04
EK202310122743,152.88
EK202310226015,137.81
EK202310152541,143.77
EK202310189773,143.05
EK202310232097,146.28
EK202310155304,133.8
EK202310200289,139.37
EK202310208997,132.07
EK202310176430,139.01
EK202310205504,130.58
EK202310241123,145.48
EK202310160664,142.56
EK202310235837,137.45
EK202310190225,133.31
EK202310218794,124.07
EK202310244811,132.81
EK202310144333,145.5
EK202310134916,140.54
EK202310133279,151.21
EK202310230299,135.57
EK202310181539,156.82
EK202310137837,140.49
EK202310142434,164.17
EK202310108559,138.17
EK202310172173,132.5
EK202310170541,148.23
EK202310106066,129.26
EK202310242004,148.84
EK202310114374,150.75
EK202310147018,145.76
EK202310193730,145.7
EK202310155054,133.12
EK202310211249,134.15
EK202310203058,149.78
EK202310224924,161.09
EK202310153934,145.29
EK202310192789,147.1
EK202310176566,143.93
EK202310215186,137.17
EK202310159944,139.78
EK202310209677,135.29
EK202310137062,148.27
EK202310209003,153.2
EK202310236143,135.09
EK202310159540,145.44
EK202310141923,139.36
EK202310214900,152.23
EK202310150311,136.23
EK202310145121,139.29
EK202310138102,141.47
EK202310195227,147.37
EK202310215003,141.09
EK202310133345,146.11
EK202310241621,158.23
EK202310232734,137.9
EK202310192752,156.75
EK202310155287,132.74
EK202310230367,139.76
EK202310204826,127.03
EK202310217569,167.27
EK202310239151,135.94
EK202310225087,165.31
EK202310142211,161.48
EK202310143872,154.73
EK202320006692,150.01
EK202310243470,142.96
EK202310202312,161.88
EK202310172400,146.24
EK202310175257,156.91
EK202310156574,149.64
EK202310195996,156.18
EK202310207174,157.38
EK202310221440,152.02
EK202310229365,140.89
EK202310184849,144.4
EK202310186317,147.39
EK202310122351,131.92
EK202310147942,146.1
EK202310204767,129.29
EK202310151776,147.08
EK202310162542,165.05
EK202310149376,153.4
EK202310188687,138.34
EK202310126040,140.23
EK202310132787,130.32
EK202320007196,151.64
EK202310194184,148.96
EK202310148035,150.54
EK202310242086,150.75
EK202310158984,145.82
EK202310123998,167.85
EK202310143322,148.94
EK202310169220,164.27
EK202310163343,127.32
EK202310195035,158.05
EK202310244095,138.16
EK202310004865,158.73
EK202310202516,142.41
EK202310170156,146.44
EK202310217210,148.85
EK202310139116,147.59
EK202310181676,164.03
EK202310117650,133.28
EK202310126117,132.71
EK202310145631,132.65
EK202310194552,155.03
EK202310231065,136.41
EK202310243723,140.17
EK202310150462,148.0
EK202310175160,139.97
EK202310145549,143.11
EK202310218100,133.34
EK202310172122,138.32
EK202310195049,148.58
EK202310179443,151.73
EK202310149733,146.26
EK202310115695,137.13
EK202310149488,147.33
EK202310154087,150.66
EK202320006192,166.5
EK202310125278,135.36
EK202310241332,155.16
EK202310143810,143.08
EK202310105018,131.45
EK202310237785,149.12
EK202310223864,163.57
EK202310226433,152.12
EK202310157972,156.98
EK202310174015,149.22
EK202310183160,140.94
EK202310191076,151.1
EK202310172756,133.46
EK202310104599,134.63
EK202310238264,145.01
EK202310127187,137.85
EK202310165833,149.14
EK202310195179,146.66
EK202310153898,163.98
EK202310170585,136.0
EK202310245910,138.11
EK202310170174,143.12
EK202310115207,138.77
EK202310120317,135.18
EK202310236898,139.79
EK202310146305,150.19
EK202310112140,144.39
EK202310143217,137.58
EK202310150540,159.62
EK202310223717,137.52
EK202310219843,145.31
EK202310198855,144.17
EK202310191446,145.36
EK202310190334,163.96
EK202310184752,132.63
EK202310160416,148.49
EK202310173011,135.93
EK202310128863,139.63
EK202310190262,140.97
EK202310110902,148.6
EK202310193520,157.06
EK202320006543,159.71
EK202310187711,129.98
EK202310200254,139.28
EK202310155513,135.94
EK202310180642,146.16
EK202310196569,142.89
EK202320007271,164.7
EK202310179403,142.3
EK202310241241,155.45
EK202310192182,140.59
EK202310203673,150.84
EK202310163605,133.31
EK202310108085,138.38
EK202310195692,156.06
EK202310190401,132.96
EK202310192575,138.76
EK202310227513,154.32
EK202310130882,148.54
EK202310104224,142.32
EK202310144297,137.43
EK202310210525,137.71
EK202320006267,170.96
EK202310150061,141.43
EK202310189465,145.7
EK202310239884,136.45
EK202310137344,138.02
EK202310212273,135.53
EK202310205202,168.56
EK202310147736,142.9
EK202310138489,161.62
EK202310169998,155.72
EK202310123563,133.97
EK202310162573,146.34
EK202310122865,162.26
EK202310189811,151.81
EK202310160895,156.56
EK202310153256,140.41
EK202310216969,135.88
EK202310152260,150.83
EK202310141709,138.71
EK202320007373,150.5
EK202310193336,157.43
EK202310164703,149.36
EK202310103814,141.3
EK202310200017,134.12
EK202310218767,135.37
EK202310188858,141.17
EK202310192187,142.29
EK202310194207,151.17
EK202310130206,167.22
EK202310110494,140.13
EK202320006130,170.87
EK202310211320,136.48
EK202310224161,142.75
EK202310240472,141.71
EK202310209032,152.79
EK202310167634,137.85
EK202310180571,144.26
EK202310229017,134.53
EK202310131345,135.6
EK202310138019,136.04
EK202310004554,141.13
EK202310132971,137.11
EK202310141635,147.69
EK202310194247,145.94
EK202310148311,168.31
EK202310121972,140.05
EK202310142685,147.61
EK202310106949,146.95
EK202310163326,143.15
EK202310220547,133.15
EK202310104514,141.53
EK202310145431,151.95
EK202310117273,149.19
EK202310166607,134.61
EK202310189589,129.85
EK202310196074,138.18
EK202310153363,142.78
EK202310162392,147.58
EK202310229624,134.33
EK202310195898,163.87
EK202310219784,136.53
EK202310184116,150.45
EK202310223449,147.03
EK202310163821,158.11
EK202310183192,143.68
EK202310226918,139.97
EK202310154785,150.42
EK202310179367,149.03
EK202310195531,146.38
EK202310130452,136.67
EK202310121734,133.84
EK202310133991,144.01
EK202310210591,150.83
EK202310139555,169.74
EK202310228357,151.37
EK202310125608,139.23
EK202310107185,135.7
EK202310235572,129.31
EK202310230158,136.83
EK202310145383,134.74
EK202310143147,139.7
EK202310164771,147.09
EK202310144247,144.29
EK202310220979,135.95
EK202310149131,132.05
EK202310196632,153.05
EK202310131051,151.0
EK202310134659,141.3
EK202310200213,135.6
EK202310146862,134.16
EK202310188949,146.08
EK202310137016,162.59
EK202310239591,140.22
EK202310160714,161.95
EK202310120187,128.71
EK202310171815,138.92
EK202310197107,155.81
EK202310135357,143.55
EK202310139656,133.12
EK202310210779,164.89
EK202310238374,136.15
EK202310232468,131.09
EK202310170608,134.95
EK202310161875,142.5
EK202310154794,148.1
EK202310178981,135.04
EK202310115024,137.59
EK202310198317,158.71
EK202310176549,141.38
EK202310125448,132.08
EK202310223899,133.94
EK202310240237,147.21
EK202310194815,162.77
EK202310245437,140.83
EK202310109463,136.26
EK202310126220,134.97
EK202310162672,144.46
EK202310106706,134.59
EK202310230813,134.02
EK202310229853,140.97
EK202310183987,150.21
EK202310130317,154.79
EK202310104984,139.86
EK202310174152,139.57
EK202310228308,139.92
EK202310111938,148.4
EK202310191965,160.94
EK202310125325,133.83
EK202310235246,138.54
EK202310108851,140.86
EK202310139648,154.03
EK202310116135,134.79
EK202310195391,136.23
EK202310139056,156.15
EK202310201109,142.45
EK202310247192,157.94
EK202310119623,157.42
EK202310174223,128.29
EK202310150628,154.36
EK202310166077,152.55
EK202310178835,140.18
EK202310184672,163.79
EK202310245587,138.2
EK202310211153,133.95
EK202310148852,148.27
EK202310237982,141.35
EK202310212607,142.6
EK202310188439,143.54
EK202310244428,144.77
EK202310187031,131.56
EK202310114894,153.46
EK202310140044,146.28
EK202310223861,140.58
EK202310184954,141.65
EK202310229341,147.58
EK202310193100,140.32
EK202310154175,132.49
EK202310103979,141.79
EK202310210100,139.86
EK202310112422,131.83
EK202310147941,144.04
EK202310109450,134.73
EK202310227736,135.01
EK202310147053,153.19
EK202310219645,138.37
EK202310213369,134.03
EK202310154826,161.35
EK202310119234,143.09
EK202310210678,136.29
EK202310106182,153.2
EK202310132534,136.33
EK202310220157,138.75
EK202310108493,143.84
EK202310192669,160.63
EK202310172385,140.48
EK202310133787,137.32
EK202310172222,134.94
EK202310183649,149.01
EK202310135892,133.34
EK202310129170,157.05
EK202310209741,135.96
EK202310129427,142.96
EK202310192393,160.31
EK202310245714,135.24
EK202310130517,139.92
EK202310178411,160.27
EK202310189618,169.28
EK202310143288,157.58
EK202310199193,132.3
EK202310227313,158.65
EK202310213919,161.16
EK202310244481,134.76
EK202310120478,135.98
EK202310107634,138.35
EK202310157691,135.68
EK202310215874,139.81
EK202310246981,133.95
EK202310153195,161.86
EK202310242256,154.13
EK202310123017,125.48
EK202310205136,146.72
EK202310170231,159.46
EK202310168120,137.47
EK202310003727,150.04
EK202310217369,146.55
EK202320006688,162.28
EK202310230112,125.19
EK202310177152,124.96
EK202310106847,138.81
EK202310228061,142.68
EK202310233311,140.62
EK202310226138,140.02
EK202310200931,144.44
EK202310219804,140.47
EK202310141658,146.29
EK202310207757,133.9
EK202310147486,157.48
EK202310239005,149.13
EK202310129712,165.36
EK202310148369,139.78
EK202310155404,131.04
EK202310218716,141.58
EK202310188882,134.1
EK202310221316,129.57
EK202310137120,154.48
EK202310217405,149.85
EK202310149231,138.83
EK202310174189,131.07
EK202310138929,140.45
EK202310123610,137.21
EK202310200717,141.25
EK202310190751,149.99
EK202310146784,144.46
EK202310132879,149.58
EK202310133709,167.77
EK202310128722,136.64
EK202310103790,144.56
EK202310218931,134.72
EK202310218663,140.37
EK202310247844,163.52
EK202310190812,150.99
EK202310208756,150.28
EK202310156744,136.67
EK202310228838,143.93
EK202310136171,138.06
EK202310126151,141.03
EK202310173890,124.3
EK202310235680,130.81
EK202310156616,161.25
EK202310134563,149.84
EK202310211003,140.37
EK202310185632,152.13
EK202310241758,130.9
EK202310148534,140.96
EK202310182316,146.02
EK202310191280,148.5
EK202310129812,150.98
EK202310004693,138.55
EK202310172541,164.72
EK202310201639,136.69
EK202310204202,142.02
EK202310129486,146.26
EK202310203423,161.69
EK202310169919,139.56
EK202310174297,144.74
EK202310172937,147.2
EK202310109427,140.23
EK202310131119,143.13
EK202310151810,148.2
EK202310137213,137.21
EK202310136572,138.71
EK202310132184,150.54
EK202310238825,134.06
EK202310160725,161.7
EK202310127240,167.12
EK202310115224,137.63
EK202310127515,137.75
EK202310130232,154.71
EK202310176152,127.72
EK202310189265,134.56
EK202310121845,140.82
EK202310248808,131.28
EK202310216603,137.71
EK202310106462,144.48
EK202310186070,145.87
EK202310200271,134.15
EK202310222232,138.57
EK202310224303,140.96
EK202310108205,136.64
EK202310213223,142.37
EK202320007747,150.26
EK202310195798,141.14
EK202310172690,135.02
EK202310139602,140.88
EK202310124892,137.91
EK202310136630,129.3
EK202310133236,129.11
EK202310109780,144.07
EK202310139773,139.21
EK202310138601,144.23
EK202310192309,141.03
EK202310201720,144.14
EK202310246040,162.73
EK202320005733,171.58
EK202310119837,137.58
EK202310235139,141.72
EK202310129171,140.9
EK202310204107,143.8
EK202310206346,156.69
EK202310126908,136.29
EK202310201951,134.56
EK202310185504,150.13
EK202310139015,155.4
EK202310164756,148.63
EK202310207001,147.96
EK202310217541,136.53
EK202310149840,130.12
EK202310218711,138.53
EK202310133519,136.47
EK202310168888,155.49
EK202310209126,147.31
EK202310189031,136.19
EK202310217455,147.45
EK202310155271,136.42
EK202310215067,153.57
EK202310161595,128.54
EK202310120502,134.47
EK202310241869,163.98
EK202310103712,151.77
EK202310150266,169.33
EK202310119972,135.7
EK202310179290,139.97
EK202310192440,148.41
EK202310131793,149.79
EK202310109571,159.27
EK202310230188,159.32
EK202310119855,143.41
EK202310138704,169.76
EK202310118159,134.19
EK202310166249,147.29
EK202310187053,152.71
EK202310165742,153.83
EK202310183750,143.95
EK202310205405,138.05
EK202310131038,153.37
EK202310207627,150.74
EK202310220460,144.75
EK202310239483,140.55
EK202310141073,155.35
EK202310217239,134.63
EK202310146989,158.38
EK202310160800,136.07
EK202310190813,159.96
EK202320006164,160.19
EK202310143973,152.7
EK202310111799,143.96
EK202310208269,145.19
EK202310159828,157.78
EK202310113945,139.49
EK202310168361,144.64
EK202310176103,143.64
EK202310136310,140.57
EK202310200326,144.04
EK202310179044,139.65
EK202310197944,141.72
EK202310183295,167.93
EK202310240215,151.33
EK202310225695,129.92
EK202310138029,130.72
EK202310208987,142.47
EK202310156602,165.64
EK202310239059,147.11
EK202310185901,148.5
EK202310200662,143.86
EK202310109920,119.45
EK202310188247,137.07
EK202310183201,146.87
EK202310104073,151.22
EK202310183040,139.6
EK202310200329,143.37
EK202310108982,150.62
EK202310214848,149.46
EK202310194212,142.05
EK202310155460,155.01
EK202310179825,135.71
EK202310183614,149.72
EK202310233580,139.84
EK202310223060,134.53
EK202310110018,142.04
EK202310219086,142.62
EK202310210708,131.17
EK202310206894,140.99
EK202310176692,138.5
EK202310211237,139.93
EK202310216145,136.45
EK202310174790,158.64
EK202310130432,137.44
EK202310176912,145.26
EK202310239861,146.75
EK202310201821,140.52
EK202310194140,149.21
EK202310201014,140.03
EK202310211210,151.25
EK202310210215,134.94
EK202310109048,137.83
EK202310115364,151.05
EK202310125998,138.58
EK202310113308,132.26
EK202310166014,146.76
EK202310240961,131.58
EK202310192526,155.44
EK202310118614,138.23
EK202310208485,137.7
EK202310113185,141.36
EK202310123009,141.39
EK202310131866,147.31
EK202310246596,138.42
EK202310144786,129.47
EK202310188069,162.15
EK202310161238,153.55
EK202310108065,138.1
EK202310176554,150.75
EK202310172801,153.22
EK202310231997,143.26
EK202310150544,143.46
EK202310242116,149.38
EK202310228121,130.67
EK202310163938,145.29
EK202310208770,148.28
EK202310162906,137.29
EK202310171122,128.06
EK202310136574,142.97
EK202310168247,145.96
EK202310116653,144.13
EK202310225365,145.45
EK202310154568,143.06
EK202310144616,136.77
EK202310123329,138.95
EK202310184908,148.02
EK202310176975,152.74
EK202310244230,145.84
EK202310139801,163.48
EK202310140231,139.57
EK202310163109,135.6
EK202310133245,129.46
EK202310003719,131.88
EK202310128658,131.5
EK202310196514,149.19
EK202310136745,134.96
EK202310135739,131.73
EK202310167219,153.21
EK202310188340,148.1
EK202310233341,150.38
EK202310207484,145.89
EK202310145893,151.43
EK202310137850,139.25
EK202310228098,143.53
EK202310123631,148.99
EK202310233006,134.96
EK202310236781,139.26
EK202310184351,143.97
EK202310197215,151.81
EK202310134606,134.08
EK202310124613,149.68
EK202310176760,133.44
EK202310181242,145.07
EK202310146018,130.05
EK202310118057,140.1
EK202310241929,141.94
EK202310134625,165.0
EK202310226675,146.94
EK202310200650,152.13
EK202310202459,139.17
EK202310165871,139.23
EK202310190177,142.43
EK202310221650,135.97
EK202310195755,146.14
EK202310128800,144.93
EK202310103775,146.99
EK202310117228,146.79
EK202310151800,141.59
EK202310210424,140.42
EK202310208507,136.75
EK202310003803,135.5
EK202310171322,148.97
EK202310168526,157.19
EK202310197721,148.48
EK202310238027,138.77
EK202310172276,139.16
EK202310124247,137.54
EK202310158194,160.19
EK202310167282,138.54
EK202310173439,140.92
EK202310125677,147.09
EK202310210177,137.51
EK202310238899,143.62
EK202310113985,146.5
EK202310209990,151.01
EK202310228124,135.96
EK202310104190,129.09
EK202310201389,132.42
EK202310123163,138.43
EK202310191131,158.58
EK202310203502,149.12
EK202310123878,138.94
EK202310247275,140.0
EK202310227023,135.01
EK202310175135,132.93
EK202310226835,144.83
EK202310109034,155.28
EK202310186583,152.61
EK202310107744,143.92
EK202310220042,136.22
EK202310202298,145.19
EK202310189344,167.46
EK202310148801,144.6
EK202310172716,140.09
EK202310179116,147.05
EK202310174016,137.54
EK202310108847,138.56
EK202310232003,134.53
EK202310126703,140.7
EK202310106477,140.88
EK202310123106,134.09
EK202310169334,162.94
EK202310231339,135.5
EK202310175772,141.78
EK202310196241,159.41
EK202310143871,147.1
EK202310142265,139.84
EK202310163563,132.17
EK202310244604,130.36
EK202310247610,143.78
EK202310116133,129.96
EK202310144893,128.36
EK202310138511,166.05
EK202310178199,150.35
EK202310238970,167.53
EK202310137277,150.22
EK202310195419,154.02
EK202310234603,141.83
EK202310137485,135.52
EK202310221268,124.46
EK202310166447,151.81
EK202310163342,133.53
EK202310160258,146.71
EK202320007173,146.67
EK202310166608,151.78
EK202310190777,147.32
EK202310228415,136.01
EK202310160470,138.55
EK202310199928,139.71
EK202310139397,134.1
EK202310103828,142.32
EK202310198546,156.99
EK202310168601,140.84
EK202310199500,149.02
EK202310130735,126.76
EK202310203344,144.4
EK202310149177,133.05
EK202320006908,154.95
EK202310182119,146.95
EK202310108526,150.21
EK202310123316,133.2
EK202310175509,149.09
EK202310115166,150.45
EK202310169504,140.84
EK202310191512,140.36
EK202310111425,134.01
EK202310192823,159.28
EK202310159703,144.47
EK202310110465,135.15
EK202310217003,144.97
EK202310187166,143.1
EK202310225739,144.55
EK202310125501,133.54
EK202310118486,130.73
EK202310221279,137.41
EK202310194956,142.66
EK202310178722,130.36
EK202310182533,142.39
EK202310138053,148.14
EK202310231131,133.5
EK202310212157,138.33
EK202310125603,134.1
EK202310136248,146.33
EK202310115244,133.7
EK202310132254,132.99
EK202310178792,168.74
EK202310191023,146.62
EK202310162415,134.44
EK202310125102,132.46
EK202310208134,138.27
EK202310105586,136.95
EK202310213166,138.79
EK202310247801,141.8
EK202310247262,134.65
EK202310126467,136.22
EK202310176266,141.3
EK202310109933,151.09
EK202310161495,157.29
EK202310205248,137.8
EK202310224138,132.8
EK202310212586,134.07
EK202310131904,135.58
EK202310120534,139.26
EK202310109184,150.83
EK202310198723,174.85
EK202310190770,160.5
EK202310114461,136.1
EK202310223578,140.56
EK202310133222,151.52
EK202310136866,141.55
EK202310176700,150.7
EK202310126084,140.5
EK202310196727,150.8
EK202310225009,128.26
EK202310207005,156.73
EK202310222794,145.14
EK202310171893,150.94
EK202310172296,129.72
EK202310139698,168.04
EK202310128914,135.64
EK202310235545,135.55
EK202310109242,137.73
EK202310177486,143.73
EK202310199539,140.3
EK202310188301,138.66
EK202310201859,156.5
EK202310170159,143.95
EK202310148167,145.87
EK202310155933,152.84
EK202310149269,152.55
EK202310188885,140.2
EK202310109274,140.51
EK202310162745,155.62
EK202310146260,139.27
EK202310168090,136.17
EK202310219761,130.04
EK202310230205,128.65
EK202310114523,132.92
EK202310201162,162.86
EK202310188350,147.1
EK202310178664,135.86
EK202310125253,137.96
EK202310194315,137.51
EK202310178855,148.4
EK202310114913,145.42
EK202310209479,151.26
EK202310207800,161.82
EK202310205487,134.12
EK202310168431,154.68
EK202310235593,139.12
EK202310235602,139.6
EK202320007124,171.47
EK202310207771,129.7
EK202310228788,142.08
EK202310227982,140.67
EK202310194813,158.09
EK202310241087,136.51
EK202310148405,148.08
EK202310140778,158.74
EK202310198551,140.73
EK202310120216,138.97
EK202310154323,141.12
EK202310158123,158.26
EK202310215528,156.84
EK202310237307,145.91
EK202310144499,165.24
EK202310200349,150.97
EK202310199428,160.01
EK202310205917,146.98
EK202310123848,134.55
EK202310171335,154.42
EK202310113026,142.08
EK202310227460,131.57
EK202310218273,156.51
EK202310211553,138.12
EK202310196786,149.79
EK202310237300,135.48
EK202310125146,138.59
EK202310118100,130.65
EK202310186326,135.34
EK202310128919,134.15
EK202310198759,132.55
EK202310236246,140.22
EK202310149187,158.75
EK202310182726,156.59
EK202310152601,140.73
EK202310220436,136.53
EK202310193514,154.46
EK202310246478,137.2
EK202310243128,151.24
EK202310127415,139.92
EK202310213162,147.02
EK202310137235,134.37
EK202310178654,148.41
EK202310118153,144.36
EK202310004571,134.91
EK202310151403,171.04
EK202310245278,149.85
EK202310143897,143.99
EK202310218277,135.31
EK202310162879,147.5
EK202310136599,145.66
EK202320006442,164.78
EK202320007344,147.06
EK202310189969,150.47
EK202310166949,165.79
EK202310114939,130.73
EK202310226036,146.58
EK202310166986,141.57
EK202310217723,129.63
EK202310137499,156.16
EK202310132371,138.95
EK202310197508,149.18
EK202320006448,167.67
EK202310217287,140.29
EK202310210663,129.86
EK202310104277,145.98
EK202310200683,154.62
EK202310225623,152.2
EK202310207191,150.03
EK202310129539,136.85
EK202310128514,158.2
EK202310140966,138.37
EK202310129386,147.6
EK202310179691,135.06
EK202310188920,144.46
EK202310247484,140.78
EK202310193673,145.03
EK202310170091,128.63
EK202310172920,158.01
EK202310223477,143.63
EK202310171073,154.94
EK202310194158,146.51
EK202310207919,156.86
EK202310120306,138.43
EK202310207223,148.54
EK202310244280,137.97
EK202310106527,138.33
EK202310142859,153.32
EK202310168389,154.94
EK202310143594,136.42
EK202310167480,148.02
EK202310156995,137.1
EK202310119214,144.16
EK202310148853,142.85
EK202310217497,143.05
EK202310120366,136.02
EK202310217526,164.08
EK202310195002,143.24
EK202310169241,146.23
EK202310159114,154.13
EK202310192176,136.73
EK202310159110,135.66
EK202310158664,135.5
EK202310192338,134.56
EK202310230524,135.18
EK202310210362,156.36
EK202310212895,154.55
EK202310193440,146.38
EK202320007869,148.18
EK202310167916,140.31
EK202310206630,145.49
EK202310157459,144.75
EK202310216902,146.64
EK202310198965,150.62
EK202310201874,148.47
EK202310117999,134.03
EK202310204212,157.07
EK202310183852,148.92
EK202310219321,139.48
EK202310235218,137.7
EK202310106655,137.22
EK202310109169,157.82
EK202310229525,136.81
EK202310234441,135.94
EK202310119016,134.3
EK202310003723,144.31
EK202310177973,132.08
EK202310143560,158.34
EK202310245405,153.5
EK202310123670,132.0
EK202310125143,154.38
EK202310162721,141.32
EK202310121368,140.92
EK202310207810,164.66
EK202310110877,139.55
EK202310207642,140.12
EK202310236676,135.81
EK202310178731,155.95
EK202310166361,149.95
EK202310221798,147.14
EK202310177403,159.08
EK202310134022,142.83
EK202310167333,139.61
EK202310166210,135.38
EK202310110220,129.99
EK202310145795,146.35
EK202310164123,151.09
EK202310196621,160.44
EK202310120415,141.66
EK202310148912,138.95
EK202310179102,131.44
EK202310196322,132.5
EK202310157568,151.45
EK202310146998,142.5
EK202310223698,151.96
EK202310234532,139.24
EK202310138792,159.0
EK202310246869,128.74
EK202310126504,136.2
EK202310113606,140.7
EK202310131578,135.79
EK202310156389,143.4
EK202310138943,141.49
EK202310105288,151.65
EK202310188558,163.21
EK202310234995,142.7
EK202310181950,164.68
EK202310157098,152.1
EK202310132543,139.31
EK202310174319,139.14
EK202310225811,138.67
EK202310157066,154.24
EK202310205138,150.54
EK202320007203,147.33
EK202310227039,141.56
EK202310106033,136.23
EK202310146183,149.99
EK202310226180,133.57
EK202310162385,140.92
EK202310235946,130.23
EK202310182408,149.06
EK202310155735,140.82
EK202310190520,147.03
EK202310146058,139.19
EK202310202633,143.67
EK202310196099,148.27
EK202310129632,136.37
EK202310138166,124.8
EK202310148720,148.71
EK202310145781,147.79
EK202310140364,138.8
EK202310152526,127.37
EK202310109041,123.61
EK202310239518,147.3
EK202310187894,130.96
EK202310140674,153.77
EK202310133919,139.02
EK202310183378,133.2
EK202310232538,140.17
EK202310203159,147.0
EK202310114364,138.85
EK202310165382,145.21
EK202310212412,134.94
EK202310106291,133.76
EK202310136964,156.95
EK202310114872,135.51
EK202310211044,135.52
EK202310196962,156.01
EK202310229743,140.94
EK202310180091,131.48
EK202310113899,143.24
EK202310238528,164.22
EK202310167500,142.17
EK202310184018,162.28
EK202310194972,140.45
EK202310120304,137.45
EK202310142049,130.01
EK202310178765,168.42
EK202310182864,141.56
EK202310192331,146.97
EK202310164774,141.87
EK202310156817,167.81
EK202310237151,146.87
EK202310234802,133.93
EK202310210106,158.52
EK202310195014,149.69
EK202310147893,149.45
EK202310113010,139.38
EK202310183485,148.81
EK202310123549,135.7
EK202310215820,139.32
EK202310174861,144.35
EK202310170243,144.15
EK202310139779,133.33
EK202310226387,142.07
EK202310126951,127.81
EK202310122461,130.65
EK202310137617,149.1
EK202310232607,135.84
EK202310188917,166.24
EK202310230010,128.54
EK202320007620,146.71
EK202310179514,128.84
EK202310200726,134.24
EK202310145542,138.42
EK202310140934,152.39
EK202310141993,137.13
EK202310202052,141.93
EK202310206128,141.9
EK202310129191,151.46
EK202310132531,135.11
EK202310145895,143.42
EK202310150717,156.92
EK202310238478,134.96
EK202310215961,147.35
EK202310140355,157.97
EK202310107109,127.07
EK202310245704,135.66
EK202310140078,150.18
EK202310201205,165.04
EK202310105811,134.82
EK202310213056,145.37
EK202310218710,133.77
EK202310212505,142.31
EK202310222413,132.22
EK202310172293,131.91
EK202310109647,137.26
EK202310188891,146.28
EK202310137965,141.42
EK202310107117,120.37
EK202310207869,138.16
EK202310169495,158.33
EK202310114538,148.52
EK202310165920,138.52
EK202310130807,144.79
EK202310170628,141.9
EK202310117370,134.98
EK202310239420,142.4
EK202310108908,136.02
EK202310124380,130.69
EK202310114384,142.87
EK202310176015,163.66
EK202310213032,137.21
EK202310191795,137.35
EK202310203571,141.73
EK202310138185,133.77
EK202310182667,147.58
EK202310178540,147.81
EK202310173419,137.04
EK202310171759,138.82
EK202310230057,141.02
EK202310239289,133.96
EK202310203690,160.94
EK202310109021,134.85
EK202310126805,153.22
EK202310213809,131.8
EK202310174863,167.16
EK202310221636,133.59
EK202310171548,135.92
EK202310194319,143.87
EK202310233853,168.18
EK202310158671,156.17
EK202310230596,134.43
EK202310221893,127.58
EK202310227172,144.04
EK202310231306,140.35
EK202310158074,145.43
EK202310104860,147.82
EK202310216640,147.07
EK202310200103,143.82
EK202310141785,134.57
EK202310145978,128.34
EK202310004077,171.03
EK202310133888,145.3
EK202310125723,144.43
EK202310136090,167.97
EK202310246571,142.83
EK202310243027,133.71
EK202310109649,145.24
EK202310176461,134.23
EK202310122952,152.79
EK202310243326,141.11
EK202310135058,171.12
EK202310200094,137.48
EK202310146558,130.33
EK202310121295,132.35
EK202310214783,158.01
EK202310172681,135.68
EK202310241971,140.04
EK202310188843,144.51
EK202310136447,141.73
EK202310231662,136.09
EK202310157790,150.38
EK202310120107,159.99
EK202310225152,163.47
EK202310200264,162.01
EK202310134521,146.02
EK202310173584,143.79
EK202310196666,147.04
EK202310164106,130.89
EK202310138379,155.43
EK202310228204,137.74
EK202310125152,148.14
EK202310216720,139.58
EK202310228063,141.36
EK202310169786,146.4
EK202310176342,145.95
EK202310163187,143.64
EK202310124025,156.94
EK202310171872,153.73
EK202310137265,133.07
EK202310209292,147.76
EK202310137925,139.33
EK202310199295,132.53
EK202310152826,171.55
EK202310104368,130.3
EK202310187730,140.01
EK202310181862,144.29
EK202310165938,140.62
EK202310183431,145.74
EK202310236615,134.88
EK202310189593,131.39
EK202310221069,138.19
EK202310205373,141.23
EK202310142031,149.8
EK202310128716,138.43
EK202310202961,164.36
EK202310205295,142.87
EK202310116568,136.55
EK202310209928,139.53
EK202320005639,157.7
EK202310133603,169.19
EK202310196192,159.14
EK202310133688,154.23
EK202310107855,153.02
EK202310138935,147.91
EK202310204089,146.63
EK202310219313,138.53
EK202310189726,138.36
EK202310152282,143.56
EK202310180251,135.1
EK202310165981,152.55
EK202310137451,139.03
EK202310126122,147.17
EK202310243998,138.46
EK202310184231,159.77
EK202310228417,146.67
EK202310241091,137.98
EK202310190393,148.51
EK202310211537,137.4
EK202310147678,136.26
EK202310242270,130.03
EK202310149069,151.85
EK202310163921,159.31
EK202310133083,132.37
EK202310224140,142.03
EK202310152867,141.28
EK202310203736,124.61
EK202310165596,136.93
EK202310214453,138.57
EK202310164740,144.59
EK202310214137,167.48
EK202310146679,141.46
EK202310104097,138.12
EK202310200834,156.81
EK202310163017,150.06
EK202310165977,148.5
EK202310243475,139.7
EK202310241365,164.16
EK202310244319,150.07
EK202310120396,134.67
EK202310241624,144.36
EK202310198761,177.49
EK202310150943,133.38
EK202310248679,157.7
EK202310215685,141.77
EK202310104356,138.1
EK202310206239,129.31
EK202310157180,129.36
EK202310131514,142.79
EK202310244801,157.01
EK202310116569,136.65
EK202310123027,134.4
EK202310223311,134.99
EK202310174904,143.26
EK202310133194,151.69
EK202310184130,136.85
EK202310194455,163.76
EK202310106381,142.53
EK202310227001,148.68
EK202310153912,146.12
EK202310193865,143.87
EK202310232459,133.31
EK202310198400,133.91
EK202310182607,146.51
EK202310225129,134.08
EK202310197516,143.24
EK202310131801,169.72
EK202310212554,152.89
EK202310227543,147.21
EK202310130530,140.41
EK202310193825,147.16
EK202310211045,144.32
EK202310129373,150.41
EK202310147392,136.28
EK202310187904,157.58
EK202310208503,139.8
EK202310110837,152.41
EK202310229225,134.03
EK202310164336,133.78
EK202310195313,162.28
EK202320006926,156.13
EK202310174594,136.11
EK202310187599,154.6
EK202310198391,134.41
EK202310224871,133.39
EK202310128469,146.08
EK202310108118,140.74
EK202310164855,139.61
EK202310157619,153.39
EK202310212148,135.6
EK202310241888,144.86
EK202310200720,149.02
EK202310178703,164.49
EK202310208199,145.83
EK202310200707,144.87
EK202310222186,139.4
EK202310235687,162.21
EK202310169723,156.61
EK202310242395,145.19
EK202310202866,165.99
EK202310137258,136.83
EK202310209819,151.2
EK202310111291,139.74
EK202310210190,138.08
EK202310181968,146.1
EK202310173847,142.91
EK202310170341,135.02
EK202310112839,149.06
EK202310207240,146.55
EK202310122514,134.06
EK202310190722,138.94
EK202310186422,136.25
EK202310154379,165.62
EK202310245323,146.92
EK202310122299,138.01
EK202310125100,136.08
EK202310118253,139.72
EK202310238969,150.7
EK202310168188,167.76
EK202310160206,163.31
EK202310222871,150.84
EK202310209611,150.02
EK202310212974,139.35
EK202310128407,136.01
EK202310222412,133.64
EK202310200939,134.38
EK202310003959,136.97
EK202310190302,152.9
EK202310186405,171.0
EK202310138957,143.22
EK202310105023,128.83
EK202310236632,129.58
EK202310162662,142.19
EK202310198218,158.0
EK202310186500,140.44
EK202310138863,140.17
EK202310241224,137.59
EK202310171644,146.38
EK202310239875,141.77
EK202310187156,157.36
EK202310174507,143.0
EK202310139245,140.27
EK202310161355,155.05
EK202310131302,131.53
EK202310106366,140.79
EK202310180236,155.83
EK202310146739,144.85
EK202310122526,132.65
EK202310171449,139.58
EK202310158382,149.75
EK202310003648,138.4
EK202310203626,126.63
EK202310105539,129.49
EK202310172856,145.86
EK202310247114,165.42
EK202310169299,164.02
EK202310216048,157.36
EK202320007664,141.97
EK202310106821,136.62
EK202310201424,134.11
EK202310177794,149.36
EK202310225174,139.56
EK202310236955,137.73
EK202310216158,135.34
EK202310176370,139.18
EK202310139805,124.69
EK202310129688,125.18
EK202310114179,141.01
EK202310004734,138.03
EK202310153706,163.07
EK202310159985,142.85
EK202310207436,164.87
EK202310172357,143.48
EK202310137540,142.06
EK202310246082,139.83
EK202310231504,132.46
EK202310180342,167.03
EK202310149538,149.4
EK202310236300,145.2
EK202310184866,148.28
EK202310236107,153.79
EK202310177453,138.75
EK202310171178,143.74
EK202310146756,134.39
EK202310147896,147.97
EK202310167599,153.42
EK202310165277,130.71
EK202310213182,143.35
EK202310231983,134.84
EK202310119961,130.62
EK202310168921,153.16
EK202310152986,140.51
EK202310222123,135.89
EK202310165121,137.67
EK202320006143,157.45
EK202310136406,138.89
EK202310113171,145.81
EK202310178750,164.3
EK202310184720,142.34
EK202310135947,135.89
EK202310106555,146.48
EK202310147773,143.17
EK202310166654,138.45
EK202310231220,140.53
EK202310179554,151.17
EK202310121805,129.47
EK202310221539,143.69
EK202310109095,138.09
EK202310228094,145.71
EK202310128632,130.07
EK202310168239,152.96
EK202310229923,138.95
EK202310182545,149.48
EK202310111819,140.45
EK202320007299,153.4
EK202310113423,144.46
EK202310141017,146.95
EK202310236316,137.56
EK202310108216,142.09
EK202310192703,146.54
EK202310123050,132.67
EK202310221659,137.26
EK202310195354,154.79
EK202310218205,142.63
EK202310142204,144.69
EK202310169069,143.36
EK202310110164,141.86
EK202310242272,139.51
EK202310171541,167.27
EK202310164252,159.59
EK202310230378,132.97
EK202310162807,155.38
EK202310125970,147.3
EK202310232037,138.22
EK202310179302,143.67
EK202310113416,139.47
EK202310120907,136.85
EK202310131914,133.57
EK202310246477,148.27
EK202310210578,139.53
EK202310224656,140.84
EK202310134643,135.91
EK202310165344,146.52
EK202310128094,145.5
EK202310212344,141.09
EK202310163429,130.8
EK202310142109,135.28
EK202310148011,156.02
EK202310177720,134.97
EK202310130679,148.28
EK202310128185,166.03
EK202310157906,145.21
EK202310219715,134.88
EK202310107586,137.68
EK202310236962,135.73
EK202310133594,163.86
EK202310124136,133.03
EK202310147276,149.29
EK202310209860,155.4
EK202310170014,140.18
EK202310125838,139.38
EK202310176810,143.85
EK202310104451,149.39
EK202310181648,152.11
EK202310148857,143.7
EK202310161540,174.03
EK202310109347,142.32
EK202310143168,135.99
EK202310182799,139.68
EK202310183847,151.96
EK202310231882,136.83
EK202310236483,128.82
EK202320007850,146.25
EK202310171115,131.19
EK202310138799,149.46
EK202310229790,142.92
EK202310120135,133.26
EK202310165362,146.51
EK202310160759,133.99
EK202310128908,147.52
EK202310126950,138.1
EK202310210878,139.77
EK202310144127,136.31
EK202310103769,145.44
EK202310224658,157.51
EK202310158660,144.15
EK202310115044,141.29
EK202310225928,131.51
EK202310131183,150.13
EK202310191329,141.13
EK202310247806,148.99
EK202310128359,142.93
EK202310158015,137.22
EK202310216742,138.6
EK202310180156,128.47
EK202310156742,159.35
EK202310206889,140.95
EK202310141595,143.9
EK202310213331,136.36
EK202310110177,131.69
EK202310177752,150.02
EK202310143528,133.19
EK202310121245,141.2
EK202310121730,131.33
EK202310166696,164.74
EK202310139416,135.51
EK202310137350,149.28
EK202310173056,139.56
EK202310183242,140.37
EK202310181856,141.19
EK202310187043,148.36
EK202310146563,137.75
EK202310210145,146.98
EK202310149292,152.76
EK202310219306,146.69
EK202310180670,143.01
EK202310154730,148.47
EK202310220947,133.06
EK202310202735,138.36
EK202310123527,133.06
EK202310120644,136.5
EK202310129017,148.26
EK202310162431,160.25
EK202310150024,146.15
EK202310237610,140.45
EK202310228863,134.18
EK202310114239,138.67
EK202310111704,141.27
EK202310175377,136.32
EK202310128857,135.78
EK202310141561,135.26
EK202310133921,141.02
EK202310143422,135.04
EK202310222897,130.82
EK202310127138,149.72
EK202310185976,139.66
EK202310118702,146.69
EK202310112998,148.81
EK202310134460,167.7
EK202310198419,138.97
EK202310116533,140.17
EK202310152035,151.36
EK202310186167,140.38
EK202310174777,138.63
EK202310241957,139.72
EK202310194759,144.49
EK202310209627,138.99
EK202310110386,144.02
EK202310183168,134.03
EK202310230042,144.55
EK202310173070,143.41
EK202310118014,143.45
EK202310201071,123.93
EK202310151104,124.17
EK202310150451,148.52
EK202310185662,168.08
EK202310152420,135.4
EK202310004807,139.51
EK202310123731,146.68
EK202320007290,149.75
EK202310159273,157.25
EK202310241776,158.67
EK202310240911,133.87
EK202310128834,146.1
EK202310128400,143.1
EK202310233118,144.41
EK202310234404,137.52
EK202310158169,157.32
EK202310168826,141.46
EK202310223636,160.34
EK202310228740,166.34
EK202310115835,133.49
EK202310131407,128.3
EK202310150935,143.28
EK202310225345,153.47
EK202310146990,147.81
EK202310227539,142.64
EK202310145038,133.8
EK202310134905,137.56
EK202310176247,147.73
EK202310238587,159.11
EK202310208338,141.19
EK202310202600,153.29
EK202310244941,139.65
EK202310121341,157.72
EK202310142598,165.8
EK202310198678,143.11
EK202310243034,139.92
EK202310188200,143.08
EK202310248513,125.08
EK202310247587,140.71
EK202310175167,141.53
EK202310248135,138.76
EK202310116341,139.11
EK202310187249,158.61
EK202310117946,139.25
EK202310120013,137.55
EK202310168464,141.16
EK202310188127,135.32
EK202310234954,138.12
EK202310240694,146.57
EK202310156774,149.65
EK202310242931,138.89
EK202310120909,136.49
EK202310213600,131.35
EK202310185790,146.87
EK202310189010,139.39
EK202310198849,126.79
EK202310110578,135.51
EK202310197754,144.47
EK202310224146,136.3
EK202310174258,141.96
EK202310190295,147.58
EK202310215366,144.22
EK202310236141,136.88
EK202310235081,140.21
EK202310113404,138.09
EK202310147836,162.61
EK202310119847,142.01
EK202320006154,159.23
EK202310181606,145.12
EK202310108458,144.69
EK202310191692,147.61
EK202310137028,139.15
EK202310186568,151.73
EK202310193659,155.84
EK202310201443,144.49
EK202310171284,149.23
EK202310162022,143.51
EK202310124310,134.16
EK202310150577,144.76
EK202310180293,155.48
EK202310233601,143.48
EK202310218244,141.18
EK202310147274,150.02
EK202310144827,148.27
EK202310188705,134.81
EK202310171879,141.15
EK202310004380,153.47
EK202310124117,138.33
EK202310139515,152.53
EK202310223076,131.63
EK202310189237,144.13
EK202310158900,162.5
EK202310172965,136.1
EK202310133331,150.41
EK202310139550,138.15
EK202310182260,139.24
EK202310240459,136.52
EK202310129723,162.94
EK202310140428,139.79
EK202310116169,131.71
EK202310121335,132.3
EK202310154424,136.71
EK202310171495,155.62
EK202310230777,137.35
EK202310207460,139.59
EK202310194955,139.63
EK202310233382,132.96
EK202310126476,137.74
EK202310112541,132.68
EK202310211941,150.44
EK202310160649,142.98
EK202310147152,146.57
EK202310226978,137.84
EK202310156779,150.28
EK202310160400,149.57
EK202310113592,139.93
EK202310173652,149.07
EK202310159519,143.09
EK202310124262,128.95
EK202310205506,133.46
EK202310219097,149.17
EK202310226057,133.32
EK202310153736,129.25
EK202310180775,138.44
EK202310169348,157.64
EK202310131502,142.06
EK202310121729,124.27
EK202310159565,149.02
EK202310204448,132.51
EK202310153462,138.67
EK202310144316,143.37
EK202310135075,167.41
EK202310221375,144.87
EK202310163745,158.0
EK202310128307,155.65
EK202310117545,164.79
EK202310135049,172.43
EK202310168241,152.45
EK202310212910,139.41
EK202310201819,147.69
EK202310159317,150.65
EK202310205644,138.63
EK202310154083,135.62
EK202310229522,139.71
EK202310110884,150.59
EK202310157913,141.19
EK202310178487,165.16
EK202310159316,151.82
EK202310109379,140.4
EK202310188031,135.77
EK202310198040,160.41
EK202310175083,155.94
EK202310155364,136.4
EK202310204163,142.5
EK202310199502,137.55
EK202310204489,153.11
EK202310179081,140.57
EK202310233796,129.87
EK202310166659,151.59
EK202310160108,143.4
EK202310189609,149.43
EK202310104591,135.37
EK202310241388,136.81
EK202310141772,145.47
EK202310193970,140.84
EK202310115247,135.6
EK202310205518,133.19
EK202310169284,140.42
EK202310148744,152.17
EK202310190361,132.68
EK202310174521,167.38
EK202320005722,166.3
EK202310223637,142.92
EK202310206779,144.95
EK202310205588,141.76
EK202310173304,139.58
EK202310168176,147.35
EK202310213786,144.82
EK202310193979,157.09
EK202310126924,129.32
EK202310130529,141.78
EK202310119471,144.67
EK202310196749,144.77
EK202310113250,152.42
EK202310155906,136.36
EK202310105766,129.73
EK202310201584,154.55
EK202310106175,138.68
EK202310178826,159.82
EK202310184322,136.61
EK202310106188,140.11
EK202310124482,136.04
EK202310186934,145.2
EK202310190559,153.61
EK202310247940,131.18
EK202310161261,155.81
EK202310167492,136.69
EK202310117822,128.7
EK202310185255,140.88
EK202310209656,136.56
EK202310161945,152.76
EK202310214665,154.5
EK202310146073,137.41
EK202310160721,162.62
EK202310245095,142.72
EK202310239697,133.02
EK202310196401,153.31
EK202310245200,143.28
EK202310151874,157.96
EK202310127590,158.11
EK202310172784,132.78
EK202310217741,135.3
EK202310118696,146.69
EK202310175680,156.32
EK202310248407,134.37
EK202310116779,137.88
EK202310230914,138.88
EK202310121682,134.72
EK202310124137,132.85
EK202310138758,132.63
EK202310115217,153.38
EK202310165227,135.34
EK202310198606,135.97
EK202310139887,139.78
EK202310235696,139.34
EK202310140862,134.95
EK202310245296,148.49
EK202310178643,152.69
EK202310109769,121.57
EK202310168383,140.25
EK202310173293,139.83
EK202310199278,153.47
EK202310188364,167.9
EK202310226539,133.46
EK202310104626,154.09
EK202310113611,142.02
EK202310155381,132.83
EK202310207381,148.81
EK202310232919,143.62
EK202310239683,142.25
EK202310131225,130.21
EK202310173001,137.94
EK202310194749,139.51
EK202310103766,140.98
EK202310173848,143.01
EK202310134143,127.64
EK202310233093,149.99
EK202310184337,147.07
EK202310129410,137.67
EK202310118391,128.57
EK202310222008,138.02
EK202310172498,135.48
EK202310187928,136.21
EK202310159483,129.17
EK202310110871,149.54
EK202310146779,144.88
EK202310155616,131.57
EK202310137460,144.84
EK202310209877,137.59
EK202310140666,144.48
EK202310122918,153.17
EK202310170046,138.99
EK202310143434,151.08
EK202310140495,139.33
EK202310174705,158.25
EK202310228168,143.67
EK202310127824,130.21
EK202310235975,138.92
EK202310190602,141.96
EK202310106408,137.95
EK202310233717,142.62
EK202310203927,136.5
EK202310106512,133.31
EK202310208972,142.08
EK202310156588,162.03
EK202310242168,141.34
EK202310123091,140.82
EK202310199389,156.23
EK202310154978,148.76
EK202310158716,133.92
EK202310159396,154.6
EK202320005678,169.48
EK202310110183,132.04
EK202310225959,138.91
EK202310225303,134.64
EK202310108877,147.46
EK202310237629,143.98
EK202310211593,130.81
EK202310151540,157.16
EK202310149041,149.17
EK202310147417,143.87
EK202310229267,141.16
EK202310194169,129.98
EK202310130855,142.7
EK202310218381,145.39
EK202310131759,140.71
EK202310159130,156.31
EK202310181380,149.69
EK202310154840,156.15
EK202310155113,145.53
EK202310190213,139.02
EK202310125761,164.51
EK202310228436,146.52
EK202310245583,143.11
EK202310138440,146.93
EK202310153292,134.03
EK202310114994,131.8
EK202310172366,148.18
EK202310124479,143.7
EK202310184003,165.19
EK202310179734,135.3
EK202310185315,143.07
EK202310247954,147.08
EK202310146620,140.86
EK202310171244,159.47
EK202310134666,146.93
EK202310220005,136.06
EK202310156110,141.29
EK202310207825,160.96
EK202310168883,143.78
EK202310136483,137.79
EK202310196952,162.49
EK202310196373,134.01
EK202310118816,143.72
EK202310165110,139.86
EK202310142607,158.86
EK202310168946,141.18
EK202310105295,150.79
EK202310106334,131.75
EK202310105612,135.63
EK202310119938,140.64
EK202310192361,160.4
EK202310195020,145.17
EK202310129686,136.12
EK202320005926,170.88
EK202310210500,135.12
EK202310139090,149.84
EK202310138528,153.28
EK202310201466,143.64
EK202310230750,135.88
EK202310148719,143.52
EK202310150803,136.92
EK202310216988,134.09
EK202310111431,129.85
EK202310185972,150.04
EK202310195667,171.01
EK202310140854,158.99
EK202310210882,141.64
EK202310233837,138.0
EK202320006073,170.05
EK202310196309,168.28
EK202310206916,151.94
EK202310226122,134.27
EK202320006289,155.32
EK202310226436,138.64
EK202310169442,159.96
EK202310241543,142.4
EK202310217591,142.45
EK202310140276,131.76
EK202320007784,145.79
EK202310149529,142.8
EK202320007633,152.16
EK202310119859,153.31
EK202310230599,132.53
EK202310140256,132.04
EK202310155491,129.49
EK202310132167,152.88
EK202310224240,163.98
EK202310110704,137.07
EK202310140659,130.71
EK202310209654,138.59
EK202310210751,134.27
EK202310114252,142.36
EK202310131050,138.27
EK202310176400,139.43
EK202310225146,138.07
EK202310218218,141.74
EK202310199879,141.19
EK202310233661,135.89
EK202310225646,130.29
EK202310141379,136.31
EK202320006182,147.96
EK202310173692,133.42
EK202310177607,134.6
EK202310233946,137.48
EK202310126324,130.57
EK202310191584,142.25
EK202310162051,149.38
EK202310217086,138.08
EK202310175283,144.56
EK202310161464,167.22
EK202310175429,144.43
EK202310162548,159.03
EK202310124184,131.07
EK202310175929,153.74
EK202310162414,143.71
EK202310243129,129.84
EK202310157428,167.58
EK202310155573,138.89
EK202310163052,134.72
EK202310206064,141.3
EK202310248323,134.42
EK202310168056,165.4
EK202310128927,150.41
EK202310139485,152.61
EK202310242735,139.1
EK202310134082,133.75
EK202310104455,132.66
EK202310159631,155.26
EK202310212803,146.28
EK202310104486,144.96
EK202310194508,141.67
EK202310147608,153.22
EK202310150343,139.92
EK202310231361,136.78
EK202310170149,148.25
EK202320005932,169.3
EK202310211081,132.18
EK202310164819,155.19
EK202310182415,146.63
EK202310129406,147.03
EK202310186466,129.51
EK202310116340,133.3
EK202310177218,152.57
EK202310207532,141.83
EK202310222391,127.49
EK202310176449,157.22
EK202310245955,132.31
EK202310193130,138.43
EK202310158757,131.22
EK202310227627,132.77
EK202310136426,133.26
EK202310130279,169.83
EK202310140320,140.11
EK202310208976,144.21
EK202310140233,149.18
EK202310111236,147.7
EK202310106947,151.02
EK202310225392,136.29
EK202310156828,150.1
EK202310169518,130.55
EK202310112332,145.64
EK202310157079,167.88
EK202310113908,140.56
EK202310228518,137.08
EK202310162931,138.41
EK202310209191,132.81
EK202310170787,140.75
EK202310123235,140.29
EK202310155678,132.37
EK202310164712,138.42
EK202310124306,135.02
EK202310209118,139.78
EK202310198258,133.02
EK202310234831,136.82
EK202310226914,141.52
EK202310202181,139.96
EK202310181074,123.55
EK202310231524,133.65
EK202310159999,140.27
EK202310214159,158.04
EK202310104655,134.45
EK202310191665,156.45
EK202310226912,135.24
EK202310229568,130.98
EK202320006366,160.83
EK202310158803,139.74
EK202310218310,138.94
EK202310204232,143.73
EK202310186641,144.99
EK202310145275,143.78
EK202310215048,155.93
EK202310155714,134.63
EK202310154842,145.53
EK202310131202,142.05
EK202310166844,146.87
EK202310209974,146.47
EK202310111411,144.39
EK202310208383,135.64
EK202310228239,137.5
EK202310220185,139.41
EK202310177863,136.78
EK202310191386,155.96
EK202310176540,143.18
EK202310128361,140.81
EK202310127737,152.43
EK202310205567,149.13
EK202310110038,134.71
EK202310135018,170.11
EK202310152829,168.24
EK202310106061,138.16
EK202310234328,162.07
EK202310179105,160.57
EK202310106635,139.56
EK202310133437,126.37
EK202310163497,140.16
EK202310170389,130.83
EK202310176900,154.05
EK202310218778,143.23
EK202310188856,149.76
EK202310195987,168.81
EK202310139386,150.8
EK202310220080,144.49
EK202310132718,138.09
EK202310184630,169.01
EK202310175811,132.23
EK202310109074,131.33
EK202310237543,135.6
EK202310229949,137.73
EK202310174243,133.07
EK202310185313,137.88
EK202310150933,161.34
EK202310114721,142.72
EK202310168635,135.84
EK202310188341,146.17
EK202310213705,132.58
EK202310239073,137.32
EK202310163500,134.84
EK202310208351,134.12
EK202310106450,137.17
EK202310115408,129.29
EK202310223788,135.36
EK202310243905,136.1
EK202310173232,135.72
EK202310147240,158.67
EK202310170514,151.15
EK202310150951,128.52
EK202310116493,138.7
EK202310195983,158.59
EK202310152131,128.19
EK202310104754,144.62
EK202310205406,137.17
EK202310160153,150.62
EK202310221221,132.18
EK202310160257,157.65
EK202310137708,143.84
EK202310115489,148.67
EK202310137151,135.66
EK202310227780,128.69
EK202310214472,159.24
EK202310133088,158.33
EK202310239663,162.91
EK202310215474,137.11
EK202310183236,141.61
EK202310214837,137.21
EK202310187923,135.88
EK202310197935,156.23
EK202310140273,141.02
EK202310117788,131.28
EK202310170592,138.75
EK202310156315,136.6
EK202310166296,143.16
EK202310156678,145.74
EK202310197364,153.91
EK202310004739,138.5
EK202310133626,142.43
EK202310199623,144.96
EK202310159296,168.76
EK202310192767,153.67
EK202310148778,148.52
EK202310156041,145.79
EK202310186950,143.36
EK202310236558,138.49
EK202310213585,135.42
EK202310184418,144.53
EK202310140115,145.38
EK202310163224,135.41
EK202310228835,139.32
EK202310162030,150.14
EK202310168987,134.54
EK202310221729,156.36
EK202310181909,138.17
EK202310149566,155.5
EK202310149852,140.69
EK202310246189,137.59
EK202310173822,152.87
EK202320006684,162.79
EK202310151342,150.52
EK202310004964,144.52
EK202310167966,139.09
EK202310184397,131.85
EK202310200638,144.27
EK202310181195,150.74
EK202310149384,140.72
EK202310192111,148.77
EK202310119248,146.34
EK202310150757,145.34
EK202310105899,126.91
EK202310109147,148.01
EK202310003890,139.59
EK202310136861,152.56
EK202310209403,145.74
EK202310143496,130.03
EK202310171668,134.38
EK202310168536,134.14
EK202310216195,147.43
EK202310117347,145.77
EK202310208923,141.65
EK202310239643,145.87
EK202310206445,140.32
EK202310104049,145.36
EK202310228180,138.25
EK202310116347,138.84
EK202310205059,144.09
EK202310248120,134.54
EK202310171398,150.82
EK202310161887,140.74
EK202310208795,151.49
EK202310211198,145.26
EK202310175547,145.29
EK202310168520,153.49
EK202310212595,129.35
EK202310116251,146.98
EK202320007851,151.42
EK202310106764,128.22
EK202310187318,133.65
EK202310158705,148.93
EK202310185110,141.3
EK202310170152,146.28
EK202310195607,152.54
EK202310111449,128.66
EK202310153841,162.33
EK202310167617,168.96
EK202310114265,146.46
EK202310133143,145.04
EK202310158293,149.9
EK202310181702,148.72
EK202310212416,135.51
EK202310231600,135.98
EK202310230507,134.14
EK202310223031,134.16
EK202310180391,131.51
EK202310177543,152.44
EK202310218831,145.91
EK202310223265,138.84
EK202310109405,140.39
EK202310138084,140.74
EK202310144834,137.13
EK202310119130,143.81
EK202310241445,142.83
EK202310187813,123.14
EK202310233825,154.32
EK202310163582,135.63
EK202310152391,133.24
EK202310236241,138.43
EK202310179557,141.04
EK202310004239,156.33
EK202310218905,134.7
EK202310132305,128.88
EK202310230005,143.38
EK202310210560,139.62
EK202310216882,147.08
EK202310176911,146.36
EK202310136229,137.58
EK202310106054,141.75
EK202310195370,141.04
EK202310173198,128.59
EK202310173224,143.86
EK202310192049,155.08
EK202310119480,140.23
EK202310173031,140.14
EK202310141972,156.64
EK202310146369,147.53
EK202310242801,134.63
EK202310206809,146.6
EK202310185734,132.8
EK202310139207,152.07
EK202310210887,129.96
EK202310105956,150.16
EK202310163503,136.02
EK202310123765,136.33
EK202310232619,148.23
EK202310205867,140.01
EK202310158665,152.12
EK202310236631,140.01
EK202310190792,142.44
EK202310210386,137.78
EK202310200450,143.28
EK202310174140,129.23
EK202310138770,135.17
EK202310237110,127.61
EK202310164459,151.38
EK202310132579,140.07
EK202310196378,138.73
EK202310193320,147.39
EK202310232595,167.1
EK202310130509,141.11
EK202310109357,154.63
EK202310231395,137.97
EK202310193035,159.89
EK202310213027,150.02
EK202310138622,140.28
EK202310193234,147.35
EK202310185497,140.96
EK202310228201,136.02
EK202310230916,134.02
EK202310219136,129.55
EK202310229694,134.88
EK202310242998,140.29
EK202310118461,145.84
EK202310147273,139.4
EK202310112383,141.17
EK202310161078,168.96
EK202310164392,164.48
EK202310111127,139.35
EK202310169688,135.52
EK202310111033,143.94
EK202310118526,135.13
EK202310190143,157.83
EK202310232739,137.05
EK202310199403,145.62
EK202310168879,151.45
EK202310140593,135.75
EK202310003734,146.05
EK202310234646,136.94
EK202310133170,138.85
EK202310181389,133.11
EK202310173177,149.83
EK202310164882,133.38
EK202310191760,155.61
EK202310234933,163.36
EK202310164012,137.66
EK202310207434,148.36
EK202310198243,131.94
EK202310162062,147.65
EK202310124086,142.68
EK202310159310,148.81
EK202310241058,141.36
EK202310179083,142.51
EK202310175051,132.39
EK202310149452,154.24
EK202310230416,138.0
EK202310187500,157.03
EK202310183313,143.67
EK202310237296,144.5
EK202310214789,139.78
EK202310180222,141.34
EK202310122939,148.02
EK202310181965,143.46
EK202310228380,143.93
EK202310159058,142.82
EK202310188976,150.1
EK202310172452,137.82
EK202310215052,145.26
EK202310247517,156.25
EK202310156349,142.19
EK202310242723,140.13
EK202310107972,137.65
EK202310153284,142.85
EK202310142419,145.97
EK202310202260,140.28
EK202310169840,163.66
EK202310229959,142.11
EK202310112101,145.08
EK202310170405,133.72
EK202310187604,144.61
EK202310226938,140.5
EK202310170407,137.94
EK202310188787,140.57
EK202310157751,150.04
EK202310110049,137.21
EK202310171605,141.08
EK202310225647,135.16
EK202310160034,135.45
EK202310104086,142.63
EK202310133846,132.83
EK202310149687,150.58
EK202310237643,146.46
EK202310240693,138.79
EK202310209107,148.96
EK202310152954,147.44
EK202310107042,138.19
EK202310147766,134.43
EK202310157864,134.88
EK202310132609,145.01
EK202310198224,142.29
EK202310181372,157.29
EK202310107536,142.25
EK202310107339,129.81
EK202310231880,154.25
EK202310121562,135.46
EK202310219911,128.59
EK202310111456,147.11
EK202310230174,131.31
EK202310123273,139.84
EK202310130394,144.56
EK202310125858,138.43
EK202310148270,154.41
EK202310158632,137.46
EK202310131026,132.2
EK202310204177,145.21
EK202310116255,151.65
EK202310149497,141.09
EK202310105304,153.51
EK202310188432,125.86
EK202310153241,160.97
EK202310143739,144.49
EK202310157045,142.2
EK202310221281,137.78
EK202310183812,151.24
EK202310237731,126.38
EK202310157369,143.98
EK202310162985,147.85
EK202310120645,145.2
EK202310222168,136.53
EK202310185855,148.55
EK202310208538,146.92
EK202310176660,152.45
EK202310004357,138.54
EK202310131180,149.49
EK202310239429,142.5
EK202310143219,146.1
EK202310117261,135.0
EK202310185385,143.6
EK202320006967,155.96
EK202310133649,151.03
EK202310124686,141.3
EK202310158040,129.97
EK202310196688,142.72
EK202310191616,141.59
EK202310115678,126.04
EK202310147246,144.4
EK202310143506,145.76
EK202310151678,128.76
EK202310154413,150.56
EK202310140205,134.8
EK202310220100,138.98
EK202310125163,145.75
EK202310220961,127.96
EK202310230382,130.88
EK202310235095,134.1
EK202310161057,155.27
EK202310118114,139.69
EK202310170808,134.39
EK202310134456,143.36
EK202310200301,142.14
EK202310159200,152.11
EK202310238472,139.2
EK202310128987,134.03
EK202310108858,139.94
EK202310226102,135.89
EK202310113124,129.82
EK202310225235,137.22
EK202310179343,138.34
EK202310178389,149.32
EK202310119599,129.31
EK202310244023,133.4
EK202310156102,139.62
EK202310130216,159.43
EK202310234897,133.61
EK202310187102,128.16
EK202310239290,132.21
EK202310136586,138.02
EK202310108466,138.88
EK202310230613,141.57
EK202310152593,147.07
EK202310196010,163.18
EK202310226253,135.94
EK202310203216,149.52
EK202310166883,136.87
EK202310129487,140.44
EK202310105043,150.16
EK202310138902,140.08
EK202310202724,142.63
EK202310201811,152.8
EK202310175242,138.22
EK202310114269,128.53
EK202310231260,134.89
EK202310104135,142.41
EK202310157818,135.42
EK202310182339,151.82
EK202310147937,133.04
EK202310200292,135.75
EK202310230177,132.96
EK202310162469,140.11
EK202310204330,144.94
EK202310139204,150.1
EK202310130100,132.9
EK202310155710,150.06
EK202310233995,138.01
EK202310184497,149.04
EK202310164378,144.71
EK202310219862,144.48
EK202310125493,134.54
EK202310154947,149.78
EK202310177743,141.42
EK202310183365,130.35
EK202310195017,135.2
EK202310111369,137.49
EK202310225082,167.22
EK202310155429,136.5
EK202310226852,141.17
EK202310180504,161.8
EK202310181743,163.23
EK202310003997,148.71
EK202310205645,140.87
EK202310115820,139.9
EK202310162941,145.14
EK202310180586,140.22
EK202310220916,136.78
EK202310202555,157.94
EK202310149995,139.49
EK202310119295,160.61
EK202310187858,144.89
EK202310237992,139.37
EK202310213952,149.54
EK202310123029,135.59
EK202310147096,146.71
EK202310223097,129.27
EK202310166215,134.95
EK202310004720,150.22
EK202310163572,128.71
EK202310162607,141.71
EK202310126965,159.98
EK202310140141,139.07
EK202310177046,144.18
EK202310197851,155.15
EK202310117189,133.42
EK202310210540,144.44
EK202310177596,135.98
EK202310155696,138.07
EK202310175690,149.53
EK202310219739,130.88
EK202310003649,132.88
EK202310175576,149.73
EK202310178878,139.13
EK202310211266,135.36
EK202310141670,146.3
EK202310159615,152.99
EK202310234233,142.73
EK202310229461,136.18
EK202310205036,145.99
EK202310225181,139.09
EK202310191452,151.81
EK202310146939,143.32
EK202310182164,153.43
EK202310170225,160.7
EK202310194220,141.13
EK202310197061,158.43
EK202310173373,138.3
EK202310209119,142.15
EK202320006628,165.09
EK202310136886,126.53
EK202310159668,135.79
EK202310204891,141.82
EK202310246209,146.94
EK202310198151,148.74
EK202310111528,133.4
EK202310181657,139.01
EK202310110692,139.95
EK202310187777,166.16
EK202310180038,127.68
EK202310107931,130.9
EK202310186808,137.77
EK202310229289,143.03
EK202310223469,145.03
EK202310124329,130.65
EK202310181534,143.17
EK202310132729,143.74
EK202310121382,141.06
EK202320006815,171.81
EK202310199820,147.77
EK202310148775,149.49
EK202310160487,131.79
EK202310225148,163.38
EK202310144291,143.86
EK202310177549,156.36
EK202310195485,138.58
EK202310183864,160.29
EK202310120532,131.93
EK202310170076,131.99
EK202310195740,141.54
EK202310179595,127.03
EK202320007837,147.91
EK202310184046,133.58
EK202310171869,148.54
EK202310223256,137.87
EK202310233904,136.71
EK202310247327,161.91
EK202310127761,141.23
EK202310131174,137.36
EK202310112799,138.95
EK202310121242,144.28
EK202310220124,137.63
EK202310118386,143.17
EK202310111074,153.05
EK202310182197,140.15
EK202310138009,136.44
EK202310205273,163.67
EK202310118039,140.7
EK202310126134,146.39
EK202310130337,147.18
EK202310106788,136.68
EK202310167682,147.95
EK202310146264,137.06
EK202310138461,121.45
EK202310218689,128.22
EK202310176319,159.0
EK202310118958,133.75
EK202310167604,145.92
EK202310205793,133.45
EK202310104740,133.32
EK202310166561,135.37
EK202310110675,135.02
EK202310201775,144.11
EK202310188302,169.47
EK202310167994,141.16
EK202310135487,146.83
EK202310168143,144.16
EK202310204808,141.62
EK202310151944,156.87
EK202310224341,141.24
EK202310111538,167.34
EK202310122316,132.45
EK202310178272,153.47
EK202310174655,139.76
EK202320006786,174.33
EK202310170761,147.71
EK202310117836,144.03
EK202310197808,157.28
EK202310236038,168.29
EK202310147177,150.46
EK202310226210,138.08
EK202310128001,137.57
EK202310150524,159.68
EK202310128526,139.97
EK202310126204,133.93
EK202310117271,141.44
EK202310176809,140.58
EK202310169896,151.05
EK202310241503,133.59
EK202310159411,161.78
EK202310168543,151.52
EK202310196558,136.13
EK202310163150,152.58
EK202310235581,136.97
EK202310233161,138.4
EK202310190473,155.78
EK202310196173,136.1
EK202310208613,134.35
EK202310177724,131.85
EK202310175056,140.07
EK202310111228,148.58
EK202310234828,129.29
EK202310121915,149.17
EK202310220373,143.68
EK202310145989,144.65
EK202310246664,150.22
EK202310239676,142.88
EK202310223963,135.94
EK202310210083,148.76
EK202310165601,138.12
EK202310211271,145.41
EK202310179038,138.76
EK202310112961,150.4
EK202310141004,143.73
EK202310150784,161.64
EK202310174865,150.39
EK202310123688,131.95
EK202310190962,149.33
EK202310192255,137.17
EK202310192265,138.75
EK202310193019,145.4
EK202310114602,140.73
EK202310110286,129.5
EK202310163569,132.96
EK202310174927,156.88
EK202310204027,147.2
EK202310197637,135.25
EK202310190376,141.86
EK202310146945,136.5
EK202310149841,138.36
EK202310170965,160.95
EK202310107183,145.82
EK202310163517,136.26
EK202310203286,146.3
EK202310146022,136.57
EK202310111432,135.66
EK202310202147,154.76
EK202310139521,164.76
EK202310214439,159.74
EK202310178903,142.42
EK202310123729,136.76
EK202310199058,148.91
EK202310136770,143.55
EK202310226727,147.83
EK202310223073,131.15
EK202310200813,151.8
EK202310123891,139.07
EK202310122410,140.87
EK202310213591,133.48
EK202310247671,166.2
EK202310168753,130.33
EK202310227492,136.5
EK202310121230,136.56
EK202310162300,154.34
EK202310138673,144.17
EK202310177419,145.16
EK202310221047,144.19
EK202310199069,138.7
EK202310124433,150.91
EK202310152193,164.7
EK202310221750,138.14
EK202310111508,142.63
EK202310225858,140.93
EK202310244419,166.36
EK202310139413,146.72
EK202310156930,141.88
EK202310160323,159.66
EK202310140167,144.96
EK202310106834,147.29
EK202310116024,130.01
EK202310221867,134.12
EK202310158833,157.87
EK202310123702,137.77
EK202310192686,131.35
EK202310210956,139.62
EK202310142282,145.47
EK202310138282,150.51
EK202310224531,134.27
EK202310165971,138.5
EK202310161662,147.58
EK202310109830,138.1
EK202310149086,155.4
EK202310128457,154.83
EK202310146894,141.65
EK202310153536,130.37
EK202310137317,138.23
EK202310109096,139.44
EK202310188535,142.92
EK202310193279,136.61
EK202310229951,142.9
EK202310110507,134.95
EK202310158912,141.81
EK202310121939,149.46
EK202310133006,142.97
EK202310123534,135.51
EK202310116590,132.04
EK202310225727,142.83
EK202310121585,121.31
EK202310204778,134.55
EK202310185473,156.33
EK202310210130,149.7
EK202310148836,156.85
EK202310119653,147.45
EK202310198898,132.14
EK202310248089,155.25
EK202310139296,146.9
EK202310179982,167.66
EK202310237915,132.21
EK202310158701,137.86
EK202310200383,146.92
EK202310123263,130.89
EK202310120640,132.42
EK202310164686,154.39
EK202310172560,141.81
EK202310112120,145.94
EK202310111450,129.5
EK202310127176,169.9
EK202310155228,138.34
EK202310122785,167.71
EK202310129726,163.82
EK202310202138,148.27
EK202310174059,131.96
EK202310241322,145.89
EK202310240201,143.55
EK202310152861,162.42
EK202310190128,162.73
EK202310142222,152.47
EK202310239282,146.88
EK202310123815,127.37
EK202310135342,146.79
EK202310165056,144.71
EK202310197918,138.58
EK202310152287,144.12
EK202310118776,145.79
EK202310204594,141.65
EK202310207755,137.76
EK202310202942,137.11
EK202310115468,134.94
EK202310196078,155.42
EK202310208592,150.28
EK202310138579,138.07
EK202310221870,130.24
EK202310104365,152.11
EK202310240461,143.54
EK202310189760,141.16
EK202310190187,137.47
EK202310221590,147.74
EK202310195095,138.64
EK202310209962,136.89
EK202310236666,130.56
EK202310163532,138.51
EK202310200231,131.67
EK202310166801,137.77
EK202310137829,142.12
EK202310178645,135.77
EK202310132257,130.95
EK202310116109,137.17
EK202310170340,139.38
EK202320005685,162.41
EK202310110254,130.18
EK202310142286,143.74
EK202310113972,134.43
EK202310173627,171.24
EK202310161526,162.55
EK202310199255,141.95
EK202310127635,144.6
EK202310230652,138.21
EK202310162047,142.21
EK202310187427,140.37
EK202310183777,159.58
EK202310209587,143.78
EK202310206498,145.08
EK202310212354,133.34
EK202310124840,134.86
EK202310120474,134.46
EK202310145470,134.64
EK202310193235,141.98
EK202310173946,139.86
EK202310139407,145.3
EK202310172298,132.91
EK202310172477,162.69
EK202310136836,130.68
EK202310153000,148.3
EK202310227011,137.42
EK202310116524,140.76
EK202310182080,151.09
EK202310172447,155.83
EK202310202778,144.72
EK202310173634,135.81
EK202310233498,152.48
EK202310147033,147.86
EK202310229276,136.31
EK202310149539,136.15
EK202310169898,153.27
EK202310140444,136.41
EK202310148794,147.77
EK202310168225,147.93
EK202310122509,134.25
EK202310200433,148.23
EK202310147275,149.63
EK202310173524,144.78
EK202310172383,139.41
EK202310162443,147.53
EK202310136680,153.82
EK202310145392,131.99
EK202310128822,144.78
EK202310178947,130.69
EK202310161017,138.15
EK202310117154,140.26
EK202310191847,141.04
EK202310235861,149.15
EK202310144219,136.66
EK202310163279,152.11
EK202310123158,135.36
EK202310130523,149.71
EK202310149646,149.39
EK202310135587,134.07
EK202310206712,147.71
EK202310114144,140.29
EK202310143984,133.46
EK202310247715,136.98
EK202310166729,151.51
EK202310166588,141.43
EK202310104103,144.53
EK202310180245,159.37
EK202310147372,162.27
EK202310153045,135.35
EK202310218342,134.87
EK202310178452,142.3
EK202310215610,158.46
EK202310125820,138.4
EK202310145000,138.93
EK202310123565,136.24
EK202310119232,134.13
EK202310121655,130.79
EK202310220009,153.17
EK202310108478,176.1
EK202320006810,156.07
EK202310164302,139.07
EK202310127527,140.97
EK202310158421,150.19
EK202310130473,132.79
EK202310191209,151.86
EK202310151031,129.48
EK202310242418,135.57
EK202310117038,152.52
EK202310169468,162.01
EK202310155518,130.66
EK202310160439,146.6
EK202310137675,137.96
EK202310129243,139.4
EK202310161476,156.7
EK202310117393,143.58
EK202310183468,146.7
EK202310136137,134.93
EK202310186954,157.23
EK202310149506,154.99
EK202310138751,142.29
EK202310210563,147.2
EK202310153823,161.62
EK202310109991,141.68
EK202310163957,164.75
EK202310213655,136.46
EK202310200962,156.32
EK202310161409,169.79
EK202310153656,155.59
EK202310135461,124.7
EK202310192428,149.83
EK202310125512,139.79
EK202310217273,155.26
EK202310154096,157.39
EK202310230788,137.65
EK202310178884,131.3
EK202310172461,146.45
EK202320007592,142.07
EK202310199895,144.18
EK202310239443,138.05
EK202310123294,133.57
EK202310177951,142.6
EK202310203901,167.36
EK202310133270,150.56
EK202310150003,151.93
EK202310173535,142.15
EK202310177996,135.47
EK202310177998,139.45
EK202310105111,140.42
EK202310132782,140.95
EK202310147465,157.4
EK202310189373,147.58
EK202310212915,150.62
EK202310192950,140.29
EK202310116860,137.27
EK202310219235,137.54
EK202310159602,170.27
EK202310004247,145.21
EK202310108971,144.66
EK202310188852,150.05
EK202310139403,146.49
EK202310234630,138.3
EK202310003419,139.34
EK202310240718,134.06
EK202310139149,144.87
EK202310191432,144.05
EK202310150654,169.87
EK202310106818,142.02
EK202310238168,134.95
EK202310164496,138.02
EK202310187495,157.17
EK202310103974,151.83
EK202310109251,135.29
EK202310120857,129.2
EK202310170330,149.49
EK202310173297,142.44
EK202310140255,145.72
EK202310139229,137.75
EK202310174339,147.26
EK202310241642,153.71
EK202310124888,138.46
EK202310182131,146.84
EK202310204239,132.32
EK202310168111,142.98
EK202310121789,133.44
EK202310140719,148.61
EK202310192995,140.52
EK202310117846,133.54
EK202310116879,135.18
EK202310146348,137.41
EK202310161368,169.97
EK202310176187,150.09
EK202310003798,132.0
EK202310147169,149.11
EK202310130622,137.26
EK202310246544,168.4
EK202310153051,154.39
EK202310185995,146.9
EK202310110814,132.62
EK202310151121,134.81
EK202310219095,132.69
EK202310110404,131.86
EK202310144409,139.5
EK202310187391,136.46
EK202310149764,144.96
EK202310201310,153.57
EK202310236862,134.08
EK202310137394,144.8
EK202310141967,141.31
EK202310116050,128.22
EK202310207103,134.82
EK202310004907,140.46
EK202310151090,143.85
EK202310172058,151.01
EK202310115937,133.54
EK202310200500,135.87
EK202310197265,165.19
EK202310156808,149.27
EK202310210778,137.0
EK202310178848,143.06
EK202310189222,150.97
EK202310245286,140.96
EK202310201625,136.6
EK202310245649,140.43
EK202310149643,134.88
EK202310136510,146.55
EK202310122753,136.9
EK202310246817,144.37
EK202310210226,136.57
EK202310172695,141.46
EK202310170665,157.98
EK202310142911,142.63
EK202310169874,138.32
EK202310198233,157.91
EK202310207245,137.94
EK202310123010,157.72
EK202310237178,131.58
EK202310199794,145.56
EK202310150744,141.2
EK202310230791,139.62
EK202310219009,129.07
EK202310156827,154.41
EK202310128134,145.78
EK202310106985,128.33
EK202310169339,159.06
EK202310235910,148.07
EK202310234586,138.13
EK202310225660,126.53
EK202310004833,137.54
EK202310197506,141.97
EK202310165175,154.06
EK202310133623,159.78
EK202310188944,140.39
EK202310195388,152.42
EK202310136775,148.52
EK202310123115,131.58
EK202310236860,138.69
EK202310144494,136.99
EK202310229026,137.92
EK202310135882,140.85
EK202310212362,142.03
EK202310159458,134.13
EK202310208432,138.63
EK202310157240,123.81
EK202310209343,153.54
EK202310214206,145.49
EK202310178372,151.01
EK202310243735,136.76
EK202310148264,140.04
EK202310137796,146.04
EK202310124924,143.47
EK202310236432,137.76
EK202310175676,141.97
EK202310235955,136.02
EK202310198947,139.13
EK202310134055,141.08
EK202310174001,145.76
EK202310115167,153.49
EK202310127593,149.83
EK202310158302,155.89
EK202310212755,145.87
EK202310240947,129.84
EK202310149996,144.04
EK202310150238,126.5
EK202310235315,141.75
EK202310112303,133.0
EK202310162832,147.26
EK202310168734,127.18
EK202310144612,130.27
EK202310141463,141.64
EK202310186157,136.08
EK202310196629,166.22
EK202310177781,136.46
EK202310214576,169.07
EK202310213457,139.38
EK202310109319,137.74
EK202310140409,155.16
EK202310159595,146.71
EK202310221635,135.24
EK202310156425,146.18
EK202310151139,128.61
EK202310122849,139.74
EK202310149074,156.54
EK202310242259,143.08
EK202310164229,163.47
EK202310193843,146.76
EK202310206163,139.12
EK202310226035,134.45
EK202310152221,148.37
EK202310105803,140.82
EK202310226363,132.06
EK202310154688,154.6
EK202310176650,129.28
EK202310145747,136.28
EK202310211584,130.81
EK202310220442,137.46
EK202310205364,143.91
EK202310247943,140.32
EK202310211494,142.13
EK202310223193,139.19
EK202310192188,164.89
EK202310182827,152.92
EK202310232562,151.46
EK202310133290,127.74
EK202310158696,135.61
EK202310217289,138.49
EK202310160255,152.73
EK202310153931,135.61
EK202310152474,137.51
EK202310202098,136.7
EK202310222372,150.81
EK202310122551,134.15
EK202310189977,164.31
EK202310235124,144.86
EK202310230811,139.5
EK202310139101,155.88
EK202310172491,139.39
EK202310217910,127.55
EK202310111343,129.97
EK202310003655,140.84
EK202310143114,142.72
EK202310199189,132.03
EK202310216615,135.83
EK202310191841,142.23
EK202310125751,152.86
EK202310138803,153.91
EK202310164581,146.46
EK202310208664,149.6
EK202310110520,139.84
EK202310121702,152.35
EK202310217544,133.15
EK202310230128,143.13
EK202310143116,139.42
EK202310240904,127.34
EK202310119417,158.62
EK202310140166,133.76
EK202310173685,146.92
EK202310183555,148.44
EK202310184119,141.13
EK202310107937,146.27
EK202310212966,143.38
EK202310161552,158.53
EK202310176844,135.84
EK202310106215,131.9
EK202310114075,136.96
EK202310130063,141.53
EK202310205703,134.8
EK202310197515,136.92
EK202310211815,132.66
EK202310201003,145.61
EK202310230991,136.06
EK202310117518,145.81
EK202310197246,153.86
EK202310172663,133.08
EK202310139483,146.09
EK202310129316,163.95
EK202310152009,147.31
EK202310202611,139.38
EK202310226354,139.91
EK202310117193,138.93
EK202310118713,141.67
EK202310172411,166.77
EK202310219644,142.28
EK202310213531,136.22
EK202310242803,137.63
EK202310152661,149.93
EK202310152241,135.08
EK202310229787,141.12
EK202310242437,136.59
EK202310108706,147.12
EK202310185541,156.27
EK202310164254,153.17
EK202310169434,143.76
EK202310140161,135.59
EK202310140926,162.66
EK202310144378,136.94
EK202310207675,131.48
EK202310176041,137.65
EK202310179507,159.01
EK202310217262,134.84
EK202310212384,132.95
EK202310236809,135.75
EK202310210937,126.81
EK202310146509,146.27
EK202310208359,140.3
EK202310196964,139.87
EK202310121297,143.09
EK202310125054,136.26
EK202310150801,138.75
EK202310124068,146.01
EK202310217152,152.18
EK202310213127,139.36
EK202310138002,135.78
EK202310137999,139.47
EK202310120368,150.69
EK202310139442,147.29
EK202310130726,131.73
EK202310227013,134.65
EK202310120427,143.11
EK202310178312,147.14
EK202310174421,139.55
EK202310152720,160.12
EK202310244641,137.78
EK202310207759,140.02
EK202310150664,150.84
EK202310130175,159.77
EK202310218396,136.19
EK202310200848,138.72
EK202310169858,141.68
EK202310167529,153.57
EK202310105681,140.33
EK202310120146,135.33
EK202310119589,146.38
EK202310116721,135.48
EK202310167292,139.97
EK202310184949,162.24
EK202310114495,138.87
EK202310196817,139.65
EK202310247795,134.91
EK202310182295,154.2
EK202310104403,138.95
EK202310145319,136.4
EK202310180791,151.57
EK202320006323,152.25
EK202310240533,143.93
EK202310127909,156.32
EK202310127901,149.4
EK202310152050,128.24
EK202310129455,140.0
EK202310109106,154.59
EK202310131756,139.5
EK202310237136,134.4
EK202310120314,142.05
EK202310148251,151.18
EK202310138226,143.24
EK202310109018,143.38
EK202310208749,142.1
EK202310003722,141.96
EK202310231839,133.25
EK202310221232,132.77
EK202310216059,130.89
EK202310225575,145.78
EK202310106813,145.71
EK202310165461,144.61
EK202310233667,146.32
EK202310155049,135.3
EK202310114377,149.85
EK202310231905,131.9
EK202310205554,135.63
EK202310158652,129.31
EK202310178116,135.4
EK202310206509,147.76
EK202310203355,155.46
EK202310242205,159.41
EK202310133154,128.76
EK202310227076,143.82
EK202310138977,147.43
EK202310227762,133.2
EK202310176853,134.17
EK202310162306,141.91
EK202310210652,138.27
EK202310231471,134.37
EK202310198811,149.59
EK202310194755,139.86
EK202310213637,137.73
EK202310216935,165.86
EK202310148553,153.22
EK202310118079,134.32
EK202320006148,171.91
EK202310169315,146.74
EK202310215478,131.81
EK202310193163,153.64
EK202310166480,150.85
EK202310121860,138.15
EK202310229325,139.85
EK202310178140,141.62
EK202310217881,141.22
EK202310172603,146.8
EK202310172232,137.54
EK202310215413,148.55
EK202310200194,151.17
EK202310212870,142.19
EK202310152587,147.14
EK202310138105,141.26
EK202310184620,142.29
EK202310120222,137.04
EK202310181510,145.12
EK202310209297,143.02
EK202310114316,136.93
EK202310122992,147.31
EK202310169594,133.48
EK202310130080,132.83
EK202310133522,140.67
EK202310248335,143.62
EK202310146609,134.9
EK202310125379,136.44
EK202310138254,151.18
EK202310148644,135.4
EK202310142229,138.93
EK202310179390,162.7
EK202310122502,131.22
EK202310132067,138.43
EK202310139033,144.6
EK202310174868,149.88
EK202310135426,148.67
EK202310159611,138.94
EK202310201750,142.99
EK202310182771,147.79
EK202310168375,135.76
EK202310238925,140.04
EK202310220283,132.63
EK202310141586,146.96
EK202310121160,138.19
EK202310231913,138.74
EK202310180283,140.68
EK202310131842,159.61
EK202310188406,138.93
EK202310154032,153.76
EK202310108823,156.98
EK202310120117,143.19
EK202310247965,164.08
EK202310229128,165.97
EK202310150441,143.06
EK202310211128,140.96
EK202310185601,140.73
EK202310160008,143.77
EK202310229066,137.58
EK202310180392,128.23
EK202310119754,148.98
EK202310156284,138.68
EK202310202853,142.01
EK202310122376,163.03
EK202310233034,141.95
EK202310201718,138.49
EK202310195404,141.1
EK202320006623,162.64
EK202310172346,130.9
EK202310220369,147.95
EK202310133576,154.98
EK202310203386,167.7
EK202310125524,134.5
EK202310183338,133.91
EK202310199400,164.33
EK202310232929,128.27
EK202310144777,143.57
EK202310206148,134.77
EK202310163892,128.33
EK202310226194,128.83
EK202310229083,136.52
EK202310242355,143.35
EK202310153019,133.55
EK202310133725,159.62
EK202310237397,139.92
EK202310108761,137.67
EK202310202125,136.85
EK202310223149,144.35
EK202310211064,149.41
EK202310206726,165.49
EK202310239457,130.0
EK202310131359,134.3
EK202310225966,171.38
EK202310162670,140.46
EK202310112377,147.92
EK202310161138,129.97
EK202310143575,132.01
EK202310140582,134.94
EK202310106691,144.94
EK202310106388,131.47
EK202310132651,131.64
EK202310235986,149.68
EK202310116284,144.54
EK202310243775,161.89
EK202310129332,155.88
EK202310004513,129.52
EK202310148366,132.39
EK202310127277,146.82
EK202310197024,144.07
EK202310132043,131.89
EK202310109603,133.69
EK202310119816,143.27
EK202310183299,143.43
EK202310157782,147.63
EK202310240073,144.48
EK202310124263,135.8
EK202310118878,136.89
EK202310159933,135.76
EK202310235851,141.1
EK202310199705,166.93
EK202310121857,143.15
EK202310135337,153.46
EK202310116218,145.18
EK202310247152,136.79
EK202310213364,158.65
EK202310117331,144.15
EK202310220060,144.68
EK202310113433,159.05
EK202310200316,150.69
EK202310204117,145.96
EK202310142962,139.14
EK202310149474,148.78
EK202310156319,135.1
EK202310111297,135.42
EK202310149401,160.93
EK202310141738,141.89
EK202310219293,134.73
EK202310228805,137.8
EK202310232975,128.83
EK202310238431,142.97
EK202310191477,148.38
EK202310107521,151.78
EK202310126862,148.51
EK202310116842,146.99
EK202310220332,135.7
EK202310191222,148.05
EK202310142584,140.68
EK202310181821,137.38
EK202310193376,130.53
EK202310220744,135.05
EK202310146397,132.07
EK202310168910,135.91
EK202310230593,137.42
EK202310228617,135.28
EK202310155826,140.51
EK202310211936,141.74
EK202310210374,144.23
EK202310143369,142.98
EK202310226681,143.32
EK202310222110,146.11
EK202310237461,139.05
EK202310004906,145.71
EK202310242700,143.31
EK202310205947,132.74
EK202310178378,143.74
EK202310165711,153.84
EK202310169499,132.99
EK202310146580,147.02
EK202310213522,138.77
EK202310236119,164.41
EK202310223991,141.59
EK202310121767,154.29
EK202310188210,143.82
EK202310160523,133.98
EK202310109762,143.62
EK202310171055,137.38
EK202320006726,150.86
EK202310210705,131.27
EK202310152215,141.53
EK202310125726,135.03
EK202310172100,147.23
EK202310003880,138.5
EK202310128330,141.89
EK202310112999,139.5
EK202310201791,159.92
EK202310124897,135.46
EK202310218886,151.97
EK202310166286,149.47
EK202310214269,143.61
EK202310131160,144.73
EK202310189137,136.29
EK202310118145,144.5
EK202310182255,141.14
EK202310177007,151.43
EK202310205755,142.18
EK202310135629,137.35
EK202310232047,139.95
EK202310171967,145.7
EK202310184827,158.15
EK202310131897,169.35
EK202310152600,146.8
EK202310184315,156.8
EK202310106757,137.36
EK202310145774,138.03
EK202310134477,143.57
EK202310221434,136.07
EK202310183603,133.73
EK202310191157,146.42
EK202310182657,127.58
EK202310174889,168.18
EK202310118138,140.51
EK202310157349,142.34
EK202310143539,140.93
EK202310106752,140.28
EK202310163158,156.07
EK202310132302,133.2
EK202310198764,166.66
EK202310237390,140.68
EK202320006875,163.97
EK202310144420,139.48
EK202310238324,133.65
EK202310199756,145.03
EK202310226741,138.51
EK202310207205,164.13
EK202310180418,145.31
EK202310110312,134.21
EK202310119768,142.05
EK202310225430,144.12
EK202310217204,142.74
EK202320005824,156.39
EK202310199269,142.36
EK202310199501,141.14
EK202310158676,141.6
EK202310224293,136.17
EK202310232892,138.27
EK202310225252,160.79
EK202310113567,144.03
EK202310224840,132.77
EK202310109292,138.91
EK202310226200,133.35
EK202310239680,130.5
EK202310173548,139.82
EK202310235032,136.52
EK202310153501,133.23
EK202310124943,145.85
EK202310164539,138.14
EK202310230792,132.72
EK202310218099,138.27
EK202310229998,142.01
EK202310157394,143.59
EK202310226677,135.43
EK202310165785,136.68
EK202310148800,153.4
EK202310140528,154.1
EK202310110007,138.65
EK202310218212,135.49
EK202310237319,138.29
EK202310113425,133.23
EK202310193343,138.09
EK202310111647,142.86
EK202310219959,135.38
EK202310171010,153.02
EK202310113418,141.45
EK202310220109,137.97
EK202310231986,135.07
EK202310163423,131.18
EK202310155174,132.19
EK202310184525,141.4
EK202310229347,154.23
EK202310142923,146.17
EK202310210269,136.74
EK202310196636,134.72
EK202310158355,135.69
EK202310150025,160.81
EK202310208520,156.26
EK202310144006,139.93
EK202310142308,135.39
EK202310205760,149.38
EK202310237299,134.6
EK202310163552,141.97
EK202310221189,136.69
EK202310129583,139.23
EK202320007854,146.48
EK202310177946,141.4
EK202310184968,150.88
EK202310146300,137.3
EK202310104019,130.45
EK202310197813,146.22
EK202310175869,134.35
EK202310179266,135.1
EK202310167362,135.84
EK202310104210,135.32
EK202310202549,142.5
EK202310191743,143.6
EK202310166413,145.53
EK202310203749,135.19
EK202310165306,147.25
EK202310216846,145.34
EK202310198888,130.69
EK202310229697,134.97
EK202310105578,148.1
EK202310214588,155.2
EK202310201136,162.51
EK202310228123,138.43
EK202310110127,135.52
EK202310247206,152.52
EK202310121901,141.06
EK202310166880,161.54
EK202310118097,138.8
EK202310142606,152.44
EK202310181131,145.24
EK202310211240,130.89
EK202310240803,149.58
EK202310188331,136.42
EK202310190398,140.74
EK202310192965,145.49
EK202310238010,143.55
EK202310184509,152.7
EK202310156014,138.27
EK202310175583,142.27
EK202310155000,139.93
EK202310243443,161.13
EK202310218044,133.04
EK202310170653,148.99
EK202310182360,150.11
EK202310170068,131.57
EK202310217301,136.29
EK202310227388,137.86
EK202310168221,149.51
EK202310182297,133.72
EK202310222399,137.17
EK202310231989,136.33
EK202310170400,130.82
EK202310192873,156.34
EK202310227069,131.43
EK202310167053,136.43
EK202310127994,143.4
EK202310158796,151.15
EK202310185789,133.7
EK202310111478,137.64
EK202310175233,160.61
EK202310129973,134.37
EK202310172495,139.55
EK202310107866,145.07
EK202310124298,129.94
EK202310225001,133.1
EK202310124145,134.62
EK202310127463,125.81
EK202310136106,151.17
EK202310105453,134.5
EK202310175015,142.25
EK202310230922,142.04
EK202310238898,170.59
EK202310208522,154.18
EK202310178681,162.23
EK202310141116,144.88
EK202310004001,162.1
EK202310191798,134.72
EK202310201918,148.2
EK202310108606,143.34
EK202310220064,143.97
EK202310120614,135.0
EK202310131340,136.75
EK202310151419,164.26
EK202310221165,143.99
EK202310192641,147.83
EK202310191435,147.89
EK202310232224,131.68
EK202310224387,132.71
EK202310145906,136.16
EK202310230764,134.68
EK202310236583,138.07
EK202310157601,131.48
EK202310166668,145.42
EK202310244790,139.22
EK202310127133,142.61
EK202310004413,165.8
EK202310238475,132.66
EK202310136559,137.2
EK202310152026,150.61
EK202310180741,135.37
EK202310221752,139.45
EK202310228294,129.14
EK202310231601,142.16
EK202310238106,133.49
EK202310175909,144.24
EK202310165153,129.68
EK202310105565,133.92
EK202310185347,150.34
EK202310184004,157.25
EK202310183138,145.07
EK202310113152,141.77
EK202310199569,144.57
EK202310151037,150.12
EK202310106219,132.93
EK202310106185,142.27
EK202310164530,144.87
EK202310166239,143.48
EK202310108760,151.04
EK202310108861,139.48
EK202310177413,149.81
EK202310211129,130.88
EK202310229184,139.72
EK202310209428,159.59
EK202310228583,139.73
EK202310120692,148.5
EK202310137642,123.8
EK202310245435,137.82
EK202310159599,144.43
EK202310148010,148.45
EK202310129728,167.69
EK202310114201,141.91
EK202310207474,161.91
EK202310158602,151.42
EK202310197691,160.9
EK202310235040,140.75
EK202310129119,145.52
EK202310142174,148.93
EK202310191253,142.81
EK202310241141,141.21
EK202310144017,135.81
EK202310182852,143.42
EK202310243301,137.16
EK202310176307,155.37
EK202310209283,142.03
EK202310216003,136.3
EK202310246200,136.85
EK202310173196,135.26
EK202310122833,139.96
EK202310118540,142.41
EK202310168622,142.09
EK202310174271,139.04
EK202310201560,155.79
EK202310113325,131.38
EK202310172664,136.72
EK202310192162,153.68
EK202310134544,131.75
EK202310222337,152.52
EK202310199226,140.91
EK202310214101,156.58
EK202310188611,147.07
EK202310220799,138.07
EK202310184861,148.48
EK202310106782,136.64
EK202310232084,134.89
EK202310178435,146.9
EK202310165952,147.97
EK202310141382,145.43
EK202310163439,144.7
EK202310205428,139.06
EK202310178086,128.34
EK202310004022,165.0
EK202310114303,148.43
EK202310104436,138.99
EK202310240015,153.61
EK202310202741,158.07
EK202310226747,140.69
EK202310148639,139.17
EK202310117683,135.67
EK202310232945,128.32
EK202310220108,151.87
EK202310172683,141.2
EK202310104609,138.15
EK202310182165,140.38
EK202310112029,140.4
EK202310157969,148.85
EK202310120703,131.44
EK202310191410,137.13
EK202310156166,142.07
EK202310248074,148.89
EK202310175176,136.53
EK202310194239,141.63
EK202310162582,136.51
EK202310218787,128.93
EK202310228638,136.25
EK202310139489,161.24
EK202310210571,137.87
EK202310143902,142.08
EK202310198163,139.85
EK202310166041,159.88
EK202310242789,159.54
EK202310202040,160.5
EK202310194102,149.78
EK202310210845,135.84
EK202310193409,153.21
EK202310241561,146.88
EK202310129327,142.87
EK202310145599,166.41
EK202310155246,151.59
EK202310204706,132.77
EK202310218784,142.75
EK202310243990,149.3
EK202310137899,136.38
EK202310175650,132.8
EK202310234991,145.14
EK202310221501,138.53
EK202310117760,133.22
EK202310209924,132.97
EK202310158508,139.37
EK202310188607,149.1
EK202310176707,148.42
EK202310241804,160.22
EK202310130229,153.55
EK202310196748,138.8
EK202310226961,136.22
EK202310126275,134.41
EK202310182346,157.21
EK202310215287,149.06
EK202310186469,169.24
EK202310147351,138.88
EK202310227063,142.96
EK202310239630,140.55
EK202310202315,142.17
EK202310151573,137.07
EK202310229182,137.66
EK202310197801,138.33
EK202310247336,170.05
EK202310183064,138.69
EK202310200957,154.72
EK202310112953,138.31
EK202310185221,143.91
EK202310176129,150.38
EK202310171777,132.9
EK202310186071,147.34
EK202310206123,137.24
EK202310217431,146.95
EK202310171470,121.63
EK202310246028,146.03
EK202310145970,146.04
EK202310234938,127.52
EK202310156116,144.48
EK202310116714,142.22
EK202310212797,147.77
EK202310138938,145.83
EK202310148128,137.81
EK202310175673,137.0
EK202310238664,134.67
EK202310190836,138.55
EK202310196156,143.04
EK202310132459,139.1
EK202310159062,136.58
EK202310147832,163.62
EK202310116029,139.04
EK202310203822,137.8
EK202310223388,149.24
EK202310208656,151.58
EK202310003650,128.73
EK202310163159,133.46
EK202310188703,146.2
EK202310144864,133.43
EK202310156884,140.12
EK202310216506,144.6
EK202310220197,136.02
EK202310234667,141.48
EK202310203255,149.25
EK202310105960,131.13
EK202310115804,132.34
EK202310246112,139.93
EK202310168025,141.67
EK202310178472,140.86
EK202310181975,137.07
EK202310132905,141.74
EK202310113841,133.97
EK202320007828,169.21
EK202310192867,148.14
EK202310109054,131.78
EK202310236216,143.22
EK202310170777,139.39
EK202310166144,138.11
EK202310201844,146.92
EK202310123470,142.21
EK202310224526,129.67
EK202310151158,135.97
EK202310184295,145.25
EK202310124272,140.14
EK202310162944,147.17
EK202310224817,132.99
EK202310172859,147.14
EK202310137191,134.02
EK202310140281,137.23
EK202310114907,139.83
EK202310122165,139.08
EK202310215454,136.96
EK202310243142,133.02
EK202310164187,145.23
EK202310225253,134.24
EK202310174458,166.19
EK202310176969,145.65
EK202310219479,127.17
EK202310119494,149.46
EK202310123405,142.5
EK202310231534,129.87
EK202310222489,136.92
EK202310111149,150.24
EK202310184714,139.73
EK202310196844,150.86
EK202310232521,136.45
EK202310184622,166.95
EK202310118852,136.59
EK202310168516,149.73
EK202310178071,138.9
EK202310149839,136.23
EK202310184305,156.53
EK202310222961,134.58
EK202310197108,148.95
EK202310244680,134.54
EK202310164685,157.12
EK202310153568,148.93
EK202310204533,151.92
EK202310243304,141.79
EK202310122606,138.85
EK202310107843,144.76
EK202310195481,139.55
EK202310195622,138.52
EK202310185200,138.3
EK202310127597,147.42
EK202310145627,128.8
EK202310157400,131.23
EK202310226857,142.68
EK202310127964,144.26
EK202310179573,141.11
EK202310212013,138.33
EK202310226545,138.13
EK202310166825,143.97
EK202310163867,161.19
EK202310196745,144.19
EK202310109208,143.27
EK202310205143,149.98
EK202310136525,137.71
EK202310159137,144.57
EK202310238980,140.69
EK202310121185,139.12
EK202310142061,142.89
EK202310198507,136.48
EK202310184870,150.04
EK202310155208,144.0
EK202310124725,131.14
EK202310103880,140.52
EK202310246880,143.23
EK202310190191,132.19
EK202310241383,140.23
EK202310109761,143.35
EK202310218045,145.64
EK202310208985,141.15
EK202310126092,133.3
EK202310247678,151.25
EK202310137747,144.74
EK202310201825,147.04
EK202310130845,137.93
EK202310239295,129.79
EK202310166294,142.94
EK202310211671,137.68
EK202310248376,133.43
EK202310188903,146.66
EK202320006661,173.2
EK202310157204,156.11
EK202310222542,133.09
EK202310182598,136.12
EK202310128634,153.17
EK202310137926,141.85
EK202310197018,133.41
EK202310184643,164.83
EK202310217014,141.65
EK202310200280,139.35
EK202310183028,137.78
EK202310106142,132.0
EK202310103822,133.07
EK202310157052,141.95
EK202310122614,137.18
EK202310155664,139.66
EK202310165913,136.73
EK202310191203,145.74
EK202310119226,133.92
EK202310234080,153.04
EK202310196735,149.95
EK202310149314,143.38
EK202310155188,137.91
EK202310114860,143.17
EK202310118865,152.09
EK202310160832,136.54
EK202320006619,171.7
EK202310127739,133.91
EK202310115501,132.41
EK202310166491,165.61
EK202310197828,156.33
EK202310242137,138.95
EK202310235787,136.63
EK202310220464,145.24
EK202310112649,141.77
EK202310110214,134.14
EK202310164835,147.2
EK202310204462,129.14
EK202310187862,166.37
EK202310131273,133.26
EK202310128020,145.38
EK202310204211,160.2
EK202310208246,136.97
EK202310166450,140.74
EK202310171141,142.19
EK202310159355,150.79
EK202310194303,157.34
EK202310214928,135.46
EK202310122215,143.72
EK202310175732,153.31
EK202310195150,149.59
EK202310160826,139.17
EK202310159966,153.57
EK202310158608,133.23
EK202310243112,160.56
EK202310109607,146.26
EK202310149652,145.24
EK202310110860,140.32
EK202310232156,138.87
EK202310178087,132.55
EK202310196125,146.09
EK202310178589,152.0
EK202310146655,134.65
EK202310176638,145.72
EK202310183451,136.71
EK202310238783,141.15
EK202310180591,141.79
EK202310180161,154.11
EK202310160060,143.28
EK202310234699,140.11
EK202310113916,144.96
EK202310227268,134.38
EK202310237635,148.81
EK202310182258,137.87
EK202310193859,146.02
EK202310153659,146.88
EK202310203955,144.99
EK202310236094,138.38
EK202310187734,161.49
EK202310216149,135.08
EK202310168413,154.09
EK202310116401,143.85
EK202310201191,172.36
EK202310190480,127.73
EK202310161074,164.54
EK202310140353,142.69
EK202310173633,140.05
EK202310158068,135.03
EK202310154103,141.77
EK202310113546,144.99
EK202310204238,126.31
EK202310104944,133.13
EK202310234535,136.47
EK202310126859,164.02
EK202310117542,148.98
EK202310210903,128.99
EK202310157130,141.73
EK202310145116,136.52
EK202310208124,142.9
EK202310245982,150.21
EK202310133043,145.48
EK202310149054,147.48
EK202310190190,139.04
EK202320006047,149.34
EK202310134850,137.05
EK202310202384,134.47
EK202310154117,143.53
EK202310133365,140.39
EK202310108193,140.09
EK202310203056,151.89
EK202310149046,138.83
EK202310165578,145.94
EK202310186659,161.53
EK202310196955,156.41
EK202310197552,166.77
EK202310212202,133.45
EK202310224513,133.9
EK202310004468,156.76
EK202310216094,133.38
EK202310230966,126.57
EK202310118412,136.61
EK202310247101,144.12
EK202310178117,145.13
EK202310219876,144.8
EK202310215307,154.0
EK202310218134,152.95
EK202310221530,138.88
EK202310154982,148.47
EK202310182970,132.58
EK202310214235,157.56
EK202310220158,133.09
EK202310104394,136.72
EK202310111159,126.41
EK202310158577,129.53
EK202310110382,134.67
EK202310133639,135.18
EK202310246509,152.67
EK202310149660,144.45
EK202310168884,136.18
EK202310243940,138.2
EK202310191906,147.12
EK202310127477,136.39
EK202310225432,136.19
EK202310233319,140.82
EK202310162668,152.33
EK202310148695,158.11
EK202310178807,167.41
EK202310106771,138.83
EK202310155396,142.94
EK202310189899,160.28
EK202310106717,147.03
EK202310232588,136.02
EK202310226348,136.15
EK202310109931,139.14
EK202310226884,146.65
EK202310213466,136.33
EK202310121691,128.19
EK202310198701,164.64
EK202310131737,145.17
EK202310166136,158.99
EK202310116855,144.85
EK202310138351,147.55
EK202310191381,153.07
EK202310003663,133.73
EK202310172884,167.29
EK202310185550,141.37
EK202310148380,134.96
EK202310149387,162.08
EK202310236333,137.74
EK202310199352,150.69
EK202310137894,142.89
EK202310133727,160.95
EK202310178526,149.04
EK202310189610,158.08
EK202310109350,142.84
EK202310218617,137.23
EK202310109125,169.23
EK202310163826,137.89
EK202310130248,166.05
EK202310221541,141.19
EK202320006518,149.17
EK202310229391,141.55
EK202310211450,149.1
EK202310193482,148.51
EK202310198828,147.88
EK202310183006,136.95
EK202310003501,133.78
EK202310121041,139.54
EK202310211350,134.39
EK202310246075,142.53
EK202310127204,148.02
EK202310234563,136.42
EK202310139042,141.34
EK202310171256,147.52
EK202310139647,140.68
EK202310122462,137.4
EK202310144293,139.18
EK202310168436,136.54
EK202310120536,138.41
EK202310166379,141.48
EK202310180256,144.3
EK202310246761,158.67
EK202310219864,151.14
EK202310190068,177.05
EK202310181556,140.97
EK202310230597,127.96
EK202310130866,152.98
EK202310205037,148.14
EK202310209585,145.09
EK202310185564,166.48
EK202310176944,143.28
EK202310176381,138.84
EK202310141448,147.51
EK202310148056,140.44
EK202310182965,137.86
EK202310135422,141.07
EK202310122191,137.32
EK202310145667,161.39
EK202310202035,132.96
EK202310136887,133.42
EK202310200020,133.66
EK202310184127,163.97
EK202310107122,131.08
EK202310134379,140.42
EK202310211319,138.14
EK202310212855,145.49
EK202310242461,160.25
EK202310200853,134.21
EK202310200401,163.98
EK202310189295,170.76
EK202310105500,136.12
EK202310128584,136.93
EK202310209825,147.03
EK202310204586,146.13
EK202310179426,162.32
EK202310180912,142.5
EK202310173571,151.97
EK202310112070,151.53
EK202310199038,145.42
EK202310126021,134.85
EK202310155509,143.09
EK202310197401,134.06
EK202310107626,149.62
EK202310105142,147.49
EK202310243059,134.52
EK202310174039,138.06
EK202310201047,146.17
EK202310204579,149.04
EK202310187739,145.0
EK202310181773,147.52
EK202310128097,150.09
EK202310222975,154.67
EK202310132503,151.44
EK202310188182,161.99
EK202310133046,150.42
EK202310176947,151.82
EK202310167628,138.86
EK202310134899,130.4
EK202310115714,130.49
EK202310225258,125.6
EK202310181522,142.54
EK202310190839,156.31
EK202310217264,138.73
EK202310123146,158.75
EK202310142906,152.45
EK202310165063,142.91
EK202310004149,150.15
EK202310222025,129.97
EK202310201396,151.04
EK202310140521,162.89
EK202310190410,159.31
EK202310237623,133.44
EK202310207648,143.65
EK202310150068,154.07
EK202310199516,142.5
EK202310214499,163.73
EK202310193968,139.5
EK202310199178,126.37
EK202310226312,139.37
EK202310171202,146.43
EK202310136385,158.3
EK202310240675,149.0
EK202310131075,150.37
EK202310213481,135.88
EK202310212831,144.35
EK202310163142,147.74
EK202310107446,133.67
EK202310157890,140.34
EK202310214663,137.2
EK202310163666,133.01
EK202310117353,142.0
EK202310209794,136.89
EK202310123734,146.95
EK202310224602,137.61
EK202310218073,145.32
EK202310247816,150.34
EK202310234711,139.29
EK202310145443,150.61
EK202310246298,152.95
EK202310110010,141.83
EK202310159895,154.83
EK202310111143,140.63
EK202310209834,135.63
EK202310209444,147.39
EK202310192938,134.95
EK202310132559,131.12
EK202310152101,150.47
EK202310180196,137.07
EK202310194423,133.01
EK202310200390,144.77
EK202310180474,141.17
EK202310116603,146.26
EK202310171924,135.95
EK202310212746,155.63
EK202310146529,138.52
EK202310215859,150.58
EK202310141533,144.62
EK202310233067,138.1
EK202310214675,140.72
EK202310148386,141.81
EK202310168758,143.9
EK202310222971,137.95
EK202310109333,146.23
EK202310243241,143.49
EK202310146985,147.71
EK202310232878,168.77
EK202310234120,136.57
EK202310162882,153.1
EK202310190206,135.43
EK202310159348,165.57
EK202310201231,147.23
EK202310178530,168.52
EK202310189794,145.92
EK202310236784,132.87
EK202310175553,131.97
EK202310241797,142.25
EK202310114344,146.18
EK202310239590,152.4
EK202310227224,158.67
EK202310121744,137.34
EK202310003715,142.08
EK202310116073,134.71
EK202310197067,142.51
EK202310115532,140.58
EK202310217365,148.61
EK202310148754,153.24
EK202310109024,139.4
EK202310004073,137.1
EK202310198767,147.93
EK202310125904,137.97
EK202310189747,137.36
EK202310121824,152.71
EK202310183939,136.48
EK202310207963,136.09
EK202310004477,131.05
EK202310184855,136.11
EK202310121710,134.97
EK202310155103,136.82
EK202310127606,157.05
EK202310237460,133.77
EK202310189005,135.49
EK202310163144,167.87
EK202310195358,159.27
EK202310114203,124.27
EK202310200907,154.81
EK202310149290,148.93
EK202310186674,154.97
EK202310219434,133.89
EK202310113939,143.96
EK202310144604,132.29
EK202310202520,149.63
EK202310199251,145.6
EK202310171909,143.76
EK202310197493,144.76
EK202310200738,160.86
EK202310242193,158.0
EK202310166469,147.88
EK202310179577,156.43
EK202310199333,143.64
EK202310208438,139.6
EK202310243666,144.14
EK202310113305,139.62
EK202310189666,169.56
EK202310233041,134.29
EK202310127498,146.33
EK202310208207,136.7
EK202310161596,133.28
EK202310175979,153.67
EK202310222437,140.83
EK202310139352,142.34
EK202310120360,139.4
EK202310183484,145.92
EK202310206451,128.69
EK202310163448,159.93
EK202310113067,147.69
EK202310217739,124.45
EK202310120891,132.64
EK202310144456,137.39
EK202310243976,154.48
EK202310126697,133.78
EK202310221562,134.85
EK202310245501,132.38
EK202310227085,141.94
EK202310124539,142.82
EK202310113359,151.66
EK202310127238,146.72
EK202310186281,160.64
EK202310231780,138.48
EK202310218693,135.48
EK202310166062,140.02
EK202310194807,153.73
EK202310145164,154.23
EK202310139520,136.73
EK202310202232,150.11
EK202310106234,133.44
EK202310150099,132.55
EK202310148854,136.98
EK202310207751,144.9
EK202310119385,156.89
EK202310247407,136.69
EK202310187815,148.09
EK202310180649,153.07
EK202310169614,130.21
EK202320007494,147.57
EK202310123604,139.67
EK202310115115,136.76
EK202310247203,135.18
EK202310128939,138.98
EK202310151766,165.64
EK202310154684,147.77
EK202310147564,146.74
EK202310217040,149.52
EK202310219269,132.89
EK202310177587,137.95
EK202310172628,135.55
EK202310193264,156.97
EK202310204129,140.4
EK202310227714,138.65
EK202310174368,158.5
EK202310115514,133.76
EK202310114314,139.45
EK202320007053,158.34
EK202310196358,149.94
EK202310223590,128.22
EK202310186191,153.42
EK202310169460,161.6
EK202310206652,163.43
EK202310176776,164.22
EK202310112945,132.66
EK202310243798,143.76
EK202310173522,136.59
EK202310147691,144.62
EK202310221131,132.87
EK202310193542,139.4
EK202310110806,130.16
EK202310140872,145.82
EK202310115723,131.45
EK202310227673,136.32
EK202310104188,150.63
EK202310176128,139.47
EK202310179757,153.98
EK202310217690,130.01
EK202310114918,143.24
EK202310160022,150.34
EK202310117222,135.27
EK202310181651,153.41
EK202310202302,147.71
EK202310141935,134.63
EK202310166006,147.19
EK202310141835,164.14
EK202310113039,156.71
EK202310171526,135.79
EK202310231390,141.26
EK202310111326,133.99
EK202310104950,134.43
EK202310234139,145.25
EK202310207302,150.97
EK202310202018,126.77
EK202310205260,149.75
EK202310221441,162.77
EK202310174816,135.82
EK202310138649,139.81
EK202310208013,149.74
EK202310181493,141.13
EK202310243648,143.04
EK202310113262,140.88
EK202310171352,157.29
EK202310189555,139.42
EK202310154506,141.81
EK202310227922,136.35
EK202310243180,148.99
EK202310145403,134.45
EK202310229261,137.17
EK202310125086,138.38
EK202310188059,134.75
EK202310175935,160.77
EK202310104930,139.83
EK202310207696,142.26
EK202310176769,142.0
EK202310241580,135.27
EK202310128189,132.47
EK202310116358,133.5
EK202310203206,139.33
EK202310224617,130.43
EK202310216139,130.97
EK202310175157,138.05
EK202310148792,145.7
EK202310127748,140.95
EK202310183427,155.04
EK202310151784,139.94
EK202310202141,161.33
EK202310211204,149.7
EK202310230323,128.25
EK202310109892,134.09
EK202310187574,143.11
EK202310174395,137.25
EK202310205384,145.24
EK202310139355,137.54
EK202310161479,161.33
EK202310135561,134.85
EK202310165218,142.82
EK202310183022,158.15
EK202310125772,128.06
EK202310105325,137.4
EK202310205291,148.8
EK202310183115,134.32
EK202310142673,134.18
EK202310144959,136.11
EK202310156704,131.44
EK202310132122,132.47
EK202310174428,161.2
EK202310238510,138.4
EK202310004299,139.47
EK202310225687,149.47
EK202310152553,146.0
EK202310180231,144.67
EK202310189895,154.42
EK202310115789,132.94
EK202310107016,153.67
EK202310174702,136.06
EK202310184083,133.69
EK202310193580,163.12
EK202310217608,157.01
EK202310143791,142.86
EK202310171379,147.17
EK202310151018,136.06
EK202310167547,140.72
EK202310113875,144.83
EK202310242027,151.54
EK202310236948,141.88
EK202310241638,135.94
EK202320006399,141.51
EK202310155475,138.02
EK202310183498,148.28
EK202310175183,141.93
EK202310212112,141.43
EK202310219895,141.66
EK202310136160,156.01
EK202310237484,139.68
EK202310165481,132.36
EK202310240928,135.15
EK202310103807,137.32
EK202310138400,146.1
EK202310206371,127.76
EK202310194193,151.96
EK202310148048,153.1
EK202310215728,142.26
EK202310131760,141.37
EK202310123574,142.44
EK202310141515,141.73
EK202310237561,154.33
EK202310217955,140.59
EK202310208062,136.49
EK202310163578,136.21
EK202310116460,148.16
EK202310181932,167.64
EK202310190411,148.83
EK202310229861,136.51
EK202310246656,142.8
EK202310118260,144.3
EK202310115843,139.52
EK202310170542,148.12
EK202310189836,167.56
EK202310176951,145.39
EK202310116213,151.91
EK202310128876,127.94
EK202310210854,135.16
EK202310217897,141.66
EK202310213279,149.39
EK202310203346,144.41
EK202310111168,144.4
EK202310205607,136.41
EK202310181632,173.45
EK202310163875,141.52
EK202310106796,141.37
EK202310172056,170.3
EK202310195599,133.09
EK202310140727,135.15
EK202310208341,138.13
EK202310129380,141.49
EK202310140408,160.79
EK202310196671,160.04
EK202310164630,136.56
EK202310147505,140.03
EK202310110408,140.75
EK202310189343,153.29
EK202310232277,137.23
EK202310113134,133.7
EK202310154457,153.8
EK202310192875,139.06
EK202310116376,133.78
EK202310198131,132.61
EK202310200171,139.35
EK202310200642,156.84
EK202310123172,156.16
EK202310182386,146.49
EK202310148751,154.51
EK202310109301,137.86
EK202320007005,160.07
EK202310118442,147.98
EK202310132586,127.95
EK202310137853,136.67
EK202310175957,151.51
EK202310137878,144.05
EK202310141392,156.93
EK202310150895,136.83
EK202310234943,127.85
EK202310180019,156.27
EK202310118936,146.24
EK202310140493,137.79
EK202310175748,134.8
EK202310139140,143.41
EK202310194407,137.47
EK202310174235,133.74
EK202310171740,141.89
EK202310135496,161.49
EK202310219315,137.48
EK202310209481,152.22
EK202310142378,155.83
EK202310213131,148.24
EK202310126847,153.61
EK202310139757,137.45
EK202310166582,161.1
EK202310177776,146.35
EK202310179499,145.41
EK202310243445,137.47
EK202310176421,138.28
EK202310219058,139.13
EK202310108023,129.45
EK202310140417,164.45
EK202310130436,165.49
EK202320006321,168.73
EK202310220044,138.97
EK202310131037,134.01
EK202310248111,137.04
EK202310106861,136.65
EK202310110253,143.1
EK202310201245,146.87
EK202310138402,129.21
EK202310233866,168.33
EK202310003560,133.68
EK202310120345,133.38
EK202310201242,133.77
EK202310190427,143.13
EK202310148725,129.41
EK202320006763,152.89
EK202310196906,157.15
EK202310241763,148.56
EK202310204305,149.9
EK202310190705,153.19
EK202310107647,132.59
EK202310178205,148.69
EK202310226329,131.88
EK202310155075,147.5
EK202310161375,153.19
EK202310184194,158.75
EK202310146287,139.71
EK202310151428,152.67
EK202310169581,129.54
EK202310159986,147.69
EK202310235054,137.52
EK202310232794,151.59
EK202310237245,135.79
EK202310159951,164.29
EK202310137689,137.86
EK202310104122,128.91
EK202310237215,134.7
EK202310224167,155.27
EK202310165353,145.16
EK202310003464,133.66
EK202310146423,143.41
EK202310175125,137.7
EK202310229556,149.12
EK202310227408,136.83
EK202310243062,140.55
EK202310213464,136.96
EK202310111472,143.32
EK202310108233,141.68
EK202310223065,138.15
EK202310230558,140.18
EK202320006897,152.77
EK202310200032,131.35
EK202310187191,158.25
EK202310161900,152.7
EK202310121241,133.93
EK202310225448,137.6
EK202310227739,147.67
EK202310216508,147.66
EK202310233619,141.13
EK202310233918,135.68
EK202310202411,136.91
EK202310186765,155.2
EK202310241519,143.63
EK202310203547,149.38
EK202310186570,166.15
EK202310146153,123.71
EK202310226412,140.71
EK202310214773,161.32
EK202310141684,146.1
EK202310149333,145.79
EK202310144706,145.08
EK202310104027,147.43
EK202310109413,146.52
EK202310193755,148.44
EK202310166019,148.01
EK202310203410,153.68
EK202310211531,134.24
EK202310196157,148.47
EK202310244349,153.71
EK202310145494,134.39
EK202310212588,137.37
EK202310139780,137.93
EK202310240088,144.87
EK202310111166,151.46
EK202310188435,124.65
EK202310177633,141.46
EK202310112926,138.42
EK202310234867,136.42
EK202310185802,132.54
EK202310162594,167.38
EK202310180089,154.66
EK202310217336,129.97
EK202310192546,144.0
EK202310214169,137.43
EK202310140770,151.52
EK202310133498,159.12
EK202310118801,153.89
EK202310142404,153.35
EK202310147891,152.85
EK202310210538,135.05
EK202320007456,145.71
EK202310144587,143.12
EK202310124235,135.54
EK202310158438,154.45
EK202310215490,134.58
EK202310174451,145.25
EK202310212066,131.86
EK202310222526,144.42
EK202310188934,130.31
EK202310227893,135.42
EK202310181260,145.31
EK202310202577,139.49
EK202310120212,150.45
EK202310149119,154.9
EK202310154393,170.79
EK202310152225,131.83
EK202310105646,131.46
EK202310119351,129.99
EK202310148657,145.03
EK202310196509,142.6
EK202310194902,152.68
EK202310148288,141.49
EK202310215542,159.92
EK202310167939,153.65
EK202310167455,161.68
EK202310117792,130.37
EK202310173362,136.67
EK202310124739,166.55
EK202310175587,147.13
EK202310213185,141.11
EK202310152468,146.35
EK202310131120,148.99
EK202310124976,152.76
EK202310112499,160.25
EK202310195528,141.27
EK202310239210,135.52
EK202310142674,150.36
EK202310243104,145.64
EK202310237267,142.36
EK202310169374,131.73
EK202310234090,131.03
EK202310233816,153.19
EK202310196376,154.94
EK202310148225,146.83
EK202310228837,137.06
EK202310181830,146.61
EK202310191899,138.55
EK202310229263,130.51
EK202310141990,139.35
EK202310169654,152.04
EK202310123584,134.29
EK202310109674,136.5
EK202310106658,146.36
EK202310237324,138.9
EK202310133847,146.69
EK202310177544,133.56
EK202310123823,142.02
EK202310240866,128.46
EK202310200799,139.34
EK202310004956,125.27
EK202310109116,159.59
EK202310181159,146.39
EK202310128546,146.71
EK202310206764,141.29
EK202310203787,134.86
EK202310193227,142.76
EK202310157337,167.5
EK202310190691,160.84
EK202310126193,139.44
EK202310223219,129.04
EK202310161546,151.06
EK202310220676,145.27
EK202310142344,133.84
EK202310182666,133.82
EK202310217828,132.23
EK202310240257,138.81
EK202310125068,136.97
EK202310166358,154.37
EK202310177216,166.62
EK202310146952,141.32
EK202310199886,166.14
EK202310147741,149.97
EK202310143091,146.09
EK202310199575,135.29
EK202310187305,162.66
EK202310222496,150.89
EK202310216424,136.94
EK202310104377,151.06
EK202310227219,131.7
EK202310140922,151.5
EK202310165008,157.15
EK202310135583,143.5
EK202310171535,135.33
EK202310219272,137.35
EK202310120647,153.34
EK202310140490,138.58
EK202310173840,133.24
EK202310208109,130.55
EK202310175605,143.31
EK202310194297,146.37
EK202310116012,132.78
EK202310133738,132.29
EK202310003422,141.51
EK202310186980,154.0
EK202310157421,142.12
EK202310145922,129.5
EK202310203349,146.48
EK202310230457,173.57
EK202310230009,133.28
EK202310144393,157.62
EK202310155684,132.0
EK202310243499,141.28
EK202310148155,128.72
EK202310162141,140.23
EK202310202043,144.23
EK202310165608,142.09
EK202310193544,135.88
EK202310164222,137.74
EK202310154530,141.52
EK202310185022,138.38
EK202310167516,155.98
EK202310165006,141.32
EK202310138314,163.06
EK202310213702,132.89
EK202310223111,148.08
EK202310183009,125.43
EK202310175427,135.44
EK202310198303,128.79
EK202310142355,154.06
EK202310190847,145.58
EK202310165750,159.66
EK202310163376,138.82
EK202310146237,148.55
EK202310228171,137.66
EK202310222340,145.75
EK202310119317,137.94
EK202310209759,145.36
EK202310188992,144.43
EK202310236787,137.9
EK202310235111,149.44
EK202310192259,143.8
EK202320005738,150.42
EK202310143173,149.35
EK202310188740,145.15
EK202310106354,133.2
EK202310235348,140.6
EK202310234038,144.6
EK202310172622,166.23
EK202310172486,148.58
EK202310121194,128.09
EK202310221290,144.54
EK202310207879,141.0
EK202310114510,135.2
EK202310179068,141.15
EK202310163368,139.96
EK202310232807,141.26
EK202310120523,128.39
EK202310103969,146.81
EK202310004188,143.44
EK202310170648,146.36
EK202310139767,141.72
EK202310138473,160.06
EK202310235505,133.56
EK202310178729,131.33
EK202310246801,133.37
EK202310120603,136.32
EK202310114895,139.89
EK202310223798,131.01
EK202310128963,137.61
EK202310133013,134.2
EK202310180731,164.61
EK202310113860,137.61
EK202310201583,123.04
EK202310137449,133.66
EK202310149678,156.23
EK202310199061,141.81
EK202310206139,135.51
EK202310178048,146.34
EK202310206902,140.22
EK202310135879,149.52
EK202310118974,139.2
EK202310240661,162.53
EK202310247702,129.48
EK202310108959,142.98
EK202310139148,144.82
EK202310213608,134.85
EK202310200833,142.17
EK202310205491,161.05
EK202310151833,168.22
EK202310170507,138.06
EK202310204695,146.21
EK202310190993,151.91
EK202310181846,149.56
EK202310191614,149.54
EK202310146281,143.71
EK202310239715,144.36
EK202310224583,135.97
EK202310225752,138.12
EK202310004050,151.83
EK202310112334,128.65
EK202310178782,127.84
EK202310162090,138.59
EK202310221447,139.63
EK202310219812,148.0
EK202310161855,143.2
EK202310127861,144.4
EK202310114282,148.92
EK202310105617,129.83
EK202310209302,141.42
EK202310115118,158.75
EK202310003916,143.36
EK202310153698,151.15
EK202310229027,135.4
EK202310125705,139.12
EK202310123526,134.16
EK202310226530,136.07
EK202310136267,125.68
EK202310126875,151.17
EK202310219223,132.16
EK202310169669,142.57
EK202310136907,137.05
EK202310167168,133.86
EK202310225793,130.32
EK202310178640,150.37
EK202310130165,134.99
EK202310154261,137.12
EK202310220444,150.48
EK202310237028,146.68
EK202310165818,133.45
EK202310122598,137.18
EK202310220372,143.71
EK202310137417,132.56
EK202310143378,143.74
EK202310175009,144.68
EK202310211432,134.7
EK202310207842,136.6
EK202310180149,138.77
EK202310190554,143.02
EK202310223988,130.14
EK202310130954,141.61
EK202310116904,140.7
EK202310161528,159.9
EK202310148911,133.66
EK202310153873,160.57
EK202310144622,138.54
EK202320007179,162.28
EK202310213291,134.45
EK202310248459,138.44
EK202310129665,137.52
EK202310105584,132.49
EK202310223037,124.99
EK202310173189,134.42
EK202310174998,154.6
EK202310128550,132.43
EK202310192354,129.26
EK202310118760,128.19
EK202310131373,133.8
EK202310168865,137.04
EK202310105103,152.54
EK202310242757,137.44
EK202310164146,171.69
EK202310165707,159.23
EK202310157341,152.41
EK202310161673,167.44
EK202310203730,129.77
EK202310165334,144.01
EK202310149964,144.5
EK202310109435,137.0
EK202310105784,140.55
EK202310004512,126.59
EK202310129345,153.82
EK202310168741,140.18
EK202310225441,141.53
EK202310189863,137.68
EK202310181790,145.95
EK202310223107,137.03
EK202310117337,139.81
EK202310247125,151.39
EK202310146172,136.25
EK202310229871,138.67
EK202310167352,164.02
EK202310197659,170.38
EK202310237148,141.03
EK202310204685,156.73
EK202310241003,130.5
EK202310148969,148.5
EK202310217817,147.48
EK202310154285,141.76
EK202310241422,140.9
EK202310238083,151.46
EK202310177368,156.94
EK202310161506,146.44
EK202310159694,132.3
EK202310233873,135.95
EK202310159627,131.81
EK202310204809,143.08
EK202310221148,149.4
EK202310203840,134.44
EK202310175485,150.16
EK202310157943,151.23
EK202310166246,139.98
EK202310104784,139.15
EK202310123376,145.21
EK202310204029,162.94
EK202310185358,152.49
EK202310108669,145.14
EK202310236018,163.36
EK202310238742,142.71
EK202310111453,140.72
EK202310113005,148.02
EK202310234668,140.93
EK202310231883,128.74
EK202310170221,154.87
EK202310004896,132.25
EK202310161173,147.67
EK202310145172,136.83
EK202310173181,134.84
EK202310188825,136.66
EK202310179888,150.38
EK202310232212,134.0
EK202310162487,137.25
EK202310136794,149.04
EK202310169969,136.4
EK202310165477,135.23
EK202310177712,153.96
EK202310129186,134.75
EK202310127134,144.37
EK202310228641,136.15
EK202310195004,136.68
EK202310196656,136.1
EK202310129468,143.22
EK202320007200,145.44
EK202310153589,149.14
EK202310212764,161.53
EK202310205885,160.79
EK202310198505,133.9
EK202310222811,139.93
EK202310168127,157.11
EK202310143599,138.62
EK202310227359,138.9
EK202310135358,140.61
EK202310171217,158.87
EK202310191424,146.5
EK202310149689,170.51
EK202310195376,152.16
EK202310178299,151.4
EK202310210228,141.22
EK202310107326,135.13
EK202310152535,140.45
EK202310154473,143.01
EK202310174554,150.12
EK202310163286,140.46
EK202310111638,152.48
EK202310196108,157.53
EK202310212686,141.57
EK202310231718,138.86
EK202310137776,150.92
EK202310178405,150.51
EK202310117455,140.69
EK202310118568,143.86
EK202310222315,143.69
EK202310160822,140.88
EK202310118020,138.25
EK202310194677,166.32
EK202320006977,153.83
EK202310214502,159.71
EK202310146297,143.18
EK202320005953,174.17
EK202310200023,141.14
EK202310147399,149.64
EK202310110181,136.85
EK202310225409,167.07
EK202310107374,144.82
EK202310235775,136.99
EK202310154935,145.95
EK202310160129,152.87
EK202310136819,156.59
EK202310212339,134.47
EK202310186377,153.25
EK202310149686,164.23
EK202310137146,143.5
EK202310219413,131.71
EK202310224119,136.38
EK202310124397,136.0
EK202310118844,151.51
EK202310178888,130.6
EK202310203695,141.19
EK202310215102,128.51
EK202310116309,134.2
EK202310177340,153.92
EK202310155692,133.85
EK202310209761,131.84
EK202310192459,144.36
EK202310166094,141.61
EK202310106639,138.02
EK202310122597,135.37
EK202310176641,139.85
EK202310128106,138.34
EK202310164373,142.46
EK202310172650,134.33
EK202310161760,140.53
EK202310175173,136.51
EK202310220355,138.1
EK202310134340,130.18
EK202310200856,162.53
EK202310198775,167.12
EK202310237814,158.89
EK202310144745,149.3
EK202310116937,142.98
EK202310180183,149.01
EK202310123116,149.74
EK202310111360,136.83
EK202310218124,154.7
EK202310146929,150.79
EK202310144079,152.78
EK202310212540,160.55
EK202310206504,164.21
EK202310126991,131.54
EK202310159652,139.4
EK202310132965,147.49
EK202310203675,155.12
EK202310003467,131.38
EK202310178560,130.92
EK202310115094,135.41
EK202310127215,140.46
EK202310116379,139.78
EK202310121118,137.57
EK202310196670,136.09
EK202310159655,128.61
EK202310201991,137.24
EK202310173068,147.47
EK202310117260,143.6
EK202310130209,141.62
EK202310183122,132.93
EK202310216257,134.26
EK202310176511,151.39
EK202310187962,153.48
EK202310245277,144.39
EK202310181710,137.57
EK202310227487,133.96
EK202310210107,155.77
EK202310175757,138.22
EK202310229135,142.05
EK202310150766,142.63
EK202310164086,131.6
EK202310121488,136.65
EK202310122656,139.1
EK202310176310,145.78
EK202310207786,136.65
EK202310116196,130.88
EK202310166658,140.72
EK202320007269,178.07
EK202310240222,144.93
EK202310233074,134.17
EK202310003785,147.94
EK202310218333,136.84
EK202310199829,148.69
EK202310141201,132.81
EK202310152509,144.98
EK202310213008,143.87
EK202310234244,137.89
EK202310185496,142.5
EK202310123939,138.46
EK202310245118,135.28
EK202310126945,145.51
EK202310192940,137.89
EK202310154479,148.16
EK202310238968,138.98
EK202310220804,140.8
EK202310121547,139.16
EK202310156977,142.76
EK202310220913,133.66
EK202310153791,146.39
EK202310231371,134.24
EK202310155012,141.21
EK202310106729,135.39
EK202310121458,128.92
EK202310129298,144.39
EK202310185168,149.35
EK202310171342,158.11
EK202310182043,150.41
EK202310159692,153.96
EK202310198219,132.97
EK202310186486,160.78
EK202310194185,132.93
EK202310135060,167.01
EK202310151875,145.39
EK202310148212,135.89
EK202310158337,143.82
EK202310160093,149.78
EK202310176986,146.42
EK202310142751,167.3
EK202310186987,145.54
EK202310213398,138.79
EK202310227507,164.51
EK202310230539,135.43
EK202310233022,136.39
EK202310112067,137.38
EK202310191571,146.08
EK202310128575,139.81
EK202310116429,151.65
EK202310222260,127.34
EK202310167112,156.91
EK202310197671,137.29
EK202310133983,144.62
EK202310125081,136.9
EK202310165303,133.82
EK202310245022,133.59
EK202310168737,162.22
EK202310224066,139.32
EK202310112653,140.93
EK202310163794,135.55
EK202310177672,145.83
EK202310113138,127.24
EK202310198082,140.11
EK202310186324,144.94
EK202310245063,138.64
EK202310162008,138.13
EK202310187033,150.15
EK202310165002,138.91
EK202310179112,137.21
EK202310136261,145.51
EK202310107886,144.44
EK202310178081,160.85
EK202310107978,153.11
EK202310186291,164.8
EK202320006194,152.41
EK202310162147,135.27
EK202310145820,143.89
EK202310208270,139.66
EK202310244610,139.24
EK202310115965,131.71
EK202310173325,133.84
EK202310200487,140.36
EK202310151600,160.1
EK202310174873,146.31
EK202310154656,148.36
EK202310186158,161.91
EK202310159695,150.13
EK202310153171,161.16
EK202310116138,154.36
EK202310241920,122.88
EK202310172803,133.03
EK202310003408,130.91
EK202310113293,141.43
EK202310199063,142.87
EK202310151401,164.06
EK202310154601,135.1
EK202310111616,144.54
EK202310135809,141.5
EK202310123689,132.98
EK202310125344,131.44
EK202310204834,132.96
EK202310154600,130.15
EK202310171105,141.93
EK202310192374,144.72
EK202310137424,139.55
EK202310004414,139.66
EK202310157406,140.18
EK202310194870,159.61
EK202310184853,139.82
EK202310176587,142.92
EK202310211243,136.02
EK202310116843,152.04
EK202310167978,137.76
EK202310199028,154.55
EK202310178842,141.2
EK202310003563,160.49
EK202310113491,143.0
EK202310202425,135.75
EK202310156026,157.03
EK202310235868,130.76
EK202310129923,144.18
EK202310115347,145.26
EK202310136092,149.43
EK202310212411,129.74
EK202310198783,173.88
EK202310154295,137.33
EK202310132080,140.11
EK202310115510,134.66
EK202310186713,129.4
EK202310246486,118.37
EK202310220909,140.44
EK202310133930,149.12
EK202310230327,170.3
EK202310227578,149.11
EK202310147328,160.82
EK202310174500,129.4
EK202310121141,140.33
EK202310218136,151.22
EK202310187497,145.86
EK202310219497,133.54
EK202310158430,152.26
EK202310232072,137.81
EK202310161910,160.8
EK202310232257,135.75
EK202310109324,146.16
EK202310117586,137.8
EK202310145201,144.45
EK202310191458,145.6
EK202310163905,158.91
EK202310200681,141.58
EK202310190561,135.42
EK202310144363,149.42
EK202310196397,148.64
EK202310168831,135.15
EK202320007357,169.88
EK202310125955,143.48
EK202310210692,134.99
EK202310202677,142.7
EK202310212296,136.13
EK202310228282,135.7
EK202310198392,154.51
EK202310189017,146.71
EK202310184070,148.55
EK202320006398,165.36
EK202310221409,165.08
EK202310229971,134.58
EK202310202941,144.52
EK202310131905,134.1
EK202310112775,140.12
EK202310209245,133.05
EK202310185710,145.98
EK202310155827,133.84
EK202310158156,162.5
EK202310143080,145.42
EK202310217821,139.13
EK202310205060,144.57
EK202310152230,140.43
EK202310215647,142.94
EK202310216568,138.75
EK202310173496,139.67
EK202310132220,134.43
EK202310229606,133.82
EK202310197847,142.76
EK202310114444,134.75
EK202310212587,139.51
EK202310128678,141.09
EK202310129009,158.58
EK202310135868,138.11
EK202310004655,142.75
EK202310004666,133.58
EK202310172312,136.81
EK202310212324,132.89
EK202310234071,140.49
EK202310237714,132.64
EK202310227143,131.53
EK202310106080,155.3
EK202310115972,142.25
EK202310223416,144.21
EK202310185745,143.59
EK202310108584,154.77
EK202310244398,138.81
EK202310104476,146.04
EK202310243111,143.06
EK202310182118,124.14
EK202310231776,137.4
EK202310114793,139.0
EK202310107506,130.09
EK202310203271,146.39
EK202310206441,141.61
EK202310197006,135.9
EK202310213977,136.89
EK202310174608,154.83
EK202310126126,136.45
EK202310230545,136.94
EK202310103903,140.53
EK202310234105,156.83
EK202310165010,147.94
EK202310181940,146.81
EK202310118673,143.5
EK202310188868,150.12
EK202310170989,154.08
EK202310213961,152.3
EK202310236748,139.21
EK202310128144,144.12
EK202310131032,130.63
EK202310199927,139.9
EK202310228569,134.7
EK202310137099,144.1
EK202310216503,151.23
EK202310225348,136.29
EK202310188082,145.75
EK202310107466,147.48
EK202310119468,156.59
EK202310177435,135.52
EK202310226065,169.43
EK202310238474,136.43
EK202310178935,139.43
EK202310111288,145.82
EK202310231278,141.64
EK202310195743,157.09
EK202310177642,142.3
EK202310159731,148.43
EK202310233199,157.04
EK202310164963,149.86
EK202310108728,142.83
EK202310241516,133.13
EK202310114502,132.71
EK202310163597,136.58
EK202310194099,153.82
EK202310191390,141.76
EK202310136653,151.93
EK202310132780,150.14
EK202310192296,143.31
EK202310210820,132.9
EK202310157545,149.49
EK202310117978,134.22
EK202310128805,128.24
EK202310239206,136.4
EK202310184728,150.42
EK202310188346,133.51
EK202310115220,127.73
EK202310136091,167.85
EK202310187000,143.06
EK202310004481,142.49
EK202310142481,131.07
EK202310241665,124.96
EK202310172530,133.94
EK202310242247,145.32
EK202310201108,134.76
EK202310157151,149.76
EK202310248777,137.23
EK202310234150,141.56
EK202310245991,135.47
EK202310196183,143.1
EK202310112151,144.76
EK202310240040,154.29
EK202310122111,143.65
EK202310237646,147.63
EK202310236751,135.97
EK202310110678,132.14
EK202310175472,138.52
EK202310104032,141.13
EK202310130367,130.63
EK202310218178,176.17
EK202310190059,167.34
EK202310154040,131.32
EK202310104704,136.82
EK202310234675,138.2
EK202320007076,145.58
EK202310117416,143.9
EK202310106592,153.86
EK202310218855,142.5
EK202310112951,146.81
EK202310198510,141.87
EK202310170591,137.04
EK202310171607,144.82
EK202310188047,151.43
EK202310106176,135.32
EK202310139729,138.23
EK202310188177,145.51
EK202310216551,136.92
EK202310190746,153.61
EK202310198445,155.3
EK202310167557,143.14
EK202310232345,134.71
EK202310205089,153.44
EK202310200704,147.43
EK202310168328,165.92
EK202310117660,131.36
EK202310241204,143.38
EK202310219555,136.09
EK202310108822,144.13
EK202310178261,151.61
EK202310170803,142.41
EK202310180578,140.6
EK202310183233,150.92
EK202310214067,171.78
EK202310177910,140.26
EK202310184628,159.41
EK202310236640,134.31
EK202310189443,154.6
EK202310219770,128.59
EK202310188035,154.69
EK202310110194,147.24
EK202310244334,138.01
EK202310196346,159.32
EK202310239240,136.88
EK202310190697,146.6
EK202310183845,145.36
EK202310173568,152.49
EK202310122648,134.09
EK202310138573,139.28
EK202310107238,148.98
EK202310123716,145.0
EK202310222719,138.66
EK202310119574,135.42
EK202310106379,137.71
EK202310179487,168.05
EK202310204316,146.66
EK202310112072,146.35
EK202310103891,150.53
EK202310121527,150.56
EK202310147901,160.23
EK202310129747,157.77
EK202310216313,141.51
EK202310138904,138.68
EK202310148441,152.8
EK202310153870,133.73
EK202310108732,136.18
EK202310180949,147.7
EK202310108710,136.97
EK202310198670,140.16
EK202310150197,165.42
EK202310213492,136.45
EK202310136448,145.07
EK202310131230,141.88
EK202310231399,139.49
EK202310121599,153.5
EK202310179738,153.16
EK202310167476,158.34
EK202310131623,148.29
EK202310140730,146.4
EK202310144389,153.51
EK202310245102,138.94
EK202310132691,133.21
EK202310106449,135.41
EK202310167353,135.05
EK202310236989,125.99
EK202310111119,138.73
EK202310186689,168.4
EK202310209031,146.69
EK202310139037,145.75
EK202310158574,143.74
EK202310235776,126.94
EK202310149594,146.63
EK202310106989,148.31
EK202310207828,153.65
EK202310129283,141.8
EK202310103761,146.73
EK202310117820,128.46
EK202310170386,139.11
EK202310200918,143.1
EK202310104618,133.38
EK202310211311,137.5
EK202310217151,154.18
EK202310197688,156.61
EK202310141161,136.81
EK202310200723,143.27
EK202310192613,146.89
EK202310231385,138.61
EK202310161421,141.35
EK202310185090,149.21
EK202310118323,140.73
EK202310179435,140.65
EK202310246748,158.89
EK202310203308,128.69
EK202310166549,147.66
EK202310231043,138.31
EK202310144171,134.54
EK202310171076,152.18
EK202310234671,136.63
EK202310178258,151.58
EK202310123111,133.71
EK202310105273,149.69
EK202310232779,128.53
EK202310245923,135.56
EK202310232934,137.86
EK202310206444,150.07
EK202310199292,152.43
EK202310172407,150.56
EK202310110982,133.75
EK202310136670,149.16
EK202310196416,153.27
EK202310147370,144.79
EK202310203187,137.53
EK202310127574,145.95
EK202310223109,145.56
EK202310210815,139.03
EK202310132728,161.7
EK202310195728,135.13
EK202310162562,165.21
EK202310122166,146.11
EK202310133502,156.19
EK202310176748,134.14
EK202310149681,142.31
EK202310133367,157.61
EK202310233308,143.79
EK202310111956,142.93
EK202310213087,129.58
EK202310163861,139.15
EK202310183017,132.5
EK202310148049,147.73
EK202310159587,144.25
EK202310120104,160.36
EK202310173791,136.51
EK202310120609,130.72
EK202310120220,136.82
EK202310164643,141.68
EK202310242480,137.3
EK202310237393,131.82
EK202310110258,134.32
EK202310203310,154.93
EK202310244388,136.8
EK202310142420,147.77
EK202310127247,152.08
EK202310245410,134.04
EK202310198231,153.27
EK202310224714,128.5
EK202310112152,138.52
EK202310219634,143.58
EK202310120507,136.65
EK202310121024,147.26
EK202310162609,151.23
EK202310198139,136.83
EK202310115733,143.78
EK202310197648,174.93
EK202310152061,156.5
EK202310246184,134.81
EK202310175646,147.04
EK202310195357,155.33
EK202310180995,151.51
EK202320007602,150.99
EK202310125780,138.51
EK202310141209,135.99
EK202310241145,162.61
EK202310214473,168.34
EK202310104412,139.0
EK202310145300,141.97
EK202310178546,131.64
EK202310222192,133.9
EK202310003791,138.16
EK202310164084,139.2
EK202310247625,131.43
EK202310179777,133.45
EK202310204086,131.61
EK202310199051,145.97
EK202310199503,140.16
EK202310124201,144.66
EK202310111462,138.91
EK202310149507,156.73
EK202310149626,147.34
EK202310196221,146.94
EK202310241259,158.95
EK202310110599,142.29
EK202310234816,136.04
EK202310179926,139.16
EK202310158821,158.89
EK202310203000,146.83
EK202310162317,132.56
EK202310125499,140.16
EK202310171521,147.47
EK202310155121,136.43
EK202310246662,142.3
EK202310222404,132.16
EK202310119271,147.32
EK202310179293,139.53
EK202310162370,144.05
EK202310185317,143.62
EK202310192836,148.07
EK202310197187,149.22
EK202310119438,139.36
EK202310154800,144.36
EK202310162887,140.89
EK202310114407,140.23
EK202310107541,154.47
EK202310165391,147.64
EK202310114222,145.39
EK202310108463,145.64
EK202310160505,145.5
EK202310175819,133.95
EK202310224211,134.67
EK202310181094,154.61
EK202310209683,150.04
EK202310144068,168.46
EK202310185016,158.48
EK202310242866,132.58
EK202310136700,142.42
EK202310129667,142.9
EK202310185490,149.69
EK202310180615,134.49
EK202310106120,135.78
EK202310139529,126.97
EK202310208712,158.35
EK202310202493,146.54
EK202310127493,150.03
EK202310185646,143.68
EK202310236048,130.76
EK202310215422,138.39
EK202310154768,152.1
EK202310156660,136.86
EK202310215522,132.22
EK202310191431,161.21
EK202310219661,139.19
EK202310111217,127.09
EK202310142283,143.55
EK202310152451,148.29
EK202310131900,147.18
EK202310118813,147.21
EK202310158474,145.84
EK202310206038,178.85
EK202310140824,139.82
EK202310193053,138.43
EK202310239738,139.01
EK202310183514,170.07
EK202310228473,137.28
EK202310187727,140.32
EK202310208678,138.73
EK202310151445,145.86
EK202310129744,138.49
EK202310242221,143.12
EK202310140908,138.86
EK202310213034,147.86
EK202310162066,145.91
EK202310166091,143.32
EK202310168349,136.92
EK202310204830,139.64
EK202310119237,133.36
EK202310177687,141.74
EK202310194046,136.74
EK202310120099,130.34
EK202310139982,162.9
EK202310172126,137.04
EK202310225892,132.47
EK202310204605,144.94
EK202310166382,146.93
EK202310164816,152.14
EK202310118373,128.19
EK202310141696,139.72
EK202310229964,147.91
EK202310127949,152.74
EK202310239375,170.98
EK202310173625,140.38
EK202310141849,161.01
EK202310115485,139.98
EK202310129234,154.42
EK202310105793,141.84
EK202310158046,140.14
EK202310192078,142.22
EK202310211785,136.61
EK202310194018,161.84
EK202310223067,137.51
EK202310131851,157.33
EK202310146819,135.48
EK202310240643,144.71
EK202310156305,146.44
EK202310207011,130.67
EK202310225288,143.99
EK202310246090,159.31
EK202310159743,140.53
EK202310160951,161.16
EK202310164394,148.16
EK202310172687,138.71
EK202310157664,139.38
EK202310186799,139.24
EK202310177813,146.08
EK202310135564,144.57
EK202310109869,135.01
EK202310232529,133.33
EK202310190796,148.58
EK202310157371,144.85
EK202310248440,144.86
EK202310236433,135.1
EK202310155362,144.4
EK202310178291,151.64
EK202310236912,145.04
EK202310104076,134.78
EK202310192380,130.35
EK202310138804,146.43
EK202310151241,136.32
EK202310199540,137.21
EK202310173988,128.32
EK202310173002,137.02
EK202310243625,146.03
EK202310193531,139.9
EK202310114242,136.37
EK202310138736,141.53
EK202310190347,141.65
EK202310236408,140.47
EK202310120734,163.92
EK202310199091,144.96
EK202310163422,132.64
EK202310204728,137.58
EK202310130979,142.07
EK202310183928,140.21
EK202310149172,151.24
EK202310112222,148.31
EK202310135593,165.18
EK202310116248,134.3
EK202310139060,160.31
EK202310119677,164.92
EK202310158107,134.2
EK202310132346,149.03
EK202310134894,148.95
EK202310136486,139.52
EK202310129929,168.78
EK202310105561,129.37
EK202310154663,136.33
EK202310170691,150.16
EK202310129385,132.73
EK202310201900,160.35
EK202310167771,149.12
EK202310157806,147.32
EK202310149813,155.74
EK202310176321,138.69
EK202310114996,146.38
EK202310190897,150.41
EK202310166461,140.46
EK202310137821,132.41
EK202310112150,144.98
EK202310192173,142.07
EK202310173654,143.6
EK202310220329,147.98
EK202310202774,158.25
EK202310150939,136.31
EK202310155941,139.38
EK202310185382,152.1
EK202310237219,138.43
EK202310244185,136.85
EK202310221987,134.24
EK202310193216,150.31
EK202310145019,139.32
EK202310193312,157.35
EK202310121038,142.28
EK202310210609,148.03
EK202310198874,143.2
EK202310144516,149.12
EK202310110453,134.8
EK202310135805,140.39
EK202310128896,133.49
EK202310183544,144.58
EK202310181264,145.66
EK202310204958,152.52
EK202310168271,142.54
EK202310219179,129.13
EK202310224962,143.81
EK202310210604,135.0
EK202310159739,162.0
EK202310132707,143.87
EK202310105567,150.19
EK202310226814,143.82
EK202310217907,135.35
EK202310199396,146.72
EK202310105066,142.11
EK202310200675,132.54
EK202310237294,143.1
EK202310157377,140.28
EK202310229136,139.93
EK202310186430,138.5
EK202310163802,131.71
EK202310142202,162.23
EK202310195256,146.84
EK202310004248,155.3
EK202310195944,134.28
EK202310152129,147.86
EK202310235567,141.14
EK202310239108,165.63
EK202320007089,145.88
EK202310188372,161.98
EK202310177026,136.83
EK202310130893,137.42
EK202310145973,148.39
EK202310168876,134.16
EK202320005981,162.75
EK202310158643,152.27
EK202310186188,150.94
EK202310134495,132.72
EK202310247686,137.13
EK202310150624,137.36
EK202310205684,132.56
EK202310130971,141.14
EK202310109938,148.44
EK202310157726,136.84
EK202310217250,141.35
EK202310232228,137.47
EK202310212931,141.16
EK202310224251,137.38
EK202310177088,139.29
EK202310178114,140.16
EK202310133902,149.31
EK202310243447,136.27
EK202310203833,138.1
EK202310205106,164.04
EK202310244839,159.04
EK202310153612,167.6
EK202310168129,133.88
EK202310210315,131.16
EK202310221450,132.81
EK202310229011,135.86
EK202310109445,135.71
EK202310172449,141.92
EK202310173624,139.98
EK202320007778,147.51
EK202310191821,134.52
EK202310163402,146.94
EK202310198726,175.04
EK202310235035,136.53
EK202310190400,134.16
EK202310223143,134.76
EK202310134393,168.43
EK202310190107,144.05
EK202310199104,142.48
EK202310198171,139.86
EK202310126236,136.31
EK202310110975,132.09
EK202310163529,134.03
EK202310208517,132.98
EK202310229161,126.61
EK202310224145,140.81
EK202310245526,147.22
EK202310105925,144.56
EK202310241775,134.2
EK202310131256,135.51
EK202310167720,150.24
EK202310128585,142.8
EK202310171250,138.91
EK202310136309,144.86
EK202310159794,155.62
EK202310147802,171.89
EK202310217371,139.12
EK202310142272,139.27
EK202310192020,142.93
EK202310121935,149.48
EK202320007881,167.79
EK202310144741,143.96
EK202310237080,147.19
EK202310121787,132.13
EK202310157606,139.25
EK202310171437,159.94
EK202310108122,135.62
EK202310151362,134.25
EK202310115777,139.39
EK202310239193,138.61
EK202310233042,138.88
EK202310202833,168.57
EK202310113174,140.77
EK202310167499,152.15
EK202310126289,136.57
EK202310129491,137.29
EK202320005784,158.46
EK202310170372,138.42
EK202310213906,139.55
EK202310199476,149.39
EK202310247011,148.2
EK202310195117,148.96
EK202310120294,145.95
EK202320007259,147.68
EK202310188597,149.24
EK202310165978,138.51
EK202310115867,138.33
EK202310193317,165.47
EK202310203873,133.16
EK202310205284,134.0
EK202310111575,135.71
EK202310225817,140.29
EK202310231254,130.12
EK202310183664,166.9
EK202310104179,130.98
EK202310230497,133.97
EK202310193284,133.52
EK202310147738,155.46
EK202310241264,161.57
EK202310199094,145.51
EK202310128153,149.59
EK202310177426,152.55
EK202310106407,141.99
EK202310224168,162.54
EK202310182894,154.59
EK202310196624,165.41
EK202310174799,144.75
EK202310244287,147.94
EK202310158225,139.31
EK202310158700,159.75
EK202310194647,135.75
EK202310176945,133.46
EK202310242585,133.16
EK202310168424,144.62
EK202310155163,144.79
EK202310124200,133.93
EK202310167074,152.97
EK202310227610,162.71
EK202310172440,144.26
EK202310224828,132.75
EK202310125087,132.89
EK202310172624,137.32
EK202310212981,137.43
EK202310212038,130.95
EK202310181888,146.25
EK202310151373,149.74
EK202310151400,168.9
EK202310129480,140.69
EK202310105531,143.63
EK202310168802,155.09
EK202310143364,145.45
EK202310124872,137.65
EK202310204355,146.52
EK202310151111,164.63
EK202310208992,136.24
EK202310214546,141.14
EK202310149411,132.19
EK202310142260,135.77
EK202310164059,134.11
EK202310109215,142.54
EK202310199582,147.37
EK202310127468,130.68
EK202310142858,139.64
EK202310203332,149.7
EK202310158565,154.4
EK202310172619,139.71
EK202310107206,147.67
EK202310211213,129.53
EK202310172337,137.32
EK202310220668,136.15
EK202310153800,139.44
EK202310211090,129.28
EK202310189907,146.26
EK202310187277,132.12
EK202310196375,141.62
EK202310133091,151.68
EK202310126566,134.71
EK202310157696,138.02
EK202310170462,136.09
EK202310187255,153.56
EK202310123459,141.92
EK202310145959,139.65
EK202310220363,142.02
EK202310139815,130.89
EK202310181913,145.08
EK202310109098,138.18
EK202310132727,167.88
EK202310122252,151.26
EK202310167093,165.73
EK202310139661,144.8
EK202310174818,171.02
EK202310166691,142.26
EK202310003691,166.08
EK202310237525,138.17
EK202310117373,147.58
EK202310179546,145.56
EK202310126077,136.38
EK202310184499,168.98
EK202310186109,153.91
EK202310106103,147.35
EK202310112500,143.47
EK202310133741,138.23
EK202310109783,143.1
EK202310117249,138.92
EK202310203878,134.92
EK202310196452,138.82
EK202310181760,151.4
EK202310112276,142.38
EK202310190428,139.24
EK202310217583,153.96
EK202320005844,152.04
EK202310206265,144.45
EK202310221855,134.54
EK202310152502,149.95
EK202310119997,134.73
EK202310234516,137.87
EK202310109706,170.24
EK202310148105,142.02
EK202310154560,136.88
EK202310236829,136.53
EK202310167010,145.8
EK202310240372,145.55
EK202310129679,142.08
EK202310213367,135.04
EK202310198361,150.02
EK202310154494,133.88
EK202310247393,163.65
EK202310233217,132.82
EK202310147827,168.78
EK202310115117,147.66
EK202310148420,135.18
EK202310190832,146.61
EK202310134924,133.49
EK202310188986,146.36
EK202310129065,150.56
EK202310191867,134.26
EK202310134983,153.09
EK202310113731,143.77
EK202310201726,140.84
EK202310230201,160.35
EK202310168525,150.26
EK202310244486,122.68
EK202310189155,161.97
EK202310140440,146.34
EK202310106749,137.52
EK202310179762,150.28
EK202310129836,136.14
EK202310220701,135.87
EK202310186360,143.75
EK202310109349,155.42
EK202310201338,154.35
EK202310212253,134.7
EK202310155921,151.79
EK202310205532,174.66
EK202310128471,149.72
EK202310201094,146.9
EK202310190383,153.0
EK202310110189,119.36
EK202310147602,140.08
EK202310198097,136.21
EK202310216064,132.18
EK202310211013,146.47
EK202310160719,154.52
EK202310176494,143.42
EK202310145249,147.59
EK202310235596,138.7
EK202310110412,145.65
EK202310200832,150.07
EK202310204509,146.07
EK202310149049,167.85
EK202310183661,147.32
EK202310216447,134.68
EK202310200320,143.56
EK202310161067,133.75
EK202310207130,134.76
EK202310145591,167.4
EK202310127977,150.98
EK202310161518,155.12
EK202310138156,129.83
EK202310244709,138.86
EK202310142566,137.61
EK202310124071,129.8
EK202310152858,167.04
EK202310190782,143.73
EK202310167544,139.61
EK202310192845,136.91
EK202310160817,138.38
EK202310196420,148.04
EK202310004827,140.53
EK202310227825,146.59
EK202310194467,141.67
EK202310113608,143.24
EK202310103781,143.08
EK202310221275,141.31
EK202310169673,132.91
EK202310190005,136.53
EK202310188898,154.42
EK202310183079,157.17
EK202310166912,142.39
EK202310142437,151.93
EK202310212298,138.49
EK202310109551,139.51
EK202310222094,130.13
EK202310202049,142.8
EK202310212471,133.77
EK202310187583,158.97
EK202310188837,133.88
EK202310220895,134.78
EK202310108270,137.79
EK202310186872,148.04
EK202310156937,150.54
EK202310242846,138.99
EK202310186481,137.19
EK202310221455,137.72
EK202310180574,140.53
EK202310168049,142.89
EK202310133898,162.49
EK202310168746,135.67
EK202310212474,135.1
EK202310161742,147.07
EK202310181202,158.03
EK202310200036,132.49
EK202310184172,146.36
EK202310239220,126.5
EK202310165958,127.16
EK202310212102,138.64
EK202310218823,164.89
EK202310151307,134.24
EK202310204250,158.74
EK202310183865,150.16
EK202310149510,152.22
EK202320006769,154.06
EK202310227796,140.07
EK202310248710,131.62
EK202310198205,148.71
EK202310135989,135.22
EK202310124456,131.26
EK202310221007,132.21
EK202310126207,148.94
EK202310181795,151.99
EK202310168767,142.76
EK202310119332,127.84
EK202310135427,131.03
EK202310206685,131.26
EK202310241653,132.57
EK202310196379,135.94
EK202310120248,147.86
EK202310172212,143.23
EK202310181585,154.16
EK202320006780,170.24
EK202310133161,130.02
EK202310109841,138.72
EK202310152371,168.11
EK202310125316,130.1
EK202310127854,141.29
EK202310208551,144.42
EK202310172019,132.99
EK202320005655,154.92
EK202310117833,129.72
EK202310110950,132.87
EK202310244018,129.57
EK202310234592,140.15
EK202310136966,134.46
EK202310185914,147.65
EK202310236175,129.33
EK202310187917,137.26
EK202310004461,139.13
EK202310131974,141.31
EK202310184967,144.85
EK202310185067,147.76
EK202310236069,133.42
EK202310186869,136.06
EK202310149914,136.59
EK202310154439,131.44
EK202310117130,143.7
EK202310192819,147.75
EK202310158666,146.67
EK202310197005,133.3
EK202310203581,138.62
EK202310178102,134.69
EK202310224457,138.25
EK202310118618,134.77
EK202310185500,141.6
EK202310213431,137.93
EK202310201151,144.82
EK202310228224,137.48
EK202310148041,150.49
EK202310178742,166.38
EK202310227550,140.55
EK202310119869,146.86
EK202310146474,152.28
EK202310123299,127.19
EK202310187842,150.87
EK202310155425,135.52
EK202310210739,137.99
EK202310177302,153.95
EK202310202123,149.88
EK202310104749,147.75
EK202310185079,136.07
EK202310132781,134.69
EK202310193932,142.36
EK202310189612,130.75
EK202310201902,163.35
EK202310208534,149.39
EK202310189130,155.27
EK202310215684,133.59
EK202310160446,145.04
EK202310133958,162.29
EK202310176688,148.99
EK202310211793,132.35
EK202310210111,128.49
EK202310232666,132.99
EK202310128743,145.07
EK202310130719,130.79
EK202310004334,138.82
EK202310126855,145.43
EK202310152426,142.44
EK202310188746,137.91
EK202310236429,138.14
EK202310170500,134.51
EK202310124582,136.37
EK202310181729,165.25
EK202310224787,136.99
EK202310108930,147.62
EK202310104434,133.85
EK202310115530,145.2
EK202310184629,170.12
EK202310217615,136.22
EK202310228010,122.92
EK202310199351,152.18
EK202310231067,140.79
EK202310215633,137.24
EK202310142323,169.59
EK202310244740,145.23
EK202310173913,155.78
EK202310218786,129.75
EK202310215448,143.07
EK202310114357,143.37
EK202310197601,145.66
EK202310247322,153.19
EK202310231270,142.96
EK202310142374,129.07
EK202310117138,138.03
EK202310176849,135.47
EK202310109114,145.9
EK202310182696,148.49
EK202310135900,141.11
EK202310123905,160.27
EK202310130761,136.95
EK202310122276,138.04
EK202310121513,144.7
EK202310168032,143.33
EK202310213827,136.95
EK202310115189,136.04
EK202310138716,141.28
EK202310246376,136.65
EK202310227795,139.21
EK202310138696,143.07
EK202310194234,136.49
EK202310184761,161.48
EK202310162543,154.31
EK202310236480,137.31
EK202310209507,133.39
EK202310136499,140.55
EK202310204660,137.08
EK202310111522,146.04
EK202310105606,132.62
EK202320007453,145.4
EK202310232384,133.54
EK202310206748,131.96
EK202310241912,158.48
EK202310124064,135.43
EK202310122759,137.01
EK202310190369,154.08
EK202310186879,144.79
EK202310149694,137.67
EK202310223534,138.25
EK202310159550,146.05
EK202310221243,140.25
EK202310244635,140.96
EK202310198162,129.45
EK202310125552,135.44
EK202310132850,128.23
EK202320005964,159.76
EK202310126781,162.7
EK202310147128,151.76
EK202310226818,136.44
EK202310124338,133.45
EK202310225790,132.63
EK202310144382,147.79
EK202310160141,146.91
EK202310177663,128.96
EK202310231419,129.64
EK202310141307,137.62
EK202310119017,139.52
EK202310219691,143.74
EK202310114034,136.39
EK202310207177,141.8
EK202310120353,140.99
EK202310003709,128.1
EK202310208102,154.44
EK202310117194,141.84
EK202310160414,140.19
EK202310128750,131.53
EK202310236926,145.96
EK202310230067,141.53
EK202310209445,147.35
EK202310237314,149.23
EK202310232234,141.42
EK202310150354,140.86
EK202310196951,142.57
EK202310194465,145.48
EK202310193016,150.81
EK202310151083,131.67
EK202310184367,142.1
EK202310112469,147.18
EK202310192489,140.26
EK202310224546,135.84
EK202310247421,162.31
EK202310194417,146.19
EK202310121339,129.63
EK202310190360,142.51
EK202310226836,151.72
EK202310168945,129.15
EK202310227078,142.15
EK202310232895,135.5
EK202310230495,139.16
EK202310246097,142.1
EK202310202842,131.73
EK202310220262,133.09
EK202310134200,140.41
EK202310203601,148.65
EK202310190558,132.43
EK202310232949,127.58
EK202310195423,156.07
EK202310164136,137.3
EK202310111473,147.66
EK202310194752,138.04
EK202310139201,158.69
EK202310215712,133.4
EK202310126580,133.54
EK202310143206,144.82
EK202310222539,133.18
EK202310239797,133.74
EK202310157767,149.31
EK202310237925,139.88
EK202310227346,140.02
EK202310222227,138.22
EK202310231460,138.7
EK202310105762,143.2
EK202310149701,139.49
EK202310231185,136.02
EK202310187011,142.77
EK202310188048,137.16
EK202310147979,150.54
EK202310136963,158.15
EK202310223233,136.21
EK202310147717,133.16
EK202310235875,141.54
EK202310146872,137.35
EK202310114622,140.2
EK202310127235,148.12
EK202310170129,137.23
EK202310174462,148.89
EK202310239145,145.53
EK202310103947,143.29
EK202310118725,152.84
EK202310181241,150.26
EK202310215016,155.2
EK202310197863,143.31
EK202310162387,131.6
EK202310108126,137.62
EK202310207445,143.92
EK202310003781,143.68
EK202310153594,140.45
EK202310234731,139.46
EK202310112047,144.06
EK202310246932,146.01
EK202310218014,138.37
EK202310159032,143.17
EK202310108938,148.13
EK202310126068,143.28
EK202310146294,148.44
EK202310197490,150.19
EK202310235805,163.46
EK202310244213,130.07
EK202310169974,141.1
EK202310180762,140.63
EK202310117588,135.38
EK202310146489,150.22
EK202310242008,134.64
EK202310175256,146.7
EK202310183438,145.0
EK202310216482,139.84
EK202310150432,143.52
EK202310224664,136.87
EK202310182573,153.13
EK202310227828,141.0
EK202310183759,160.35
EK202310168521,150.72
EK202310183715,148.06
EK202310142868,133.64
EK202310202199,150.07
EK202310167759,143.64
EK202310229275,141.78
EK202310229628,136.38
EK202310190352,137.43
EK202310234142,139.78
EK202310141693,135.77
EK202310133997,134.69
EK202310180676,138.36
EK202310127990,148.08
EK202310194053,166.72
EK202310240865,141.58
EK202310238191,134.98
EK202310218152,149.22
EK202310192642,141.28
EK202310113518,138.8
EK202310177048,146.97
EK202310003870,130.75
EK202310184101,137.03
EK202310123625,143.82
EK202310105534,138.35
EK202310130598,149.47
EK202310183150,155.91
EK202310223939,138.17
EK202310151237,139.6
EK202310150186,139.47
EK202310119286,160.07
EK202310147962,142.76
EK202310195618,136.81
EK202310146717,141.81
EK202310226225,128.43
EK202310108305,143.07
EK202310132381,131.93
EK202310130474,141.22
EK202310123530,132.54
EK202310207610,153.63
EK202310142942,151.5
EK202310181486,143.49
EK202310227391,138.66
EK202310219674,144.15
EK202310231118,136.34
EK202310156122,140.89
EK202310168356,143.2
EK202310152965,156.19
EK202310240478,151.99
EK202310220260,141.29
EK202310166323,147.79
EK202310130108,166.23
EK202310139786,140.68
EK202310163761,146.55
EK202310221197,143.17
EK202310194216,154.26
EK202310209659,135.82
EK202310214603,170.54
EK202310108794,147.61
EK202310152434,146.63
EK202310134754,142.36
EK202310236812,139.85
EK202310167567,150.47
EK202310203493,150.32
EK202310175040,136.45
EK202310205734,159.47
EK202310104881,145.25
EK202310188034,154.18
EK202320007581,151.06
EK202310004300,140.66
EK202310126491,134.17
EK202310236882,138.98
EK202310151164,130.56
EK202310106280,150.87
EK202310163693,137.0
EK202310168683,142.86
EK202310189719,159.78
EK202310233687,152.28
EK202310201579,145.68
EK202310202351,133.48
EK202310180846,150.57
EK202310170131,139.23
EK202310113992,146.33
EK202310225909,149.44
EK202310118201,138.21
EK202310184100,151.34
EK202310169994,142.03
EK202310186322,138.74
EK202310187689,141.91
EK202310241609,137.67
EK202310112492,128.8
EK202310216335,133.21
EK202310207022,164.58
EK202310125948,146.71
EK202310127865,138.09
EK202310174681,141.62
EK202310233071,140.55
EK202310193133,156.67
EK202310132000,134.93
EK202310103983,156.24
EK202310191233,150.86
EK202310231154,136.88
EK202310116716,135.96
EK202310179545,143.45
EK202310206643,142.48
EK202310134367,170.39
EK202310176122,159.07
EK202310214013,141.12
EK202310134741,142.85
EK202310174213,136.67
EK202310141096,164.14
EK202310206920,161.18
EK202310194809,163.37
EK202310202514,143.82
EK202310110026,138.92
EK202310104374,138.57
EK202310120332,131.93
EK202310157554,139.92
EK202310204383,128.21
EK202310208398,135.44
EK202310118265,134.53
EK202310231010,129.85
EK202310213437,131.02
EK202310146583,139.21
EK202310195386,145.46
EK202310228443,143.85
EK202310123135,140.49
EK202310142556,151.88
EK202310245462,136.21
EK202310234824,136.24
EK202310197141,144.95
EK202310229145,136.36
EK202310209147,140.27
EK202310214152,165.2
EK202310164947,139.39
EK202310222842,135.77
EK202310211770,126.37
EK202310004960,131.23
EK202310239260,142.29
EK202310115431,149.78
EK202310202893,139.62
EK202310205187,142.03
EK202310202065,151.28
EK202310127001,132.16
EK202310181721,170.38
EK202310161325,152.28
EK202310140540,166.88
EK202310167097,145.27
EK202310140718,152.51
EK202310149480,135.2
EK202310183531,136.78
EK202310148864,146.33
EK202310003701,142.12
EK202310144900,131.03
EK202310144750,152.46
EK202310162709,146.32
EK202310186895,136.9
EK202310226408,135.5
EK202320007110,168.35
EK202310162496,155.98
EK202310212196,141.1
EK202310239361,131.5
EK202310125997,133.09
EK202310246168,140.13
EK202310193381,157.69
EK202310190604,145.01
EK202310111954,144.3
EK202310176791,141.37
EK202310141476,145.64
EK202310221421,164.58
EK202310129409,145.52
EK202310122129,126.82
EK202310149924,167.87
EK202310179998,145.18
EK202310195558,157.03
EK202310112050,145.88
EK202310136298,147.96
EK202310146636,141.04
EK202310239762,144.93
EK202310200996,136.5
EK202310223066,132.15
EK202310167187,142.58
EK202310124533,147.43
EK202310143956,152.65
EK202310178323,145.98
EK202310224950,158.32
EK202310179276,139.45
EK202310246017,145.07
EK202320006428,169.9
EK202310241114,135.73
EK202310217472,137.1
EK202310162260,151.05
EK202310240436,137.04
EK202310198123,134.25
EK202310156200,139.28
EK202310141977,156.3
EK202310223019,127.24
EK202310193508,150.19
EK202310222293,137.57
EK202310156492,160.38
EK202310180531,134.99
EK202310225433,136.04
EK202310127891,132.17
EK202310228056,133.79
EK202310106710,138.25
EK202310183113,133.32
EK202310180843,147.25
EK202310204705,133.47
EK202310140212,158.67
EK202310179669,134.81
EK202310212869,136.59
EK202310203115,149.53
EK202310131490,140.77
EK202310109872,138.02
EK202310150034,166.5
EK202310174047,139.38
EK202310247649,141.42
EK202310217502,160.13
EK202310133755,136.18
EK202310169961,139.03
EK202310188670,143.32
EK202310238912,150.85
EK202310113770,143.6
EK202310146729,132.4
EK202310185503,154.15
EK202310245764,141.86
EK202310242449,148.77
EK202310206998,133.1
EK202310215872,139.77
EK202310130322,165.67
EK202310107786,156.9
EK202310201622,136.44
EK202310125291,140.13
EK202320007483,168.83
EK202310232956,133.85
EK202310134707,154.21
EK202320007480,151.63
EK202310203884,127.9
EK202310209390,139.41
EK202310105328,133.66
EK202310144128,134.89
EK202310115260,157.53
EK202310136404,131.02
EK202310200686,162.85
EK202310149205,136.08
EK202310224673,133.75
EK202310233927,139.23
EK202310231452,131.36
EK202310147484,146.4
EK202310227688,139.1
EK202310119870,144.3
EK202310230862,135.25
EK202310124325,135.27
EK202310174689,135.73
EK202310241097,134.81
EK202310201197,151.32
EK202310133296,146.64
EK202310233451,151.24
EK202310135940,139.17
EK202310107985,143.81
EK202310157602,148.33
EK202310139763,144.97
EK202310238145,161.11
EK202310168639,152.19
EK202310219394,152.53
EK202310216358,126.73
EK202310127032,136.01
EK202310148206,152.78
EK202310227757,149.97
EK202310112688,143.7
EK202310214245,146.45
EK202310124215,133.03
EK202310132325,150.57
EK202310245630,132.7
EK202310159135,125.36
EK202310153895,132.74
EK202310211988,137.89
EK202310185598,152.06
EK202310192392,135.91
EK202310242881,158.28
EK202310153163,151.98
EK202310179601,140.64
EK202310241826,154.61
EK202310125720,133.8
EK202310106591,163.6
EK202310162420,142.99
EK202310133893,142.87
EK202310168619,167.03
EK202310142512,154.29
EK202310197943,141.67
EK202310176141,146.41
EK202310149618,142.23
EK202310226109,138.75
EK202310122228,142.78
EK202310176047,172.71
EK202310198997,160.71
EK202310232656,136.36
EK202310182446,136.63
EK202310139943,142.25
EK202310165615,137.45
EK202310142885,129.57
EK202310193296,152.71
EK202310121667,126.62
EK202310223883,145.72
EK202310143204,146.65
EK202310205226,147.58
EK202310119065,143.35
EK202310213461,139.64
EK202310120362,133.21
EK202310194154,152.95
EK202310107601,150.68
EK202310204833,139.74
EK202310176205,156.69
EK202310154960,145.06
EK202310130425,153.54
EK202310126003,141.8
EK202310192656,154.32
EK202310213037,151.47
EK202310243222,148.96
EK202310132202,123.81
EK202310235252,138.67
EK202310160890,146.53
EK202310198189,135.14
EK202310119695,142.66
EK202310172550,142.5
EK202310229494,138.87
EK202310004450,129.46
EK202310146462,148.7
EK202310113248,136.98
EK202310221078,133.88
EK202310124198,142.51
EK202310212260,130.9
EK202310134794,142.83
EK202310221523,129.76
EK202310219960,139.99
EK202310121234,145.86
EK202310233970,140.03
EK202310188001,150.53
EK202310163334,140.56
EK202310208205,135.24
EK202310130304,138.71
EK202310154503,145.88
EK202310170798,135.81
EK202310152846,171.1
EK202310130702,137.74
EK202310203151,154.0
EK202310217313,135.74
EK202310233757,139.36
EK202310138726,149.61
EK202310156939,155.51
EK202310129985,143.87
EK202310190426,139.45
EK202310171121,130.81
EK202310214542,135.58
EK202310168552,130.54
EK202310183003,144.26
EK202310123726,151.2
EK202310181506,154.69
EK202310237990,133.62
EK202310162825,165.28
EK202310224013,127.77
EK202310158873,120.91
EK202310137354,152.17
EK202310123420,140.19
EK202310225576,141.71
EK202310229941,141.47
EK202310229623,139.5
EK202310107612,145.27
EK202310246113,141.57
EK202310144693,134.95
EK202310116502,132.73
EK202310139421,128.85
EK202310112631,141.6
EK202310106168,132.34
EK202310207682,132.51
EK202310157085,167.59
EK202310245691,137.72
EK202310200879,132.09
EK202310131443,149.29
EK202310196154,145.76
EK202310231226,139.15
EK202310210056,135.6
EK202310114898,138.49
EK202310203643,144.43
EK202310160283,147.94
EK202320005966,154.62
EK202310167009,143.06
EK202310191878,136.97
EK202310152713,166.39
EK202310179861,153.01
EK202310153872,141.33
EK202310106053,147.63
EK202310189085,135.24
EK202310212320,136.38
EK202310147327,147.21
EK202320006343,148.73
EK202310178068,149.06
EK202310216051,137.09
EK202310120390,141.72
EK202310150611,148.2
EK202310170657,147.55
EK202310132614,140.26
EK202310130044,142.17
EK202310230130,134.1
EK202310142200,135.84
EK202310142024,166.43
EK202310199015,137.13
EK202310129011,140.05
EK202310162645,153.06
EK202310165075,144.09
EK202310242200,150.75
EK202310216319,139.33
EK202310168191,135.32
EK202310173505,133.35
EK202310197116,146.22
EK202310196993,155.74
EK202310190097,152.46
EK202310243824,137.11
EK202310185884,164.67
EK202310115378,126.22
EK202310203204,149.04
EK202310118547,138.01
EK202310228351,128.55
EK202310243844,146.62
EK202310169224,126.91
EK202310173833,162.02
EK202310182027,147.73
EK202310128404,137.01
EK202310221581,166.9
EK202310202028,130.43
EK202310140548,133.79
EK202310134135,137.15
EK202310192158,148.2
EK202310112502,141.26
EK202310113790,151.4
EK202310218316,133.62
EK202310188343,144.18
EK202310176251,145.1
EK202310201210,152.88
EK202310231157,140.02
EK202310195345,152.64
EK202310151257,137.11
EK202310156988,140.44
EK202310225915,154.14
EK202310239080,139.45
EK202310210523,133.45
EK202310130378,133.56
EK202310152365,150.62
EK202320005984,169.96
EK202310228471,137.71
EK202310121673,129.33
EK202310239395,150.61
EK202310198842,145.16
EK202310241420,136.5
EK202310231742,137.26
EK202310131099,150.44
EK202310188446,137.81
EK202310190252,137.22
EK202310236866,134.31
EK202310207108,152.86
EK202310184757,146.74
EK202310104389,145.38
EK202310217076,136.29
EK202310106797,142.8
EK202310216511,138.59
EK202310209342,147.45
EK202310183200,153.61
EK202310145433,163.52
EK202310140014,141.16
EK202310125223,128.9
EK202310140119,156.59
EK202320005700,169.16
EK202310194061,144.89
EK202310195873,159.74
EK202310220232,135.57
EK202310216119,139.03
EK202310134968,161.18
EK202310174540,139.66
EK202310185424,141.44
EK202310125685,139.47
EK202310234710,135.4
EK202310214117,159.57
EK202320006910,147.54
EK202310231049,136.93
EK202310195331,166.31
EK202310194304,143.12
EK202310171159,143.1
EK202310138049,144.15
EK202310198003,139.85
EK202310159099,162.39
EK202310216629,141.34
EK202310191293,148.13
EK202310174065,136.75
EK202310191081,158.11
EK202310122728,130.61
EK202310244744,137.84
EK202310226033,135.18
EK202310232759,145.08
EK202310196945,140.08
EK202310223385,139.22
EK202310219176,136.5
EK202310131076,145.13
EK202310204889,138.75
EK202310125633,158.48
EK202310153304,151.31
EK202310138923,141.92
EK202310110215,147.64
EK202310212666,139.18
EK202310219342,133.8
EK202310161803,137.7
EK202310120553,137.88
EK202310230584,139.08
EK202310224579,138.44
EK202310171422,142.16
EK202310106867,140.92
EK202310121769,152.1
EK202310215792,134.32
EK202310138205,130.56
EK202310189070,141.67
EK202310151230,138.69
EK202310108779,142.51
EK202310167488,145.75
EK202310243336,126.72
EK202310124223,134.28
EK202310240547,138.12
EK202310191562,152.55
EK202310140508,135.63
EK202310119457,150.99
EK202310179610,127.7
EK202310146453,154.28
EK202310163261,167.56
EK202310214487,166.62
EK202310195013,144.68
EK202310129643,129.27
EK202310106761,137.03
EK202310132636,148.26
EK202310205792,137.64
EK202310176096,148.53
EK202310132675,141.75
EK202310203792,128.1
EK202310188904,147.9
EK202310233751,138.98
EK202310105923,135.16
EK202310176082,154.44
EK202310231901,139.3
EK202310117263,141.38
EK202310189853,159.61
EK202310161443,159.2
EK202310245106,153.72
EK202310203080,149.81
EK202310229771,135.66
EK202310178345,142.89
EK202310212555,138.13
EK202310183797,152.49
EK202310247956,127.89
EK202310137158,143.37
EK202310121175,142.76
EK202310142530,130.18
EK202310145622,156.42
EK202310110044,134.92
EK202310141565,149.35
EK202310203553,149.3
EK202310186294,146.19
EK202310232455,134.25
EK202310234707,135.3
EK202310190127,149.25
EK202310116984,134.22
EK202310113225,140.31
EK202310153087,150.91
EK202310162145,134.12
EK202310241242,160.18
EK202310199480,146.07
EK202310133097,146.74
EK202310148951,147.29
EK202310164526,155.48
EK202310157028,144.06
EK202310174361,142.56
EK202310186033,148.7
EK202310218703,129.93
EK202310179140,139.11
EK202310185393,147.8
EK202310109267,134.8
EK202310188479,130.28
EK202310132207,161.2
EK202320007399,168.43
EK202310118229,132.03
EK202310125154,137.79
EK202310140377,139.97
EK202310198868,146.46
EK202310209658,134.94
EK202310241949,147.21
EK202310179752,167.98
EK202310117086,136.38
EK202310166263,146.6
EK202310203482,150.09
EK202310164665,146.08
EK202310168393,155.49
EK202310131582,135.93
EK202310150017,141.19
EK202310150912,142.28
EK202310117341,143.31
EK202310181073,125.44
EK202310172053,146.86
EK202310239963,150.8
EK202310132072,137.09
EK202310192876,137.86
EK202310152121,148.06
EK202310213403,140.69
EK202310239334,134.37
EK202310148570,137.47
EK202310155053,134.43
EK202310132986,146.1
EK202310110729,150.66
EK202310174910,156.9
EK202310187690,139.38
EK202310127998,143.68
EK202310137683,138.53
EK202310108081,131.24
EK202310239262,163.54
EK202310182783,132.52
EK202310204488,142.38
EK202310199126,157.67
EK202310107243,147.63
EK202310105267,142.69
EK202310152097,161.68
EK202310125739,132.91
EK202310170277,148.05
EK202310237606,140.29
EK202310234522,135.02
EK202310161698,136.79
EK202310165822,145.89
EK202310248288,145.36
EK202310136063,164.11
EK202310117203,146.59
EK202310154981,153.04
EK202310232175,137.73
EK202310144896,130.18
EK202310142768,134.12
EK202310160960,133.41
EK202310163131,139.51
EK202310239813,135.59
EK202310144375,136.98
EK202310175307,170.15
EK202310227665,146.03
EK202310132201,154.86
EK202310143654,154.69
EK202310197398,135.31
EK202310247650,130.44
EK202310218583,137.34
EK202310185132,140.24
EK202310166220,144.33
EK202310183470,153.11
EK202310193070,142.5
EK202310127467,130.68
EK202310208200,145.11
EK202310230712,141.1
EK202310137427,137.6
EK202310140112,144.62
EK202310223686,134.0
EK202310176982,150.89
EK202310118244,134.06
EK202310151713,133.6
EK202310212261,136.98
EK202310134611,129.5
EK202310120945,137.12
EK202310151019,145.2
EK202310141095,150.9
EK202310137745,131.1
EK202310225567,142.94
EK202310216872,152.67
EK202310212300,136.28
EK202310225881,147.62
EK202310151821,129.51
EK202310129868,145.81
EK202310156170,146.11
EK202320006992,150.77
EK202310173073,141.93
EK202310240592,144.63
EK202310128981,134.23
EK202310225347,154.46
EK202310107505,135.17
EK202310004769,137.69
EK202310192529,142.54
EK202310205344,159.0
EK202310241518,133.37
EK202310188554,146.1
EK202310185562,160.82
EK202310154855,137.9
EK202310175481,158.1
EK202310157901,140.81
EK202310221152,146.11
EK202310200465,150.35
EK202310183211,133.24
EK202310194651,143.06
EK202310116691,146.42
EK202310219488,135.63
EK202310155631,157.48
EK202310168504,132.44
EK202310199253,141.63
EK202310221668,139.6
EK202310212285,132.11
EK202310172945,145.48
EK202310186658,136.28
EK202310222256,143.73
EK202310224152,134.0
EK202310128793,135.78
EK202310120896,133.07
EK202310120399,139.63
EK202310169743,145.82
EK202310248477,142.02
EK202310116273,133.88
EK202310247694,144.48
EK202310215708,135.33
EK202310236946,134.85
EK202310200762,150.81
EK202310178415,155.51
EK202310144132,145.25
EK202310225926,134.89
EK202310148881,153.95
EK202310177347,154.63
EK202310213539,132.28
EK202310208401,133.57
EK202310238371,136.47
EK202310234534,140.3
EK202310136323,140.85
EK202310135243,137.78
EK202310202317,136.06
EK202310226279,140.41
EK202310203743,138.86
EK202310205749,149.89
EK202310004277,153.94
EK202310113847,137.56
EK202310194210,155.15
EK202310183278,147.26
EK202310145260,143.31
EK202310239730,137.61
EK202310228304,138.33
EK202310152088,149.71
EK202310154058,143.66
EK202310136681,150.51
EK202310117313,134.44
EK202310233274,133.62
EK202310179794,134.68
EK202310135084,167.98
EK202310206633,138.13
EK202310234183,133.51
EK202310143964,147.72
EK202310158947,155.84
EK202310137263,141.17
EK202310203360,154.27
EK202310004905,145.28
EK202310140955,140.79
EK202310214327,155.59
EK202310222556,135.77
EK202310128510,159.21
EK202310119821,141.69
EK202310120108,138.05
EK202310212000,131.39
EK202310105271,153.47
EK202310229500,131.87
EK202310110970,131.79
EK202310105364,148.57
EK202310108637,134.23
EK202310164376,164.73
EK202310230032,146.91
EK202310236376,138.3
EK202310181052,124.38
EK202310203281,143.06
EK202310181885,150.52
EK202310138885,139.32
EK202310121415,140.77
EK202310186231,143.7
EK202310212814,145.96
EK202310233197,138.58
EK202310184928,148.28
EK202310109218,149.05
EK202310189923,142.85
EK202310212951,135.73
EK202310166071,163.71
EK202310151335,132.2
EK202310106930,138.57
EK202310146184,156.31
EK202310178125,140.33
EK202310167170,136.98
EK202310144047,148.7
EK202310161545,168.06
EK202310110114,143.96
EK202310197034,129.96
EK202310125522,137.55
EK202310239777,144.03
EK202310183013,156.59
EK202310201498,147.5
EK202310233357,141.48
EK202310193361,140.02
EK202310160811,146.81
EK202310167037,163.57
EK202310209597,137.34
EK202310196969,151.46
EK202310123103,131.13
EK202310122187,146.99
EK202310197780,153.6
EK202310217861,135.43
EK202310239177,155.07
EK202310184410,138.63
EK202310198476,140.76
EK202310145712,143.46
EK202310125391,138.38
EK202310162973,142.84
EK202320007481,153.6
EK202310211032,163.01
EK202310184725,152.61
EK202310121942,137.51
EK202310146503,142.15
EK202310186497,151.34
EK202310141946,144.66
EK202310188222,153.16
EK202310237766,141.7
EK202310224087,134.91
EK202310245643,140.57
EK202310153868,142.5
EK202310117630,129.76
EK202310150168,132.8
EK202310104804,153.97
EK202310227586,131.36
EK202310226962,154.64
EK202310204684,128.68
EK202310106991,140.58
EK202310219834,159.01
EK202310240450,148.67
EK202310214713,141.69
EK202310153479,136.46
EK202320006589,172.12
EK202310151125,167.19
EK202310170205,149.79
EK202310174684,132.97
EK202310145286,148.84
EK202310174584,139.82
EK202310183058,144.84
EK202310233099,134.52
EK202310144550,151.05
EK202310207112,133.84
EK202310232978,140.57
EK202310115348,144.67
EK202310183741,163.6
EK202310144742,143.78
EK202310178484,158.91
EK202310151424,168.16
EK202310223346,136.1
EK202310138234,157.18
EK202310190044,159.79
EK202310210164,146.85
EK202310175594,151.35
EK202310139802,152.52
EK202310133593,155.44
EK202310236059,140.81
EK202310247892,135.67
EK202310228841,137.85
EK202310142116,149.91
EK202310139752,134.56
EK202310247535,156.88
EK202310204858,142.14
EK202310127198,156.36
EK202310212663,137.81
EK202310133054,132.97
EK202310116254,149.58
EK202310140288,144.49
EK202310242550,137.7
EK202310208841,135.38
EK202310167295,150.69
EK202310109419,136.74
EK202310233386,143.61
EK202310214181,147.17
EK202310180240,142.52
EK202310181535,142.32
EK202310191715,158.76
EK202310157953,169.33
EK202310234893,137.83
EK202310160253,152.32
EK202310141553,140.43
EK202310207337,164.54
EK202310131278,134.98
EK202310178817,163.85
EK202310106002,133.57
EK202310166631,132.35
EK202310107493,142.14
EK202310194394,152.18
EK202310222252,138.88
EK202310247371,136.26
EK202310160792,138.62
EK202310225122,149.25
EK202310214184,152.96
EK202310191751,133.72
EK202310237163,131.99
EK202310225188,137.81
EK202310202616,152.61
EK202310143696,139.44
EK202310132352,137.32
EK202310214086,142.79
EK202310137011,167.52
EK202310248717,141.51
EK202310200235,133.23
EK202310144103,141.72
EK202310111910,139.88
EK202310225339,149.09
EK202310246108,140.61
EK202310180876,137.68
EK202310237122,133.77
EK202310112441,142.47
EK202310179395,143.88
EK202310157137,147.02
EK202310136914,162.6
EK202310127925,138.57
EK202310210485,137.88
EK202310215065,145.93
EK202310113641,140.08
EK202310204283,137.43
EK202310150194,132.02
EK202310118749,127.52
EK202310186678,147.36
EK202310110316,132.5
EK202310190151,134.18
EK202310119041,133.92
EK202310140703,148.93
EK202310236754,133.97
EK202310200936,135.69
EK202310200923,154.27
EK202320005983,146.02
EK202310173120,154.45
EK202310131266,135.01
EK202310182913,138.61
EK202310126468,137.64
EK202310240681,143.86
EK202310163541,133.49
EK202310133063,140.88
EK202310187205,139.87
EK202310176435,138.23
EK202310113625,143.94
EK202310153932,134.69
EK202310216429,156.15
EK202310124022,137.31
EK202310187335,171.5
EK202310227041,151.06
EK202310173817,136.77
EK202310131798,170.7
EK202310225142,141.19
EK202310180166,133.55
EK202310119416,141.67
EK202310200200,127.25
EK202310150439,146.12
EK202310130027,143.13
EK202310179043,147.49
EK202310183695,146.75
EK202310175077,147.03
EK202310112086,143.77
EK202310225730,138.06
EK202310215244,145.83
EK202310191753,140.24
EK202310174965,144.01
EK202310157557,147.96
EK202310159970,150.27
EK202310129081,159.84
EK202310107248,146.05
EK202310180853,151.58
EK202310181698,162.61
EK202310222641,140.66
EK202310189633,153.97
EK202310105178,141.14
EK202310109844,129.45
EK202310239039,154.04
EK202310114472,133.81
EK202310179622,132.75
EK202310115407,146.34
EK202310106728,139.05
EK202310206467,134.72
EK202310169318,140.92
EK202310113553,144.61
EK202310148432,137.79
EK202310224899,154.36
EK202310218411,128.18
EK202310108919,157.94
EK202310175334,132.91
EK202310225062,141.21
EK202310158879,140.94
EK202310226440,137.33
EK202310224115,136.57
EK202310148638,141.31
EK202310233064,145.11
EK202310158419,150.46
EK202310241484,140.07
EK202310163712,137.24
EK202310186217,144.52
EK202310142453,162.8
EK202310137405,146.71
EK202310185670,141.27
EK202310150583,128.55
EK202310227556,135.06
EK202310234889,138.39
EK202310111783,137.5
EK202310127384,138.86
EK202310113072,148.93
EK202310160328,138.49
EK202310188693,162.59
EK202310104466,146.18
EK202310143296,148.15
EK202310212529,155.46
EK202310207081,160.17
EK202310239036,154.64
EK202310114317,143.3
EK202310004599,139.54
EK202310165205,138.45
EK202310162068,167.22
EK202310109742,137.59
EK202310151519,163.6
EK202310164727,128.6
EK202310193975,153.25
EK202310176843,138.06
EK202310238118,151.3
EK202310231683,140.12
EK202310170288,150.87
EK202310233487,134.63
EK202310144532,134.83
EK202310118690,145.28
EK202310236135,146.77
EK202310220057,144.71
EK202310136020,161.16
EK202310120718,153.88
EK202310205363,137.87
EK202310110765,141.71
EK202310130164,148.2
EK202310170195,140.05
EK202310131195,139.27
EK202310197794,162.6
EK202310189698,147.47
EK202310180559,133.34
EK202310193333,157.7
EK202310164974,138.93
EK202310126083,139.96
EK202310189770,144.13
EK202310123085,165.76
EK202310130001,140.5
EK202310141464,144.67
EK202310116699,137.72
EK202310126001,130.35
EK202310153591,138.74
EK202310110843,147.79
EK202310234696,139.96
EK202310218654,130.5
EK202310160361,136.82
EK202310232799,145.28
EK202310172223,135.76
EK202310107432,135.46
EK202310115124,147.62
EK202310240700,141.8
EK202310166544,138.13
EK202310116517,141.83
EK202310209466,137.33
EK202310115034,146.23
EK202320007112,161.06
EK202310155572,143.31
EK202310184647,159.1
EK202310237715,138.7
EK202310140880,136.46
EK202310171935,148.6
EK202310110649,137.33
EK202310235243,157.78
EK202310222984,159.14
EK202310103848,136.6
EK202310200981,146.28
EK202310138670,143.02
EK202310116342,134.44
EK202310148866,152.24
EK202310136555,131.19
EK202310155446,158.77
EK202310147661,145.95
EK202310168674,133.28
EK202310142524,147.23
EK202310248385,140.72
EK202310165956,137.48
EK202310120604,136.58
EK202310158534,144.71
EK202310138524,162.66
EK202310231297,137.69
EK202310231319,135.47
EK202310133278,132.75
EK202310142657,159.64
EK202310114071,137.6
EK202310116075,133.26
EK202310139321,137.98
EK202310232658,139.47
EK202310185531,132.98
EK202310231623,141.22
EK202310183491,151.87
EK202310171783,145.83
EK202310116076,134.13
EK202310200347,139.57
EK202310189649,157.39
EK202310135957,138.08
EK202310245361,147.96
EK202310138713,143.77
EK202310169366,170.05
EK202310246917,149.89
EK202310183943,153.22
EK202310110540,136.48
EK202310170711,128.1
EK202310246548,156.32
EK202310174376,144.45
EK202310180261,142.41
EK202310232346,126.4
EK202310237154,137.94
EK202310171359,143.72
EK202310136595,144.7
EK202310144015,136.54
EK202310209121,137.54
EK202310222216,134.44
EK202310107905,134.2
EK202310188461,126.68
EK202310222800,134.35
EK202310217737,136.9
EK202310218371,142.03
EK202310208739,126.75
EK202310219741,158.87
EK202310211457,138.22
EK202310182740,142.54
EK202310163470,137.96
EK202310245687,137.9
EK202310168480,141.17
EK202310185027,163.24
EK202310194951,137.57
EK202310190588,145.82
EK202310177991,132.16
EK202310162069,152.8
EK202310125865,146.58
EK202310220126,137.57
EK202310158441,148.97
EK202310145659,146.73
EK202310129542,130.82
EK202310151845,142.88
EK202310230263,136.3
EK202310111108,146.95
EK202310171363,160.1
EK202310127866,147.23
EK202310129063,136.32
EK202310144099,136.82
EK202310140594,149.1
EK202310154125,153.62
EK202310131342,138.49
EK202310203912,141.33
EK202310118762,145.13
EK202310131877,168.58
EK202310106187,146.52
EK202310120319,136.03
EK202310209664,136.27
EK202320007072,151.49
EK202310121959,142.7
EK202310153089,139.75
EK202310151971,139.58
EK202310151896,145.67
EK202310135751,135.65
EK202320005711,168.73
EK202310134604,157.59
EK202310130128,153.56
EK202310241667,150.61
EK202310140220,146.66
EK202310190478,153.22
EK202310162552,146.43
EK202310169398,138.57
EK202310110027,132.16
EK202310242977,137.76
EK202310182314,140.29
EK202310147967,156.51
EK202310107549,162.97
EK202310209315,154.24
EK202310216226,140.44
EK202310172171,172.48
EK202310198531,142.5
EK202310108550,130.72
EK202310201297,150.79
EK202310168808,146.37
EK202310212662,138.92
EK202310244470,133.68
EK202310111112,152.4
EK202310212061,143.67
EK202310131027,150.08
EK202310168347,138.61
EK202310138779,163.29
EK202310228854,134.82
EK202310156047,142.12
EK202310209290,140.95
EK202310121347,131.52
EK202310171158,135.26
EK202310233104,145.6
EK202310155615,134.2
EK202310179680,145.32
EK202310125362,134.75
EK202310107378,138.86
EK202310206995,166.6
EK202310205548,139.42
EK202310181487,163.95
EK202310165214,152.91
EK202310243818,147.11
EK202310139297,141.84
EK202310176765,152.34
EK202320006044,153.56
EK202310226154,135.76
EK202310246712,155.35
EK202310190930,137.45
EK202310216412,144.8
EK202310123615,147.59
EK202310155164,137.77
EK202310193422,159.92
EK202310183961,132.88
EK202310181902,146.85
EK202310123760,147.43
EK202310147302,139.12
EK202310210787,141.98
EK202310132847,139.17
EK202310126696,141.3
EK202310232230,133.2
EK202310223850,146.74
EK202310237551,134.03
EK202310188279,136.09
EK202310152561,140.46
EK202310197741,129.65
EK202310241557,147.37
EK202320005587,154.41
EK202310173993,131.3
EK202310139298,148.32
EK202310226418,133.78
EK202310120554,139.56
EK202310210326,133.2
EK202310124646,129.55
EK202310243187,133.45
EK202310111546,157.77
EK202310225889,129.68
EK202310239244,137.61
EK202310226952,130.5
EK202310154546,137.39
EK202310209747,142.31
EK202310208437,138.35
EK202310217996,142.97
EK202310154333,138.03
EK202310199044,150.03
EK202310193652,156.15
EK202310199108,143.49
EK202310138541,139.99
EK202310109275,150.13
EK202310241877,156.85
EK202310247060,143.62
EK202310233675,139.85
EK202310127980,147.19
EK202310216345,136.16
EK202310124692,145.87
EK202310214703,143.74
EK202310125176,151.13
EK202310230402,142.37
EK202310204376,134.76
EK202310003738,135.18
EK202310177361,156.41
EK202310142175,144.35
EK202310121737,130.47
EK202310231332,138.94
EK202310126428,133.16
EK202310208151,139.24
EK202310160932,153.36
EK202310201461,147.29
EK202310190429,143.16
EK202310180683,153.24
EK202310216976,162.5
EK202310125226,134.57
EK202310201559,137.68
EK202310201026,150.45
EK202310241612,131.15
EK202310159055,147.29
EK202310128633,157.5
EK202310241584,138.29
EK202310124066,138.33
EK202310143999,142.62
EK202310127055,126.21
EK202310109477,146.81
EK202310142422,133.22
EK202310170493,141.75
EK202310245660,130.35
EK202310174604,135.14
EK202310145956,144.32
EK202310170744,135.35
EK202310137459,142.14
EK202310205343,132.42
EK202310113624,146.49
EK202310230917,133.17
EK202310131938,137.43
EK202310192653,144.69
EK202310233709,145.84
EK202310125722,148.01
EK202310167315,142.75
EK202310155548,144.01
EK202310143279,135.48
EK202310150075,147.73
EK202310122318,139.02
EK202310126189,147.23
EK202310226757,139.58
EK202310243030,141.13
EK202310130445,151.29
EK202310243191,148.69
EK202310203273,141.96
EK202310188485,138.41
EK202310230409,134.33
EK202310183553,144.33
EK202310220994,137.32
EK202310207037,129.37
EK202310165758,137.24
EK202310106826,148.23
EK202310120683,143.36
EK202310134934,147.8
EK202310165051,137.82
EK202310189221,141.86
EK202310157513,147.89
EK202310190280,151.83
EK202310123034,130.34
EK202310206344,155.8
EK202310135546,156.74
EK202310246417,133.11
EK202310220955,141.07
EK202310109848,134.58
EK202310154849,146.58
EK202310110348,148.22
EK202310167034,162.29
EK202310113223,132.48
EK202310165666,133.51
EK202310235856,157.15
EK202320005842,155.26
EK202310154000,139.92
EK202310142071,147.92
EK202310209033,142.18
EK202310196340,142.6
EK202310216529,146.62
EK202310164553,150.76
EK202310104021,131.55
EK202310239632,139.52
EK202310225277,153.61
EK202310175861,138.08
EK202310129169,149.49
EK202310122145,144.54
EK202310227448,130.87
EK202310177969,135.91
EK202310193062,149.98
EK202310182763,145.67
EK202310235087,142.53
EK202310121651,139.73
EK202310212604,128.13
EK202310226694,125.07
EK202310004579,150.73
EK202310159373,142.73
EK202310177799,140.51
EK202310119324,131.93
EK202310129405,143.16
EK202310237885,144.32
EK202310135421,139.22
EK202310175226,146.63
EK202310173605,167.84
EK202310111658,133.55
EK202310185671,147.48
EK202310196715,135.29
EK202310196589,145.31
EK202310199584,151.75
EK202310143146,143.32
EK202310121051,139.79
EK202310231042,132.74
EK202310194606,142.58
EK202310212236,132.49
EK202310153083,149.16
EK202310141649,142.45
EK202310192808,145.01
EK202310169365,147.83
EK202310189768,151.48
EK202310233720,136.48
EK202310247878,162.45
EK202310178488,137.18
EK202310151955,158.94
EK202310104506,143.19
EK202310205228,140.13
EK202310116841,141.56
EK202310105208,161.67
EK202310168242,148.99
EK202310172150,161.61
EK202310199656,168.44
EK202310202819,140.44
EK202310118069,126.61
EK202310226761,137.51
EK202310158901,147.75
EK202310221031,148.1
EK202310204076,143.22
EK202310146995,150.72
EK202310126768,135.05
EK202310167991,150.55
EK202310142215,128.38
EK202310128249,137.57
EK202310168392,144.42
EK202310241392,133.1
EK202310167654,144.35
EK202310124170,133.59
EK202310211894,143.25
EK202310213128,145.2
EK202310223813,134.5
EK202310106169,144.39
EK202310110167,141.13
EK202310237365,147.04
EK202310153054,151.14
EK202310138889,148.96
EK202310136676,132.06
EK202310177777,139.89
EK202310183311,167.86
EK202310192034,139.67
EK202310161294,151.27
EK202310215386,138.09
EK202310237862,144.75
EK202310124110,140.02
EK202310105757,141.12
EK202310131681,137.33
EK202310122852,135.03
EK202310106485,130.49
EK202310182695,125.45
EK202310238540,142.45
EK202310104101,134.89
EK202310121381,145.27
EK202310200186,136.94
EK202310190609,132.37
EK202310230288,134.4
EK202310166620,156.52
EK202310147442,153.12
EK202310137943,135.68
EK202310208851,140.3
EK202310128623,125.41
EK202310179932,146.4
EK202310191123,143.19
EK202310222467,137.69
EK202310120128,137.17
EK202310143211,126.12
EK202310158431,156.07
EK202310200191,138.82
EK202310121797,139.0
EK202310246836,127.25
EK202310122588,135.05
EK202310212376,137.59
EK202310202020,138.08
EK202310003990,152.09
EK202310195950,153.92
EK202310215709,145.93
EK202310140933,138.94
EK202310135948,140.51
EK202310156397,167.16
EK202310160468,137.55
EK202310181061,166.42
EK202310165217,148.37
EK202310221056,138.16
EK202310168493,139.29
EK202310136547,133.17
EK202310247972,134.21
EK202310167486,147.87
EK202310240744,148.69
EK202310148632,142.86
EK202310199792,148.83
EK202310200958,148.99
EK202310171502,144.61
EK202310164924,137.19
EK202310175724,128.33
EK202310139433,143.89
EK202310217068,151.89
EK202310110561,136.89
EK202310248008,152.91
EK202310157048,146.45
EK202310141117,142.86
EK202310195935,144.34
EK202310168643,141.33
EK202310004252,134.64
EK202310151231,148.57
EK202310221120,129.25
EK202310115802,142.7
EK202310217669,136.69
EK202310179308,139.32
EK202310190511,144.99
EK202310189661,138.88
EK202310218561,136.91
EK202310216544,139.99
EK202310130093,140.25
EK202310227470,143.06
EK202310149720,146.66
EK202310123936,142.59
EK202310185139,143.89
EK202310164969,136.38
EK202310159566,149.28
EK202310153493,137.79
EK202320007009,167.18
EK202310149916,144.79
EK202310195613,134.73
EK202310234039,137.54
EK202310109288,133.15
EK202310212808,137.71
EK202310234197,131.87
EK202310157802,148.32
EK202310207417,135.22
EK202310245686,138.94
EK202310159054,148.45
EK202310183850,140.63
EK202310118502,148.79
EK202310128627,154.93
EK202310220287,146.23
EK202310199273,143.7
EK202310142033,146.09
EK202310229082,133.34
EK202310143807,137.11
EK202310206645,130.03
EK202310211819,136.31
EK202310197690,159.79
EK202310197678,129.43
EK202310234454,130.17
EK202310120882,146.64
EK202310169899,149.02
EK202310202826,142.05
EK202310161402,170.27
EK202310121220,130.16
EK202310125862,125.33
EK202310197968,132.45
EK202310237174,130.57
EK202310134475,146.15
EK202310247308,154.72
EK202320007435,154.82
EK202310164160,130.5
EK202310122449,166.45
EK202310139591,140.88
EK202310141624,147.1
EK202310138255,139.81
EK202310193958,146.48
EK202310222645,135.05
EK202310105689,144.87
EK202310219882,154.32
EK202310178757,157.87
EK202310241650,139.89
EK202310246447,137.91
EK202310217078,156.03
EK202310139978,143.01
EK202310241716,139.1
EK202310133093,134.82
EK202310243929,150.52
EK202310140929,150.8
EK202310191115,143.26
EK202310207003,134.47
EK202310145248,150.99
EK202310239401,151.03
EK202310155225,140.58
EK202310151560,141.15
EK202310177641,135.97
EK202310222696,136.83
EK202310150293,152.23
EK202310195144,149.8
EK202310243924,141.33
EK202310178439,137.67
EK202310195750,144.32
EK202310166551,138.98
EK202310217145,156.44
EK202310240066,141.45
EK202310199715,168.89
EK202310132904,137.74
EK202310154841,163.08
EK202310234469,132.24
EK202310114515,136.61
EK202310117966,147.63
EK202310137867,131.88
EK202310205349,154.46
EK202310112816,147.37
EK202310168065,152.61
EK202310169737,141.76
EK202310148917,149.54
EK202310196463,142.91
EK202310231207,136.7
EK202310128533,133.64
EK202310197226,127.84
EK202310154933,155.16
EK202310117103,142.48
EK202310165309,148.0
EK202310104246,148.72
EK202310105130,137.27
EK202310216979,135.91
EK202310193989,138.34
EK202310147207,144.66
EK202310135301,157.67
EK202310180058,147.17
EK202310150495,140.84
EK202310184503,158.93
EK202310107823,134.85
EK202310241936,144.9
EK202310186182,145.69
EK202310003976,136.97
EK202310156046,134.47
EK202310129628,166.08
EK202310142854,140.16
EK202310241326,162.43
EK202310160722,156.04
EK202310143237,133.7
EK202310107245,151.54
EK202310114305,142.09
EK202310134035,138.23
EK202310199912,134.75
EK202310140410,146.45
EK202310183615,147.03
EK202310147371,144.32
EK202310111631,141.06
EK202310139777,136.68
EK202310176357,137.59
EK202310105349,143.55
EK202310238051,151.55
EK202310123087,132.25
EK202310199824,142.26
EK202310225713,134.06
EK202310156653,140.62
EK202310238527,151.62
EK202310148824,174.88
EK202310186203,152.91
EK202310105194,137.04
EK202310141266,144.09
EK202310126789,167.79
EK202310135067,169.89
EK202310222780,132.19
EK202310191104,151.0
EK202310244171,166.58
EK202310166225,149.4
EK202310217237,134.9
EK202310225459,133.26
EK202310109489,141.48
EK202310167581,144.58
EK202310127053,129.92
EK202310158488,143.26
EK202310134328,136.85
EK202310155326,147.93
EK202310181981,147.5
EK202310237066,136.19
EK202310123955,149.83
EK202310228593,136.5
EK202310190125,166.29
EK202310115548,148.18
EK202310111782,147.4
EK202310243482,150.78
EK202310163452,139.35
EK202310123894,145.71
EK202310154308,138.48
EK202310125766,133.42
EK202310176942,131.07
EK202310127476,147.56
EK202310158246,156.35
EK202310194016,161.37
EK202310227342,141.0
EK202310134667,154.93
EK202310123740,139.6
EK202310105769,144.55
EK202310228947,146.67
EK202310169454,156.6
EK202310104666,125.21
EK202310151168,136.37
EK202310233283,139.96
EK202310172969,143.99
EK202310209511,136.84
EK202310185148,143.07
EK202310181055,151.48
EK202310153153,140.52
EK202310187550,158.44
EK202310107176,138.32
EK202310144598,134.64
EK202310139318,139.41
EK202310160272,160.31
EK202310195091,142.86
EK202310186267,132.89
EK202310204034,138.83
EK202310128110,143.64
EK202310119313,138.23
EK202310157152,143.46
EK202310189194,162.27
EK202310115332,149.38
EK202310213972,140.57
EK202310174634,150.16
EK202310141976,147.77
EK202310217725,135.6
EK202310240779,142.93
EK202310133212,166.15
EK202310198208,148.99
EK202310185889,154.77
EK202310189206,144.37
EK202310177011,142.4
EK202310179732,144.22
EK202310224354,132.67
EK202310163111,142.24
EK202310194747,135.03
EK202310166854,141.8
EK202310242694,140.23
EK202310141362,140.46
EK202310183977,151.04
EK202310179207,136.42
EK202310247546,149.29
EK202310140989,147.7
EK202310196104,134.49
EK202310004793,148.47
EK202310185123,152.6
EK202310160604,143.23
EK202320005906,168.37
EK202310216868,153.21
EK202310164383,163.8
EK202310135531,151.18
EK202310225232,134.81
EK202310152968,144.74
EK202310193329,148.39
EK202310208494,132.4
EK202310120865,135.19
EK202310160731,136.83
EK202310143803,169.71
EK202310216607,137.86
EK202310183415,142.28
EK202310200013,133.42
EK202310104115,159.14
EK202310133379,140.25
EK202310131060,163.93
EK202310149753,147.66
EK202310148087,138.07
EK202310172156,166.95
EK202310118569,129.67
EK202310204670,141.85
EK202310234858,138.38
EK202310203722,140.22
EK202310232168,139.28
EK202310213536,135.58
EK202310113341,148.85
EK202310134517,143.84
EK202310175096,146.03
EK202310118503,134.23
EK202310206791,135.74
EK202310133225,141.35
EK202310139427,133.35
EK202310242973,137.92
EK202310230311,136.18
EK202310192098,138.03
EK202310139654,143.92
EK202310104039,148.91
EK202310218808,143.46
EK202310112932,140.37
EK202310139942,139.64
EK202310155659,142.2
EK202310225247,158.67
EK202310126309,140.53
EK202310132111,161.99
EK202310242286,147.25
EK202310123840,136.04
EK202310210407,136.27
EK202310144692,154.72
EK202310132665,150.72
EK202310142951,159.64
EK202310239672,141.54
EK202310228540,138.61
EK202310134450,135.27
EK202310202201,147.59
EK202310237145,136.53
EK202310248506,134.43
EK202310181213,149.27
EK202310197495,143.8
EK202320006060,169.7
EK202310240535,148.46
EK202310238367,141.72
EK202310105848,137.2
EK202310153010,135.47
EK202310245093,133.97
EK202310133381,134.69
EK202310132940,140.87
EK202320007659,160.02
EK202310125644,149.52
EK202310141453,142.87
EK202310217985,127.91
EK202310105477,147.99
EK202320005870,168.73
EK202310148401,164.32
EK202310218056,133.38
EK202310104777,146.41
EK202310136506,138.67
EK202310243986,148.73
EK202310217742,149.67
EK202310149440,144.64
EK202310176195,127.24
EK202310147405,136.45
EK202310210916,137.91
EK202310136871,140.61
EK202310204028,136.51
EK202310236173,135.37
EK202310144792,130.47
EK202310199783,144.41
EK202310115630,129.54
EK202310171734,143.21
EK202310219359,143.75
EK202310136081,165.15
EK202310238195,143.51
EK202310168013,153.71
EK202310171083,153.43
EK202310211010,133.55
EK202310212579,137.66
EK202310129157,146.59
EK202310123465,144.04
EK202310192944,135.93
EK202310104057,133.61
EK202310140551,165.98
EK202310243448,140.23
EK202310238701,140.54
EK202310243934,143.39
EK202310225403,138.42
EK202310194134,144.95
EK202310223407,131.33
EK202310164382,137.02
EK202310136103,150.32
EK202310208188,142.92
EK202310145816,142.83
EK202310214812,149.63
EK202310202835,142.89
EK202310125645,141.31
EK202310121206,142.64
EK202320006076,142.23
EK202310184640,163.88
EK202310141217,138.42
EK202310150527,132.45
EK202310125769,133.66
EK202310197697,144.95
EK202310206446,152.05
EK202310151327,132.86
EK202310175105,139.41
EK202310139134,155.72
EK202310119006,141.66
EK202310109789,134.21
EK202310205096,142.3
EK202310118587,145.7
EK202310171349,157.53
EK202310212106,137.43
EK202310191242,141.77
EK202310200352,143.2
EK202310128949,135.12
EK202310122161,144.91
EK202310201553,158.79
EK202310139788,147.3
EK202310244144,137.78
EK202310003717,167.73
EK202310130693,137.69
EK202310183999,156.65
EK202310172800,133.0
EK202310161242,150.49
EK202310146441,142.03
EK202310117631,132.37
EK202310212373,135.83
EK202310113819,140.6
EK202310210848,134.24
EK202310158047,148.93
EK202310144950,144.85
EK202310229677,141.43
EK202310128529,144.86
EK202310224957,162.75
EK202310111880,140.45
EK202310104750,143.25
EK202310230949,130.09
EK202310123557,142.08
EK202310235606,135.93
EK202310198394,138.64
EK202310161777,149.79
EK202310134912,148.48
EK202310118238,130.72
EK202310154314,149.19
EK202310195062,132.52
EK202310144785,138.88
EK202310225938,134.3
EK202310145864,136.33
EK202310219409,134.25
EK202310140726,140.81
EK202310132055,137.46
EK202310176826,135.65
EK202310136603,143.55
EK202310131597,143.25
EK202310246396,153.06
EK202310238453,143.16
EK202310210356,147.5
EK202310238874,160.34
EK202310243980,160.64
EK202310130204,154.93
EK202310232972,144.5
EK202310132480,154.66
EK202310123064,171.05
EK202310116125,133.74
EK202310216605,145.53
EK202310135031,167.65
EK202310119678,148.05
EK202310156982,169.43
EK202310181434,159.81
EK202310160699,142.94
EK202310206737,145.07
EK202310179993,139.68
EK202310141387,145.4
EK202310210766,136.41
EK202310109069,151.27
EK202310183082,143.99
EK202310184893,152.96
EK202310246516,139.74
EK202310229143,141.78
EK202310131062,158.23
EK202310185681,155.48
EK202310185540,144.51
EK202310114449,155.35
EK202310165928,156.0
EK202310107191,151.05
EK202310228437,140.36
EK202310143843,157.53
EK202310180377,159.37
EK202310241530,136.88
EK202310162708,171.57
EK202310138305,155.9
EK202310103875,136.94
EK202310125471,135.14
EK202310152377,131.68
EK202310113683,146.22
EK202310181927,143.96
EK202310176699,147.69
EK202310179246,134.04
EK202310218837,142.79
EK202310156548,162.89
EK202310169871,137.43
EK202310183587,168.21
EK202310223255,138.23
EK202310174418,139.37
EK202320007116,157.09
EK202310224284,153.05
EK202310174549,139.47
EK202310161579,165.57
EK202310147194,154.62
EK202310112625,137.44
EK202310142795,144.37
EK202310187355,135.83
EK202310166085,155.02
EK202310173662,156.6
EK202310179128,142.71
EK202310178324,147.69
EK202310141982,131.89
EK202310200610,160.71
EK202310116989,148.38
EK202310148385,154.19
EK202310003411,135.16
EK202310247578,129.45
EK202310244685,156.12
EK202310129901,148.41
EK202310200914,140.77
EK202310129257,139.3
EK202310240699,142.21
EK202310216215,149.56
EK202310156174,144.37
EK202310221194,136.43
EK202310103999,149.8
EK202310192191,135.33
EK202310140596,145.71
EK202310143276,135.21
EK202310234844,142.91
EK202310187581,141.51
EK202310140028,143.3
EK202310246026,134.04
EK202310227430,147.05
EK202310132042,145.8
EK202310177593,137.4
EK202310141118,145.53
EK202310247138,154.93
EK202310130201,148.26
EK202310131399,145.1
EK202310175507,147.34
EK202310216063,150.11
EK202310247001,146.15
EK202310003515,134.34
EK202310174264,134.15
EK202310169815,142.92
EK202310110931,142.83
EK202310116115,138.03
EK202310124245,140.38
EK202310201777,142.06
EK202310166287,149.23
EK202310212681,143.62
EK202320006340,163.68
EK202310155270,134.87
EK202310115765,137.75
EK202310179416,132.89
EK202310115011,139.94
EK202310159851,156.23
EK202310185875,139.0
EK202310195751,149.12
EK202310212496,146.43
EK202310134077,133.42
EK202310125764,131.7
EK202310219281,130.19
EK202310138192,131.1
EK202310227717,133.42
EK202310178143,139.34
EK202310137761,147.38
EK202310239906,136.9
EK202310190459,150.29
EK202310115727,132.66
EK202310244833,143.83
EK202310107229,131.06
EK202310224274,159.58
EK202310194396,165.12
EK202310134831,135.62
EK202320007479,147.43
EK202310170018,142.12
EK202310177337,157.07
EK202310119476,146.14
EK202310213475,139.01
EK202310206650,142.94
EK202310231785,133.45
EK202310222833,152.58
EK202310187301,142.02
EK202310111784,136.58
EK202310227788,137.33
EK202310150141,150.47
EK202310161536,154.92
EK202310137661,136.96
EK202310226163,132.06
EK202310223040,126.57
EK202310111512,147.01
EK202310211220,149.37
EK202310122194,139.05
EK202310182104,148.13
EK202310179334,168.64
EK202310179331,151.16
EK202310145350,133.94
EK202310201986,129.6
EK202310196946,138.84
EK202310217855,125.68
EK202310236350,134.52
EK202310229165,138.07
EK202310171617,138.44
EK202310115459,145.34
EK202310196848,137.33
EK202310127398,137.11
EK202310205390,149.59
EK202310142325,149.04
EK202310196201,135.74
EK202310238646,144.21
EK202310230272,166.64
EK202310241132,135.5
EK202310212259,138.85
EK202310228514,138.64
EK202310238485,148.34
EK202310158861,147.11
EK202310227360,137.82
EK202310136436,139.6
EK202310231528,131.59
EK202310221158,147.88
EK202310211507,147.52
EK202310190845,144.61
EK202310157714,147.81
EK202310135990,138.7
EK202310164365,149.24
EK202310153926,153.13
EK202310150008,149.6
EK202310141032,142.58
EK202310193812,144.74
EK202310137931,143.19
EK202310156495,171.67
EK202310122480,144.82
EK202310216486,138.32
EK202310222820,151.05
EK202310111196,161.94
EK202310150248,132.21
EK202310136916,137.17
EK202310107139,117.61
EK202310181412,151.52
EK202310206211,130.31
EK202310109768,143.06
EK202310206447,154.51
EK202310211977,134.15
EK202310235013,132.6
EK202320007348,145.67
EK202310128131,134.84
EK202310107501,144.58
EK202310247682,133.4
EK202310227429,160.29
EK202310204611,146.18
EK202310133183,131.31
EK202310218119,135.59
EK202310183206,140.08
EK202310232942,131.2
EK202310205411,142.09
EK202310166033,162.74
EK202310134596,172.55
EK202310136873,167.12
EK202310203514,146.31
EK202310126038,136.38
EK202310191150,139.26
EK202310129389,140.03
EK202310222819,161.14
EK202310152891,165.09
EK202310157272,152.67
EK202310135873,147.81
EK202310197559,174.68
EK202310169845,156.88
EK202310165585,142.03
EK202310159036,142.61
EK202320007295,169.02
EK202310133662,144.77
EK202310189827,139.59
EK202310148841,154.05
EK202310146896,144.08
EK202310235090,135.11
EK202310119567,133.97
EK202310172433,151.28
EK202310247849,155.53
EK202310207306,135.94
EK202310183094,144.33
EK202310216955,160.04
EK202310192760,170.67
EK202310164280,145.85
EK202310203989,160.97
EK202310239786,137.47
EK202310105979,140.65
EK202310003640,145.98
EK202310240750,145.54
EK202310179109,139.41
EK202310150944,132.7
EK202310201413,141.84
EK202320007436,151.92
EK202310113726,140.58
EK202310122262,131.65
EK202310224480,137.76
EK202310194020,139.22
EK202310183018,152.62
EK202310181414,152.09
EK202310113303,141.98
EK202310108976,147.38
EK202310160184,148.11
EK202310210774,128.08
EK202310161905,144.21
EK202310142271,139.68
EK202310172860,132.83
EK202310145464,132.01
EK202310004728,152.65
EK202310166310,146.92
EK202310105822,134.89
EK202310147953,147.58
EK202310108291,149.75
EK202310240186,144.65
EK202310136365,135.01
EK202310221390,149.52
EK202310229925,133.77
EK202310141278,135.74
EK202310246624,150.1
EK202310220360,132.78
EK202310224653,143.56
EK202310160368,134.11
EK202310126911,149.65
EK202310222925,153.86
EK202310200594,133.93
EK202310150819,135.41
EK202310129913,155.4
EK202310187155,165.19
EK202310221177,129.78
EK202310117855,146.52
EK202310114109,144.75
EK202310212056,146.35
EK202310235416,135.79
EK202310119909,151.69
EK202310234670,140.32
EK202310191663,172.19
EK202310157791,127.53
EK202310232045,133.41
EK202310177127,150.92
EK202310175989,141.1
EK202310127307,157.4
EK202310105741,150.96
EK202310174633,143.43
EK202310114332,141.7
EK202310176623,139.58
EK202310157384,144.07
EK202310230266,143.87
EK202310178822,157.95
EK202310174964,141.43
EK202310149670,138.45
EK202310189731,144.17
EK202310134729,151.74
EK202310198042,138.94
EK202310231499,134.91
EK202310155095,137.41
EK202310180485,139.64
EK202310198871,131.41
EK202310004386,143.72
EK202310165308,130.3
EK202310131429,134.38
EK202310141545,149.7
EK202310184517,139.15
EK202310199293,128.08
EK202310152428,148.37
EK202310148889,169.13
EK202310187273,147.56
EK202310179239,158.4
EK202310235514,141.31
EK202310169287,149.19
EK202310240454,168.92
EK202310206328,151.14
EK202310108495,137.64
EK202310213966,136.36
EK202310196327,143.85
EK202310167665,156.64
EK202310171391,151.83
EK202310183683,132.28
EK202310157793,133.94
EK202310156197,143.99
EK202310198098,146.92
EK202310146704,124.52
EK202310218935,142.23
EK202320007401,159.04
EK202310137190,138.6
EK202310154815,146.37
EK202310126612,132.78
EK202310120357,146.9
EK202310165826,152.66
EK202310214388,155.6
EK202310204549,146.78
EK202310209491,143.27
EK202310208295,144.62
EK202310196248,130.49
EK202310242787,156.85
EK202310225423,161.71
EK202310110863,139.61
EK202310117182,139.07
EK202310217191,151.79
EK202310193055,141.93
EK202310212058,145.5
EK202310103911,147.68
EK202310213355,127.72
EK202310175342,159.95
EK202310237346,134.15
EK202310186492,140.34
EK202310147951,143.82
EK202310191447,140.01
EK202310215972,143.76
EK202310199031,136.46
EK202310152507,150.2
EK202310143892,129.01
EK202310129112,150.72
EK202310152184,147.96
EK202310227166,131.4
EK202310182576,145.43
EK202310004383,136.43
EK202320005865,173.6
EK202310199455,139.65
EK202310230815,134.99
EK202310209305,135.44
EK202310138624,143.75
EK202310126039,132.56
EK202310131814,139.49
EK202310184163,154.57
EK202310118608,133.91
EK202310227117,139.75
EK202310152007,153.41
EK202310229187,137.4
EK202310139035,145.73
EK202310175328,154.64
EK202310159155,136.58
EK202310239122,121.64
EK202310167140,147.53
EK202310186155,164.8
EK202310193982,142.37
EK202310138270,152.72
EK202310117049,135.6
EK202310142284,138.55
EK202310164426,142.77
EK202310176396,145.78
EK202310201189,164.19
EK202310004591,137.08
EK202320005991,152.48
EK202310231608,130.77
EK202310136139,144.36
EK202310113238,148.79
EK202310158141,170.58
EK202310126316,136.21
EK202310123281,157.9
EK202310167569,154.54
EK202310174151,147.36
EK202310116527,137.95
EK202310193916,141.8
EK202310227923,138.86
EK202310240783,143.75
EK202310143752,132.51
EK202310106162,143.88
EK202310107199,134.68
EK202310213671,134.62
EK202310208384,146.76
EK202310196006,157.75
EK202310134465,162.68
EK202310151047,140.95
EK202310124565,137.16
EK202310183135,147.83
EK202310213685,144.53
EK202310143407,158.25
EK202310210115,174.73
EK202310110851,157.61
EK202310229392,142.31
EK202310204386,133.02
EK202310235968,147.51
EK202310199913,137.92
EK202310138545,131.87
EK202310116537,148.02
EK202310134658,159.64
EK202310224022,161.96
EK202310234186,132.19
EK202310163888,141.54
EK202310212249,136.69
EK202310140225,145.88
EK202310140896,150.86
EK202310186538,148.41
EK202310136216,160.03
EK202310108888,149.62
EK202310182062,149.15
EK202310163277,147.74
EK202310107567,141.72
EK202310120960,164.0
EK202310180719,144.31
EK202310131600,140.87
EK202310177372,151.26
EK202310126121,148.09
EK202310162878,137.63
EK202310201167,168.06
EK202310160968,146.51
EK202310197271,137.85
EK202310181868,153.44
EK202310151314,140.67
EK202310164572,155.43
EK202310205777,140.55
EK202310138104,139.75
EK202310167840,135.49
EK202310226831,144.37
EK202310147830,148.26
EK202310197709,133.24
EK202310213022,145.15
EK202310193283,140.89
EK202310205081,133.7
EK202310122178,141.42
EK202320006555,170.72
EK202310237774,139.92
EK202310124965,141.43
EK202310186156,138.27
EK202310117980,138.47
EK202310125951,154.13
EK202310151873,136.63
EK202310207092,133.46
EK202310117489,149.9
EK202310216348,164.35
EK202310220010,145.36
EK202310214618,145.35
EK202310206863,136.48
EK202310109000,154.63
EK202310188574,170.15
EK202310165717,160.37
EK202310128017,140.64
EK202310165060,141.66
EK202310200674,134.99
EK202310221350,142.63
EK202310235065,143.34
EK202310163335,169.06
EK202310120881,137.99
EK202310137678,134.77
EK202310128015,137.03
EK202310234830,135.66
EK202310167377,154.12
EK202310164502,149.4
EK202310127391,145.27
EK202310179523,152.45
EK202310223246,137.12
EK202310108837,135.97
EK202310200232,135.69
EK202310204659,152.74
EK202310189046,153.97
EK202310137247,141.41
EK202310132734,142.3
EK202310136878,135.0
EK202310236360,137.7
EK202310228358,134.95
EK202310134060,155.21
EK202310165565,141.37
EK202310226873,136.48
EK202310189864,137.68
EK202310119822,145.92
EK202310139438,147.67
EK202310190768,145.97
EK202310165094,153.15
EK202310138047,135.04
EK202310166258,148.94
EK202310229510,149.39
EK202310226767,139.01
EK202310141133,144.73
EK202310109811,149.56
EK202310150474,170.39
EK202310179190,129.98
EK202310196236,139.18
EK202310209246,150.75
EK202310197990,144.14
EK202310207124,130.8
EK202310212257,131.67
EK202310108488,141.82
EK202310103709,132.58
EK202310232504,135.41
EK202310134238,153.52
EK202310123117,135.12
EK202310121605,148.64
EK202310173315,145.87
EK202310121739,135.69
EK202310208354,143.62
EK202310161392,149.06
EK202310234724,131.11
EK202310111484,141.9
EK202310187014,142.99
EK202310104426,128.87
EK202310145898,144.47
EK202320006067,159.51
EK202310188463,168.04
EK202310140762,141.94
EK202310218714,160.38
EK202310243661,140.87
EK202310177326,146.8
EK202310234236,140.72
EK202310227958,137.11
EK202310118900,140.81
EK202310165267,152.75
EK202310230827,137.94
EK202310171222,151.15
EK202310162860,148.35
EK202310235544,152.53
EK202310161220,132.59
EK202310121708,142.15
EK202310179835,144.68
EK202310239604,137.44
EK202310219818,129.78
EK202310161568,158.3
EK202310160061,163.31
EK202310110380,137.52
EK202310246413,130.26
EK202310235850,138.03
EK202310165684,135.96
EK202310104090,133.53
EK202310243966,133.69
EK202310228270,143.18
EK202310110387,145.15
EK202310152984,145.85
EK202310223888,133.1
EK202310204934,143.78
EK202310162381,152.9
EK202310197868,140.17
EK202310107186,119.37
EK202310163263,132.5
EK202310198200,134.54
EK202310211345,151.85
EK202310226051,137.74
EK202310123297,155.19
EK202310140795,148.44
EK202310207289,125.84
EK202310225168,139.79
EK202310183349,124.89
EK202310105114,138.37
EK202310176080,151.34
EK202310179405,155.49
EK202310190274,153.4
EK202310132186,143.39
EK202310146444,143.98
EK202310225702,142.41
EK202310218239,140.46
EK202310147577,135.79
EK202310183811,171.77
EK202310162937,138.33
EK202310157881,166.77
EK202310207952,136.32
EK202310141225,139.94
EK202310193030,147.5
EK202310122847,136.47
EK202310165669,133.12
EK202310114924,142.12
EK202310218309,148.25
EK202310208489,153.34
EK202310179997,139.7
EK202310147027,145.36
EK202310004319,139.3
EK202310175632,128.53
EK202310189340,155.33
EK202310177526,147.91
EK202310207611,166.1
EK202310194660,142.21
EK202310229979,149.99
EK202310240147,148.04
EK202310211637,135.46
EK202310149224,136.8
EK202310177662,141.15
EK202310179984,164.85
EK202310228864,153.2
EK202310180524,156.33
EK202310229356,155.44
EK202310149225,134.32
EK202310188850,148.04
EK202310237876,143.13
EK202310219004,132.02
EK202310125299,129.72
EK202310156188,139.75
EK202310238230,139.77
EK202310187694,141.0
EK202310158043,138.82
EK202310214647,144.57
EK202310221207,131.01
EK202310173575,167.42
EK202310113008,148.23
EK202310239053,140.64
EK202310104640,136.18
EK202310241514,139.46
EK202310004700,162.89
EK202310162482,138.27
EK202310119906,139.08
EK202310153205,152.91
EK202310114919,130.72
EK202310235152,143.37
EK202310203791,130.81
EK202310123842,149.24
EK202310141447,145.81
EK202310192629,149.93
EK202310244491,148.41
EK202310216050,130.07
EK202320007061,147.19
EK202310217253,145.58
EK202310187351,163.64
EK202310247064,138.23
EK202310215396,138.14
EK202310109791,147.62
EK202310238972,149.47
EK202310210241,142.21
EK202310138585,157.22
EK202310215255,157.32
EK202310181801,168.68
EK202310124314,127.56
EK202310175289,151.14
EK202310198498,140.09
EK202310154216,147.5
EK202310226242,144.38
EK202310127354,157.93
EK202310179264,147.53
EK202310139507,154.27
EK202310129883,148.37
EK202310232951,146.49
EK202310233288,131.81
EK202310121403,143.18
EK202310158908,143.57
EK202310147431,146.32
EK202310138917,146.23
EK202310149611,143.84
EK202310221612,141.7
EK202310143554,137.89
EK202310172722,133.2
EK202310199773,135.01
EK202310127375,144.03
EK202310225978,136.83
EK202310227248,139.94
EK202310116384,152.01
EK202310180690,163.33
EK202310122858,130.96
EK202310226310,135.58
EK202310195569,156.45
EK202310198823,142.11
EK202310121439,151.14
EK202310161947,142.71
EK202310232604,138.11
EK202310149617,149.4
EK202310146783,134.77
EK202310176164,147.96
EK202310135912,134.55
EK202310229257,170.8
EK202310235094,131.78
EK202310118246,147.58
EK202310185828,139.85
EK202310106494,137.63
EK202310146544,144.52
EK202310227579,133.03
EK202310248311,140.58
EK202310204884,144.26
EK202310117059,140.84
EK202310231772,136.67
EK202310139447,123.09
EK202310189968,153.31
EK202310185749,141.59
EK202310110703,131.49
EK202310237233,129.55
EK202310240881,143.12
EK202310125013,151.76
EK202310128536,137.55
EK202310153537,161.04
EK202310190471,143.17
EK202310151841,144.76
EK202310202685,130.4
EK202310105765,143.22
EK202310136470,137.45
EK202310202012,132.72
EK202310125711,153.42
EK202310157673,133.11
EK202310164027,138.6
EK202310151517,167.94
EK202310180147,133.69
EK202310198373,153.0
EK202310204349,152.13
EK202310219251,141.8
EK202310172594,138.72
EK202310179118,133.54
EK202310150133,136.85
EK202310165331,145.09
EK202310163772,143.23
EK202310126377,136.79
EK202310145984,146.91
EK202310246976,140.96
EK202310113703,149.68
EK202310232392,140.39
EK202310236403,130.05
EK202310139475,144.75
EK202310192609,151.21
EK202310224294,165.51
EK202310152213,134.31
EK202310108540,148.75
EK202310210085,161.0
EK202310226804,138.47
EK202310137397,143.81
EK202310117951,134.24
EK202310193300,158.09
EK202310106304,143.42
EK202310129954,143.62
EK202310215057,152.11
EK202310139115,139.79
EK202310212736,160.8
EK202310135023,159.18
EK202310139581,159.19
EK202310199274,140.03
EK202310211965,126.91
EK202310246061,134.23
EK202310203442,143.32
EK202310181526,152.73
EK202310193412,133.83
EK202310139031,134.13
EK202310221231,136.14
EK202310134998,173.37
EK202310141687,163.68
EK202310197304,147.34
EK202310201782,140.55
EK202310135431,163.94
EK202310208259,136.14
EK202310161380,128.94
EK202310186230,156.81
EK202310152403,151.42
EK202310116913,132.46
EK202310244061,130.15
EK202310135475,155.0
EK202310165270,139.87
EK202310138939,139.38
EK202310141892,132.63
EK202310124993,138.21
EK202310170388,135.5
EK202310157255,132.29
EK202310133503,159.56
EK202310175284,141.73
EK202310241462,133.9
EK202310154232,133.1
EK202310163615,164.25
EK202310197907,152.82
EK202310186389,136.2
EK202310245749,130.47
EK202310219676,145.57
EK202310190121,149.37
EK202310209264,143.35
EK202310210983,130.79
EK202310187936,141.53
EK202310133895,138.45
EK202310186472,160.44
EK202310206380,151.58
EK202310193643,145.17
EK202310225084,158.35
EK202310220518,142.78
EK202310169406,141.14
EK202310237549,136.27
EK202310109909,152.14
EK202310212592,134.11
EK202310179751,126.76
EK202310112820,134.65
EK202310195293,133.88
EK202310236702,141.17
EK202310145993,134.58
EK202310222902,136.02
EK202310189301,147.18
EK202310205807,149.55
EK202310163101,140.53
EK202310203688,144.69
EK202310174439,170.29
EK202310156353,151.68
EK202310162723,135.05
EK202310212065,135.03
EK202310004255,136.64
EK202310222006,135.7
EK202310194790,138.87
EK202310106043,144.63
EK202310242730,145.49
EK202310242586,143.2
EK202310176604,150.62
EK202310109635,138.32
EK202310216117,131.45
EK202310116981,151.55
EK202310221657,137.57
EK202310144341,137.05
EK202310228428,131.03
EK202310146265,136.17
EK202310209443,142.48
EK202310218588,141.8
EK202310108618,138.02
EK202310121760,135.29
EK202310107369,140.68
EK202310115437,148.38
EK202310187394,155.99
EK202310165757,134.15
EK202310195111,151.45
EK202310188262,157.56
EK202310124663,139.46
EK202310143110,138.13
EK202310211384,153.59
EK202310118553,140.89
EK202310149358,168.12
EK202310164859,140.44
EK202310207799,142.97
EK202310172115,139.4
EK202310215359,152.06
EK202310161036,148.59
EK202310223447,136.23
EK202310181639,126.68
EK202310204435,151.42
EK202310104184,140.72
EK202310160295,148.09
EK202310192033,146.82
EK202310168110,148.46
EK202310189097,142.78
EK202310167385,138.17
EK202310109968,151.0
EK202310198949,154.2
EK202310197617,158.97
EK202310108360,142.1
EK202310159270,152.02
EK202310145269,144.51
EK202310188812,130.09
EK202310125988,135.43
EK202310112939,132.48
EK202310247895,137.75
EK202310131311,129.94
EK202310183854,131.68
EK202310219712,129.07
EK202310160911,147.76
EK202310231162,137.47
EK202310135041,166.52
EK202310212037,138.3
EK202310226698,144.12
EK202310134750,135.5
EK202310148234,137.59
EK202310174532,152.08
EK202310109167,128.23
EK202310197750,161.02
EK202310164476,140.63
EK202310233270,168.03
EK202310135322,164.02
EK202310209231,137.46
EK202310202820,145.75
EK202310174302,141.97
EK202310125602,141.16
EK202310158386,145.27
EK202310242062,139.38
EK202310141111,138.08
EK202310136233,145.88
EK202310236818,135.93
EK202310184555,137.73
EK202310198830,140.36
EK202310151478,165.71
EK202310231437,129.98
EK202310150468,152.11
EK202310241943,145.97
EK202310231053,136.32
EK202310154428,146.33
EK202310192603,155.69
EK202310161912,146.57
EK202310130902,134.62
EK202310183672,154.88
EK202310227046,156.71
EK202310166255,143.1
EK202310137864,132.73
EK202310116959,143.4
EK202310238412,138.21
EK202310171649,154.81
EK202310193766,142.4
EK202310123847,167.01
EK202310146498,139.85
EK202310239626,142.36
EK202310195302,138.94
EK202310212103,135.39
EK202310192877,132.32
EK202310111009,130.51
EK202310136743,135.9
EK202310195641,142.21
EK202310227516,147.22
EK202310115577,143.1
EK202310215165,133.62
EK202310138284,150.42
EK202310126665,133.2
EK202310239150,129.12
EK202310203149,151.81
EK202310193960,133.78
EK202310171451,133.97
EK202310121337,135.81
EK202310117375,141.02
EK202310220920,137.61
EK202310115368,143.07
EK202310156865,164.39
EK202310185189,151.56
EK202310122055,129.69
EK202310215356,164.85
EK202310147958,143.23
EK202310121750,129.5
EK202310173060,139.49
EK202310163776,134.58
EK202310220192,140.14
EK202310218549,149.74
EK202310157001,167.52
EK202310225119,136.41
EK202310204051,142.98
EK202310122949,135.52
EK202310121503,125.74
EK202310131147,139.78
EK202310108909,142.67
EK202310151114,129.21
EK202310233392,137.8
EK202320007141,148.29
EK202310164522,144.47
EK202310177297,149.32
EK202310210546,146.43
EK202310184589,149.55
EK202310212117,139.85
EK202310133272,131.25
EK202310205158,147.5
EK202310174636,146.28
EK202310140946,140.61
EK202310117042,140.26
EK202310134320,139.15
EK202310229429,141.49
EK202310106153,142.39
EK202310247761,164.53
EK202310227271,135.48
EK202310239428,129.45
EK202310215784,137.01
EK202310210318,134.06
EK202310141900,145.95
EK202310184802,171.93
EK202310165235,145.82
EK202310171404,141.08
EK202310210573,127.72
EK202310210122,158.22
EK202310150189,137.93
EK202310156048,145.4
EK202310172500,171.03
EK202310132244,135.08
EK202310245342,144.7
EK202310139313,137.61
EK202310207856,138.75
EK202310116311,134.98
EK202310208589,149.5
EK202310136325,137.13
EK202310248759,133.66
EK202310198653,148.58
EK202310195491,159.16
EK202310103816,140.38
EK202310207373,153.18
EK202310227064,143.46
EK202310138546,147.93
EK202310205952,128.35
EK202310212677,149.82
EK202310228148,131.3
EK202310107729,149.73
EK202310211277,158.69
EK202310195545,146.11
EK202310116564,143.82
EK202310184823,155.36
EK202310170543,150.72
EK202310193619,132.57
EK202310239035,165.25
EK202310133171,137.37
EK202310227136,139.11
EK202310142625,131.63
EK202310244169,138.98
EK202310246581,134.34
EK202310165380,155.66
EK202310193395,134.94
EK202310109332,142.26
EK202310163291,158.76
EK202310124290,140.56
EK202310215739,139.4
EK202310241146,142.79
EK202310124580,135.73
EK202310211475,140.48
EK202310004503,142.99
EK202310143151,136.99
EK202310136531,147.17
EK202310119568,142.91
EK202310107515,132.88
EK202310189886,151.02
EK202310124398,135.51
EK202310125848,140.84
EK202310211088,138.32
EK202310156421,161.07
EK202310157177,154.97
EK202310211323,135.61
EK202310202592,135.98
EK202310194894,151.42
EK202310215071,152.97
EK202310202956,146.95
EK202310234488,137.37
EK202310187089,134.12
EK202310227517,149.9
EK202310170551,152.41
EK202310189993,145.21
EK202310149202,140.94
EK202310229780,132.35
EK202310245465,139.96
EK202310218891,137.21
EK202310124812,157.94
EK202310208935,148.49
EK202310140658,128.28
EK202310183874,164.46
EK202310107413,142.38
EK202310194042,140.87
EK202310157446,140.77
EK202310199004,135.18
EK202310135601,132.24
EK202310201970,147.68
EK202310139356,136.45
EK202310134175,140.27
EK202310108539,140.07
EK202310177643,135.31
EK202310103821,136.78
EK202310206740,157.57
EK202310131433,135.75
EK202310204350,136.68
EK202310225071,134.15
EK202310211718,140.78
EK202310131849,149.57
EK202310153172,147.61
EK202310132642,135.21
EK202310112845,139.63
EK202310177008,142.9
EK202310130444,147.09
EK202310147078,148.84
EK202310208564,144.44
EK202310194298,140.75
EK202310228548,138.3
EK202310187217,139.18
EK202310171794,132.34
EK202310174423,135.85
EK202310186521,145.97
EK202310189274,159.59
EK202310128594,132.26
EK202310213657,130.89
EK202310136140,139.27
EK202310144986,134.27
EK202310117312,146.32
EK202310165610,145.86
EK202310130595,141.4
EK202310004575,135.93
EK202310119145,144.36
EK202310179788,138.65
EK202310247106,148.38
EK202310118131,139.24
EK202310144354,141.42
EK202310192108,140.69
EK202310169582,142.41
EK202310227386,138.1
EK202310174182,145.24
EK202310222783,129.81
EK202310178639,139.25
EK202310245259,130.92
EK202310167257,138.63
EK202310162914,137.15
EK202310004463,149.78
EK202310207893,162.35
EK202310148230,139.42
EK202310116055,136.95
EK202310224157,150.91
EK202310114888,129.18
EK202310195337,155.0
EK202310216934,169.13
EK202310216677,156.91
EK202310188580,138.94
EK202310219727,143.83
EK202310166001,135.18
EK202310229705,138.74
EK202310209871,139.01
EK202310196361,140.33
EK202310234245,131.81
EK202310138920,143.12
EK202310122618,124.18
EK202310175727,160.05
EK202310155478,144.5
EK202320005560,145.44
EK202310110719,146.96
EK202310136240,150.43
EK202310186251,167.43
EK202310216248,142.22
EK202310205301,143.08
EK202310211409,132.3
EK202310154889,139.22
EK202310133167,151.59
EK202310190742,140.32
EK202310181049,138.32
EK202310190345,155.63
EK202310223134,163.11
EK202310248510,143.9
EK202310177287,157.51
EK202310127550,134.07
EK202310118313,143.82
EK202310222760,133.15
EK202310112189,142.87
EK202310141089,139.21
EK202310132200,152.71
EK202310221040,141.18
EK202310111716,148.54
EK202310206062,137.09
EK202310209855,145.57
EK202310104428,144.4
EK202310177723,140.43
EK202310003367,129.01
EK202310182125,153.27
EK202310194084,145.71
EK202310211789,135.88
EK202310132488,148.23
EK202310142803,133.7
EK202310181723,167.6
EK202310103735,145.67
EK202310219083,144.25
EK202310215988,141.61
EK202310234414,127.72
EK202310203900,136.95
EK202310137717,133.51
EK202310112769,138.68
EK202310160354,130.46
EK202310105028,142.18
EK202310128626,144.19
EK202310206626,150.89
EK202310247911,132.09
EK202310156966,140.75
EK202310111774,136.12
EK202310141388,136.03
EK202310105367,136.44
EK202310138470,138.31
EK202310238177,141.36
EK202310169946,150.2
EK202310189158,140.11
EK202310231981,134.11
EK202310174508,132.0
EK202310110650,140.65
EK202310195172,162.83
EK202310188961,140.65
EK202310219185,144.05
EK202310208623,139.51
EK202310128662,137.09
EK202310185661,147.68
EK202310157894,137.42
EK202310200928,148.24
EK202310004224,139.55
EK202310150214,133.05
EK202310111969,139.99
EK202310129506,140.12
EK202310127186,149.52
EK202310173377,129.24
EK202310163570,136.37
EK202310196742,135.61
EK202310167664,157.46
EK202310148814,155.63
EK202310200567,173.2
EK202310168414,160.02
EK202310203613,154.68
EK202310247919,155.31
EK202310200083,165.99
EK202310148844,132.28
EK202310159721,143.37
EK202310131910,137.31
EK202310153522,127.61
EK202310212250,142.86
EK202310111147,158.77
EK202310170237,139.87
EK202310166954,146.23
EK202310193804,146.5
EK202310180730,161.69
EK202310004363,168.17
EK202310123533,130.98
EK202310235018,140.28
EK202310176008,140.54
EK202310151334,131.13
EK202320007865,158.32
EK202310236423,137.63
EK202310130270,141.82
EK202310220333,134.99
EK202310196344,138.95
EK202310218805,148.84
EK202310116838,134.84
EK202310185359,139.51
EK202310150318,151.25
EK202310121733,132.13
EK202310242000,153.04
EK202310193114,135.21
EK202310171559,134.83
EK202310122635,137.0
EK202310167040,162.61
EK202310166470,136.16
EK202310195612,143.53
EK202310233457,138.28
EK202310185055,132.8
EK202310177519,155.32
EK202310247329,154.69
EK202310195549,170.69
EK202310144213,132.53
EK202310135438,160.49
EK202310226468,145.92
EK202310105289,141.69
EK202310120252,142.9
EK202310176662,140.38
EK202310114289,141.73
EK202310126976,136.47
EK202310207593,156.43
EK202310114272,129.26
EK202310199080,141.39
EK202310122669,138.32
EK202310180804,151.4
EK202310204732,142.93
EK202310200464,135.09
EK202310203808,130.53
EK202310212010,132.97
EK202310245942,148.17
EK202310004694,133.25
EK202310155200,136.15
EK202310164369,134.83
EK202310126268,145.27
EK202310170105,155.21
EK202310225963,138.83
EK202310114547,145.49
EK202310236239,140.96
EK202310112862,144.77
EK202310109972,147.68
EK202310132643,135.2
EK202310132419,141.28
EK202310161002,140.3
EK202310189189,133.17
EK202310148790,147.99
EK202310169154,164.19
EK202310196747,152.45
EK202310122266,152.8
EK202310115421,130.07
EK202310180521,141.85
EK202310167786,144.68
EK202310167076,145.8
EK202310168839,134.94
EK202310110674,132.93
EK202310236684,131.4
EK202310128770,145.39
EK202310244917,145.71
EK202310128367,147.02
EK202310129004,134.99
EK202310231478,133.66
EK202310178172,150.88
EK202310180564,145.45
EK202310112326,130.53
EK202310200330,138.56
EK202310138725,146.17
EK202310177009,139.08
EK202310220598,163.61
EK202310200436,148.67
EK202310242674,141.14
EK202310222668,171.3
EK202310118184,134.2
EK202310138203,135.69
EK202310118829,148.91
EK202310185969,142.04
EK202310216351,139.02
EK202310187284,133.5
EK202310218216,142.38
EK202310219259,136.65
EK202310120929,137.92
EK202310108093,149.74
EK202310142267,145.04
EK202310174980,143.58
EK202310114009,151.98
EK202310242966,138.02
EK202310147064,149.37
EK202310223815,132.11
EK202310185149,167.38
EK202310173756,140.3
EK202310212549,146.32
EK202310122123,143.46
EK202310148593,131.94
EK202310203858,134.66
EK202310194323,141.13
EK202310210067,142.25
EK202310247362,138.48
EK202310179728,165.63
EK202310135263,133.57
EK202310228041,158.31
EK202310198439,138.21
EK202310224121,136.29
EK202310176263,134.35
EK202310210520,138.79
EK202310153558,134.74
EK202310201528,139.99
EK202310204700,132.68
EK202310199855,149.58
EK202310133334,147.0
EK202310125891,137.02
EK202310149237,140.72
EK202310207352,134.2
EK202310143244,152.71
EK202310173902,147.95
EK202310204441,130.34
EK202310154510,153.57
EK202310197593,153.82
EK202310139918,136.3
EK202310143944,137.83
EK202310182605,139.57
EK202310113041,142.97
EK202310108339,139.08
EK202310177699,141.05
EK202310158001,149.65
EK202310243619,136.94
EK202310225367,138.48
EK202310148561,138.53
EK202310242689,135.45
EK202310146006,142.84
EK202310200037,143.18
EK202310186473,135.79
EK202310105390,136.54
EK202310150556,142.69
EK202310180347,165.02
EK202310203230,157.49
EK202310200016,134.43
EK202310154269,139.45
EK202310128087,154.85
EK202310122816,146.1
EK202310134877,139.58
EK202310195490,151.37
EK202310209715,135.19
EK202310236837,140.68
EK202310196435,136.8
EK202310139068,146.72
EK202310171012,154.87
EK202310150360,140.16
EK202310222353,151.45
EK202310197842,154.39
EK202310188412,158.85
EK202310153874,151.53
EK202310213199,145.24
EK202310127730,157.21
EK202310215194,136.92
EK202310126576,130.6
EK202310248182,136.46
EK202310198801,158.7
EK202310198160,132.98
EK202310198294,153.43
EK202310167705,137.64
EK202310217704,147.88
EK202310145831,140.08
EK202310105308,146.82
EK202310230902,139.07
EK202310202412,134.68
EK202310130126,149.79
EK202310193563,147.94
EK202310130811,144.2
EK202310169126,155.8
EK202310107052,162.78
EK202310134315,128.88
EK202310230590,135.87
EK202310212377,136.82
EK202310227080,145.3
EK202310124256,162.74
EK202310219252,139.93
EK202310230033,131.31
EK202310117668,136.57
EK202310228344,135.55
EK202310233855,132.47
EK202310147814,158.04
EK202310107881,140.37
EK202310230203,172.44
EK202310177383,149.45
EK202310122567,144.24
EK202310207619,156.08
EK202310202333,136.78
EK202310189380,141.7
EK202310180057,133.22
EK202310202234,147.34
EK202310233426,142.05
EK202310175207,136.29
EK202310204631,148.72
EK202310194398,138.28
EK202310139820,150.13
EK202310116562,147.59
EK202310229058,137.11
EK202310247161,133.75
EK202310189860,130.08
EK202310104099,133.06
EK202310244738,167.2
EK202310247933,133.75
EK202310149446,147.29
EK202310161930,146.89
EK202310116286,149.78
EK202310109850,135.88
EK202310204890,137.96
EK202310124176,130.91
EK202310231512,131.49
EK202310157031,153.85
EK202310219683,138.6
EK202310105922,133.96
EK202310003444,145.32
EK202310128205,128.55
EK202310136781,149.65
EK202310195373,141.8
EK202310140338,146.29
EK202310178676,140.93
EK202310234329,137.44
EK202310115125,160.1
EK202310219503,129.05
EK202310201769,144.13
EK202310139458,139.27
EK202310194338,148.76
EK202310223572,137.8
EK202310125065,156.13
EK202310227016,148.1
EK202310176702,142.78
EK202310155243,144.43
EK202310192723,145.33
EK202310198191,142.32
EK202310105422,147.2
EK202310105777,151.78
EK202310187970,137.61
EK202310236294,155.13
EK202310210632,139.52
EK202310122661,144.28
EK202310132816,166.07
EK202310221993,136.07
EK202310235308,137.03
EK202310232426,134.49
EK202310225207,134.85
EK202310120329,148.88
EK202310174955,134.32
EK202310233002,156.03
EK202310226820,136.11
EK202310231561,137.44
EK202310178128,140.89
EK202310231088,139.58
EK202310147614,152.73
EK202310192044,138.38
EK202310207423,133.33
EK202310144998,139.43
EK202310160433,139.04
EK202310182388,142.86
EK202310004163,137.58
EK202310178635,140.12
EK202310147316,158.12
EK202310137625,138.09
EK202310234674,138.36
EK202310206395,144.3
EK202310198108,160.6
EK202310230135,132.0
EK202310124667,139.82
EK202310197608,161.55
EK202310239140,145.31
EK202320006708,158.14
EK202310141682,130.78
EK202310173078,139.15
EK202310180684,162.18
EK202310168825,146.75
EK202310196603,145.55
EK202310143301,163.88
EK202310198024,154.89
EK202310238866,155.33
EK202310174309,128.31
EK202310169127,131.17
EK202310118888,137.48
EK202310219211,130.63
EK202310117888,138.94
EK202310203714,129.49
EK202310212227,133.67
EK202310224375,132.27
EK202310169753,145.12
EK202310218369,142.62
EK202310229422,150.49
EK202310114027,135.7
EK202310191499,134.99
EK202310123832,136.99
EK202310117550,146.72
EK202310153034,148.96
EK202310147526,137.79
EK202310240029,128.23
EK202310208321,141.18
EK202310110615,139.81
EK202310172001,140.62
EK202310245514,143.23
EK202310113405,141.48
EK202310133712,168.84
EK202310220573,135.23
EK202310127361,152.09
EK202310203296,129.72
EK202310205467,134.71
EK202310182859,154.5
EK202310116644,143.69
EK202310143055,143.01
EK202310137541,154.13
EK202310240346,144.06
EK202310231920,139.08
EK202310003793,142.63
EK202310179099,145.43
EK202310182101,146.69
EK202310180654,130.48
EK202310203568,158.54
EK202310201589,155.01
EK202310185227,140.46
EK202310204045,153.23
EK202310231962,139.17
EK202310206237,137.75
EK202310129023,146.36
EK202320005658,152.7
EK202310155013,152.9
EK202310207955,134.69
EK202310175039,130.23
EK202310189095,139.55
EK202310222588,139.65
EK202310194826,137.0
EK202310116127,130.93
EK202310186036,140.9
EK202310228425,131.37
EK202310142709,134.64
EK202310212132,131.42
EK202310106890,129.9
EK202310244866,135.73
EK202310185150,149.81
EK202310137324,134.28
EK202310171191,126.32
EK202310113505,133.72
EK202320007023,152.97
EK202310119257,146.48
EK202310149918,149.5
EK202310223014,138.05
EK202310201000,152.87
EK202310172203,141.35
EK202310203943,154.87
EK202310120010,130.89
EK202310108002,143.29
EK202310241637,140.52
EK202310174800,139.49
EK202310127377,146.21
EK202310122799,160.33
EK202310229843,126.37
EK202310226129,141.14
EK202310140081,149.78
EK202310229999,139.54
EK202310203546,153.68
EK202310209757,137.76
EK202310116016,133.3
EK202310165012,166.64
EK202310122837,142.98
EK202310146822,153.62
EK202310112044,138.44
EK202310166309,145.38
EK202310172353,135.88
EK202310111013,158.23
EK202310134532,136.74
EK202310201623,139.19
EK202310207833,133.71
EK202310153627,144.36
EK202310173741,152.84
EK202310233377,144.45
EK202310108336,138.18
EK202310144097,133.31
EK202310242026,140.41
EK202310123987,164.94
EK202310201556,147.34
EK202310141802,150.18
EK202310160116,157.66
EK202310208420,153.06
EK202310201286,139.06
EK202310242784,139.28
EK202310207678,134.63
EK202310235367,139.5
EK202310138835,151.14
EK202310126496,135.86
EK202310210203,137.82
EK202310160698,157.46
EK202310131627,145.34
EK202310192509,142.03
EK202310237182,137.06
EK202310195225,144.93
EK202310209548,135.35
EK202310170414,130.57
EK202310178511,139.32
EK202310169436,144.4
EK202310163299,139.69
EK202310197411,135.51
EK202310208679,137.68
EK202310178121,131.92
EK202310126051,134.98
EK202310158375,145.86
EK202310190778,136.93
EK202310154851,126.35
EK202310179709,132.46
EK202310114702,136.45
EK202310167850,132.04
EK202310004729,138.69
EK202310183539,161.18
EK202310196615,154.17
EK202310162856,143.62
EK202310133076,147.49
EK202310230396,159.69
EK202310158633,144.33
EK202310161117,167.73
EK202310004351,141.7
EK202310174767,161.1
EK202310183707,139.68
EK202310201085,153.25
EK202310117365,141.89
EK202310211525,141.0
EK202310174033,146.97
EK202310133029,162.82
EK202310109257,140.81
EK202310208465,136.58
EK202310003437,137.66
EK202310147849,149.48
EK202310172875,146.78
EK202310195261,149.31
EK202310124700,130.85
EK202310209462,139.43
EK202310190370,162.17
EK202310166689,140.36
EK202310125440,135.59
EK202310242447,150.83
EK202310208224,136.79
EK202310164938,146.87
EK202310171017,146.14
EK202310221295,131.72
EK202310116789,126.5
EK202310245230,134.85
EK202310196239,140.88
EK202310217020,160.64
EK202310149091,156.0
EK202310188633,136.46
EK202310145175,149.36
EK202310184944,142.53
EK202310116881,142.96
EK202310133865,142.42
EK202310170575,150.97
EK202310217837,131.61
EK202310142127,138.88
EK202310220280,130.18
EK202310220011,151.16
EK202310136446,147.53
EK202310167400,152.17
EK202310136757,141.55
EK202310219947,136.25
EK202310215446,161.27
EK202310113390,163.4
EK202310231430,133.34
EK202310190750,147.39
EK202310218203,136.4
EK202310232673,151.58
EK202310172719,128.22
EK202310238088,139.89
EK202310122490,131.03
EK202310141767,143.35
EK202310164189,145.87
EK202310131789,152.77
EK202310131787,139.82
EK202310111463,148.09
EK202310189888,134.75
EK202310123502,139.14
EK202310248489,136.71
EK202310104974,132.76
EK202310133434,137.36
EK202310122152,139.01
EK202310223645,140.02
EK202310218467,132.38
EK202310200984,138.22
EK202310246962,147.16
EK202310138658,143.51
EK202310135971,141.23
EK202310145071,144.51
EK202310236227,147.37
EK202310161820,138.56
EK202310116560,150.07
EK202310147855,139.99
EK202310198848,139.49
EK202310126318,136.64
EK202310168761,162.15
EK202310236060,138.77
EK202310194911,165.09
EK202310232213,140.79
EK202310123619,130.74
EK202310129238,152.46
EK202310239622,140.35
EK202310130274,161.55
EK202310136862,127.99
EK202310144925,142.11
EK202310117994,137.73
EK202310145721,143.51
EK202310166110,135.36
EK202310153689,148.54
EK202310167524,132.28
EK202310171110,149.9
EK202310194242,133.34
EK202310128824,134.0
EK202310217802,148.91
EK202310174759,143.28
EK202310163258,144.31
EK202320007136,150.97
EK202310223074,134.41
EK202310127999,136.05
EK202310210697,137.62
EK202310187479,144.48
EK202310229648,159.18
EK202310223615,160.86
EK202310205259,158.56
EK202310207915,144.62
EK202310161035,158.85
EK202310211684,136.82
EK202310217627,131.59
EK202310188184,146.04
EK202310179703,136.13
EK202310191167,142.44
EK202310206412,129.85
EK202310138851,160.1
EK202320007328,151.26
EK202310211346,145.75
EK202310169209,146.53
EK202310145302,128.58
EK202310203140,139.57
EK202310209732,136.58
EK202310117958,134.85
EK202310155922,139.78
EK202310184930,138.08
EK202310150832,138.32
EK202310208806,149.99
EK202310172410,162.96
EK202310230235,144.1
EK202310203566,144.14
EK202310123801,146.42
EK202310141762,161.87
EK202310245120,135.52
EK202310183959,141.23
EK202310128037,152.2
EK202310004669,139.45
EK202310217022,133.92
EK202310110060,139.92
EK202310231754,128.26
EK202310132866,141.11
EK202310246978,138.19
EK202310111800,138.07
EK202310141316,137.58
EK202310225078,147.75
EK202310224113,130.87
EK202310229156,140.88
EK202310158924,156.76
EK202310193952,142.73
EK202310134851,142.83
EK202310107778,136.42
EK202310201914,162.48
EK202310226477,136.38
EK202310200818,144.96
EK202310178725,135.29
EK202310136843,135.47
EK202310188878,160.6
EK202310192998,148.48
EK202310123605,145.34
EK202310109206,139.48
EK202310110309,144.25
EK202310201669,148.04
EK202310228267,139.45
EK202310120920,140.71
EK202310239638,151.19
EK202310138789,149.0
EK202310187947,170.37
EK202310143793,135.08
EK202310231992,136.72
EK202310243082,138.74
EK202310174903,157.6
EK202310004153,153.16
EK202310211574,138.93
EK202310133648,135.58
EK202310145095,158.06
EK202310180354,163.29
EK202310111206,134.23
EK202310182140,158.54
EK202310202202,142.91
EK202310158892,137.72
EK202310193967,148.18
EK202310222297,123.83
EK202310121931,148.33
EK202310170526,151.7
EK202310119454,174.79
EK202310235204,133.36
EK202310123917,139.84
EK202310157703,141.83
EK202310149315,153.17
EK202310146815,144.21
EK202310126049,165.53
EK202310232396,135.78
EK202310199056,151.3
EK202310141228,136.82
EK202310196032,149.76
EK202310107291,144.8
EK202310122690,150.55
EK202310236528,140.33
EK202320007677,148.54
EK202310210488,137.04
EK202310207172,151.76
EK202310182902,138.22
EK202310139806,165.56
EK202310148583,158.88
EK202310220644,138.87
EK202310112733,138.0
EK202310204401,142.27
EK202310160356,135.96
EK202310225435,132.46
EK202310196076,146.63
EK202310203598,145.77
EK202310140544,148.56
EK202310212327,137.61
EK202310235705,148.03
EK202310202376,137.15
EK202310196089,141.95
EK202310139122,152.1
EK202310176023,140.16
EK202310117387,140.25
EK202310192216,145.69
EK202310122067,146.63
EK202310224886,139.93
EK202310234937,139.08
EK202310196488,138.28
EK202310140986,138.41
EK202310104819,154.87
EK202310192016,142.08
EK202310230705,134.15
EK202310191079,155.07
EK202310224030,147.53
EK202310116108,131.21
EK202310216944,151.98
EK202310239270,138.57
EK202310179674,146.63
EK202310135614,133.74
EK202310196625,132.0
EK202310244109,137.02
EK202310211711,134.37
EK202310175336,156.95
EK202310155402,137.41
EK202310110776,162.63
EK202310246416,145.11
EK202310180852,126.83
EK202310173163,152.38
EK202310146639,151.5
EK202320007618,149.3
EK202310245395,146.0
EK202310175505,148.14
EK202310196444,149.47
EK202310172044,145.43
EK202310140972,171.56
EK202310236512,137.74
EK202310141653,142.11
EK202310236235,140.87
EK202310111947,147.16
EK202310129970,146.96
EK202310156921,152.94
EK202310111882,137.57
EK202310142671,150.06
EK202310225816,137.15
EK202310129016,145.61
EK202310216107,140.3
EK202310192345,129.24
EK202310115608,145.83
EK202310218293,135.25
EK202310105946,136.79
EK202310194919,146.78
EK202310138207,136.62
EK202310199908,138.69
EK202320006707,163.49
EK202310162516,152.35
EK202310121312,128.81
EK202310240696,137.19
EK202310124904,148.59
EK202310238291,143.61
EK202310127974,139.23
EK202310136024,159.25
EK202310187265,135.47
EK202310108072,130.19
EK202310240013,147.29
EK202310212042,136.64
EK202310237376,132.31
EK202310220612,135.48
EK202310194509,140.99
EK202310209569,147.08
EK202310114438,148.69
EK202310132881,155.84
EK202310175705,134.58
EK202310004055,143.69
EK202310175229,145.28
EK202310174345,145.71
EK202310212490,141.14
EK202310136810,137.21
EK202310157304,142.61
EK202310169599,130.24
EK202310107717,141.74
EK202310105279,146.58
EK202310110848,137.05
EK202310178772,168.2
EK202310245828,121.14
EK202310219817,146.79
EK202310200575,147.08
EK202310105122,135.96
EK202310162052,144.51
EK202310150697,146.15
EK202310158553,137.07
EK202310210487,136.03
EK202310219594,134.51
EK202310234064,164.7
EK202310147076,154.26
EK202310168891,145.57
EK202310230477,170.6
EK202310151700,140.52
EK202310105830,162.01
EK202310150350,142.44
EK202310221753,142.44
EK202310117832,138.43
EK202310192005,139.64
EK202310236133,141.45
EK202310128003,133.6
EK202310192879,148.91
EK202310127978,135.53
EK202310145508,144.61
EK202310112586,143.9
EK202310241863,158.68
EK202310221932,148.53
EK202310132949,136.14
EK202310223688,163.29
EK202310143982,135.72
EK202320006378,157.97
EK202310104123,146.64
EK202310185565,156.14
EK202310229086,138.08
EK202310133226,153.98
EK202310118081,139.07
EK202310150049,142.05
EK202310135400,131.22
EK202310116088,135.81
EK202310231696,133.15
EK202310146749,142.1
EK202310111238,145.56
EK202310191666,159.79
EK202310135953,141.64
EK202310161122,153.83
EK202310228253,144.38
EK202310153608,146.55
EK202310138495,166.78
EK202310145050,136.43
EK202310206747,132.93
EK202310203488,167.04
EK202310183419,157.53
EK202310129584,145.91
EK202310131950,141.84
EK202320006497,145.61
EK202310158313,150.72
EK202310156450,134.1
EK202310206931,163.1
EK202310224192,139.71
EK202310181248,148.08
EK202310139477,145.09
EK202310106863,141.32
EK202310113902,139.85
EK202310177431,145.63
EK202310189561,153.1
EK202310206223,125.82
EK202320005580,170.18
EK202310240584,138.11
EK202310193474,134.17
EK202310106515,146.08
EK202310134230,143.73
EK202310184191,140.2
EK202310120682,140.21
EK202310169684,144.08
EK202310119557,143.85
EK202310126983,134.68
EK202310167903,143.51
EK202310133442,142.0
EK202310210959,138.44
EK202310212306,140.98
EK202310230307,133.71
EK202310212565,139.95
EK202310192899,137.09
EK202310170190,137.49
EK202310153027,162.9
EK202310114380,145.8
EK202310133567,159.3
EK202310214756,147.18
EK202310114168,141.83
EK202310217065,154.57
EK202310169361,138.53
EK202310165708,144.48
EK202310228615,136.4
EK202310209019,150.81
EK202310132985,132.68
EK202310110233,137.8
EK202310143464,126.98
EK202310136141,150.04
EK202310226017,140.25
EK202310155663,136.38
EK202310195009,158.6
EK202310126196,157.97
EK202310108026,138.98
EK202310172643,143.5
EK202310153423,133.04
EK202310243003,134.36
EK202310153678,139.5
EK202310169206,140.17
EK202310196881,141.31
EK202310247696,137.41
EK202310160692,154.89
EK202310157186,166.31
EK202310156752,131.77
EK202310114419,141.18
EK202310117232,138.03
EK202310221881,137.92
EK202310202289,135.16
EK202310221155,134.64
EK202310197000,142.89
EK202310183680,128.12
EK202310166065,139.42
EK202310224104,138.19
EK202310198490,139.93
EK202310185320,145.66
EK202310112969,146.02
EK202310122531,135.64
EK202310223294,143.13
EK202310243257,146.59
EK202310227369,164.61
EK202310132379,126.31
EK202310207889,132.94
EK202310155220,135.04
EK202310149989,144.26
EK202310116304,139.34
EK202310207654,166.13
EK202310233148,133.69
EK202310133990,166.03
EK202310131881,145.86
EK202310147674,164.07
EK202310161848,164.42
EK202310113742,147.08
EK202310107292,141.21
EK202310157457,141.04
EK202310159983,131.66
EK202310222436,131.63
EK202310116722,139.13
EK202310228029,133.43
EK202310226778,142.41
EK202310223904,136.86
EK202310205019,147.24
EK202310119364,137.97
EK202310003651,132.29
EK202310212861,135.87
EK202310110710,135.68
EK202310131651,139.38
EK202310144906,137.45
EK202310188544,149.26
EK202310133839,140.37
EK202310118694,150.11
EK202310110720,136.4
EK202310128544,144.78
EK202310193628,140.49
EK202310148648,142.85
EK202310153778,147.25
EK202310188918,133.37
EK202310126546,134.88
EK202310214084,164.68
EK202310191915,152.69
EK202310230973,136.84
EK202310220076,137.34
EK202310198281,131.87
EK202310210973,136.81
EK202310116202,139.57
EK202320007382,155.3
EK202310140017,137.39
EK202310235458,138.1
EK202310224553,131.89
EK202310131411,134.97
EK202310172944,147.55
EK202310187715,139.76
EK202310117160,143.66
EK202310223783,138.51
EK202310208505,140.6
EK202310177144,146.74
EK202310141554,138.02
EK202310153806,147.44
EK202310178651,134.84
EK202310207053,137.91
EK202310121285,136.82
EK202310129917,136.63
EK202310178974,142.29
EK202310139959,152.19
EK202310240930,141.61
EK202310184143,151.71
EK202310141627,143.01
EK202310248495,137.51
EK202310210251,138.46
EK202310181393,141.91
EK202310203408,149.09
EK202310210221,134.33
EK202310153228,145.2
EK202310181161,141.02
EK202310122291,147.09
EK202310219649,144.64
EK202310108802,138.52
EK202310147915,146.46
EK202310219111,139.03
EK202310004516,129.51
EK202310187796,146.01
EK202310152632,156.99
EK202310234189,131.31
EK202310248401,135.77
EK202310198077,139.87
EK202310182281,157.73
EK202310173305,131.44
EK202310191194,140.84
EK202320006641,175.9
EK202310187839,169.06
EK202310166786,165.64
EK202310104248,149.4
EK202310140808,146.39
EK202310154881,144.31
EK202310158734,153.31
EK202310198034,145.51
EK202310210288,142.11
EK202310115555,145.05
EK202310122253,141.11
EK202310208001,144.42
EK202310247301,165.44
EK202310158412,148.02
EK202310133516,140.14
EK202310199724,149.82
EK202310203434,131.35
EK202310149601,154.73
EK202310207662,132.18
EK202310155823,148.81
EK202310155070,137.01
EK202310003692,164.78
EK202310112220,146.67
EK202310210474,124.51
EK202310174563,148.53
EK202310178481,154.89
EK202310161746,146.48
EK202310184759,132.67
EK202310214382,160.84
EK202310220383,136.3
EK202310181896,150.72
EK202310109101,139.61
EK202310111874,142.28
EK202310239939,137.18
EK202310146648,131.39
EK202310147888,142.19
EK202310228585,135.93
EK202320006300,173.78
EK202310157823,133.33
EK202310175416,138.09
EK202310191246,142.97
EK202310241025,141.87
EK202310175713,135.03
EK202310165199,146.42
EK202310229611,135.36
EK202310167463,158.41
EK202310125411,137.36
EK202310247310,140.34
EK202310131556,148.88
EK202320007526,170.54
EK202310109396,155.26
EK202310243612,143.89
EK202320006821,170.11
EK202310191818,140.55
EK202310206573,131.57
EK202310176203,167.48
EK202310113063,145.09
EK202310152411,139.85
EK202310186297,153.2
EK202320006177,154.55
EK202310184504,158.03
EK202310118343,143.43
EK202310166342,161.87
EK202310238948,162.13
EK202310226471,137.26
EK202310153486,131.81
EK202310146780,137.88
EK202310129676,138.42
EK202310230251,132.51
EK202310227178,142.04
EK202310148962,146.08
EK202310235140,149.3
EK202310158736,157.89
EK202310208299,142.69
EK202310205311,141.37
EK202310140268,137.53
EK202310158411,143.48
EK202310120168,144.23
EK202310120164,146.22
EK202310191318,145.45
EK202310124551,141.02
EK202310133393,127.31
EK202310244048,133.36
EK202310209487,153.36
EK202310130550,139.58
EK202310134976,161.03
EK202310113614,139.24
EK202310237767,149.44
EK202310120386,147.42
EK202310190693,150.83
EK202310158340,140.47
EK202310185631,146.89
EK202310193894,139.38
EK202310232391,137.89
EK202310129047,138.78
EK202310187052,139.81
EK202310174623,147.49
EK202310149978,135.07
EK202310238712,140.47
EK202310172389,169.0
EK202310187833,135.87
EK202310238335,160.74
EK202310232031,141.37
EK202310224185,144.76
EK202310166575,132.62
EK202310119974,137.69
EK202310195917,139.23
EK202310174762,147.44
EK202310237282,133.68
EK202310112142,163.64
EK202310107661,137.33
EK202310197179,168.87
EK202310154174,156.72
EK202310241892,132.64
EK202310178171,145.49
EK202310134220,145.91
EK202310200711,142.45
EK202310190031,156.78
EK202310215938,144.88
EK202310125861,136.11
EK202310143873,156.01
EK202310165035,148.64
EK202310157391,143.68
EK202310216624,135.7
EK202310136516,142.63
EK202310175267,159.49
EK202310139527,138.09
EK202310145890,146.21
EK202310207934,136.28
EK202310216534,143.5
EK202310243402,138.22
EK202310125822,154.9
EK202310210671,143.33
EK202310118842,139.9
EK202310242780,131.48
EK202310183963,130.46
EK202310192132,136.55
EK202310158172,147.6
EK202310107920,156.21
EK202310116588,136.22
EK202310157004,144.15
EK202310203397,153.96
EK202310145727,162.91
EK202310134294,151.3
EK202310161573,157.12
EK202310163914,142.22
EK202320005749,154.95
EK202310004457,143.82
EK202310198895,129.96
EK202310200079,140.62
EK202310236220,156.81
EK202310167195,148.84
EK202310190621,145.97
EK202310126857,146.97
EK202310221597,153.37
EK202310139743,150.42
EK202310173860,145.49
EK202310212130,136.21
EK202310238113,143.75
EK202310232782,152.04
EK202310231990,144.45
EK202310154189,137.34
EK202310111012,151.26
EK202310208334,131.25
EK202310222126,136.47
EK202310206217,140.29
EK202310185801,143.85
EK202310207901,133.63
EK202310121054,146.43
EK202310188410,147.24
EK202310203904,146.53
EK202310230514,135.23
EK202320007184,170.72
EK202310196925,162.65
EK202310201983,136.35
EK202310242071,156.06
EK202310242487,145.29
EK202310174134,153.94
EK202310221304,135.19
EK202310146366,137.74
EK202310242718,136.53
EK202310158582,145.12
EK202310182050,142.06
EK202310110321,149.76
EK202310126720,138.93
EK202310145134,157.24
EK202310134228,140.09
EK202310151176,128.3
EK202310159471,127.91
EK202310197298,142.27
EK202310114442,146.59
EK202310216170,139.72
EK202310126914,138.03
EK202310160897,154.49
EK202310241296,157.23
EK202310145492,140.31
EK202310142012,144.69
EK202310141538,142.54
EK202310154638,156.59
EK202310238848,153.28
EK202310139821,133.97
EK202310108173,144.84
EK202310119610,138.23
EK202310242565,151.3
EK202310186446,146.64
EK202310144153,131.71
EK202310234883,140.71
EK202310124017,168.62
EK202310163758,146.06
EK202310203597,145.13
EK202310104417,131.58
EK202310202155,152.87
EK202310245823,127.91
EK202310203079,141.81
EK202310161636,154.65
EK202310144165,137.78
EK202310204775,141.22
EK202310167770,156.79
EK202310215963,141.65
EK202310133633,133.75
EK202310214866,130.96
EK202310180646,149.08
EK202310167541,138.16
EK202310136641,159.48
EK202310148939,150.23
EK202310103722,141.32
EK202310179303,140.26
EK202310200620,154.77
EK202310125714,135.77
EK202310204522,147.56
EK202310150835,141.9
EK202310130780,145.29
EK202310105814,138.19
EK202310172033,140.0
EK202310201852,144.05
EK202310148715,151.45
EK202310221644,127.67
EK202310114274,144.66
EK202310178264,154.33
EK202310164025,140.18
EK202310204651,157.95
EK202310141344,142.97
EK202310185886,161.99
EK202310203443,141.24
EK202320007693,151.86
EK202310236673,139.41
EK202310205537,161.17
EK202310215661,138.97
EK202310116840,139.36
EK202310179840,147.99
EK202310178802,158.55
EK202310124043,142.34
EK202310160029,143.71
EK202310166756,153.73
EK202310234362,140.51
EK202310130046,135.44
EK202310175285,139.59
EK202310155324,144.9
EK202310110760,135.72
EK202310167871,138.63
EK202310111911,138.0
EK202310105964,151.39
EK202310187240,139.42
EK202310228002,141.92
EK202310202448,154.82
EK202310144304,137.89
EK202310132248,146.22
EK202310200767,131.03
EK202310246600,144.66
EK202310156024,145.75
EK202310124951,133.91
EK202310127803,132.04
EK202310212512,149.37
EK202310237901,133.66
EK202310123799,143.65
EK202310122255,155.69
EK202310140607,134.45
EK202310214168,160.19
EK202310205290,144.51
EK202310201590,147.01
EK202310246716,155.91
EK202310211043,132.59
EK202310245155,141.9
EK202310146684,143.07
EK202310224856,155.88
EK202310149244,139.35
EK202310130714,128.04
EK202310185702,153.45
EK202310105075,136.23
EK202310103937,158.3
EK202310219458,133.76
EK202310220878,133.29
EK202310114846,149.51
EK202310165810,131.43
EK202310188784,147.74
EK202310119305,133.69
EK202310142173,133.44
EK202310218752,154.31
EK202310191456,148.34
EK202310110108,134.33
EK202310159818,163.42
EK202310151468,170.91
EK202310107315,133.54
EK202310200556,148.6
EK202310217485,145.86
EK202310206013,146.1
EK202310004134,142.07
EK202310124207,141.06
EK202310216869,151.27
EK202310112622,150.2
EK202310239660,137.32
EK202310236964,136.22
EK202310182396,152.34
EK202310213788,150.32
EK202310193031,162.06
EK202310181134,135.27
EK202310232914,135.99
EK202310229534,144.08
EK202310187612,153.97
EK202310186706,148.27
EK202310146528,154.65
EK202310201671,137.01
EK202310155878,150.65
EK202310186935,139.96
EK202310165048,148.73
EK202310214244,149.3
EK202310003448,135.48
EK202310237813,139.99
EK202310229380,140.34
EK202310136410,141.08
EK202310181792,147.01
EK202310174073,150.99
EK202310230921,136.9
EK202310131346,135.56
EK202310167144,159.86
EK202310198792,133.9
EK202310230863,139.93
EK202310116803,136.97
EK202310161651,169.3
EK202310140098,141.24
EK202310147311,164.28
EK202310228798,133.18
EK202310166857,151.58
EK202310204207,149.41
EK202310181214,151.24
EK202310163102,152.77
EK202310132529,150.66
EK202310194194,155.06
EK202310185194,147.85
EK202310139315,139.41
EK202310133963,161.47
EK202310107375,131.49
EK202310183190,136.6
EK202310150967,132.89
EK202310235477,137.25
EK202310231329,138.65
EK202310151218,136.88
EK202310117961,140.47
EK202310115637,136.79
EK202310148316,132.92
EK202310189439,165.9
EK202310183291,164.98
EK202310180341,165.78
EK202310195359,149.31
EK202310168437,153.88
EK202310239724,138.04
EK202310120281,147.66
EK202310154084,144.91
EK202310202226,135.95
EK202310211847,132.46
EK202310225040,134.41
EK202310148021,138.7
EK202310219384,148.44
EK202310189651,154.51
EK202310172718,135.62
EK202310154499,139.12
EK202310199387,164.82
EK202310109346,142.67
EK202310151918,137.08
EK202310138435,129.85
EK202310208281,135.83
EK202310144236,137.45
EK202310169290,141.8
EK202310120393,137.88
EK202310183688,138.73
EK202310192046,135.2
EK202310141942,144.6
EK202310120519,126.91
EK202310226413,140.68
EK202310177117,148.6
EK202310217940,137.05
EK202310170501,147.15
EK202310223357,144.77
EK202310245835,135.74
EK202310137793,142.87
EK202310174008,144.14
EK202310209155,135.66
EK202310177866,139.78
EK202310137396,137.84
EK202320006094,147.44
EK202310237036,142.4
EK202310177476,140.94
EK202310218927,141.07
EK202320007708,171.62
EK202310150749,151.06
EK202310226921,144.28
EK202310134168,148.52
EK202310198694,149.7
EK202310153758,146.95
EK202310164887,138.95
EK202310235542,155.49
EK202310175801,136.16
EK202310201383,147.49
EK202310003604,144.92
EK202310132259,156.77
EK202310223451,142.24
EK202310232766,148.6
EK202310162702,140.47
EK202310191785,140.15
EK202310222647,138.53
EK202310120606,130.98
EK202310196738,140.95
EK202310167031,156.01
EK202320006878,153.21
EK202310128617,155.82
EK202310156730,142.95
EK202310154328,136.46
EK202310199723,165.29
EK202310204015,150.75
EK202310165125,145.99
EK202310128837,144.81
EK202310109283,137.67
EK202310140754,151.66
EK202310133445,138.96
EK202310215163,138.54
EK202310152379,147.58
EK202310222153,132.76
EK202310168369,142.47
EK202310146927,134.84
EK202310233613,141.32
EK202310194475,138.03
EK202310176902,138.58
EK202310109845,135.98
EK202310143688,146.95
EK202310223718,137.85
EK202310114527,136.33
EK202310120556,137.68
EK202310228552,130.15
EK202310149970,146.6
EK202310199626,131.36
EK202310214977,148.65
EK202310184953,156.95
EK202310004437,132.93
EK202310213912,147.7
EK202310151119,135.64
EK202310171466,131.79
EK202310152063,156.25
EK202310137186,147.19
EK202320007104,145.39
EK202310202185,152.19
EK202310226204,139.96
EK202310189423,144.4
EK202310192491,144.04
EK202310187212,148.12
EK202310192179,150.84
EK202310126111,130.56
EK202310175586,159.43
EK202310194758,144.37
EK202310214384,154.28
EK202310179433,149.88
EK202310118937,136.39
EK202310230656,139.94
EK202310212922,147.67
EK202310223591,134.59
EK202310182731,143.72
EK202310197092,137.22
EK202310188601,143.26
EK202310185962,151.24
EK202310154873,139.42
EK202310140333,138.15
EK202310239540,144.6
EK202310207256,134.13
EK202310193996,126.33
EK202310196769,144.43
EK202310123958,154.51
EK202310240085,135.04
EK202310246484,135.77
EK202310147689,148.74
EK202310189701,140.2
EK202310237575,144.35
EK202310219357,142.77
EK202310120804,135.64
EK202310125732,148.73
EK202310167873,135.93
EK202310247821,148.78
EK202310206331,160.35
EK202310131746,150.05
EK202310125465,136.99
EK202310137591,141.16
EK202310146755,140.46
EK202310145331,151.25
EK202310126909,146.96
EK202310176521,137.08
EK202310160650,139.21
EK202310114819,130.09
EK202310218236,144.61
EK202310204841,144.26
EK202310004910,137.75
EK202310146653,138.89
EK202310188782,134.96
EK202310125945,145.38
EK202310176437,145.86
EK202310193288,139.41
EK202310178658,161.28
EK202310150054,136.95
EK202310142919,152.71
EK202310222262,131.28
EK202310235742,162.62
EK202310113166,140.26
EK202310224000,154.06
EK202310198993,140.54
EK202310228553,139.04
EK202310190794,137.49
EK202310201535,158.02
EK202310165775,144.95
EK202310173099,142.01
EK202310152431,153.96
EK202310232652,154.81
EK202310182578,134.11
EK202310176081,152.81
EK202310168495,132.61
EK202310243081,140.86
EK202310214666,145.52
EK202310173376,124.54
EK202310185049,140.7
EK202310151788,145.49
EK202310142398,149.57
EK202310191734,155.29
EK202310185366,132.42
EK202310110653,143.84
EK202310197984,142.64
EK202310212461,130.14
EK202310220987,133.83
EK202310114458,136.33
EK202310167289,142.93
EK202310178582,141.2
EK202310135726,145.8
EK202310208307,131.51
EK202310186529,141.58
EK202310163685,139.51
EK202310204304,147.12
EK202310174269,135.69
EK202310169002,140.43
EK202310195183,162.29
EK202310172158,147.59
EK202310195251,138.55
EK202310217760,143.15
EK202310233545,138.28
EK202310146187,135.55
EK202310201834,147.18
EK202310172626,153.57
EK202310173313,141.68
EK202310151898,157.8
EK202310112427,135.63
EK202310202848,142.16
EK202310106441,145.22
EK202310200903,136.5
EK202310211769,135.03
EK202310210065,133.82
EK202310243416,136.37
EK202310178697,171.49
EK202310161358,127.91
EK202320006190,168.73
EK202310180462,147.62
EK202310162539,150.08
EK202310148977,144.65
EK202310194237,138.15
EK202310223514,132.24
EK202310162269,149.41
EK202310121844,133.62
EK202310124866,133.83
EK202310107700,156.25
EK202310221161,135.28
EK202310245562,132.9
EK202310179235,145.37
EK202310124532,147.49
EK202310128389,151.82
EK202310129800,145.95
EK202310207578,145.69
EK202310193457,147.52
EK202310206549,143.99
EK202310192075,142.76
EK202310234817,137.16
EK202310152042,139.93
EK202310199732,151.41
EK202310106385,143.72
EK202310232034,138.9
EK202310225160,163.49
EK202310168514,168.1
EK202310196347,153.49
EK202310132598,150.55
EK202310193609,141.66
EK202310112508,137.34
EK202310155472,140.74
EK202310177321,138.43
EK202310128022,144.23
EK202310206990,133.49
EK202310142239,140.3
EK202310129832,142.89
EK202310213810,138.02
EK202310198404,148.3
EK202310003754,132.69
EK202310133307,135.91
EK202310155718,142.68
EK202310124975,140.44
EK202310238569,137.65
EK202310155626,140.05
EK202310109451,131.94
EK202310156701,130.05
EK202310112702,137.13
EK202310219593,135.28
EK202310236091,134.19
EK202310109465,142.6
EK202310239232,145.06
EK202310153092,141.75
EK202310142926,168.26
EK202310195282,156.81
EK202310144631,149.58
EK202310158174,136.48
EK202310130498,142.52
EK202310152250,141.65
EK202310154816,146.85
EK202310187452,138.31
EK202310130712,134.53
EK202310225931,134.59
EK202310212154,134.69
EK202310180982,167.35
EK202310187065,132.34
EK202310231143,137.69
EK202310244459,135.06
EK202310117863,140.1
EK202310104458,135.45
EK202310228846,139.13
EK202310129898,154.06
EK202310160315,142.44
EK202310146629,135.38
EK202310166930,160.86
EK202310242374,157.27
EK202310210376,157.37
EK202310197387,149.82
EK202310136364,134.54
EK202310204149,138.71
EK202310107806,148.17
EK202310233474,159.63
EK202310228559,140.92
EK202310138215,132.77
EK202310143063,145.22
EK202310157985,138.71
EK202310190599,135.85
EK202310114903,131.24
EK202310133276,132.53
EK202310132588,135.38
EK202310004157,147.34
EK202310152358,158.96
EK202310111141,154.83
EK202310200435,136.19
EK202310204982,138.49
EK202310212495,129.62
EK202310183601,146.22
EK202310214375,154.9
EK202310210198,138.61
EK202310167063,162.14
EK202310149576,144.72
EK202310132215,138.01
EK202310163904,148.45
EK202310200956,147.59
EK202310180120,152.5
EK202310121104,142.43
EK202310203655,152.04
EK202310194561,141.74
EK202310222799,141.64
EK202320007041,149.83
EK202310119052,141.84
EK202310137233,144.6
EK202310187775,145.06
EK202310232434,127.49
EK202310205717,146.38
EK202310221339,140.05
EK202310123835,138.62
EK202310232532,135.3
EK202310107165,138.78
EK202310203436,134.28
EK202310169851,143.18
EK202310193274,151.65
EK202310151878,140.65
EK202310180128,140.03
EK202310150220,136.13
EK202310187751,136.06
EK202310162881,146.25
EK202310192822,139.38
EK202310195620,136.62
EK202310135344,136.32
EK202310190721,143.11
EK202310121180,148.65
EK202310197995,153.11
EK202310238294,141.78
EK202310181201,141.86
EK202320006195,154.04
EK202310144714,141.75
EK202310174694,160.33
EK202310130143,159.69
EK202310213402,133.75
EK202310164458,145.97
EK202310138233,138.17
EK202310196325,139.28
EK202310230287,135.7
EK202320007443,146.38
EK202310237310,144.46
EK202310188028,145.2
EK202310221385,148.44
EK202310201433,139.46
EK202310210894,133.08
EK202310144757,141.67
EK202310230555,133.36
EK202310127197,145.92
EK202310210367,143.16
EK202310107406,144.96
EK202310201552,142.77
EK202310163315,135.72
EK202310106204,135.02
EK202310189865,141.33
EK202310143319,169.28
EK202310187989,147.68
EK202310204280,150.12
EK202310166053,157.26
EK202310179719,147.43
EK202310119334,128.36
EK202310212088,133.1
EK202310123364,142.72
EK202310235184,136.39
EK202310150098,136.0
EK202310219013,149.62
EK202320005598,151.69
EK202310122400,149.46
EK202320006069,150.76
EK202310240606,141.77
EK202310192122,147.64
EK202310239991,147.48
EK202310129077,140.65
EK202310246377,133.66
EK202310242482,145.42
EK202310162862,143.84
EK202310217556,147.03
EK202310136375,149.69
EK202310193072,152.61
EK202310232709,138.66
EK202310137784,137.21
EK202310195933,148.28
EK202310190342,139.01
EK202310128675,151.13
EK202310156867,134.54
EK202310148670,130.58
EK202310176460,129.73
EK202310129961,164.62
EK202310146909,149.17
EK202310138497,149.91
EK202320005583,154.29
EK202310139679,152.77
EK202310138331,145.11
EK202310183937,144.02
EK202310180455,145.89
EK202310197763,132.91
EK202310196627,160.15
EK202310219790,144.95
EK202310185905,162.8
EK202310004706,132.06
EK202310181268,135.93
EK202310219922,134.25
EK202310149625,151.39
EK202310200086,146.48
EK202310214446,147.46
EK202310244555,135.27
EK202310203678,152.18
EK202310121725,149.84
EK202310178580,148.07
EK202310231258,136.23
EK202310116413,136.3
EK202310130519,142.97
EK202310114605,146.38
EK202310104328,143.03
EK202310217095,145.39
EK202310159014,155.33
EK202310240255,143.63
EK202320006678,158.29
EK202310127358,147.7
EK202310228371,143.17
EK202310212880,135.66
EK202310184252,161.43
EK202310222457,131.82
EK202310106525,148.03
EK202310212900,137.33
EK202310164200,153.93
EK202310141506,138.19
EK202310124179,133.55
EK202310210747,134.91
EK202310104325,143.6
EK202310171837,139.89
EK202310183388,136.03
EK202310175474,145.33
EK202310161361,145.39
EK202310163883,143.38
EK202310233128,134.71
EK202310199650,162.35
EK202310107707,150.43
EK202310112036,146.42
EK202310152162,133.34
EK202310115154,142.49
EK202310106295,136.55
EK202310209811,139.47
EK202310170779,135.38
EK202310132319,138.05
EK202310176117,163.53
EK202310109117,127.4
EK202310146050,147.04
EK202310189377,162.61
EK202310108901,146.68
EK202310129280,135.6
EK202310186201,151.36
EK202310125879,142.05
EK202310223489,150.74
EK202310195362,154.54
EK202310168199,134.04
EK202310123430,138.39
EK202310169481,151.44
EK202310212350,133.87
EK202310204165,143.47
EK202310116597,150.78
EK202310178940,142.03
EK202310181172,155.34
EK202310232407,131.02
EK202310120201,126.15
EK202310132088,169.33
EK202310176583,138.61
EK202310116485,143.67
EK202310232488,133.59
EK202310185248,141.7
EK202310114195,132.6
EK202310171527,139.5
EK202310239847,141.91
EK202310109025,140.19
EK202310188543,133.91
EK202310164772,146.75
EK202310220946,135.7
EK202310157893,156.07
EK202310130096,139.86
EK202310215475,131.84
EK202310175525,151.25
EK202310241739,143.92
EK202310149577,146.44
EK202320007764,149.68
EK202310162677,148.69
EK202310118455,139.04
EK202310144170,140.12
EK202310123446,147.0
EK202310111614,147.68
EK202310148681,146.79
EK202310135706,125.55
EK202310169610,139.02
EK202310154626,165.36
EK202310186396,134.17
EK202310130384,134.13
EK202310139999,132.16
EK202310173443,158.31
EK202310172753,149.49
EK202310150539,151.21
EK202310197972,166.54
EK202310167038,142.06
EK202310121549,134.47
EK202310144749,149.61
EK202310129763,132.97
EK202310105138,136.21
EK202310145803,132.14
EK202310150239,138.86
EK202310169489,135.87
EK202310138665,152.7
EK202310123078,147.5
EK202310219135,143.26
EK202310116443,144.06
EK202310195859,148.72
EK202310118292,139.52
EK202310134982,168.79
EK202310236579,135.35
EK202310145251,150.82
EK202310144320,135.86
EK202310165413,133.43
EK202310164223,141.17
EK202310178660,146.72
EK202310152292,158.15
EK202310232276,134.86
EK202310227732,147.53
EK202310155773,142.08
EK202310188232,162.38
EK202310182770,137.68
EK202310202719,138.47
EK202310138556,146.01
EK202310239172,147.99
EK202310151877,138.76
EK202310116662,138.03
EK202310206983,140.5
EK202310161922,140.46
EK202310116370,136.3
EK202310216242,153.29
EK202310223914,133.3
EK202310183638,132.18
EK202310180955,167.89
EK202310135432,142.06
EK202310220264,135.97
EK202310241824,157.93
EK202310175340,159.44
EK202310123572,141.0
EK202310228745,138.71
EK202310150402,154.66
EK202310123048,138.46
EK202310245625,148.48
EK202310004596,137.3
EK202310187568,142.47
EK202310004796,140.2
EK202310206482,143.38
EK202310152723,145.66
EK202310144324,138.09
EK202310182703,143.2
EK202310207031,145.91
EK202310224829,134.86
EK202310194916,149.49
EK202310158171,168.03
EK202310237739,143.75
EK202310233535,154.02
EK202310159582,147.19
EK202310157407,139.26
EK202310222554,137.43
EK202310209992,134.99
EK202310197773,161.41
EK202310219559,139.91
EK202310149590,139.83
EK202310172229,135.41
EK202310179759,146.87
EK202310141351,146.85
EK202310202674,148.66
EK202310150237,137.2
EK202310131854,152.75
EK202310209299,139.03
EK202310152323,167.68
EK202310130424,152.72
EK202310219110,146.31
EK202310208971,134.15
EK202310175417,131.7
EK202310178979,148.71
EK202310149330,139.55
EK202310214732,160.05
EK202310151284,134.95
EK202310246323,149.82
EK202310162754,147.33
EK202310142435,170.25
EK202310218666,137.57
EK202310221049,145.03
EK202310173708,150.46
EK202310192941,141.04
EK202310126047,152.74
EK202310241369,151.59
EK202310183820,149.66
EK202310243559,136.04
EK202310148350,148.22
EK202310224931,138.71
EK202310236248,145.66
EK202310156811,141.8
EK202310224565,128.45
EK202310203958,139.2
EK202310119312,137.54
EK202310178028,145.75
EK202310186588,166.57
EK202310139697,137.96
EK202310197136,139.0
EK202310220806,131.73
EK202310222987,163.09
EK202310161970,121.82
EK202310208174,147.66
EK202310118068,130.48
EK202310131022,137.63
EK202310122159,141.2
EK202310216067,127.01
EK202310245924,139.8
EK202310111788,137.2
EK202310127853,147.41
EK202310106238,150.33
EK202310158124,138.9
EK202310132835,144.11
EK202310148914,136.96
EK202310231691,135.76
EK202310247000,146.53
EK202310192115,147.51
EK202310104130,148.37
EK202310139212,145.62
EK202310197454,140.94
EK202310192429,137.72
EK202310167625,134.93
EK202310199497,145.62
EK202310153618,138.89
EK202310181484,143.72
EK202310198186,126.52
EK202310152220,147.12
EK202310159039,147.17
EK202310191546,144.07
EK202310133158,135.94
EK202310201688,145.01
EK202310235017,142.66
EK202310135857,148.77
EK202310218208,167.28
EK202310118595,137.27
EK202310163828,145.85
EK202310141421,139.26
EK202310180807,141.0
EK202310205637,135.0
EK202310105788,148.53
EK202310216219,136.03
EK202320007125,173.62
EK202310104911,147.2
EK202310189159,166.8
EK202310195473,157.25
EK202310118604,130.34
EK202310195319,141.05
EK202310240500,142.95
EK202310113748,150.49
EK202310004313,149.79
EK202310143650,139.97
EK202310165864,150.76
EK202310197618,140.96
EK202310147381,136.65
EK202310204456,132.94
EK202310168795,135.37
EK202310162071,165.23
EK202310155041,136.76
EK202310116293,140.02
EK202310111802,144.79
EK202310143876,155.34
EK202310170107,159.31
EK202320006604,171.79
EK202310181395,146.26
EK202310128405,140.11
EK202310172117,139.18
EK202310173280,136.82
EK202310114735,151.62
EK202310124558,131.06
EK202310122475,135.21
EK202310137618,144.33
EK202310105474,134.31
EK202310209280,133.58
EK202310142912,143.85
EK202310246004,130.95
EK202310186374,143.78
EK202310139853,147.65
EK202310243432,133.11
EK202310135700,136.29
EK202320006074,173.96
EK202310207199,145.59
EK202310114736,136.49
EK202310129145,155.24
EK202310135339,161.91
EK202310105627,140.35
EK202310114046,146.07
EK202310121749,139.86
EK202310160579,137.04
EK202310132059,145.26
EK202310158407,143.64
EK202310115805,136.34
EK202310165675,137.11
EK202310223393,136.92
EK202310166586,147.3
EK202310142763,136.84
EK202310169174,132.76
EK202310118007,140.51
EK202310188453,145.79
EK202310186603,141.45
EK202310115518,142.72
EK202310237777,153.66
EK202310245509,134.71
EK202310149571,151.38
EK202310238699,146.58
EK202310162044,148.2
EK202310178900,132.75
EK202310210189,154.12
EK202310246044,155.17
EK202310169510,155.54
EK202310224019,136.82
EK202310196916,139.92
EK202310110545,146.05
EK202310158475,149.19
EK202310240666,143.42
EK202310147702,135.68
EK202310240541,134.02
EK202310165419,145.63
EK202310158944,155.11
EK202310154741,146.51
EK202310183411,142.02
EK202310150802,135.87
EK202310236647,135.67
EK202310168877,151.96
EK202310177550,141.94
EK202310161815,135.41
EK202310205936,132.49
EK202310236918,143.29
EK202310231978,133.53
EK202310145447,147.15
EK202310113081,150.39
EK202310245380,152.82
EK202310226536,130.69
EK202310171629,148.07
EK202310142578,156.77
EK202310154571,143.73
EK202310133424,144.58
EK202310205232,133.28
EK202310125353,135.22
EK202310129062,139.48
EK202310148286,144.31
EK202310217186,154.66
EK202310240058,135.86
EK202310004925,138.32
EK202310121900,134.68
EK202310193811,145.74
EK202310236073,137.8
EK202310209661,136.73
EK202310183452,131.02
EK202310198390,133.49
EK202310194814,141.06
EK202310154258,151.75
EK202310225570,143.91
EK202310236562,134.85
EK202310125786,137.66
EK202310227228,130.83
EK202310104334,154.05
EK202310247598,161.41
EK202310163731,147.67
EK202310153854,157.54
EK202310209072,138.35
EK202310130417,141.83
EK202310161714,138.1
EK202310161726,147.47
EK202310214070,148.97
EK202310174019,145.96
EK202310197029,146.47
EK202310236341,135.9
EK202310218675,135.61
EK202310124319,135.06
EK202310231778,135.66
EK202320006401,145.54
EK202310107779,136.43
EK202310133015,135.61
EK202310181550,137.84
EK202310247332,153.97
EK202310111163,132.98
EK202310145310,146.54
EK202310126094,139.72
EK202310161397,145.48
EK202310146374,144.77
EK202310136414,137.8
EK202310141425,160.12
EK202310138405,141.56
EK202310173668,154.77
EK202310184285,138.58
EK202310176095,156.1
EK202310211570,139.21
EK202310208829,135.99
EK202310147190,155.37
EK202310191735,139.01
EK202310213951,141.55
EK202310140049,141.28
EK202310169326,138.52
EK202310157230,166.12
EK202310124090,133.66
EK202310142146,135.84
EK202310107242,148.78
EK202310192993,130.43
EK202310149787,144.47
EK202310177888,136.67
EK202310212815,160.34
EK202310223609,142.92
EK202310189733,172.02
EK202310218104,134.16
EK202310111896,141.05
EK202310132753,162.09
EK202310112173,146.17
EK202310167323,152.63
EK202310140969,135.85
EK202310214853,143.0
EK202310105928,140.63
EK202310213446,135.1
EK202310134309,147.96
EK202310177619,147.21
EK202310004283,139.6
EK202310176874,137.23
EK202310160131,142.3
EK202310201219,167.72
EK202310004099,131.34
EK202310167947,143.74
EK202310155342,132.34
EK202310209163,136.81
EK202310242285,136.95
EK202310215045,153.86
EK202310245674,138.62
EK202310192087,146.99
EK202310182851,134.99
EK202310184176,149.37
EK202310205303,154.3
EK202310108199,148.57
EK202310124913,150.49
EK202310140458,140.0
EK202310142132,138.89
EK202310147065,153.55
EK202310143393,131.86
EK202310139964,131.6
EK202310225775,142.19
EK202310127142,137.64
EK202310179582,141.04
EK202310207922,154.18
EK202310195810,155.83
EK202310178849,146.51
EK202310229124,147.67
EK202310113502,134.58
EK202310223610,138.03
EK202310147986,146.63
EK202310236813,135.5
EK202310176936,149.7
EK202310199151,137.52
EK202310192534,137.21
EK202310217624,132.46
EK202310003755,135.98
EK202310161830,136.52
EK202310243624,137.85
EK202310164105,142.57
EK202310179948,171.42
EK202310135310,150.34
EK202310004295,130.76
EK202310141079,148.2
EK202310225179,165.92
EK202310227335,147.49
EK202310161160,163.31
EK202310247623,158.6
EK202310206076,134.76
EK202310119053,142.24
EK202310139617,125.86
EK202310143241,135.95
EK202310115504,139.13
EK202320007161,146.54
EK202310183784,155.98
EK202310187344,165.06
EK202310185527,141.55
EK202310238290,140.23
EK202310140457,132.3
EK202310150648,133.82
EK202310223600,136.52
EK202310167530,137.84
EK202310224100,130.78
EK202310152786,144.54
EK202310135478,141.45
EK202310193078,140.16
EK202310155463,157.16
EK202310105582,140.86
EK202310135195,142.85
EK202320005552,166.14
EK202310228708,137.37
EK202310141498,125.25
EK202310193872,155.43
EK202310141414,166.98
EK202310151905,128.21
EK202310127407,152.29
EK202320006299,155.52
EK202310212343,144.07
EK202310168454,143.16
EK202310171479,131.63
EK202310110727,158.73
EK202310109806,126.29
EK202310229172,137.76
EK202310221527,134.88
EK202310136692,133.87
EK202310225939,134.44
EK202310128011,137.96
EK202310119451,140.97
EK202310240016,144.66
EK202310137412,142.61
EK202320006473,164.79
EK202310133714,166.43
EK202310182002,124.76
EK202310146885,149.06
EK202310228765,153.31
EK202310199335,151.72
EK202310144286,145.08
EK202310120179,141.79
EK202310125242,136.09
EK202310129853,143.63
EK202310105724,137.78
EK202310177232,129.82
EK202310240889,139.68
EK202310135626,134.5
EK202310182429,132.89
EK202310160815,145.0
EK202310161842,144.56
EK202310194125,150.6
EK202310163430,136.26
EK202310207741,138.15
EK202310202036,129.54
EK202310165652,123.64
EK202310136570,146.54
EK202310139028,152.52
EK202310163487,134.5
EK202310177984,150.62
EK202310239997,158.64
EK202310176249,154.36
EK202310152361,147.79
EK202310151709,136.4
EK202310135268,146.33
EK202310171919,154.07
EK202310122006,152.83
EK202310127839,144.21
EK202310219814,160.04
EK202310187560,147.0
EK202310113366,131.98
EK202310134748,142.46
EK202310208843,146.77
EK202310175338,136.14
EK202310124470,137.43
EK202310121775,133.54
EK202310237332,126.99
EK202310141855,143.96
EK202310154289,147.72
EK202310120044,139.3
EK202310192432,169.2
EK202310160195,148.46
EK202310105413,147.64
EK202310004863,140.18
EK202310138732,141.98
EK202310225944,135.44
EK202310239340,132.86
EK202310155959,144.26
EK202310177384,146.86
EK202310114746,133.68
EK202310156841,150.92
EK202310213654,137.32
EK202310210592,140.32
EK202310110296,132.15
EK202310240236,142.01
EK202310242957,135.8
EK202310163621,160.53
EK202310202691,149.01
EK202310127490,140.6
EK202310199512,143.77
EK202310155288,140.86
EK202310237968,144.37
EK202310118847,149.64
EK202310144769,133.17
EK202310212518,145.44
EK202320007577,148.67
EK202310244590,151.56
EK202310003432,136.53
EK202310242932,147.53
EK202310184880,146.42
EK202310208839,154.18
EK202310225707,149.32
EK202310196085,166.36
EK202310111047,142.64
EK202310149321,147.55
EK202310214602,136.91
EK202310190162,134.52
EK202310203789,135.11
EK202310165931,140.38
EK202310143768,146.64
EK202310226420,140.68
EK202310206883,134.06
EK202310230191,156.14
EK202310223966,136.44
EK202310118804,132.58
EK202310224984,133.55
EK202310221101,136.08
EK202310241759,137.56
EK202310219986,144.1
EK202310247113,139.71
EK202310136489,134.42
EK202310189176,144.53
EK202310201813,154.03
EK202310167143,140.47
EK202310245156,153.69
EK202310149980,137.15
EK202310238395,146.02
EK202310223767,139.41
EK202310118543,145.06
EK202310137202,123.84
EK202310245378,148.46
EK202310202917,146.01
EK202310120015,135.88
EK202310242744,136.89
EK202310170961,149.14
EK202310170849,135.41
EK202310108365,139.22
EK202310225302,138.3
EK202310141853,135.84
EK202310152952,152.34
EK202310118252,143.57
EK202310150764,138.51
EK202310188288,145.47
EK202310236699,139.71
EK202310228975,145.17
EK202310176364,135.41
EK202310148297,135.72
EK202310234706,137.72
EK202310202029,133.36
EK202310218635,129.1
EK202310187565,167.83
EK202310238217,143.01
EK202310144263,134.9
EK202310216046,128.88
EK202310240199,147.41
EK202310118761,130.95
EK202310118387,129.11
EK202310228319,134.97
EK202310188942,152.04
EK202310171922,144.45
EK202310205751,147.49
EK202310181387,152.42
EK202310194611,147.6
EK202310123903,135.35
EK202310201170,180.7
EK202310124579,138.11
EK202310225456,132.13
EK202310224047,135.69
EK202310168185,139.33
EK202310149367,148.72
EK202310222236,149.07
EK202310191402,145.98
EK202310216518,136.55
EK202310116323,131.37
EK202310229479,134.49
EK202310242068,141.93
EK202310172108,132.88
EK202310148960,144.89
EK202310203368,155.74
EK202310248782,130.62
EK202310130742,168.05
EK202310127431,145.64
EK202310166666,161.15
EK202310142516,137.34
EK202310171160,170.8
EK202310131980,144.07
EK202310230754,134.2
EK202310205660,129.68
EK202310195938,159.49
EK202310223018,133.14
EK202310189611,160.45
EK202310114061,139.98
EK202310168186,140.41
EK202310123079,139.68
EK202310142507,137.52
EK202310192082,133.46
EK202310116417,155.82
EK202310152679,136.38
EK202310186123,141.44
EK202310187670,138.81
EK202310199114,143.78
EK202310144744,141.22
EK202310171906,139.11
EK202310222160,130.28
EK202310202383,151.98
EK202310133543,138.1
EK202310240197,155.89
EK202310224654,142.87
EK202310159827,161.41
EK202310129302,159.63
EK202310220687,136.27
EK202310137416,139.14
EK202310195263,151.22
EK202310226117,136.15
EK202310177937,139.01
EK202310224977,134.3
EK202310104811,152.49
EK202310202225,139.82
EK202310198252,135.35
EK202310169634,152.6
EK202310141724,137.77
EK202310132515,135.29
EK202310222595,135.2
EK202310245206,167.93
EK202310206384,149.94
EK202310131595,139.86
EK202310114450,144.41
EK202310193999,137.8
EK202310153211,128.29
EK202310168571,166.65
EK202310117487,130.13
EK202310147040,162.31
EK202310164747,145.19
EK202310185539,141.4
EK202310180947,168.35
EK202310209467,133.58
EK202310197453,136.41
EK202310241952,137.15
EK202310171659,140.21
EK202310121984,139.38
EK202310145988,149.46
EK202310227472,160.02
EK202310158925,143.24
EK202310161059,153.92
EK202310246350,138.92
EK202310204768,158.02
EK202310245196,141.4
EK202310134281,151.34
EK202310232567,147.1
EK202310187864,137.59
EK202310175599,145.55
EK202310137474,131.75
EK202310214594,136.36
EK202310176570,139.18
EK202310143525,130.85
EK202310216731,140.85
EK202310182951,150.72
EK202310195606,159.43
EK202310003354,140.61
EK202310003704,138.14
EK202310207753,148.64
EK202310108512,142.7
EK202310230571,136.97
EK202310210082,144.44
EK202310191492,135.42
EK202310113969,137.67
EK202310123941,136.67
EK202310135080,169.92
EK202310117802,136.81
EK202310158376,146.47
EK202310140051,154.49
EK202310230366,139.78
EK202310138959,161.59
EK202310112243,141.2
EK202310142973,160.37
EK202310179563,153.04
EK202310213686,140.8
EK202310207985,145.64
EK202310169142,137.82
EK202310189846,148.85
EK202310217981,137.89
EK202310168427,148.19
EK202310165111,144.99
EK202310211489,139.67
EK202310164721,154.91
EK202310192084,146.78
EK202310155310,135.81
EK202310207807,150.97
EK202310167274,139.9
EK202310232098,145.77
EK202310246400,148.03
EK202310181247,149.84
EK202310146677,139.2
EK202310199983,146.58
EK202310198892,129.5
EK202310118490,154.24
EK202310218556,136.95
EK202310209766,155.38
EK202310201549,139.68
EK202310227205,132.66
EK202310201879,138.43
EK202310208984,139.36
EK202310172280,134.08
EK202310127074,149.22
EK202310003431,137.79
EK202310128481,128.81
EK202310191056,152.36
EK202310224670,134.21
EK202310148699,146.86
EK202310186655,145.23
EK202310145129,142.39
EK202310141368,138.88
EK202310215091,142.22
EK202310131768,140.65
EK202310169680,143.65
EK202310215558,154.31
EK202310235372,151.87
EK202310123185,133.66
EK202310188811,140.83
EK202310160442,140.82
EK202310190513,152.81
EK202310174071,146.96
EK202310226475,133.06
EK202310124362,130.6
EK202310217706,138.39
EK202310226498,143.63
EK202310237132,133.75
EK202310156490,162.42
EK202310161525,159.57
EK202310233261,142.37
EK202310183188,157.32
EK202310204179,137.97
EK202310221970,134.88
EK202310136055,136.63
EK202310192784,145.15
EK202310154098,144.28
EK202310195221,158.14
EK202310247669,162.04
EK202320006739,172.31
EK202310143079,136.86
EK202310157780,153.17
EK202310122685,135.4
EK202310228079,136.57
EK202310178496,145.61
EK202310108793,146.6
EK202310243880,140.73
EK202310108022,149.82
EK202310127023,134.98
EK202310114813,131.52
EK202310211046,132.41
EK202310139161,141.54
EK202310165288,150.35
EK202310245913,131.92
EK202310216026,142.3
EK202310132021,144.14
EK202310206339,148.65
EK202310216740,139.11
EK202310210301,137.27
EK202310167900,153.2
EK202310173409,135.43
EK202310144428,159.56
EK202310194970,149.22
EK202310105005,142.17
EK202310108090,139.6
EK202310229406,155.11
EK202310152037,134.33
EK202310204361,146.92
EK202310114029,140.07
EK202310158725,147.99
EK202310158027,142.38
EK202310148586,134.97
EK202310237068,132.42
EK202310144709,141.65
EK202310161357,135.91
EK202310124452,136.06
EK202310131605,165.28
EK202310162054,146.4
EK202310181680,167.25
EK202310117645,135.34
EK202310147699,133.52
EK202310153309,137.58
EK202310184492,136.72
EK202310104645,146.74
EK202310137713,140.67
EK202310243221,148.72
EK202310156335,134.14
EK202310197583,150.61
EK202310137359,145.1
EK202310130956,134.27
EK202310171369,149.78
EK202310232324,138.91
EK202310172995,134.48
EK202310134239,146.04
EK202310243506,140.06
EK202310163154,144.67
EK202310127929,144.37
EK202310202227,132.47
EK202310139348,150.24
EK202310158547,137.44
EK202310236863,135.54
EK202310179959,172.42
EK202310195894,136.25
EK202310229850,135.91
EK202310242435,135.02
EK202310135502,131.51
EK202310229084,138.97
EK202310118049,138.94
EK202310201122,161.44
EK202310109875,134.5
EK202310196757,138.97
EK202310139569,161.41
EK202310107377,134.38
EK202310116923,138.96
EK202310228873,137.56
EK202310218754,123.63
EK202310154272,142.29
EK202310231169,137.87
EK202310217977,157.99
EK202310222555,149.73
EK202310162130,147.76
EK202310112323,142.46
EK202310159262,139.33
EK202310151594,139.04
EK202310163721,133.86
EK202310149061,139.98
EK202310147880,162.71
EK202310212050,146.36
EK202310117729,136.41
EK202310107629,152.22
EK202310139317,139.01
EK202310179272,137.16
EK202310121894,142.48
EK202310139188,149.54
EK202310167435,138.15
EK202310228964,145.49
EK202310113550,144.38
EK202310180850,144.04
EK202310105563,133.91
EK202310110748,134.68
EK202310234819,133.01
EK202310154339,147.0
EK202310210307,133.65
EK202310239873,148.81
EK202310183383,137.45
EK202310193557,135.87
EK202310228033,138.97
EK202310167532,143.62
EK202310222264,131.7
EK202310106581,137.34
EK202310221125,129.95
EK202310165054,141.2
EK202310150415,160.74
EK202310233802,148.23
EK202310190617,137.26
EK202310106410,140.99
EK202310216886,140.45
EK202310115900,124.04
EK202310104935,155.51
EK202310129722,167.25
EK202310120948,136.23
EK202310164436,139.19
EK202310122507,135.72
EK202310160593,146.71
EK202310210615,133.94
EK202310132871,132.11
EK202310237902,131.86
EK202310231150,135.37
EK202310165528,143.48
EK202310244497,142.29
EK202310107512,138.09
EK202310120477,136.52
EK202310229593,135.31
EK202310126986,135.01
EK202310175535,138.0
EK202310148104,141.82
EK202310201431,162.64
EK202310148767,148.01
EK202310113034,135.31
EK202310209227,137.72
EK202310114309,134.67
EK202310174763,143.5
EK202310236793,134.52
EK202310177429,143.57
EK202310167536,133.17
EK202310141576,148.2
EK202310213488,134.28
EK202310162322,141.32
EK202310130610,135.74
EK202310152488,149.42
EK202310151734,149.7
EK202310155060,129.7
EK202310226481,138.35
EK202310119174,145.15
EK202310180130,134.88
EK202310104489,155.31
EK202310195688,137.95
EK202310132973,147.01
EK202310135035,164.43
EK202310167150,138.46
EK202310195252,148.86
EK202310127294,145.45
EK202310140484,139.29
EK202310119854,143.64
EK202310248841,134.05
EK202320007808,144.96
EK202310199228,145.98
EK202310184715,139.96
EK202320007242,144.58
EK202310147415,143.06
EK202310171570,140.02
EK202310110477,134.36
EK202310113604,143.63
EK202320006431,168.05
EK202310121838,136.33
EK202310148733,153.04
EK202310148335,137.3
EK202310113968,131.12
EK202310231455,137.25
EK202310203454,136.41
EK202310191708,139.21
EK202310109582,150.43
EK202310203719,128.84
EK202310201332,152.28
EK202310204835,147.12
EK202310131213,146.22
EK202310155687,134.73
EK202310178634,138.98
EK202310115110,140.76
EK202310201445,166.43
EK202310233989,135.6
EK202310226621,150.06
EK202310182124,141.93
EK202310129960,142.66
EK202310172024,146.31
EK202310124587,142.04
EK202310180490,144.21
EK202310218866,135.07
EK202310145486,135.96
EK202310243783,137.69
EK202310163544,131.7
EK202310245299,142.97
EK202310185466,126.47
EK202310114372,139.93
EK202310132954,136.11
EK202310156324,140.61
EK202310237016,134.54
EK202310214641,147.27
EK202310106858,138.05
EK202310182500,153.59
EK202310125749,136.26
EK202310201978,135.41
EK202310112112,138.62
EK202310243292,152.52
EK202310192897,138.07
EK202310173512,134.66
EK202310125634,135.6
EK202310165797,146.0
EK202310213138,150.25
EK202310211642,137.06
EK202310156317,138.38
EK202310154649,159.29
EK202310198938,143.61
EK202310175465,143.16
EK202310187555,140.17
EK202310183448,162.51
EK202310205101,135.92
EK202310201536,135.13
EK202310131221,134.49
EK202310242173,162.94
EK202310195317,139.03
EK202310139267,139.59
EK202310189575,155.61
EK202310186883,149.99
EK202310184286,164.35
EK202310194270,146.95
EK202310003611,139.11
EK202310189126,146.92
EK202310179964,165.53
EK202310118181,130.9
EK202310220832,149.16
EK202310203022,145.54
EK202310205592,157.25
EK202310128283,131.74
EK202310214279,143.9
EK202310175101,148.39
EK202310116399,138.71
EK202310132303,135.59
EK202310147925,142.87
EK202310219063,155.79
EK202310197713,144.2
EK202310165104,140.3
EK202310198835,155.83
EK202310230554,133.35
EK202310103890,133.37
EK202310152894,156.11
EK202310156771,162.05
EK202310239166,143.14
EK202310157043,165.53
EK202310158767,132.47
EK202310231819,146.92
EK202310162990,146.34
EK202310237033,170.26
EK202310220279,142.09
EK202310105088,145.56
EK202310183088,133.28
EK202310134719,143.87
EK202310126509,138.6
EK202310113028,145.67
EK202320007641,151.79
EK202310194771,138.67
EK202310193624,140.86
EK202310178811,167.87
EK202310127140,152.86
EK202310193675,152.89
EK202310208947,135.96
EK202310242072,144.68
EK202310129762,140.62
EK202310178638,148.14
EK202310208504,125.32
EK202310131365,143.74
EK202310118546,142.9
EK202310245144,134.18
EK202310142879,142.4
EK202310197920,162.3
EK202310182216,144.38
EK202310163824,142.8
EK202310247357,160.37
EK202310145691,158.72
EK202310176063,160.99
EK202320006459,171.79
EK202310227785,132.18
EK202310189723,169.99
EK202310182881,143.21
EK202310196251,147.19
EK202310212183,134.82
EK202310165884,137.21
EK202310162354,156.01
EK202320006915,163.26
EK202310152978,165.36
EK202310186596,170.34
EK202310184203,142.44
EK202310115228,137.2
EK202310187250,150.46
EK202310199882,136.34
EK202310247733,160.31
EK202310142093,134.43
EK202310192250,146.32
EK202310161127,169.29
EK202310227929,137.22
EK202310144416,133.97
EK202310129300,146.22
EK202310132887,133.7
EK202320007268,170.42
EK202310117763,128.97
EK202310135610,128.25
EK202310108226,144.12
EK202310197484,159.9
EK202310220905,134.45
EK202310210612,143.36
EK202310199825,131.72
EK202310167815,131.59
EK202310222270,127.28
EK202310218829,130.72
EK202310158524,142.6
EK202310227353,134.97
EK202310105993,143.65
EK202310128862,134.02
EK202320005603,158.08
EK202310145543,153.6
EK202310226964,134.59
EK202310106404,155.07
EK202310158792,142.78
EK202310169557,156.4
EK202320007615,149.44
EK202310244340,135.85
EK202310241009,138.59
EK202310173004,137.41
EK202310229814,146.16
EK202310136774,150.15
EK202310134670,149.94
EK202310125653,144.06
EK202310104378,140.52
EK202310114092,141.52
EK202310242755,137.79
EK202310175831,142.58
EK202310123102,142.11
EK202310246196,139.03
EK202310164308,137.06
EK202310164001,132.22
EK202310127733,164.24
EK202310107896,136.95
EK202310196209,166.82
EK202310164751,145.99
EK202310180897,133.61
EK202310217788,143.08
EK202310193711,164.43
EK202310244316,143.58
EK202310224163,136.83
EK202310104994,135.88
EK202310140073,157.6
EK202310188584,149.08
EK202310110511,146.07
EK202310231033,135.11
EK202310178461,168.67
EK202310167965,142.36
EK202310106027,133.13
EK202310193439,133.31
EK202310151107,138.73
EK202310196605,129.31
EK202310218318,142.69
EK202310195078,137.51
EK202310148837,163.49
EK202310127102,143.32
EK202310114514,139.9
EK202310121553,131.91
EK202310172559,140.83
EK202310151216,125.47
EK202310128073,134.77
EK202310108605,144.7
EK202310201812,135.51
EK202310190862,148.09
EK202310223367,164.25
EK202310217222,141.09
EK202310171756,161.75
EK202320006771,170.07
EK202310124052,143.4
EK202310221124,127.47
EK202310154368,143.32
EK202310155273,135.98
EK202310161608,159.74
EK202310176630,138.42
EK202310158951,147.47
EK202310223924,133.13
EK202310187178,150.77
EK202310189441,156.34
EK202310193808,157.98
EK202310117653,131.98
EK202320006281,156.82
EK202310104452,143.7
EK202310170998,156.87
EK202310247137,141.64
EK202310207587,154.75
EK202310224054,133.61
EK202310124503,132.04
EK202310111608,138.07
EK202310169517,137.27
EK202310177572,148.71
EK202320005767,152.87
EK202310194290,139.61
EK202310115205,163.2
EK202310227698,131.63
EK202310120637,153.27
EK202310143976,138.63
EK202310246533,130.4
EK202310244741,141.57
EK202310163421,132.33
EK202310169247,161.91
EK202310136860,144.25
EK202310217749,141.98
EK202310128152,144.93
EK202310193309,154.37
EK202310243321,158.91
EK202310152737,132.67
EK202310187887,155.11
EK202310150896,132.45
EK202310123219,147.31
EK202310166345,137.48
EK202310163457,153.28
EK202310218300,166.2
EK202310177093,134.36
EK202310123434,140.19
EK202310226930,143.34
EK202310210088,160.02
EK202310190936,149.09
EK202310127583,138.69
EK202310185141,136.06
EK202310138333,141.44
EK202310143408,142.75
EK202310147317,137.73
EK202310127752,137.85
EK202310248048,153.57
EK202310109094,141.84
EK202310230897,141.65
EK202310229240,153.09
EK202310158776,141.76
EK202310178235,152.86
EK202310153456,126.76
EK202310125365,136.66
EK202310228431,136.5
EK202310177613,165.49
EK202310230016,140.96
EK202310124464,130.81
EK202310160084,147.45
EK202310230147,137.54
EK202310154253,143.96
EK202310180390,132.22
EK202310126260,136.43
EK202310110447,135.45
EK202310225162,148.54
EK202310127787,134.86
EK202310127024,134.95
EK202310123897,140.9
EK202310191044,145.04
EK202310107279,137.75
EK202310222709,148.73
EK202310158190,138.71
EK202310226271,144.46
EK202310227119,138.51
EK202310180033,141.69
EK202310113831,128.21
EK202310127200,139.95
EK202310234951,137.16
EK202310113479,139.15
EK202310207326,133.14
EK202310227319,152.29
EK202310230874,136.45
EK202310139589,143.66
EK202310114753,155.74
EK202310121349,132.91
EK202310202957,152.24
EK202310159641,150.01
EK202310176020,144.73
EK202310163367,142.32
EK202310186524,143.41
EK202310221903,146.64
EK202310161048,154.44
EK202310187444,138.6
EK202310127440,136.17
EK202310218146,154.11
EK202310150639,153.04
EK202310233888,134.69
EK202310209197,147.19
EK202310143716,160.11
EK202310104198,141.54
EK202310154483,143.1
EK202310167981,142.16
EK202310180723,138.75
EK202310196829,137.99
EK202310115909,137.32
EK202310142747,163.71
EK202310168568,148.66
EK202310116790,132.64
EK202310246722,142.07
EK202310201508,149.52
EK202310184072,145.81
EK202310243865,133.4
EK202310210914,132.43
EK202310239276,141.02
EK202310215006,158.72
EK202310104899,137.9
EK202310123211,130.82
EK202310139857,142.56
EK202310229104,138.22
EK202310225758,151.42
EK202310154150,134.25
EK202310151559,146.11
EK202310121018,147.38
EK202310139751,135.69
EK202310130814,146.4
EK202310226459,141.44
EK202310144732,136.75
EK202310159300,168.68
EK202310216298,145.81
EK202310108276,137.59
EK202310132846,143.82
EK202310146926,136.29
EK202310205179,144.51
EK202310172161,148.97
EK202310206115,148.36
EK202310197301,138.81
EK202310172771,134.08
EK202310109812,140.09
EK202310152808,130.75
EK202310121442,137.74
EK202310136433,145.89
EK202310242312,133.03
EK202310104384,148.71
EK202310199318,135.38
EK202310135620,151.19
EK202310153631,142.61
EK202310133022,125.18
EK202310112038,131.02
EK202310200944,148.6
EK202310209272,141.08
EK202310221651,130.95
EK202310147889,152.5
EK202310004590,135.63
EK202310196915,156.75
EK202310186595,142.28
EK202310104696,150.39
EK202310144577,143.93
EK202310169285,131.18
EK202310184084,147.09
EK202310132378,140.38
EK202310246159,171.85
EK202310202358,128.82
EK202310159800,145.85
EK202310209349,135.81
EK202310200523,133.6
EK202310231409,141.01
EK202310125721,140.9
EK202310150276,151.76
EK202310197223,134.78
EK202310160408,159.99
EK202310213557,134.46
EK202310218382,141.63
EK202310209694,151.84
EK202310211465,153.4
EK202310227036,135.7
EK202310168055,140.02
EK202310173868,142.05
EK202310235783,135.88
EK202310182758,152.22
EK202310202200,143.71
EK202310114988,134.68
EK202310176929,143.8
EK202310121237,146.44
EK202310152253,145.85
EK202310226416,152.74
EK202310140761,156.62
EK202310200743,140.2
EK202310165360,139.85
EK202310235685,151.78
EK202310238675,139.83
EK202310191990,137.5
EK202310149927,147.9
EK202310196613,153.75
EK202310138650,143.09
EK202310135837,139.23
EK202310004179,142.86
EK202310202844,132.04
EK202310156145,136.17
EK202310137772,134.12
EK202310139643,156.98
EK202310190140,144.64
EK202310182976,131.49
EK202310140267,144.23
EK202310149614,152.76
EK202310188618,146.05
EK202310153165,145.75
EK202310239729,152.82
EK202310104290,139.28
EK202310237254,145.78
EK202310127230,145.47
EK202310133287,145.63
EK202310196943,138.45
EK202310154405,140.62
EK202310235085,133.81
EK202310144062,143.29
EK202310185906,142.58
EK202310133676,157.21
EK202310196801,141.39
EK202310223356,141.46
EK202310174845,156.21
EK202310131724,134.02
EK202310227778,138.26
EK202310139935,138.51
EK202310109785,159.37
EK202310162467,138.84
EK202310190820,139.35
EK202310111438,140.93
EK202310202344,153.64
EK202310128622,148.9
EK202310239716,136.42
EK202310206350,158.86
EK202310137152,138.77
EK202310186456,161.81
EK202310247836,132.28
EK202310239485,137.99
EK202310192860,143.94
EK202310130413,137.69
EK202310193922,143.81
EK202310181806,141.66
EK202310121213,132.68
EK202320006017,171.33
EK202310123080,139.69
EK202310155988,143.63
EK202310126966,161.55
EK202310189745,151.46
EK202310203961,134.45
EK202310118179,139.86
EK202310109004,147.24
EK202310003506,138.98
EK202310106808,136.46
EK202310242146,142.56
EK202310114687,150.4
EK202310139155,159.86
EK202310229903,137.52
EK202310170375,137.2
EK202310199839,139.0
EK202310112897,133.98
EK202310221448,145.03
EK202310191215,151.7
EK202310221051,141.41
EK202310221033,125.89
EK202310224111,133.24
EK202310217504,133.42
EK202310179120,141.16
EK202310106293,133.47
EK202310228948,131.45
EK202310192129,141.6
EK202310109160,143.06
EK202310170771,136.5
EK202310242806,140.26
EK202310175538,153.12
EK202310149012,156.68
EK202310104532,147.06
EK202310212068,144.78
EK202310123340,139.71
EK202310131077,155.15
EK202310148068,145.66
EK202310190251,138.48
EK202310174004,155.9
EK202310156599,145.1
EK202310153023,150.59
EK202310145554,137.4
EK202310160744,159.79
EK202310185195,139.91
EK202320006590,166.36
EK202310129886,140.14
EK202310124625,150.86
EK202310188309,151.31
EK202310142832,147.72
EK202310183119,142.46
EK202310105045,135.09
EK202310170611,128.13
EK202310155999,144.93
EK202310230234,141.22
EK202310103794,153.62
EK202310241301,148.69
EK202310202926,162.21
EK202310247420,143.61
EK202310165584,146.77
EK202310179695,126.93
EK202310164314,137.69
EK202310155082,149.6
EK202310145770,143.52
EK202310247538,163.83
EK202310214111,160.96
EK202310181544,145.66
EK202310151024,132.45
EK202310229794,129.47
EK202310125839,154.19
EK202310128797,136.87
EK202310147449,144.33
EK202310211288,128.99
EK202310165604,132.11
EK202310140481,144.07
EK202310154542,149.72
EK202310213091,128.97
EK202310248733,136.68
EK202310152930,172.29
EK202320006866,158.49
EK202310216477,130.52
EK202310181197,149.24
EK202310244809,143.65
EK202310111806,138.17
EK202310106490,152.92
EK202310145258,139.44
EK202310205168,139.32
EK202310157331,158.12
EK202310163882,138.18
EK202310129546,126.05
EK202310148414,132.73
EK202310224909,126.4
EK202310165479,132.94
EK202310170016,134.3
EK202310182759,142.63
EK202310111689,137.6
EK202310202711,143.18
EK202310201534,144.14
EK202310113940,144.71
EK202310114299,131.0
EK202310203251,156.53
EK202310143744,149.59
EK202310149498,156.44
EK202310217908,136.27
EK202310211929,130.73
EK202310149164,139.4
EK202310164565,138.47
EK202310210725,133.87
EK202310121120,143.6
EK202310216961,137.8
EK202310172951,142.78
EK202310230076,131.41
EK202310214365,145.83
EK202310120411,140.84
EK202310233763,145.17
EK202310189756,141.8
EK202310180908,137.49
EK202310163595,137.26
EK202310117226,137.65
EK202310133078,140.83
EK202310214364,135.58
EK202310216563,151.97
EK202310233460,142.17
EK202310145609,150.43
EK202310224257,136.21
EK202310192247,132.65
EK202310205631,137.02
EK202310231421,137.23
EK202310226086,132.67
EK202310237602,133.55
EK202310136602,132.4
EK202310122474,135.25
EK202310188932,149.54
EK202310138201,125.9
EK202310194378,167.46
EK202310214991,160.99
EK202310225525,141.1
EK202310134214,146.63
EK202310195862,139.52
EK202310159199,139.03
EK202310155737,136.33
EK202310170011,138.02
EK202310201630,154.59
EK202310226552,133.05
EK202310160002,134.76
EK202310151703,152.48
EK202310143816,134.03
EK202310232638,155.83
EK202310114002,143.36
EK202310129927,143.42
EK202310203267,147.43
EK202310177954,144.14
EK202310153060,151.04
EK202310111529,142.41
EK202310137725,150.09
EK202310166343,156.64
EK202310186809,156.18
EK202310144953,130.59
EK202310122463,139.13
EK202310134204,139.36
EK202310150378,145.44
EK202310237288,143.79
EK202310248480,147.11
EK202310004124,143.38
EK202310003566,129.48
EK202310213203,130.78
EK202310124344,136.05
EK202310228408,165.07
EK202310232131,130.82
EK202310118742,147.72
EK202310134004,150.23
EK202310247397,156.73
EK202310239190,138.01
EK202310246475,135.85
EK202310198578,144.16
EK202310215084,130.23
EK202310105260,143.84
EK202310165433,150.17
EK202310140038,150.29
EK202310107453,146.6
EK202310221064,129.17
EK202310120243,138.82
EK202310184845,142.92
EK202310176066,153.96
EK202310227077,143.99
EK202310144370,138.43
EK202310162124,141.23
EK202310110699,140.5
EK202310153084,154.71
EK202310160786,139.9
EK202310242308,144.25
EK202310194163,139.63
EK202310105869,145.63
EK202310214672,143.26
EK202310145840,145.9
EK202310178975,149.48
EK202310189351,159.78
EK202310180495,147.15
EK202310202435,131.19
EK202310111129,128.8
EK202310157646,146.63
EK202310227821,141.35
EK202310142018,129.23
EK202310176861,158.42
EK202310228822,136.13
EK202310142217,141.26
EK202310237859,139.76
EK202310146830,138.93
EK202310152183,139.05
EK202310179889,131.66
EK202310217535,144.48
EK202310111073,145.58
EK202310228103,145.55
EK202310171811,144.52
EK202310224290,138.26
EK202310108057,137.36
EK202310240225,161.53
EK202310240301,153.51
EK202310126961,132.24
EK202310235847,132.54
EK202310107011,149.18
EK202310185554,155.52
EK202310224213,133.4
EK202310132189,134.58
EK202310193327,155.65
EK202310230501,135.18
EK202310130145,165.83
EK202310188675,140.87
EK202310155036,135.36
EK202310177355,150.32
EK202310139948,137.24
EK202310119442,146.13
EK202310133620,132.37
EK202310202179,160.06
EK202310217546,139.75
EK202310182683,135.5
EK202310184843,137.89
EK202310108718,150.7
EK202310159849,148.5
EK202310004889,132.73
EK202320006575,173.71
EK202310209060,147.02
EK202310104959,138.03
EK202310182681,138.75
EK202310145101,144.59
EK202310134497,137.22
EK202310120585,134.24
EK202310198684,149.66
EK202310109466,141.16
EK202310106981,134.74
EK202310004230,128.85
EK202310173364,130.5
EK202310164220,140.12
EK202310207890,134.84
EK202310134470,166.21
EK202310124056,143.36
EK202310185859,145.43
EK202310160054,145.41
EK202310246219,155.47
EK202310196525,148.73
EK202310193933,149.27
EK202310144345,145.03
EK202310004466,141.89
EK202310168682,154.81
EK202310231230,136.46
EK202310206143,132.43
EK202310120180,141.85
EK202310208027,135.95
EK202310211315,136.09
EK202310176576,141.58
EK202310174969,146.98
EK202310210179,138.12
EK202310217528,135.38
EK202310238600,130.26
EK202310236054,138.99
EK202310137936,138.72
EK202310222493,133.16
EK202310171713,141.65
EK202310171703,130.74
EK202310132101,153.74
EK202310136177,130.17
EK202310222204,149.66
EK202310198438,139.01
EK202310198847,138.76
EK202310212204,131.01
EK202310158611,145.79
EK202310214429,141.1
EK202310197505,142.59
EK202310155317,153.03
EK202310103873,136.2
EK202310203439,130.96
EK202310205578,162.14
EK202310114493,132.55
EK202310192330,138.65
EK202310150257,133.18
EK202310212345,135.08
EK202310166764,145.32
EK202310173381,134.51
EK202310129246,135.01
EK202310198977,173.02
EK202310111435,142.62
EK202310210569,145.06
EK202310216496,140.23
EK202310159176,141.49
EK202310205779,142.42
EK202310160097,148.35
EK202310144776,135.05
EK202310232327,142.41
EK202310177826,158.26
EK202310232783,134.64
EK202310247658,136.9
EK202310192257,143.59
EK202310105522,155.58
EK202310110676,138.7
EK202310175277,136.67
EK202310222480,135.68
EK202310244692,136.55
EK202310238299,150.4
EK202310196847,148.43
EK202310219030,143.43
EK202310003531,129.06
EK202310216422,149.51
EK202310112977,147.87
EK202310184951,154.2
EK202310195157,150.77
EK202310107454,146.49
EK202310139967,138.37
EK202310150754,141.78
EK202310136822,139.99
EK202310219114,138.87
EK202310200603,171.34
EK202310141838,140.77
EK202310148763,145.69
EK202310234275,142.12
EK202310219816,139.96
EK202310105056,140.72
EK202310164743,141.89
EK202310132814,148.08
EK202310188510,141.98
EK202310190625,151.42
EK202310133363,139.94
EK202310164850,128.31
EK202310112766,132.76
EK202310242743,150.34
EK202310167944,145.52
EK202310174056,142.44
EK202310196467,142.88
EK202310112347,138.62
EK202310183616,149.02
EK202310169352,152.91
EK202310209027,147.96
EK202310223654,148.1
EK202310118853,146.43
EK202310161978,168.66
EK202310226345,141.1
EK202310229817,139.65
EK202310163424,131.0
EK202310230830,137.42
EK202310181485,145.73
EK202310173117,143.25
EK202310191342,152.4
EK202310205302,146.6
EK202310122843,143.74
EK202310201365,146.56
EK202310164039,133.58
EK202310176835,141.72
EK202310240788,137.34
EK202310112640,141.04
EK202310181638,134.32
EK202310233877,137.61
EK202310107169,129.22
EK202310178789,158.15
EK202310152645,139.94
EK202310139143,157.66
EK202310185606,130.82
EK202310236253,135.96
EK202310188369,147.01
EK202310138500,164.27
EK202310231971,139.97
EK202310194339,140.37
EK202310175771,151.17
EK202310109100,167.66
EK202310196714,142.7
EK202310135780,137.64
EK202310177286,141.04
EK202310162248,142.52
EK202310113556,140.33
EK202310225632,146.08
EK202310247856,136.11
EK202310178852,136.39
EK202310163577,137.64
EK202310151357,132.55
EK202310111121,142.92
EK202310181600,149.15
EK202310194358,137.96
EK202310202153,167.04
EK202310105466,124.32
EK202310216384,130.38
EK202310153150,164.06
EK202310230780,140.91
EK202310248548,135.32
EK202310121252,140.65
EK202310201045,136.23
EK202310208942,151.95
EK202310173243,144.89
EK202310183907,158.63
EK202310152258,138.14
EK202310151886,128.35
EK202310124883,136.42
EK202310206942,161.72
EK202310186343,139.77
EK202310199252,141.02
EK202310153785,145.94
EK202310119274,141.05
EK202310229019,133.72
EK202310003459,144.08
EK202310215837,135.72
EK202310104012,155.78
EK202310226825,150.47
EK202310112000,143.22
EK202310228139,129.61
EK202310195964,145.96
EK202310196447,141.38
EK202310133431,149.23
EK202310148207,144.77
EK202310208262,152.8
EK202310234548,132.88
EK202310110644,165.52
EK202310112284,137.1
EK202310185528,160.08
EK202310120181,137.81
EK202310155062,133.16
EK202310141339,137.78
EK202320007364,147.18
EK202310153420,136.49
EK202310168023,157.2
EK202310136980,152.05
EK202310109577,151.4
EK202310242836,141.41
EK202310245264,146.23
EK202310156259,138.46
EK202310190170,144.29
EK202310248085,137.76
EK202310236610,136.08
EK202310127984,134.14
EK202310151526,166.29
EK202310183833,141.59
EK202310181035,131.61
EK202310209277,131.91
EK202310208187,132.79
EK202310113331,149.41
EK202310130050,143.53
EK202310210098,159.87
EK202310131769,141.62
EK202310182943,149.92
EK202310245900,141.46
EK202310112562,154.74
EK202310112368,147.15
EK202310153158,150.63
EK202310246187,161.51
EK202310158259,169.43
EK202310191908,153.28
EK202310229177,125.63
EK202310173976,129.67
EK202310235029,134.61
EK202310160651,140.34
EK202310104176,149.31
EK202310163031,140.69
EK202310189284,139.74
EK202310203767,131.29
EK202310153903,128.95
EK202310163959,130.92
EK202310175696,147.6
EK202310196551,139.85
EK202310130357,151.17
EK202310227070,162.98
EK202310223980,144.84
EK202320005716,164.82
EK202310191016,149.74
EK202310159308,166.05
EK202310157506,139.54
EK202310205339,147.8
EK202310173591,146.7
EK202310212415,136.28
EK202310152400,137.92
EK202310116809,144.01
EK202310223921,161.17
EK202310136881,136.23
EK202310197683,156.48
EK202310119242,139.84
EK202310156431,146.64
EK202310142993,156.85
EK202310190357,127.58
EK202310138818,143.68
EK202310180708,139.27
EK202310171205,143.31
EK202310205536,133.98
EK202310178501,141.42
EK202310114516,147.14
EK202310217959,133.34
EK202310197130,141.45
EK202310175335,135.96
EK202310106557,144.18
EK202310228468,137.88
EK202310107166,141.91
EK202310187850,144.24
EK202310231655,137.33
EK202320005951,160.45
EK202310110395,130.99
EK202310229554,146.98
EK202310129150,148.26
EK202310245507,146.23
EK202310165967,141.57
EK202310139144,133.06
EK202310205378,141.83
EK202310118211,133.83
EK202310117975,141.0
EK202310246423,137.07
EK202310224264,129.73
EK202310157523,142.46
EK202310136806,145.24
EK202310209414,142.48
EK202310105657,148.35
EK202310227287,136.26
EK202310143495,150.98
EK202310104202,146.02
EK202310132179,149.76
EK202310192107,147.57
EK202310201701,153.33
EK202310204228,131.28
EK202310204465,163.28
EK202310220504,148.62
EK202310190283,138.93
EK202310220919,148.79
EK202310136224,149.41
EK202310229439,131.8
EK202310201973,136.59
EK202310233266,140.01
EK202310120402,142.62
EK202310203268,138.88
EK202310103759,149.44
EK202310206364,137.99
EK202310239486,135.6
EK202310167126,141.67
EK202310172738,133.86
EK202310225872,142.66
EK202310124187,132.24
EK202310230657,135.97
EK202310219193,126.09
EK202310169804,158.03
EK202310214791,138.24
EK202310130499,142.54
EK202310125258,140.8
EK202310217221,129.14
EK202310244345,154.66
EK202310130692,144.14
EK202310225290,161.09
EK202310202584,149.11
EK202310165777,138.68
EK202310173066,142.56
EK202310142994,148.61
EK202310146665,139.28
EK202310213439,133.78
EK202310239350,135.72
EK202310187146,157.61
EK202310141831,153.61
EK202310181405,156.21
EK202310218983,138.26
EK202310224271,151.1
EK202310141723,149.88
EK202310191900,146.22
EK202310179485,157.14
EK202310162868,145.91
EK202310182366,129.39
EK202310148108,139.6
EK202310160133,152.55
EK202310166838,149.15
EK202310209189,134.3
EK202310135477,150.38
EK202310136211,137.87
EK202310211907,146.13
EK202310204224,135.52
EK202310003420,129.95
EK202310111245,148.38
EK202310155528,131.08
EK202310116420,153.75
EK202310163647,139.32
EK202310004316,136.3
EK202310136565,145.05
EK202310242785,132.77
EK202310142669,138.68
EK202310113336,144.72
EK202310147196,146.68
EK202310198324,164.43
EK202310143104,142.64
EK202310112994,141.23
EK202310175359,167.57
EK202310185406,147.86
EK202310179778,142.14
EK202310112667,145.13
EK202310194252,131.98
EK202310147035,136.11
EK202310111219,147.38
EK202310214524,138.29
EK202310232716,146.66
EK202310105019,144.6
EK202310234559,139.94
EK202310173427,165.63
EK202310195378,147.6
EK202310134112,131.0
EK202310181301,131.81
EK202310214980,137.67
EK202310238261,147.29
EK202310130718,135.99
EK202310147373,136.29
EK202310168667,152.2
EK202310225226,162.84
EK202310118349,149.47
EK202310157718,144.52
EK202310187448,146.58
EK202310181860,146.85
EK202310236193,160.96
EK202310152103,151.82
EK202310136089,154.09
EK202310238835,142.3
EK202310142264,137.22
EK202310198539,143.34
EK202310190468,144.52
EK202320006389,145.32
EK202310148444,126.0
EK202310149959,143.2
EK202310228555,139.41
EK202310105501,146.84
EK202310119203,134.74
EK202310232306,141.06
EK202310182557,136.51
EK202310213342,137.38
EK202310167646,147.09
EK202310195462,158.09
EK202310171718,143.35
EK202310150737,142.76
EK202310207739,154.96
EK202310121660,138.86
EK202310205678,136.55
EK202310242815,133.44
EK202310193926,133.78
EK202310169215,155.86
EK202310121914,133.19
EK202310146443,147.87
EK202310186043,146.69
EK202310242764,149.28
EK202310125734,135.25
EK202310188093,150.94
EK202310247744,153.18
EK202310183732,150.54
EK202310120950,136.96
EK202310160943,150.66
EK202310223077,133.27
EK202310113322,145.51
EK202310171016,158.0
EK202310118992,137.91
EK202310210813,134.55
EK202310119393,145.83
EK202310165072,146.95
EK202310130476,145.78
EK202310176158,133.97
EK202310235070,144.95
EK202310108800,135.9
EK202310213698,134.61
EK202310211960,135.02
EK202310115107,127.49
EK202310154887,150.65
EK202310125964,139.26
EK202310197631,151.57
EK202310152495,149.33
EK202310138965,148.65
EK202310229751,138.09
EK202310243042,136.96
EK202310104932,141.34
EK202310196593,148.77
EK202310166871,132.96
EK202310148398,146.35
EK202310209486,139.96
EK202310136632,138.31
EK202310189646,161.13
EK202310225870,142.85
EK202310161755,137.07
EK202310228917,137.21
EK202310148074,148.1
EK202310127137,148.45
EK202310189248,136.06
EK202310125103,140.14
EK202310191210,148.56
EK202310218240,142.48
EK202310237275,134.32
EK202310162417,154.41
EK202320007302,155.21
EK202310198514,141.26
EK202310156654,164.99
EK202310171571,153.66
EK202310177305,149.1
EK202310246747,145.86
EK202310202758,160.63
EK202310106134,134.56
EK202310004263,157.63
EK202310167253,142.68
EK202310154950,143.11
EK202310104343,149.13
EK202310162981,156.02
EK202310170399,138.05
EK202310157462,142.32
EK202310222137,143.88
EK202320007745,158.62
EK202310220891,132.08
EK202310197465,145.13
EK202310169484,136.56
EK202310206857,137.54
EK202310246430,133.55
EK202310116674,136.4
EK202310143852,141.19
EK202310181630,141.22
EK202310208946,147.71
EK202310108868,153.59
EK202310175588,149.13
EK202310159547,140.36
EK202310188294,149.27
EK202310180437,157.89
EK202310212936,139.59
EK202310130231,153.69
EK202310127231,147.98
EK202310189985,148.97
EK202310116510,147.68
EK202310207462,139.68
EK202310218692,149.04
EK202310227138,133.82
EK202310209607,135.67
EK202310119774,150.13
EK202310244607,144.63
EK202310113466,144.83
EK202310117710,131.53
EK202310175467,149.28
EK202310137952,148.24
EK202310235796,153.88
EK202310248336,141.96
EK202310185289,139.56
EK202310149146,136.41
EK202310129791,158.76
EK202310122547,138.11
EK202310131673,138.12
EK202310218477,156.92
EK202310158788,167.07
EK202310243244,148.02
EK202310137064,141.87
EK202310178386,154.12
EK202310159003,141.38
EK202310127413,150.81
EK202310194146,147.8
EK202310232087,146.22
EK202310143601,143.71
EK202310127915,134.6
EK202310148535,135.8
EK202310127692,134.15
EK202310134785,141.79
EK202310196646,148.85
EK202310003600,132.29
EK202310246935,154.79
EK202310239761,138.63
EK202310216852,135.71
EK202310220984,142.86
EK202310144095,136.67
EK202310152597,162.14
EK202310168343,146.67
EK202310137883,137.37
EK202310193368,134.12
EK202310127993,138.93
EK202310141466,149.05
EK202310124906,142.6
EK202310121318,141.35
EK202310214552,155.16
EK202310242972,147.7
EK202310169356,162.67
EK202310141331,141.28
EK202310148511,162.57
EK202320006765,169.37
EK202310131274,134.18
EK202310126970,134.38
EK202310167321,152.02
EK202310215589,138.91
EK202320006107,152.05
EK202310147086,154.81
EK202310233859,150.14
EK202310141954,137.28
EK202310234852,132.77
EK202310136328,137.56
EK202310133047,128.93
EK202310136399,152.81
EK202310207760,137.04
EK202310139278,156.06
EK202310125356,127.04
EK202310146350,137.36
EK202310177090,136.57
EK202310138005,145.31
EK202310137985,162.04
EK202320005567,158.0
EK202310197087,133.98
EK202310157990,144.37
EK202310176214,146.02
EK202310128811,135.9
EK202310120029,141.99
EK202310144471,133.49
EK202310188230,143.21
EK202310154178,143.18
EK202310157814,144.58
EK202310130684,139.71
EK202310140639,136.02
EK202310233784,134.69
EK202310177044,141.29
EK202310204770,150.66
EK202310143193,133.61
EK202310229063,162.01
EK202310142428,155.62
EK202310142101,146.41
EK202310199185,134.08
EK202310122048,138.02
EK202310189594,159.41
EK202310105475,137.82
EK202310181985,148.97
EK202310111833,140.14
EK202310164318,132.06
EK202310170916,140.71
EK202310158358,154.36
EK202310106802,132.84
EK202310158510,148.52
EK202310212527,133.47
EK202310109926,144.5
EK202310114932,161.73
EK202310223038,137.03
EK202310193126,150.73
EK202310246777,139.23
EK202310189632,156.19
EK202310240945,140.84
EK202310239693,145.94
EK202310216494,140.43
EK202310183749,149.62
EK202310141275,139.45
EK202310131036,145.35
EK202310113828,155.16
EK202310207144,128.73
EK202310190451,133.1
EK202310229761,137.45
EK202320006392,161.96
EK202310227082,140.86
EK202310211827,129.78
EK202310235192,145.25
EK202310198132,149.83
EK202310189905,156.19
EK202310193570,148.81
EK202310137822,139.67
EK202310206557,150.52
EK202310127272,156.63
EK202310195399,136.33
EK202310116174,155.66
EK202310112198,142.39
EK202310163418,133.2
EK202310003339,137.02
EK202310145884,151.8
EK202310210819,134.48
EK202310188596,136.42
EK202310227740,140.37
EK202310171332,147.68
EK202310107268,143.66
EK202310232122,133.93
EK202310145739,160.46
EK202310240638,135.56
EK202310174884,155.07
EK202310213193,128.8
EK202310218429,137.65
EK202310225216,123.55
EK202310235813,139.15
EK202310223825,139.69
EK202310165260,152.11
EK202310136218,150.1
EK202310138301,145.04
EK202310217412,146.25
EK202310224143,142.5
EK202310155730,148.09
EK202310246010,125.01
EK202310111437,150.01
EK202310162583,147.73
EK202310126440,137.33
EK202310104619,141.79
EK202310172843,142.86
EK202310147555,169.91
EK202310161054,151.57
EK202310209188,141.13
EK202310144583,129.87
EK202310113571,148.21
EK202310236906,143.32
EK202310236614,138.33
EK202310153224,156.81
EK202310139052,165.7
EK202310238192,144.68
EK202310233466,133.76
EK202310215038,143.64
EK202310179617,139.01
EK202310159717,141.92
EK202310152017,155.03
EK202310190439,139.39
EK202310193413,156.17
EK202310160170,156.54
EK202310123300,131.48
EK202310204445,138.57
EK202310214835,140.46
EK202310220520,136.27
EK202310003433,140.21
EK202310159797,144.16
EK202310139535,144.09
EK202310118986,139.09
EK202310131290,133.09
EK202310145211,137.67
EK202310124121,135.91
EK202310164013,125.89
EK202310158539,135.37
EK202310157029,130.8
EK202310205071,159.3
EK202310237265,141.2
EK202310121334,146.44
EK202310169722,153.67
EK202310227972,146.37
EK202310148017,156.02
EK202310201744,140.81
EK202310178777,152.2
EK202310158599,139.41
EK202310223823,150.39
EK202310244269,143.86
EK202310145223,151.19
EK202310183001,142.47
EK202310144652,135.65
EK202310149925,151.58
EK202310232433,135.62
EK202310170505,137.99
EK202310213173,138.36
EK202310140978,148.73
EK202310003838,154.84
EK202310197038,139.81
EK202310144172,157.15
EK202310107554,152.32
EK202310145215,148.8
EK202310178423,145.88
EK202310135509,155.56
EK202310114244,128.91
EK202310143184,139.98
EK202310141247,129.43
EK202310202303,145.21
EK202310111325,138.82
EK202310167906,151.32
EK202310105431,138.04
EK202320005905,173.03
EK202310127826,165.59
EK202310104035,137.99
EK202310213387,132.19
EK202310109955,136.86
EK202310218233,137.56
EK202310115271,136.33
EK202310206248,142.92
EK202310158573,154.39
EK202310183224,150.0
EK202310231210,137.37
EK202310118684,148.14
EK202310242985,135.44
EK202310136035,147.7
EK202310231734,136.77
EK202310145163,142.97
EK202310211871,133.16
EK202310151737,140.38
EK202310165550,173.61
EK202310214955,148.92
EK202310112312,137.99
EK202310122742,141.86
EK202310202487,141.36
EK202310233089,147.25
EK202310166257,147.58
EK202310180021,142.93
EK202310149123,132.57
EK202310139242,144.71
EK202310140791,143.81
EK202310230828,142.96
EK202310242667,134.9
EK202310188077,150.28
EK202310184134,153.66
EK202310227767,160.86
EK202310206257,139.75
EK202310112535,140.56
EK202310142903,140.8
EK202310109645,141.11
EK202310153020,153.48
EK202310106726,136.95
EK202310223842,142.67
EK202310194598,150.76
EK202310148450,141.86
EK202310120806,138.76
EK202310209691,142.5
EK202310114213,153.46
EK202310152335,146.42
EK202310232377,134.98
EK202310150359,142.75
EK202310172745,133.39
EK202310201411,155.55
EK202310152893,160.32
EK202310155212,152.49
EK202310182742,147.14
EK202310183087,139.36
EK202310200379,146.94
EK202310173094,121.25
EK202310227985,143.09
EK202310238336,154.93
EK202310184224,150.18
EK202310232915,152.3
EK202310219151,149.85
EK202310213370,133.77
EK202310219745,136.83
EK202310138780,142.77
EK202310203481,141.29
EK202310174922,145.29
EK202310233758,141.79
EK202310153471,131.74
EK202310151891,148.01
EK202320005592,147.99
EK202310105631,136.82
EK202310176003,149.37
EK202310181211,135.35
EK202310144399,137.02
EK202310240649,132.89
EK202310145192,149.18
EK202310206829,142.26
EK202310110211,127.78
EK202310234760,132.41
EK202310114319,145.8
EK202310135966,141.77
EK202310183214,147.04
EK202310163942,168.61
EK202310219060,134.35
EK202310192350,145.75
EK202310130531,144.8
EK202310163172,149.9
EK202310240348,142.56
EK202310198945,150.02
EK202310004178,124.81
EK202310199537,157.08
EK202310152430,135.94
EK202310200143,138.75
EK202310190524,161.07
EK202310116645,146.46
EK202310193204,153.3
EK202310148808,153.39
EK202310231781,138.56
EK202310129095,138.44
EK202310114613,145.3
EK202310190518,136.08
EK202310180509,146.6
EK202310220514,139.33
EK202310225336,132.32
EK202310237750,147.66
EK202310182363,148.34
EK202310196291,157.01
EK202310161270,143.81
EK202310132154,125.3
EK202310181652,145.03
EK202310238306,139.98
EK202310187861,135.55
EK202310196524,149.29
EK202310218151,142.84
EK202310176813,134.88
EK202310115338,148.96
EK202320007107,152.72
EK202310190744,146.89
EK202310242292,154.83
EK202310133848,142.06
EK202310173165,155.21
EK202310201969,129.76
EK202310194094,152.55
EK202310192787,144.23
EK202310107065,131.85
EK202310247670,165.33
EK202310200824,141.55
EK202310157197,145.13
EK202310192671,143.23
EK202310189959,165.41
EK202310242747,142.1
EK202310221418,136.84
EK202310178956,142.42
EK202310162978,145.69
EK202320006792,150.35
EK202310119199,141.32
EK202310229640,138.51
EK202310136912,144.02
EK202310193691,147.73
EK202310141736,138.83
EK202310159077,152.36
EK202310199320,135.45
EK202310205972,138.85
EK202310155578,139.09
EK202310115031,139.26
EK202310143815,143.92
EK202310133150,167.33
EK202310133982,133.99
EK202310216455,146.9
EK202310206390,146.45
EK202310204338,144.06
EK202310115162,138.31
EK202310117837,131.08
EK202310211582,134.65
EK202310119713,149.96
EK202310136154,143.51
EK202310222178,132.12
EK202310143261,135.74
EK202310122388,144.89
EK202310125099,140.5
EK202310172723,134.83
EK202310226850,142.57
EK202310111054,146.15
EK202310187762,144.59
EK202310213222,133.29
EK202310105201,163.11
EK202310173124,149.97
EK202310180253,136.03
EK202310248026,166.54
EK202310177052,136.06
EK202310171106,147.81
EK202310136327,133.41
EK202310208120,139.16
EK202310004784,134.68
EK202310164690,148.31
EK202310214669,158.85
EK202310131706,143.26
EK202310104529,134.38
EK202310118248,146.8
EK202310137915,136.05
EK202310247207,153.45
EK202310185211,139.02
EK202310121850,131.0
EK202310128165,150.92
EK202310123063,136.62
EK202310219511,130.06
EK202310242037,149.71
EK202310180079,148.48
EK202310193224,152.6
EK202310191500,131.99
EK202310116444,134.3
EK202310130285,143.33
EK202310108568,142.83
EK202310136319,133.57
EK202310224242,136.87
EK202310227382,129.84
EK202310202780,154.14
EK202310137223,140.13
EK202310230312,132.35
EK202310234557,137.45
EK202310189352,156.34
EK202310226383,136.04
EK202310141535,146.53
EK202310184208,137.46
EK202310230152,155.41
EK202310160390,150.25
EK202310122632,133.59
EK202310165838,144.07
EK202310144483,161.67
EK202310108194,142.53
EK202310106793,141.54
EK202310120779,134.05
EK202310113163,136.45
EK202310115686,136.78
EK202310153049,140.42
EK202310177121,164.86
EK202310151267,147.83
EK202310214589,155.21
EK202310208963,154.18
EK202310154044,145.85
EK202310198051,140.13
EK202310105305,148.6
EK202310135168,146.05
EK202310200887,137.51
EK202310202015,131.16
EK202310211458,149.12
EK202310135559,158.43
EK202310135685,148.35
EK202310164450,133.43
EK202310195626,141.03
EK202310238957,135.45
EK202310131647,140.52
EK202310150387,150.59
EK202310121479,132.19
EK202310236900,140.63
EK202310159488,152.46
EK202310191125,138.84
EK202310132284,142.09
EK202310205918,137.6
EK202310192730,148.53
EK202310123751,141.63
EK202310157723,150.23
EK202310166159,157.55
EK202310217657,132.94
EK202310139130,160.22
EK202310176465,135.21
EK202310135907,135.56
EK202310142364,138.43
EK202310106377,136.86
EK202310246049,146.47
EK202310213693,135.2
EK202310164186,153.53
EK202310160898,152.87
EK202310217495,164.94
EK202310170927,124.24
EK202310164087,127.27
EK202310202710,136.45
EK202310161660,147.86
EK202310118714,140.81
EK202310208776,150.63
EK202310192073,137.58
EK202310149834,134.21
EK202310115300,151.8
EK202310137234,141.29
EK202310167336,147.65
EK202310130940,149.55
EK202310108363,140.56
EK202310240062,139.22
EK202310143711,146.96
EK202310126099,138.95
EK202310111701,143.14
EK202310109430,139.55
EK202310229241,134.73
EK202310224916,147.05
EK202310198104,138.52
EK202310146821,150.94
EK202310149423,145.88
EK202310189461,154.63
EK202310113093,138.35
EK202310203899,154.65
EK202310222972,131.75
EK202310122045,142.98
EK202310197655,165.13
EK202310207370,160.37
EK202310126718,138.16
EK202310239768,144.73
EK202310154953,148.93
EK202310104866,141.31
EK202310213299,136.2
EK202310152880,165.08
EK202310210510,136.68
EK202310003355,132.26
EK202310138578,143.34
EK202310221979,132.25
EK202310136372,141.42
EK202310240726,142.48
EK202310199316,146.42
EK202310180477,151.74
EK202310222146,132.14
EK202310195135,153.43
EK202310225124,136.97
EK202310197588,161.74
EK202310164715,153.8
EK202310224547,153.67
EK202310195634,159.39
EK202310233272,131.96
EK202310133354,136.68
EK202310155274,143.57
EK202310187381,142.87
EK202310181622,132.18
EK202310180891,133.17
EK202310208781,147.28
EK202310138532,128.28
EK202310158039,151.4
EK202310234759,140.32
EK202310172371,136.51
EK202310004492,135.79
EK202310167403,158.95
EK202310224663,134.04
EK202310125319,138.49
EK202310148708,169.09
EK202310199777,149.35
EK202310121002,149.42
EK202310223457,132.49
EK202310241156,160.52
EK202310242414,141.72
EK202310233868,146.3
EK202310218542,129.82
EK202310181849,155.32
EK202310199972,134.67
EK202310219891,138.51
EK202310198598,148.71
EK202310192601,139.53
EK202310192902,137.11
EK202310186540,136.61
EK202310135637,146.54
EK202310224182,165.67
EK202310245468,149.45
EK202310187476,135.67
EK202310004176,142.92
EK202310173306,137.33
EK202310174815,141.53
EK202310003528,135.42
EK202310106869,138.31
EK202310114334,133.55
EK202310128865,133.6
EK202310162698,147.85
EK202310246100,141.38
EK202310183029,133.13
EK202310138016,133.09
EK202310003652,134.79
EK202310206206,135.88
EK202310152370,149.63
EK202310168292,151.72
EK202310198068,139.87
EK202310138206,130.55
EK202310199965,140.67
EK202310108649,154.95
EK202310120575,129.04
EK202310124777,135.48
EK202310165021,137.42
EK202310183112,151.56
EK202310105459,129.13
EK202310134757,138.25
EK202310103956,131.89
EK202310222980,161.24
EK202310199522,152.77
EK202310224732,135.56
EK202310192783,147.02
EK202310194812,153.87
EK202310236020,129.14
EK202310108411,142.74
EK202310106942,149.09
EK202310110399,140.51
EK202310203809,133.13
EK202310126385,136.9
EK202310130826,141.88
EK202310143699,150.77
EK202310115466,139.77
EK202310201041,139.54
EK202310210566,162.23
EK202310142263,138.66
EK202310226772,138.26
EK202310174000,145.09
EK202310134341,146.4
EK202310213426,133.24
EK202310135863,143.34
EK202310135242,165.51
EK202310146997,146.21
EK202310243667,157.17
EK202310229674,138.89
EK202310130805,128.46
EK202310220574,127.57
EK202310164649,145.99
EK202310134408,132.92
EK202310003474,126.29
EK202310118263,133.39
EK202310161867,153.41
EK202310181365,143.8
EK202310154801,154.02
EK202310219520,153.6
EK202310200310,141.73
EK202310207883,156.18
EK202310146716,133.77
EK202310123679,137.22
EK202310240065,165.33
EK202310185668,143.13
EK202310182482,169.94
EK202310112781,140.85
EK202310105135,155.47
EK202310164531,132.34
EK202310150078,163.21
EK202310223094,169.88
EK202310247424,160.12
EK202310186061,133.77
EK202310173560,140.56
EK202310190249,146.32
EK202310160821,133.2
EK202310188946,139.38
EK202310149161,147.52
EK202310122403,141.08
EK202310195995,154.19
EK202310176442,131.27
EK202310146105,152.11
EK202310212801,146.87
EK202310227700,134.21
EK202310180756,139.79
EK202310140861,136.54
EK202310207186,150.3
EK202310225979,135.53
EK202310171463,146.14
EK202310123630,133.19
EK202310184360,137.96
EK202310176661,139.97
EK202310118436,145.62
EK202310106839,133.93
EK202310205589,142.84
EK202310224665,129.46
EK202310191707,138.94
EK202310108998,145.83
EK202310168084,131.09
EK202310222339,143.17
EK202310129697,136.61
EK202310170459,138.92
EK202310170867,137.82
EK202310004814,138.66
EK202310139330,132.18
EK202310243947,137.98
EK202310158812,148.38
EK202310246467,136.21
EK202310139605,143.93
EK202310204546,149.65
EK202310247739,149.93
EK202310163645,141.72
EK202310213374,136.32
EK202320006854,170.08
EK202310003821,130.68
EK202310154988,146.66
EK202310141484,143.17
EK202310166793,137.35
EK202310216066,134.21
EK202310209262,142.81
EK202310216292,140.95
EK202310134069,133.03
EK202310177735,140.54
EK202310213634,144.6
EK202310162478,140.08
EK202310232091,134.13
EK202310138848,162.66
EK202310233671,143.3
EK202310142473,146.94
EK202310159684,156.74
EK202310180111,152.57
EK202310229192,155.51
EK202310119588,152.41
EK202310238495,140.66
EK202310209893,134.97
EK202310234545,138.4
EK202310174703,130.64
EK202310171373,148.2
EK202310150301,147.18
EK202310198468,134.6
EK202310142834,138.76
EK202310123180,138.48
EK202310205955,138.52
EK202310227181,141.08
EK202310147163,147.37
EK202310196863,150.02
EK202310107077,130.32
EK202310224123,134.67
EK202310178723,127.66
EK202310188726,147.64
EK202310145842,157.69
EK202310126848,149.23
EK202310149653,170.28
EK202310210321,133.75
EK202310138754,139.28
EK202310190404,153.09
EK202310142661,147.11
EK202310163611,151.27
EK202310192118,151.49
EK202310209339,142.0
EK202310211087,135.21
EK202310200565,155.1
EK202310162171,134.88
EK202310239766,139.21
EK202310242115,143.46
EK202310206840,151.07
EK202310186840,139.62
EK202310122626,142.19
EK202310247532,152.54
EK202310248321,138.86
EK202310137335,144.64
EK202310164720,132.59
EK202310164776,137.89
EK202310172694,136.52
EK202310115208,135.19
EK202310140400,137.2
EK202310217155,147.46
EK202310220114,168.3
EK202310145630,137.77
EK202310246549,139.92
EK202310204696,139.91
EK202310225296,135.37
EK202310195107,143.68
EK202320006795,172.11
EK202310108157,139.2
EK202310121697,149.5
EK202310106708,138.34
EK202310181363,133.5
EK202310106364,136.13
EK202310180893,135.1
EK202310183016,135.98
EK202310004166,133.3
EK202310199838,153.3
EK202310148423,145.76
EK202310181024,142.77
EK202310114930,132.48
EK202310128476,149.99
EK202310169523,131.38
EK202310168371,162.02
EK202310195418,161.33
EK202310176857,133.62
EK202310111775,141.42
EK202310153448,131.54
EK202310141648,143.87
EK202320005982,158.01
EK202310003582,130.39
EK202310222503,134.68
EK202310202091,145.99
EK202310115161,160.72
EK202320007144,147.5
EK202310120067,148.24
EK202310156517,137.08
EK202310248466,137.88
EK202310183536,151.9
EK202310237952,141.37
EK202310205472,149.39
EK202310170132,141.02
EK202310132623,128.57
EK202310227130,133.78
EK202310131693,169.11
EK202310212847,148.81
EK202310192454,151.65
EK202310151379,169.7
EK202310166887,145.11
EK202310151838,138.08
EK202310218637,133.29
EK202320006368,149.9
EK202310110191,129.0
EK202310123397,145.0
EK202310183798,149.81
EK202310142570,144.77
EK202310123542,142.26
EK202310189606,165.54
EK202310239154,153.03
EK202310218250,141.4
EK202310222212,159.35
EK202310213689,134.52
EK202310108905,142.73
EK202310201539,141.59
EK202310241773,130.82
EK202310136938,147.08
EK202310223539,141.91
EK202310175290,136.11
EK202310167269,131.26
EK202310136276,146.11
EK202310241802,131.8
EK202310159213,145.67
EK202310163058,142.02
EK202310204661,139.87
EK202310165933,163.92
EK202310123794,147.84
EK202310191803,132.45
EK202310158551,161.57
EK202310146637,137.32
EK202310214984,142.65
EK202310191267,139.51
EK202320005702,158.46
EK202310112412,141.85
EK202310246169,154.77
EK202310173215,156.09
EK202310233468,144.01
EK202310197783,166.66
EK202310151122,125.77
EK202310248270,131.79
EK202310238332,132.28
EK202310194686,137.53
EK202310205802,133.39
EK202310205367,140.86
EK202310119704,148.27
EK202310149724,139.92
EK202320007846,170.21
EK202310108803,143.85
EK202310004799,142.53
EK202310198015,163.21
EK202310179913,135.8
EK202310180275,149.63
EK202310201100,146.02
EK202310203139,154.82
EK202310175999,149.82
EK202310205556,147.21
EK202310215029,157.71
EK202310246170,147.71
EK202310169135,151.68
EK202310132991,126.68
EK202310122441,147.52
EK202310004600,142.88
EK202310158154,161.98
EK202320006789,147.09
EK202310235205,143.09
EK202310241817,151.53
EK202310108496,144.68
EK202310159875,141.99
EK202310214914,137.88
EK202310145239,152.71
EK202310133595,153.81
EK202310144564,138.83
EK202310003645,144.3
EK202310152554,152.44
EK202310234203,136.47
EK202310119736,145.58
EK202310111683,136.82
EK202310171365,144.76
EK202310145469,137.9
EK202310104013,150.2
EK202310162563,164.25
EK202310234855,133.02
EK202310165574,154.4
EK202310128252,130.32
EK202310230398,139.21
EK202310197359,172.42
EK202310184700,144.26
EK202310139238,143.58
EK202310189435,157.03
EK202310229589,128.14
EK202310238308,132.9
EK202310119072,140.15
EK202310106928,136.42
EK202310248344,144.71
EK202310171179,166.36
EK202310247349,143.96
EK202310246070,135.96
EK202310003686,136.1
EK202310113178,134.17
EK202310228096,157.68
EK202310186013,132.46
EK202310106951,138.25
EK202310177362,157.5
EK202310158884,148.76
EK202310138608,143.91
EK202310143128,153.56
EK202310247561,142.12
EK202310204978,140.91
EK202310105695,139.92
EK202310108077,131.06
EK202310222072,133.3
EK202310140241,133.94
EK202310175319,157.21
EK202310122035,142.0
EK202310106538,149.79
EK202310178197,153.22
EK202310169222,138.68
EK202310216866,140.33
EK202310189689,148.86
EK202310228733,134.4
EK202310201271,137.76
EK202310119633,136.58
EK202310138720,130.14
EK202310108018,141.06
EK202310222345,133.47
EK202310210971,134.78
EK202310239519,136.94
EK202310111361,135.55
EK202310115072,137.15
EK202310152934,167.21
EK202310201912,161.07
EK202310213140,147.22
EK202310123466,147.32
EK202310212463,132.5
EK202310237675,167.44
EK202310161926,144.61
EK202310145150,138.72
EK202310185746,138.04
EK202310177566,143.92
EK202310244477,139.75
EK202310206745,154.43
EK202310174696,136.79
EK202310218448,128.93
EK202310131105,147.08
EK202310202457,135.86
EK202310107914,138.7
EK202310177630,134.15
EK202310167548,143.7
EK202310153531,132.09
EK202310119481,154.35
EK202310233113,132.43
EK202310200729,150.01
EK202310107842,151.44
EK202310145572,158.26
EK202310141270,138.3
EK202310180294,144.51
EK202310211781,139.19
EK202310130166,139.32
EK202310168426,155.8
EK202310238553,140.09
EK202310216542,157.16
EK202310188002,139.89
EK202310210328,145.02
EK202310125237,135.28
EK202310248501,132.16
EK202310178221,145.88
EK202310108029,153.57
EK202310111887,150.48
EK202310185328,139.66
EK202310104024,152.54
EK202310136271,139.68
EK202310204759,167.95
EK202310223434,135.44
EK202310195383,146.9
EK202310140709,134.49
EK202310195890,148.73
EK202310208311,146.92
EK202310154808,125.96
EK202310125908,134.0
EK202310128381,130.46
EK202310126417,140.25
EK202310155257,134.45
EK202310180115,153.93
EK202310134943,144.12
EK202310146571,135.72
EK202310151982,151.23
EK202310185006,139.94
EK202310141525,143.09
EK202310122362,157.62
EK202310131463,144.96
EK202310112675,138.05
EK202310214395,150.92
EK202310117362,141.84
EK202310195147,147.12
EK202310221205,137.47
EK202310108309,142.58
EK202310117176,138.65
EK202310197367,168.59
EK202310167645,153.68
EK202310216871,142.96
EK202310246466,137.42
EK202310174197,131.93
EK202310133708,150.55
EK202310214726,154.96
EK202310235715,143.67
EK202310144146,136.78
EK202310232336,127.85
EK202310126787,149.91
EK202310147504,142.62
EK202310205381,140.92
EK202310121997,138.73
EK202310212329,148.29
EK202310112068,161.03
EK202310136784,135.79
EK202310120002,132.32
EK202310226231,136.08
EK202310167029,152.66
EK202310232991,141.61
EK202310141646,142.79
EK202310217163,154.93
EK202310147198,146.88
EK202310228365,132.96
EK202310194716,140.43
EK202310199844,135.1
EK202310168777,134.67
EK202310192183,147.43
EK202310109241,148.18
EK202310222596,140.17
EK202310126978,134.21
EK202310152604,128.1
EK202310122324,130.25
EK202310112196,147.6
EK202310145565,156.78
EK202310207537,146.69
EK202310198691,169.06
EK202310193152,167.26
EK202310131752,140.0
EK202310201904,166.94
EK202310244465,136.67
EK202310233714,142.91
EK202310153449,132.48
EK202310217520,131.24
EK202310113415,140.65
EK202310172532,145.42
EK202310211969,133.87
EK202310199232,139.86
EK202310218608,135.76
EK202310122448,131.42
EK202310184841,137.59
EK202310130240,164.95
EK202310210575,137.7
EK202310175143,137.5
EK202310121434,139.84
EK202310172273,134.21
EK202310175483,152.46
EK202310197679,150.76
EK202310155037,125.92
EK202310171911,146.06
EK202310191161,130.44
EK202310244157,142.81
EK202310189824,144.84
EK202310149560,145.18
EK202310179284,140.43
EK202310203064,150.67
EK202310185974,142.46
EK202310225562,140.57
EK202310153740,151.9
EK202310225206,143.77
EK202310193780,130.9
EK202310198553,142.24
EK202310174477,162.89
EK202310200421,136.67
EK202310119138,144.05
EK202320005816,151.81
EK202310175740,147.97
EK202310116505,133.89
EK202310198911,134.65
EK202310127697,140.33
EK202310212650,147.24
EK202310150100,125.35
EK202310167937,158.37
EK202310221941,137.11
EK202310117495,138.6
EK202310143529,148.18
EK202310166968,150.49
EK202310129968,147.41
EK202310194131,134.86
EK202310186960,152.99
EK202310128028,149.07
EK202310105027,153.87
EK202310222774,132.35
EK202310244918,129.92
EK202310210086,157.54
EK202310179813,128.92
EK202310187059,159.04
EK202310195516,134.66
EK202310132170,136.77
EK202310183880,149.34
EK202310248278,131.34
EK202310221792,142.31
EK202310166778,147.24
EK202310148365,138.53
EK202310205442,134.9
EK202310201815,151.55
EK202310201915,148.27
EK202310183293,167.16
EK202310104337,146.84
EK202310120714,128.24
EK202310132745,148.18
EK202310241556,136.05
EK202310145559,152.58
EK202310140527,141.67
EK202310105180,138.53
EK202310115505,142.16
EK202310232969,145.67
EK202310168606,131.29
EK202310117990,137.71
EK202310143898,141.43
EK202310111999,149.52
EK202310133045,141.86
EK202310142041,135.2
EK202310216099,137.77
EK202310138895,142.6
EK202310147820,157.88
EK202310113918,139.44
EK202310226640,132.44
EK202310169991,155.34
EK202310195941,157.21
EK202310213195,136.25
EK202310161969,146.51
EK202310208345,150.58
EK202310180754,147.86
EK202310110267,137.92
EK202310194583,142.92
EK202320007655,153.71
EK202310142157,134.4
EK202310112664,139.18
EK202310136957,163.46
EK202310215766,142.22
EK202310167175,146.45
EK202310004831,138.44
EK202310159889,168.99
EK202310125472,139.95
EK202310166020,141.22
EK202310240418,134.09
EK202310156003,149.41
EK202310188199,138.28
EK202310213973,147.22
EK202310233649,138.37
EK202310124811,132.59
EK202310216543,144.17
EK202310121207,129.51
EK202310132104,139.93
EK202310138805,150.96
EK202310234030,129.79
EK202310172808,132.94
EK202310122536,137.88
EK202310189381,143.18
EK202310242706,146.73
EK202310239058,134.47
EK202310192990,139.52
EK202310202471,153.74
EK202310222312,156.0
EK202310202945,154.31
EK202310199092,144.68
EK202310128375,142.23
EK202310107473,137.17
EK202310170279,152.64
EK202310149133,139.16
EK202310199648,165.01
EK202320006719,157.11
EK202310234669,140.55
EK202310149973,151.0
EK202310154407,134.57
EK202310192562,136.67
EK202310158354,139.68
EK202310202377,129.89
EK202310225193,136.83
EK202310117896,151.06
EK202310122973,142.56
EK202310163485,139.38
EK202310146561,131.8
EK202310248571,141.06
EK202310145328,150.26
EK202310229897,143.51
EK202310225899,136.77
EK202310154673,151.81
EK202310242080,129.76
EK202310234618,138.39
EK202310229514,152.64
EK202310199205,142.86
EK202310189908,168.88
EK202310227654,137.74
EK202310108175,132.91
EK202310165456,130.54
EK202310204739,138.75
EK202310124368,133.24
EK202310221567,137.23
EK202310111364,125.91
EK202310166449,131.64
EK202310104016,144.66
EK202310109663,138.59
EK202310233976,138.71
EK202310116602,144.1
EK202310206707,166.34
EK202310125360,136.43
EK202310141090,158.09
EK202310187733,138.03
EK202310146874,140.18
EK202310199999,133.81
EK202310133984,159.14
EK202310239052,133.55
EK202310116872,134.28
EK202310170227,145.75
EK202320007825,152.01
EK202310247712,136.8
EK202310133557,146.76
EK202310122565,142.62
EK202310164010,129.77
EK202310176533,146.69
EK202310222265,135.79
EK202310164867,143.68
EK202310163156,133.36
EK202310183272,167.1
EK202310127914,134.82
EK202310245446,135.41
EK202310207443,150.55
EK202310197727,161.18
EK202310172576,157.9
EK202310004885,141.42
EK202310233895,139.19
EK202310210570,163.12
EK202310199572,144.0
EK202310168376,162.33
EK202310196031,150.49
EK202310208454,135.34
EK202310218454,158.97
EK202310194926,134.71
EK202310150716,160.44
EK202310169424,145.05
EK202310141489,156.15
EK202310198731,175.91
EK202310224708,144.85
EK202310220317,151.15
EK202310158723,170.19
EK202310226439,141.66
EK202310155952,153.67
EK202310235925,133.86
EK202310149483,149.78
EK202310182940,150.39
EK202310233127,165.16
EK202310198223,153.67
EK202310206595,130.54
EK202310162953,150.7
EK202310124622,143.96
EK202310199000,138.66
EK202310225515,140.81
EK202310200414,162.96
EK202310163151,141.28
EK202310147583,128.66
EK202310175959,138.87
EK202310156571,158.73
EK202310159464,135.25
EK202310133803,145.14
EK202310143242,152.45
EK202320007862,146.73
EK202310137674,127.67
EK202310158748,155.93
EK202310134807,148.15
EK202310232180,133.13
EK202310115545,149.57
EK202310106800,149.68
EK202310164487,140.45
EK202310189669,163.16
EK202310183633,135.56
EK202310160528,140.29
EK202310157424,143.21
EK202310175169,134.58
EK202310230775,139.45
EK202310176300,137.08
EK202310154141,134.82
EK202310121636,138.61
EK202310117991,127.76
EK202310114748,140.87
EK202310182305,152.37
EK202310183422,159.93
EK202310196576,135.22
EK202310212365,139.14
EK202310157851,149.99
EK202310143833,149.3
EK202310162493,153.29
EK202310200657,149.32
EK202310164870,139.09
EK202310139418,150.96
EK202310114290,141.35
EK202310206834,138.22
EK202310235641,145.59
EK202310179682,143.69
EK202310209582,143.23
EK202310225738,126.54
EK202310108381,141.94
EK202310125569,134.36
EK202310218417,132.72
EK202310228389,153.99
EK202310145963,149.41
EK202310109134,141.69
EK202310177470,141.52
EK202310162374,142.02
EK202310195949,129.59
EK202310122797,143.7
EK202310140758,129.88
EK202310232602,136.56
EK202310200151,135.06
EK202310166863,132.61
EK202310237243,130.99
EK202310120027,143.19
EK202310132524,154.25
EK202310204016,149.07
EK202310189020,146.15
EK202310202009,133.52
EK202310139108,164.36
EK202310181804,147.89
EK202310205040,133.5
EK202310141451,142.74
EK202310164866,149.43
EK202310245490,133.8
EK202310181489,138.54
EK202310147345,136.91
EK202310148300,134.82
EK202320006124,170.02
EK202310196622,135.99
EK202310182658,147.85
EK202310227451,151.58
EK202310209633,135.36
EK202310180045,142.66
EK202310240543,135.55
EK202310115142,157.34
EK202310247768,138.55
EK202320005662,157.59
EK202310182225,148.39
EK202310187393,143.13
EK202310111676,136.67
EK202310234672,137.37
EK202310217174,150.96
EK202310169712,159.44
EK202310141144,141.66
EK202310204110,135.45
EK202310217308,139.64
EK202310117170,145.66
EK202310129087,155.72
EK202310221591,136.13
EK202310209271,139.16
EK202310219363,136.75
EK202310004090,138.36
EK202310211544,133.12
EK202310224956,139.11
EK202310141398,136.88
EK202310148915,136.27
EK202310170219,133.06
EK202310191982,139.87
EK202310223575,133.74
EK202310104511,133.21
EK202310152387,140.15
EK202310218082,147.23
EK202310217177,149.1
EK202310248357,137.92
EK202310129896,140.23
EK202310152480,131.21
EK202310239767,146.87
EK202310160883,161.91
EK202310140193,141.43
EK202310207625,138.42
EK202310165482,139.33
EK202310158005,134.45
EK202310185420,135.88
EK202310187990,151.35
EK202310138441,163.74
EK202310147390,139.74
EK202310158825,144.34
EK202310183745,156.76
EK202310148680,148.78
EK202310129708,150.98
EK202310190440,142.76
EK202310157144,146.17
EK202310113257,133.7
EK202310141541,137.31
EK202310190438,137.48
EK202310243356,140.45
EK202310183196,157.49
EK202310196369,146.45
EK202310144897,133.38
EK202310144635,137.03
EK202310237276,133.04
EK202310196220,148.71
EK202310202228,140.03
EK202310123488,146.42
EK202310105805,140.43
EK202310142565,156.89
EK202310218967,130.58
EK202310120796,145.32
EK202310231531,134.01
EK202310199801,145.52
EK202310134790,146.97
EK202310203666,151.04
EK202310226666,143.23
EK202310232447,131.8
EK202310135897,158.09
EK202310168701,139.82
EK202310237343,145.57
EK202310154466,169.69
EK202310136457,140.56
EK202310121974,133.08
EK202310134631,146.12
EK202310213018,148.34
EK202310194001,139.99
EK202310136650,167.29
EK202310111505,148.83
EK202310209080,144.43
EK202310152444,135.47
EK202310121350,139.07
EK202310240365,146.54
EK202310159007,142.52
EK202310127159,141.05
EK202310226609,132.26
EK202310161102,164.78
EK202310103730,141.84
EK202310111243,143.98
EK202310156130,139.48
EK202310178873,133.23
EK202310176169,145.81
EK202320005724,171.36
EK202310150195,145.67
EK202320005792,164.38
EK202310117762,137.06
EK202310234499,150.59
EK202310176172,151.91
EK202320007254,145.54
EK202310128419,148.55
EK202310117754,146.05
EK202310222410,136.2
EK202310132750,131.24
EK202310195145,151.21
EK202310221266,135.65
EK202310156961,146.53
EK202310105175,155.45
EK202310167584,138.98
EK202310119050,142.14
EK202310127062,144.25
EK202310192052,137.27
EK202310118002,137.17
EK202310108997,134.69
EK202310160289,142.29
EK202310245922,140.02
EK202310116464,140.53
EK202310192195,143.58
EK202310237707,134.06
EK202310145422,145.59
EK202310245683,134.4
EK202310121291,133.79
EK202310209309,155.87
EK202310104450,154.78
EK202310123660,131.83
EK202310186410,133.87
EK202310151555,169.24
EK202310104952,142.39
EK202310115719,132.96
EK202310181542,141.62
EK202310150013,158.81
EK202310205849,142.87
EK202310196534,143.39
EK202310131464,139.86
EK202310210210,133.93
EK202310104249,143.63
EK202310207772,132.39
EK202310134829,140.14
EK202310179456,122.8
EK202310113484,131.49
EK202310182484,151.72
EK202310120445,131.97
EK202310213478,135.99
EK202310130129,161.71
EK202310197510,148.39
EK202310192959,143.54
EK202310203760,139.39
EK202310240021,167.21
EK202310160111,139.08
EK202310202544,151.14
EK202310195908,142.54
EK202310220917,137.68
EK202310146833,136.57
EK202310108791,138.79
EK202310225259,140.21
EK202310197958,160.55
EK202310157062,128.05
EK202310214170,142.46
EK202310243954,151.18
EK202310110033,134.38
EK202310144804,132.56
EK202310114117,141.29
EK202310165416,146.95
EK202310228479,141.85
EK202310188134,152.8
EK202320006372,156.23
EK202310111226,141.62
EK202310118404,136.24
EK202310160695,146.02
EK202310114408,139.19
EK202310182288,142.75
EK202310213633,141.36
EK202310229313,130.48
EK202310118665,142.12
EK202310233785,153.27
EK202310143238,139.57
EK202310128242,132.53
EK202310208336,148.79
EK202310216912,149.94
EK202310227300,138.96
EK202310196434,138.86
EK202310241940,167.71
EK202310140334,136.78
EK202310122524,140.7
EK202310211571,133.27
EK202310202080,147.7
EK202310155180,155.55
EK202310209752,147.38
EK202310003753,155.98
EK202310194332,144.51
EK202320005885,151.79
EK202310135026,158.8
EK202310225630,147.42
EK202310129248,146.92
EK202310118004,141.63
EK202310126344,137.5
EK202310125666,151.49
EK202310169951,146.85
EK202310159424,138.42
EK202310195617,144.97
EK202310240165,138.51
EK202310109583,146.71
EK202310127484,147.73
EK202310115422,139.0
EK202310189217,141.15
EK202310164467,136.65
EK202310160239,146.14
EK202310205148,152.4
EK202310177198,132.84
EK202310248326,135.38
EK202320007611,151.82
EK202310216806,146.86
EK202310236444,133.3
EK202310202895,149.08
EK202310189069,136.03
EK202310164095,166.17
EK202310177139,142.04
EK202310150069,145.22
EK202310217651,133.31
EK202310104531,127.82
EK202310175593,137.03
EK202310128801,129.53
EK202310226079,168.71
EK202310195896,153.88
EK202310248307,131.96
EK202310213215,139.62
EK202310126761,134.23
EK202310138077,136.23
EK202310219983,138.72
EK202310155585,137.01
EK202310224738,165.36
EK202310121398,139.46
EK202310144202,137.18
EK202310171260,137.14
EK202310224405,130.54
EK202310168192,149.05
EK202310147878,147.58
EK202310190896,155.13
EK202310114382,142.2
EK202310115319,144.47
EK202310212295,140.59
EK202310145014,136.13
EK202310153112,143.05
EK202310181859,137.9
EK202310201638,131.99
EK202310217948,151.16
EK202310126418,133.51
EK202310147842,143.63
EK202310213180,136.97
EK202310149555,159.8
EK202310162559,159.67
EK202310181969,146.86
EK202310239453,145.99
EK202310185897,143.65
EK202320007785,144.96
EK202310181407,150.48
EK202310223290,147.41
EK202310197319,147.28
EK202310128098,146.7
EK202310131498,138.31
EK202310104275,143.64
EK202310152898,163.08
EK202310207617,143.23
EK202310165239,136.79
EK202310161435,143.8
EK202310242971,151.8
EK202310111598,150.96
EK202310131958,138.79
EK202310186311,139.01
EK202310157046,153.57
EK202310115828,134.29
EK202320005888,154.24
EK202310116165,157.15
EK202310127616,144.35
EK202310190516,142.4
EK202310181145,149.4
EK202310112674,143.19
EK202310108818,143.22
EK202310137418,136.71
EK202310234306,138.92
EK202310147271,148.01
EK202310228137,134.13
EK202310208396,133.61
EK202310129360,162.34
EK202310104685,133.95
EK202310240248,146.68
EK202310111851,123.84
EK202310110232,133.69
EK202310149631,147.74
EK202310111987,144.83
EK202310149812,149.81
EK202310125394,126.39
EK202310201038,132.67
EK202310196950,135.05
EK202310130689,148.06
EK202310162831,146.55
EK202310191124,141.51
EK202310137249,143.31
EK202310221302,136.78
EK202310119496,143.27
EK202310123089,139.2
EK202310201023,133.31
EK202310200056,136.33
EK202310124074,133.28
EK202310187451,168.51
EK202310178204,154.17
EK202310176034,164.32
EK202310105275,154.21
EK202310217600,152.08
EK202310145365,130.12
EK202310179864,136.09
EK202310146164,138.68
EK202310148409,147.34
EK202310160145,155.59
EK202310211569,147.99
EK202310191535,144.32
EK202310212337,137.97
EK202310186617,139.57
EK202310200499,133.98
EK202310190255,137.66
EK202310161517,162.61
EK202310167751,149.47
EK202310230575,137.63
EK202310160889,133.84
EK202310236418,133.73
EK202310176273,137.49
EK202310104700,138.35
EK202310107420,152.29
EK202310169267,151.42
EK202310187330,167.06
EK202310140279,146.48
EK202310201773,145.6
EK202310168395,141.51
EK202310166412,142.34
EK202310175402,132.79
EK202310128581,142.87
EK202310232461,143.16
EK202310138340,151.82
EK202310175300,139.57
EK202310125041,136.39
EK202310177394,158.33
EK202310163068,142.65
EK202310128960,146.79
EK202310213859,149.14
EK202310153664,134.88
EK202310168885,141.67
EK202310211096,141.46
EK202310233212,135.08
EK202310204970,142.5
EK202310246566,140.65
EK202310181736,168.97
EK202310235583,144.83
EK202310235586,130.33
EK202310229567,134.38
EK202310237891,153.62
EK202310156320,143.09
EK202310200700,146.43
EK202310157317,132.13
EK202310165659,132.31
EK202310230462,170.26
EK202310107771,134.08
EK202310199945,132.87
EK202310239536,138.01
EK202310108719,139.69
EK202310193930,138.16
EK202310153705,146.48
EK202310230423,138.52
EK202310142088,130.1
EK202310240261,138.38
EK202310234834,129.55
EK202310175123,148.07
EK202310223459,138.69
EK202310113022,143.94
EK202310139384,139.12
EK202310127365,149.78
EK202310175890,143.93
EK202310210471,133.92
EK202310124749,124.09
EK202310107106,155.41
EK202310199447,135.13
EK202310214057,145.11
EK202310158006,154.94
EK202310183095,140.3
EK202310122989,156.98
EK202310004181,136.69
EK202310221000,162.73
EK202310216704,134.09
EK202310218492,130.68
EK202310175061,142.15
EK202310144712,131.94
EK202310230385,131.19
EK202310154951,144.48
EK202310158887,148.52
EK202310132252,132.48
EK202310160262,164.95
EK202310153966,132.33
EK202310190560,136.95
EK202310124555,141.58
EK202310114555,140.39
EK202310190493,149.06
EK202310161137,140.47
EK202310224942,135.93
EK202310230466,163.16
EK202310216178,145.74
EK202310205948,134.54
EK202320006948,151.88
EK202310224873,126.68
EK202310231707,130.57
EK202310198816,138.8
EK202310239894,136.2
EK202310212434,132.87
EK202310242399,147.09
EK202310126630,163.56
EK202310212116,135.74
EK202310116735,160.26
EK202310142424,138.24
EK202310126653,134.75
EK202310130536,137.5
EK202320007559,155.83
EK202310244114,133.81
EK202310194656,142.1
EK202310228023,141.7
EK202310184412,139.99
EK202310138297,154.03
EK202310233553,142.83
EK202310222650,134.75
EK202310148133,165.74
EK202310124138,148.05
EK202310210134,133.69
EK202310203676,139.33
EK202310120898,155.28
EK202310167341,156.98
EK202310180216,148.68
EK202310246916,144.91
EK202310157656,132.95
EK202310205414,132.07
EK202310152717,149.66
EK202310106791,153.79
EK202310105725,136.72
EK202310104432,136.89
EK202310194299,138.15
EK202310153184,151.04
EK202310240659,142.02
EK202310219840,138.87
EK202310153949,132.76
EK202310132803,150.98
EK202310146592,140.23
EK202310172131,131.93
EK202310121613,133.76
EK202310167818,140.63
EK202310200796,145.73
EK202310116481,141.46
EK202310114639,143.31
EK202310212375,131.6
EK202310235321,131.04
EK202310222322,135.63
EK202310110700,126.79
EK202310189946,159.09
EK202310162874,144.28
EK202310130785,129.49
EK202310242378,140.95
EK202310241513,131.08
EK202310160539,139.89
EK202310222342,133.25
EK202310138062,145.58
EK202310231769,139.0
EK202310158224,138.92
EK202310224139,146.46
EK202310216169,136.74
EK202310139185,130.43
EK202310110485,149.23
EK202310239046,135.37
EK202310138942,146.29
EK202310169633,131.54
EK202310109575,150.53
EK202310200090,164.88
EK202310163491,137.69
EK202310148729,141.6
EK202310140411,159.17
EK202310243532,146.97
EK202310125468,134.58
EK202310221117,139.64
EK202310232056,139.53
EK202310210091,158.26
EK202320006396,146.62
EK202310142016,126.92
EK202310235002,129.04
EK202310183074,134.65
EK202310182233,146.91
EK202310225556,137.8
EK202310179915,135.07
EK202310173349,144.59
EK202310212842,142.64
EK202310197784,159.67
EK202310138785,145.12
EK202310144444,132.63
EK202310181562,139.77
EK202310248524,141.54
EK202310216425,144.1
EK202310229912,131.13
EK202310139002,136.63
EK202310120982,134.95
EK202310221837,140.71
EK202310119947,147.46
EK202310149071,158.17
EK202310185898,147.17
EK202310117197,149.39
EK202310142908,143.87
EK202310185756,161.91
EK202310238913,158.94
EK202310204574,163.22
EK202310113564,153.69
EK202310118542,140.7
EK202310167688,139.94
EK202310212185,137.1
EK202310117088,137.28
EK202310229808,156.46
EK202310207582,153.54
EK202310154912,135.75
EK202310181168,138.86
EK202310149374,142.93
EK202310104396,151.18
EK202310109994,133.89
EK202310170860,136.25
EK202310115815,133.81
EK202310214779,161.66
EK202310109121,142.22
EK202310134158,129.73
EK202310167627,159.03
EK202310225236,132.79
EK202310181807,143.71
EK202310247389,136.61
EK202310235579,141.81
EK202310173291,143.09
EK202310192355,142.7
EK202310142541,144.22
EK202310150510,143.05
EK202310223761,141.19
EK202310175574,125.95
EK202310238511,138.75
EK202310157509,143.82
EK202310181989,142.6
EK202310003618,135.86
EK202310179471,148.96
EK202310230763,140.37
EK202310204971,145.81
EK202310233557,130.27
EK202310145292,153.25
EK202320005880,154.4
EK202310245241,139.91
EK202310212493,132.25
EK202310193001,139.4
EK202310199238,137.38
EK202310160941,141.64
EK202310155028,126.61
EK202310130868,144.58
EK202310200440,144.35
EK202310182060,150.57
EK202310111816,142.87
EK202310146969,145.36
EK202310158404,142.4
EK202310110705,137.0
EK202310186759,143.88
EK202310157536,145.18
EK202310140019,133.23
EK202310179351,137.9
EK202310183791,155.48
EK202310206480,167.28
EK202310133811,134.7
EK202310217540,146.67
EK202310132032,143.32
EK202310139504,164.33
EK202310161554,168.13
EK202310127921,145.73
EK202310140328,134.38
EK202310179259,143.73
EK202310110275,133.24
EK202310148522,149.95
EK202310245827,123.31
EK202310104601,148.44
EK202310158718,137.89
EK202310148204,151.39
EK202310152034,140.98
EK202310205880,135.93
EK202310150725,144.31
EK202310154400,156.88
EK202310120186,168.47
EK202310192712,137.0
EK202310165189,137.9
EK202310152937,164.73
EK202310234101,136.81
EK202310191564,143.49
EK202310174430,137.2
EK202310208622,160.74
EK202310233831,143.12
EK202310136566,134.89
EK202310146005,140.09
EK202310221494,142.05
EK202310239849,138.35
EK202310176728,153.67
EK202310106909,132.81
EK202310208429,140.05
EK202310174444,139.91
EK202310242098,145.13
EK202310175190,140.69
EK202310177312,143.78
EK202310229607,137.8
EK202310121574,143.47
EK202310187339,138.76
EK202310227049,145.02
EK202310135213,134.94
EK202310128318,143.32
EK202310108701,153.57
EK202310114284,137.45
EK202310108473,140.48
EK202310160235,129.86
EK202310120842,128.44
EK202310142363,137.51
EK202310163562,133.16
EK202310192991,142.93
EK202310203468,146.54
EK202310188577,135.8
EK202310240344,141.48
EK202310113690,153.08
EK202310213117,143.02
EK202310222749,135.11
EK202310004635,135.98
EK202310141613,140.52
EK202310108032,135.35
EK202310233880,141.82
EK202310205163,145.42
EK202310104692,146.01
EK202310237071,125.52
EK202310111732,139.08
EK202310137404,131.95
EK202310146556,139.31
EK202310111180,151.4
EK202310190526,137.92
EK202310119701,142.98
EK202310182123,135.69
EK202310187615,170.31
EK202310201487,142.93
EK202310144094,133.93
EK202310116261,150.49
EK202310142783,133.33
EK202310192602,140.25
EK202310167866,141.33
EK202310145551,154.11
EK202310117731,140.8
EK202310125526,128.56
EK202310128615,125.84
EK202310180563,144.54
EK202310139532,142.76
EK202310224142,128.95
EK202310233781,155.04
EK202310157368,137.9
EK202310203603,132.23
EK202310180362,171.41
EK202310198397,139.76
EK202310124770,133.89
EK202310223755,135.73
EK202310106275,129.87
EK202310205161,149.39
EK202310139936,135.65
EK202310205611,164.57
EK202310134137,130.14
EK202310127542,156.28
EK202310193128,137.95
EK202310237157,149.4
EK202310107674,146.8
EK202310149217,136.64
EK202310129309,158.38
EK202310156886,143.23
EK202310117116,142.49
EK202310225911,129.04
EK202310145676,156.35
EK202310166738,147.87
EK202310158541,127.62
EK202310106511,153.28
EK202310131343,133.07
EK202310245992,134.32
EK202310140003,135.82
EK202310174342,134.22
EK202310208385,136.56
EK202310216439,136.2
EK202310211004,153.87
EK202310106760,143.27
EK202310176087,127.87
EK202310106317,124.09
EK202310215460,131.55
EK202310201661,143.23
EK202310166937,159.28
EK202310200307,148.05
EK202310181766,157.31
EK202310214069,146.89
EK202310200177,142.65
EK202310123321,145.93
EK202310151256,138.0
EK202310171945,148.14
EK202310136311,139.41
EK202310150029,157.84
EK202310212078,136.5
EK202310210902,138.14
EK202310210594,138.25
EK202310127288,146.44
EK202310126517,134.96
EK202310161234,150.45
EK202310220266,140.18
EK202310142494,155.15
EK202310217357,139.53
EK202310132692,135.61
EK202310227115,144.83
EK202310141700,134.08
EK202310115959,137.58
EK202310230099,138.09
EK202310211438,149.25
EK202310219042,145.05
EK202310177531,148.05
EK202310233521,159.15
EK202310128329,159.22
EK202310201328,163.56
EK202310171078,140.33
EK202310138130,147.97
EK202310177993,136.46
EK202310228196,156.47
EK202310170822,141.89
EK202310184514,142.87
EK202310208895,139.63
EK202310204293,152.78
EK202310163755,153.85
EK202310112893,159.74
EK202310207633,141.03
EK202310120935,130.58
EK202310198348,139.04
EK202310216671,134.82
EK202310203558,141.03
EK202310221470,139.12
EK202310134114,135.28
EK202310161904,156.31
EK202310121193,133.08
EK202310112380,133.33
EK202310123715,139.53
EK202310182522,136.62
EK202310165246,147.32
EK202310165109,140.56
EK202310226207,145.55
EK202310189166,158.93
EK202310171824,137.64
EK202310212508,141.33
EK202310188289,145.5
EK202310161253,140.18
EK202310188025,147.88
EK202310170339,136.97
EK202310103831,136.31
EK202310214220,127.64
EK202310149031,157.53
EK202310147724,155.02
EK202310142296,149.09
EK202310176974,151.87
EK202310161334,167.57
EK202310213866,135.6
EK202310225737,140.15
EK202310156109,136.36
EK202310200303,156.02
EK202310185044,161.2
EK202320006653,168.38
EK202310111122,137.91
EK202310120782,150.52
EK202310198165,141.84
EK202310228584,134.19
EK202310205188,143.77
EK202310121258,148.05
EK202310199633,139.1
EK202310143847,136.57
EK202310135571,140.11
EK202310206110,140.09
EK202310138447,139.07
EK202310192664,144.87
EK202310187215,154.74
EK202310151514,152.87
EK202310144726,156.27
EK202310207249,140.66
EK202310161306,172.63
EK202310158826,135.38
EK202310173556,150.77
EK202310125091,134.62
EK202310142377,146.63
EK202310236947,139.41
EK202310208442,135.01
EK202310118298,140.4
EK202310219483,127.89
EK202310211212,148.69
EK202310104173,148.69
EK202310201478,147.11
EK202310158280,140.18
EK202310123070,144.86
EK202310138063,156.95
EK202310164203,144.03
EK202310190017,156.1
EK202310169668,138.91
EK202310113501,153.6
EK202310235684,137.0
EK202310137261,136.71
EK202310162355,153.22
EK202310217469,152.71
EK202310161201,134.67
EK202310157515,132.05
EK202310145284,156.52
EK202310227827,131.12
EK202310209456,134.3
EK202310211698,139.96
EK202310194731,141.86
EK202310248330,136.97
EK202310106105,128.37
EK202310160743,150.83
EK202310166605,131.56
EK202310212995,149.25
EK202310233144,135.63
EK202310230980,143.17
EK202310226067,145.48
EK202310120976,129.35
EK202310128266,136.71
EK202310106331,135.66
EK202310199325,133.99
EK202310204088,150.25
EK202310174720,133.64
EK202310240940,139.94
EK202310109263,153.99
EK202310106322,137.47
EK202310135599,128.0
EK202310145520,130.49
EK202320005632,152.43
EK202310199819,142.28
EK202310172008,141.69
EK202310199276,141.14
EK202310106548,147.6
EK202310217167,164.54
EK202310176173,155.83
EK202310221378,152.87
EK202310201211,164.88
EK202320007715,145.36
EK202310182662,140.69
EK202310177694,139.88
EK202310156023,137.45
EK202310111848,130.41
EK202310129647,161.87
EK202310170544,156.97
EK202310242820,143.34
EK202310194133,158.32
EK202310216029,139.09
EK202310107349,133.53
EK202310208265,146.55
EK202310229154,138.07
EK202310107089,137.96
EK202310112252,141.89
EK202310148875,154.73
EK202310119051,149.1
EK202310147588,136.74
EK202310113617,145.48
EK202310147037,146.05
EK202310238313,134.15
EK202310192918,142.86
EK202310155166,133.6
EK202310177734,153.9
EK202310125003,137.67
EK202310204102,141.29
EK202310127233,146.26
EK202310154507,158.61
EK202310208352,143.42
EK202310123745,146.44
EK202310147036,149.68
EK202310110497,130.55
EK202310246320,152.01
EK202310138361,143.53
EK202310167217,141.22
EK202310229839,139.26
EK202310204873,136.59
EK202310208025,147.69
EK202310139865,150.86
EK202310238834,135.19
EK202320007032,155.24
EK202310223956,131.57
EK202310205152,132.05
EK202310127859,148.68
EK202310122230,141.88
EK202310235039,135.21
EK202310172181,144.54
EK202310152472,143.01
EK202310163385,155.06
EK202310226473,132.29
EK202310196206,165.68
EK202310004942,144.56
EK202310141871,139.5
EK202310215986,141.82
EK202310211462,139.05
EK202310245537,133.0
EK202310204491,144.31
EK202310139744,148.43
EK202310138719,147.85
EK202310128437,142.87
EK202310138286,146.58
EK202310148950,146.12
EK202310225042,164.7
EK202310227372,141.55
EK202310184056,161.82
EK202310203882,135.73
EK202310108510,144.27
EK202310220594,138.39
EK202310119141,142.32
EK202310246490,143.69
EK202310143698,142.47
EK202310126746,143.54
EK202310233106,157.55
EK202310108410,136.2
EK202310186336,144.24
EK202310231142,134.78
EK202310126076,139.54
EK202310205622,143.01
EK202310220488,144.35
EK202310120527,143.91
EK202310220246,137.72
EK202310161188,130.86
EK202310155699,151.73
EK202310189021,138.06
EK202310236601,134.71
EK202310164905,134.09
EK202310128052,138.48
EK202310126712,151.88
EK202310239805,164.57
EK202310224857,142.22
EK202310173357,147.86
EK202310127584,136.26
EK202310229371,143.94
EK202310110882,136.91
EK202310160530,134.3
EK202310116477,133.14
EK202310118586,132.13
EK202310172703,132.86
EK202310136123,156.05
EK202310108114,142.27
EK202310208296,134.13
EK202310232508,144.15
EK202310220252,129.53
EK202310168728,160.28
EK202310165440,168.08
EK202310214684,150.01
EK202310107697,132.51
EK202310129545,132.97
EK202310163236,150.27
EK202310236802,140.25
EK202310153242,167.01
EK202310144615,162.84
EK202310129912,144.56
EK202310197325,136.72
EK202310216540,149.55
EK202310104778,143.81
EK202310114062,144.35
EK202310205213,137.42
EK202310227892,130.71
EK202310232305,138.6
EK202310185667,155.14
EK202310212219,136.88
EK202310214315,154.29
EK202310222807,141.96
EK202310192829,151.55
EK202310246736,137.09
EK202310144859,142.32
EK202310167652,141.73
EK202310120246,140.73
EK202310182888,138.48
EK202310150758,147.17
EK202310172256,143.43
EK202310143177,139.05
EK202310197462,140.24
EK202310196459,136.67
EK202310164019,127.7
EK202310139039,152.85
EK202310134361,170.35
EK202310147025,145.19
EK202310208999,149.93
EK202310142527,128.82
EK202310193745,154.66
EK202310167641,149.14
EK202310240938,135.75
EK202310112017,138.58
EK202310240024,160.58
EK202310244708,152.84
EK202310210230,132.66
EK202310004423,147.41
EK202310221224,147.38
EK202310157667,134.41
EK202310215430,146.7
EK202310182844,145.25
EK202310236293,142.55
EK202310123092,152.8
EK202310125798,134.88
EK202310167474,160.87
EK202310124113,131.68
EK202310232206,133.72
EK202310222185,157.34
EK202310149306,147.39
EK202310167817,145.25
EK202310212632,135.45
EK202310132358,131.38
EK202310145151,147.23
EK202310141011,161.4
EK202310200018,133.62
EK202310132356,148.45
EK202310149165,144.32
EK202310129607,135.15
EK202310194843,136.69
EK202310190635,142.81
EK202310207943,139.46
EK202310164644,133.44
EK202310241540,134.89
EK202310116312,136.54
EK202310162974,150.64
EK202310151341,129.65
EK202310158724,152.94
EK202310247924,144.31
EK202310119010,124.6
EK202310186778,127.52
EK202310183764,159.8
EK202310151317,146.76
EK202310110771,151.2
EK202310180616,147.36
EK202310162283,137.21
EK202310228393,133.38
EK202310003867,136.26
EK202310162011,163.8
EK202310192785,155.09
EK202310205984,143.31
EK202310191301,153.25
EK202310205696,160.8
EK202310003384,153.94
EK202310244834,139.45
EK202310204220,150.66
EK202310110856,149.66
EK202310134787,140.6
EK202320007820,151.46
EK202310179208,134.73
EK202310223932,158.7
EK202310216781,139.4
EK202310187602,133.76
EK202310179844,157.61
EK202310163357,138.58
EK202310137800,139.41
EK202310202504,153.07
EK202310152435,134.08
EK202310138850,141.66
EK202310120464,130.78
EK202310200493,142.05
EK202310243016,134.41
EK202310168573,139.47
EK202310163051,146.83
EK202310188721,162.59
EK202310187647,144.45
EK202310194460,146.0
EK202310199853,149.22
EK202310199354,138.71
EK202310156872,139.46
EK202310183296,147.26
EK202310105927,136.02
EK202310106682,140.52
EK202310127329,148.64
EK202310116459,141.24
EK202310192223,138.37
EK202310004549,142.72
EK202310108809,143.87
EK202310180902,130.09
EK202310104309,135.16
EK202320005779,171.35
EK202310145003,140.6
EK202310234434,138.21
EK202310228455,143.98
EK202310196294,166.78
EK202310214611,143.47
EK202310128897,143.63
EK202310140953,148.5
EK202310153523,134.28
EK202310107262,148.31
EK202310177695,139.65
EK202310133157,138.73
EK202310243662,143.2
EK202310155394,137.66
EK202310126776,130.29
EK202310241762,137.18
EK202310141862,139.35
EK202310151835,162.95
EK202310128935,145.01
EK202310114330,142.63
EK202310166988,130.44
EK202310201794,132.48
EK202310181313,153.38
EK202310186725,152.52
EK202310146475,142.06
EK202310109755,146.43
EK202310161538,160.05
EK202310186435,147.7
EK202310193897,147.1
EK202310160769,137.78
EK202310212581,132.65
EK202310248122,137.82
EK202310235931,140.05
EK202310181771,156.53
EK202310155768,138.0
EK202310111605,137.41
EK202310127306,159.42
EK202310150190,130.63
EK202320005858,167.84
EK202310236072,152.77
EK202310225439,134.43
EK202310237893,148.41
EK202310136361,138.89
EK202310191072,144.2
EK202310181865,145.39
EK202310231592,145.59
EK202310207325,139.59
EK202310172714,140.81
EK202310224865,138.46
EK202310168576,144.45
EK202310103778,148.14
EK202310217586,150.21
EK202310231160,133.45
EK202310234098,142.44
EK202310178165,125.74
EK202310135798,134.94
EK202310207159,153.1
EK202310161503,162.42
EK202310164971,139.27
EK202310227797,141.05
EK202310138476,138.89
EK202310105436,132.83
EK202310171599,139.17
EK202310155833,153.98
EK202320007748,146.81
EK202310216275,148.67
EK202310178246,152.11
EK202310233952,139.18
EK202310236351,134.71
EK202310208975,142.27
EK202310210410,138.6
EK202310179531,138.82
EK202310207618,138.83
EK202310173550,163.57
EK202310226730,142.28
EK202310129523,151.61
EK202310220746,135.75
EK202310248566,149.32
EK202310193943,161.47
EK202310119814,148.82
EK202310142248,148.51
EK202310186304,166.99
EK202310138557,159.51
EK202310245483,140.14
EK202310132300,128.32
EK202310208081,139.87
EK202310230460,164.68
EK202310140474,141.13
EK202310212083,134.73
EK202310136665,137.31
EK202310131251,141.09
EK202310232633,135.32
EK202310147477,151.85
EK202310205850,154.64
EK202310202041,144.24
EK202310173763,137.78
EK202310160578,162.2
EK202310191339,150.19
EK202310212270,133.43
EK202310145728,152.18
EK202310221046,129.39
EK202310188691,152.44
EK202310171896,162.75
EK202310139766,145.9
EK202310173220,156.2
EK202310162948,146.91
EK202310105701,133.58
EK202310197311,148.83
EK202310147640,152.43
EK202310183542,139.02
EK202310183535,143.89
EK202310245904,144.08
EK202310133031,135.98
EK202310188018,161.62
EK202310135860,141.66
EK202310236943,137.02
EK202310156470,165.77
EK202310195857,156.7
EK202310187539,140.35
EK202310004424,131.96
EK202310217002,135.05
EK202310179415,141.33
EK202310120456,140.34
EK202310200863,141.16
EK202310147545,143.52
EK202310230822,139.83
EK202310121215,141.69
EK202310177411,154.08
EK202310224282,136.68
EK202310140227,132.05
EK202310129737,147.45
EK202310140849,140.47
EK202310189202,156.99
EK202310104642,139.14
EK202310208010,139.4
EK202310166940,165.95
EK202310162024,150.54
EK202310199815,135.59
EK202310152439,146.08
EK202310233448,138.26
EK202310242843,140.01
EK202310201491,152.76
EK202310107632,140.56
EK202310198770,167.17
EK202310137566,144.6
EK202310142121,138.61
EK202310190572,138.43
EK202310205775,142.17
EK202310220844,158.78
EK202310139338,148.21
EK202310108582,155.61
EK202310158552,139.96
EK202310184301,156.39
EK202310243616,139.17
EK202310151811,158.16
EK202310125407,134.3
EK202310139375,141.54
EK202310239439,137.31
EK202310155841,129.68
EK202310215149,135.1
EK202310107124,147.29
EK202310134118,131.77
EK202310194279,159.9
EK202310246720,135.49
EK202310162584,150.02
EK202310195982,153.24
EK202310228933,130.93
EK202310116256,152.48
EK202310114568,141.91
EK202310131206,142.08
EK202310175053,141.98
EK202310221935,139.35
EK202310185735,147.32
EK202310223371,127.76
EK202310228532,138.47
EK202310201399,148.65
EK202310225779,141.83
EK202310223354,145.74
EK202310149880,133.99
EK202310182361,143.25
EK202310245495,133.82
EK202310004203,147.23
EK202310179618,146.56
EK202320007066,152.7
EK202310114050,142.11
EK202310191315,145.0
EK202310146983,148.94
EK202310130594,151.38
EK202310242203,161.0
EK202310241138,135.69
EK202310156504,151.48
EK202310197660,155.15
EK202310140136,145.52
EK202310143917,130.53
EK202310219192,130.9
EK202310134270,153.91
EK202310232270,134.68
EK202310173917,141.23
EK202310173711,141.05
EK202310112756,131.46
EK202310204172,136.02
EK202310159759,139.67
EK202310186227,142.56
EK202310185665,148.4
EK202310117309,144.59
EK202310197672,140.89
EK202310153079,138.51
EK202320006035,156.05
EK202310247525,128.85
EK202310161438,138.99
EK202310218023,146.08
EK202310150064,157.36
EK202310142573,150.53
EK202310124576,136.89
EK202310219887,126.95
EK202310120184,146.73
EK202310112918,141.87
EK202310109372,161.63
EK202310107015,150.63
EK202310150353,146.51
EK202310204484,132.44
EK202310146488,142.12
EK202310124804,150.83
EK202310185666,150.53
EK202310195519,134.75
EK202310160733,144.26
EK202310104544,140.69
EK202310184750,131.55
EK202310003740,134.05
EK202310226854,135.77
EK202310125742,155.36
EK202310168317,133.44
EK202310149766,154.61
EK202310190272,146.85
EK202310146274,143.36
EK202310112851,143.45
EK202310175254,153.15
EK202310163259,135.37
EK202310133880,137.13
EK202310217079,132.22
EK202310170637,149.42
EK202310194778,127.72
EK202310218095,143.19
EK202310135253,149.71
EK202310197692,148.72
EK202310208639,143.98
EK202310246924,129.72
EK202310189081,153.73
EK202310186006,153.47
EK202310234924,136.46
EK202310159161,157.62
EK202310118361,129.6
EK202310103934,127.88
EK202310218075,146.16
EK202310151847,151.73
EK202310227485,149.19
EK202310215170,138.81
EK202310182285,148.11
EK202320006523,172.4
EK202310226724,138.71
EK202310144268,157.23
EK202310156630,165.98
EK202310245294,151.43
EK202310223363,139.7
EK202310237800,144.75
EK202310173460,151.0
EK202310209655,144.71
EK202310119136,139.71
EK202310127314,165.67
EK202310193844,143.41
EK202310162315,150.31
EK202310218294,137.62
EK202310151071,132.87
EK202310217686,136.25
EK202310154435,149.66
EK202310191927,148.27
EK202310181837,140.33
EK202310148256,164.54
EK202310230363,141.74
EK202310156095,137.64
EK202310169939,145.37
EK202310141818,145.14
EK202310230706,134.63
EK202310138074,139.28
EK202310213136,158.27
EK202310245174,148.64
EK202310149067,165.0
EK202310215609,148.77
EK202310170363,133.9
EK202310238402,139.24
EK202310117314,143.53
EK202310241750,160.52
EK202310154247,131.9
EK202310148755,146.38
EK202310150162,135.64
EK202310189110,135.68
EK202310168769,157.17
EK202310211938,149.52
EK202310176335,145.99
EK202310113812,132.49
EK202310123004,129.32
EK202310205174,147.23
EK202310168759,146.39
EK202310213442,135.5
EK202310239610,151.95
EK202310195241,135.12
EK202310153703,158.13
EK202310150341,132.52
EK202310208289,133.83
EK202310111014,143.68
EK202310221055,143.01
EK202310201138,172.17
EK202310004391,135.12
EK202310155939,147.7
EK202310148376,133.61
EK202310116871,140.35
EK202310197518,140.51
EK202310119757,137.83
EK202320007473,149.55
EK202310134809,140.03
EK202310189457,164.41
EK202310185033,150.95
EK202310229340,141.5
EK202310122288,130.34
EK202310120743,149.7
EK202310242075,136.59
EK202310140597,146.36
EK202310242069,132.91
EK202310136890,141.78
EK202310209810,142.89
EK202310223071,136.36
EK202310218487,143.12
EK202310232696,153.0
EK202310209345,141.38
EK202310170813,135.16
EK202310153786,165.3
EK202310151789,144.48
EK202310151677,127.8
EK202310137204,143.48
EK202310218836,126.88
EK202310151080,133.89
EK202310164354,156.39
EK202310173775,152.94
EK202310121695,139.39
EK202310205477,131.82
EK202310157033,147.0
EK202310119370,131.84
EK202310126142,152.51
EK202310205658,142.17
EK202310186719,161.82
EK202310144182,139.56
EK202310246415,143.9
EK202310227129,157.73
EK202310156707,150.25
EK202320005770,169.92
EK202310166383,152.49
EK202310210479,132.4
EK202310179571,146.53
EK202310187791,143.73
EK202310171969,136.05
EK202310132165,146.59
EK202310124907,137.2
EK202310208889,157.8
EK202310247697,134.79
EK202310194854,140.75
EK202310225021,163.9
EK202310238477,140.25
EK202310239246,131.93
EK202310176503,138.93
EK202310176496,140.2
EK202310198306,159.41
EK202310188583,148.9
EK202310207194,151.59
EK202310219806,146.19
EK202310227819,124.32
EK202310164368,167.24
EK202310239912,137.73
EK202310198458,141.47
EK202310142902,137.3
EK202310240388,149.28
EK202310222895,141.34
EK202310160875,145.7
EK202310167060,156.99
EK202310224028,163.8
EK202310151657,139.39
EK202310155117,131.91
EK202310136926,147.97
EK202310143427,167.44
EK202310172189,130.62
EK202310125542,136.53
EK202310217168,149.37
EK202310121975,139.86
EK202310182960,131.89
EK202310128220,132.07
EK202310112524,147.61
EK202310212379,135.79
EK202310207577,153.84
EK202310153262,152.82
EK202310198456,139.55
EK202310108358,132.67
EK202310160189,157.34
EK202310210891,133.1
EK202310193109,138.36
EK202310181289,154.58
EK202310131577,140.54
EK202310211895,149.4
EK202310190829,146.14
EK202310127301,156.35
EK202310116811,143.38
EK202310107250,149.86
EK202310107498,140.1
EK202310192130,150.66
EK202310132040,143.52
EK202310175120,133.55
EK202310246012,147.5
EK202320006537,170.25
EK202310129645,149.22
EK202310188742,137.66
EK202310196813,136.51
EK202310125413,138.49
EK202310166995,137.44
EK202310146585,143.47
EK202310229973,134.71
EK202310247518,133.1
EK202310198340,145.43
EK202310113811,135.3
EK202310188773,154.91
EK202310109282,144.01
EK202310240034,148.94
EK202310215437,140.21
EK202310194389,151.04
EK202310172196,136.48
EK202310165827,141.12
EK202320005561,150.87
EK202310149595,151.12
EK202310168288,154.66
EK202310140892,133.09
EK202310184756,137.17
EK202310155970,145.89
EK202310219701,134.74
EK202310174732,133.82
EK202310195694,154.8
EK202310213272,152.86
EK202310140437,148.26
EK202310235734,135.22
EK202310130236,152.51
EK202310144191,142.65
EK202310190014,162.27
EK202310244140,143.85
EK202310179886,151.0
EK202310124185,137.41
EK202310153209,125.71
EK202310153141,157.56
EK202310203881,136.21
EK202310166214,166.48
EK202310165860,152.01
EK202310221150,135.07
EK202310212669,134.22
EK202310183646,136.89
EK202310161293,145.37
EK202310123374,132.74
EK202310167702,134.88
EK202310218991,136.4
EK202310153681,124.75
EK202310132053,162.62
EK202310181558,135.77
EK202310234347,159.42
EK202310205398,141.0
EK202310236180,133.27
EK202310215127,133.55
EK202310184646,167.46
EK202310248044,141.23
EK202310232425,135.86
EK202310151757,133.08
EK202310134956,167.57
EK202310203447,134.38
EK202310125366,139.51
EK202310180083,145.83
EK202310170602,147.84
EK202310189329,130.13
EK202310152190,132.63
EK202310118845,149.23
EK202310202683,137.23
EK202310131733,142.47
EK202310151659,133.96
EK202310111223,152.34
EK202310189015,140.81
EK202310204933,132.54
EK202310220311,145.33
EK202310153186,151.63
EK202310204998,155.11
EK202310206640,135.96
EK202310148731,149.59
EK202310177950,135.38
EK202310236764,138.36
EK202310149184,136.41
EK202310243178,146.46
EK202310149329,153.83
EK202310124506,138.97
EK202310175231,149.48
EK202310117163,141.28
EK202310235121,151.19
EK202310201963,132.3
EK202310177877,138.54
EK202310196442,149.02
EK202310165909,145.13
EK202310148120,147.26
EK202310165323,136.05
EK202310148717,134.05
EK202310110684,129.83
EK202310131621,153.65
EK202310155848,134.69
EK202310116241,137.84
EK202310139259,147.01
EK202310125773,133.74
EK202310233036,147.63
EK202310149022,151.48
EK202310189335,127.39
EK202310124884,136.57
EK202310120137,139.12
EK202310164298,148.94
EK202310210341,149.32
EK202310235088,136.3
EK202310187731,149.97
EK202310243618,144.8
EK202310246975,142.71
EK202310178699,167.43
EK202310208826,132.07
EK202310192931,148.55
EK202310144942,135.44
EK202310204406,134.99
EK202310228390,134.1
EK202310116598,149.13
EK202310168298,146.72
EK202310221487,155.59
EK202310129003,132.48
EK202310199518,141.77
EK202310230415,134.51
EK202310229198,138.21
EK202310191619,159.17
EK202310135624,135.91
EK202310188764,141.84
EK202310194928,147.99
EK202310136019,139.05
EK202310193486,134.44
EK202310114440,131.83
EK202310233214,141.15
EK202310228766,135.79
EK202310149990,167.43
EK202310122654,132.98
EK202310221978,142.55
EK202310166235,138.06
EK202310165801,136.77
EK202310164057,135.37
EK202310168718,142.78
EK202310108201,141.28
EK202310206343,159.26
EK202310114675,134.17
EK202310188537,141.95
EK202310179087,143.75
EK202310187084,156.67
EK202310187925,134.35
EK202310170956,148.58
EK202310212887,139.32
EK202310137413,138.09
EK202310217648,128.85
EK202310174679,148.99
EK202310229265,131.16
EK202310148461,150.29
EK202310222772,137.28
EK202310113407,144.25
EK202310206546,143.25
EK202310224810,134.91
EK202310228008,130.33
EK202310165670,134.63
EK202310188801,167.07
EK202310163428,136.88
EK202310155452,137.14
EK202310188057,148.26
EK202310191879,132.19
EK202310221170,141.71
EK202310231103,134.02
EK202310242198,162.41
EK202310187526,157.72
EK202310188098,142.29
EK202310203053,147.92
EK202310215291,138.3
EK202310175087,140.34
EK202310187624,163.66
EK202310190415,147.13
EK202310123309,167.55
EK202310148164,148.22
EK202310185918,135.98
EK202310122611,137.7
EK202310174402,137.94
EK202310165680,138.08
EK202310234342,160.83
EK202310196937,152.18
EK202310111601,140.8
EK202310115643,137.53
EK202310111554,133.21
EK202310128358,133.94
EK202310131862,145.61
EK202310207446,146.28
EK202310189921,153.5
EK202310129789,149.17
EK202310226523,140.8
EK202310231417,138.12
EK202320007285,174.24
EK202310217873,130.45
EK202310105042,146.08
EK202310136636,146.54
EK202310175915,154.29
EK202310003483,143.53
EK202310200419,147.47
EK202310117924,146.59
EK202310181210,153.88
EK202310202561,148.74
EK202310107499,140.75
EK202310107137,136.61
EK202310231924,136.31
EK202310144923,139.03
EK202310207718,143.41
EK202310212477,137.37
EK202310107846,138.48
EK202310185004,147.18
EK202310134355,145.26
EK202310170491,138.58
EK202310234495,143.21
EK202310126339,137.29
EK202310185015,136.37
EK202310208389,136.6
EK202310165712,167.29
EK202310168161,156.31
EK202310152314,140.13
EK202310207349,126.52
EK202310195623,142.02
EK202310187039,134.58
EK202310141159,149.94
EK202310209863,146.04
EK202310160465,148.12
EK202310171624,136.5
EK202310227086,153.34
EK202310177422,142.81
EK202310240033,144.3
EK202310147863,158.46
EK202310187436,143.01
EK202310210870,135.79
EK202310104543,151.43
EK202310136266,139.13
EK202310169848,140.42
EK202310134804,132.07
EK202310128125,150.24
EK202310105804,145.3
EK202310240636,138.5
EK202310128250,131.05
EK202310167986,143.64
EK202310223738,131.64
EK202310194978,154.49
EK202310174109,134.79
EK202310234407,133.24
EK202310174138,134.4
EK202310167183,137.15
EK202310111941,137.96
EK202310199956,136.32
EK202310116743,142.72
EK202310140835,143.02
EK202310179216,155.21
EK202310205539,152.3
EK202310196566,144.7
EK202310224930,141.28
EK202310120947,144.37
EK202310170902,137.24
EK202310235028,148.97
EK202310113734,143.96
EK202310204036,140.54
EK202310230642,137.24
EK202310131709,138.98
EK202310226061,137.22
EK202310175946,143.08
EK202310152205,145.41
EK202310188482,141.57
EK202310108311,137.66
EK202310191290,139.38
EK202310144489,138.7
EK202310172283,133.7
EK202310226719,151.71
EK202310159716,150.86
EK202310199594,151.35
EK202310173559,141.8
EK202310136955,144.32
EK202310116269,139.65
EK202310193704,155.02
EK202320007431,171.7
EK202310132812,152.77
EK202310180739,142.1
EK202310174941,157.67
EK202310178926,144.01
EK202310194112,141.49
EK202310133210,138.64
EK202310192212,139.74
EK202310120175,139.59
EK202310139063,142.48
EK202310110816,137.39
EK202310133264,146.88
EK202310104140,141.83
EK202310162125,153.85
EK202310144954,132.88
EK202310169762,130.09
EK202310161221,155.19
EK202310216951,147.35
EK202310231726,135.47
EK202310149140,173.77
EK202310129051,141.61
EK202310134433,131.27
EK202310247557,159.14
EK202310231514,132.12
EK202310224127,137.44
EK202310126711,133.05
EK202310145914,132.86
EK202310147010,156.45
EK202310141199,142.02
EK202310163547,142.69
EK202310204148,134.32
EK202310159997,144.01
EK202310147517,141.6
EK202310120397,136.22
EK202310154029,141.96
EK202310208628,139.4
EK202310240529,143.27
EK202310119023,148.39
EK202310171849,135.15
EK202310180911,141.55
EK202310111220,140.42
EK202310155400,136.55
EK202310205379,135.73
EK202310151041,126.36
EK202310122951,148.09
EK202310196536,143.2
EK202310160766,133.09
EK202310209097,147.32
EK202310140289,131.58
EK202310133699,159.34
EK202310193965,137.85
EK202310201530,149.36
EK202310131280,133.25
EK202310225831,137.4
EK202310197460,146.11
EK202310225230,131.27
EK202310158454,150.56
EK202310245266,139.6
EK202310175415,146.17
EK202310194223,143.15
EK202310199942,150.66
EK202310233835,150.0
EK202310220027,143.9
EK202310119464,146.66
EK202310179368,145.53
EK202320006345,150.89
EK202310124702,140.37
EK202310197937,131.55
EK202310159091,139.9
EK202310138888,140.05
EK202310216680,135.28
EK202310240252,145.43
EK202310175387,149.87
EK202310199869,136.24
EK202310140275,144.02
EK202310151577,135.38
EK202310130981,132.51
EK202310131764,131.27
EK202310121874,128.77
EK202310171868,145.07
EK202310140109,142.82
EK202310120574,130.28
EK202310151566,135.03
EK202310124827,159.78
EK202310120607,144.56
EK202320006257,161.98
EK202310220130,151.92
EK202310144885,142.84
EK202310186525,140.56
EK202310219807,159.0
EK202310167657,137.91
EK202310123275,136.39
EK202310215234,149.88
EK202310146524,152.3
EK202310169940,138.86
EK202310243649,133.41
EK202310183687,137.66
EK202310130415,156.07
EK202310188385,136.54
EK202310158217,150.39
EK202310004449,135.31
EK202310193236,153.6
EK202310151651,142.36
EK202310106009,150.18
EK202310185711,147.34
EK202310104495,135.26
EK202310144848,157.57
EK202310180048,133.22
EK202310137754,144.76
EK202310156546,162.03
EK202310137352,142.91
EK202310182441,138.22
EK202310208167,149.95
EK202310223871,135.83
EK202310172342,137.67
EK202310219366,155.43
EK202310196187,139.79
EK202310138150,130.13
EK202310172299,134.23
EK202310127364,160.21
EK202310139869,146.04
EK202310128954,142.9
EK202310146322,140.12
EK202310162849,152.61
EK202310181038,137.1
EK202310170175,141.74
EK202310112098,152.86
EK202310176673,132.72
EK202310139559,151.03
EK202310233592,144.72
EK202310224263,141.79
EK202310110134,142.29
EK202310226556,141.15
EK202310209883,135.72
EK202310231890,142.69
EK202310190968,152.89
EK202310136859,150.61
EK202310247260,136.61
EK202310172360,132.93
EK202310210416,139.62
EK202310227699,148.43
EK202310213569,141.3
EK202310224874,132.3
EK202310169709,151.8
EK202310228257,144.05
EK202310141038,151.67
EK202310129192,142.12
EK202310107751,139.44
EK202310140717,142.23
EK202310228229,144.82
EK202310207072,137.19
EK202310202830,140.69
EK202310148905,147.81
EK202310127758,148.7
EK202310178020,147.42
EK202310193951,143.3
EK202310155292,133.57
EK202310144487,133.41
EK202310121253,141.21
EK202310148088,142.85
EK202310187124,141.54
EK202310229693,137.4
EK202310201484,146.54
EK202310129571,144.83
EK202310125950,144.25
EK202310185603,163.49
EK202310114453,152.41
EK202310117950,161.06
EK202310119043,138.93
EK202310198703,169.37
EK202310140299,145.32
EK202310135296,162.59
EK202310107227,124.75
EK202310240359,144.9
EK202310240921,139.47
EK202310128737,146.94
EK202310124258,141.88
EK202310220986,138.38
EK202310120232,143.36
EK202310164246,143.95
EK202310179029,146.19
EK202310162108,167.54
EK202310117566,135.32
EK202310232452,134.92
EK202310199397,168.8
EK202310150619,153.48
EK202310112912,138.74
EK202310196213,163.48
EK202310128306,140.83
EK202310186545,142.72
EK202310245338,145.58
EK202310126833,140.28
EK202310183324,132.86
EK202310206548,146.91
EK202310162684,143.25
EK202310158471,156.0
EK202310237583,139.73
EK202310142976,139.35
EK202310181877,156.68
EK202310193411,134.84
EK202310140403,136.38
EK202310223571,140.92
EK202310200630,150.93
EK202310219428,129.43
EK202310149680,141.9
EK202310109895,150.15
EK202310204098,154.54
EK202310177412,150.6
EK202310219692,143.77
EK202310103878,143.24
EK202310193630,138.46
EK202310109504,144.5
EK202310109364,145.66
EK202310239283,138.41
EK202310104478,137.12
EK202310204048,139.11
EK202310159059,151.13
EK202310156030,150.39
EK202310245545,146.19
EK202320007416,171.38
EK202310221846,152.13
EK202310132308,161.85
EK202310197059,138.67
EK202310234332,157.61
EK202310194822,161.04
EK202310148932,127.24
EK202310128434,137.68
EK202310238922,133.03
EK202310114232,147.62
EK202310175005,152.58
EK202320007002,164.15
EK202310197439,136.13
EK202310236355,137.18
EK202310003833,146.88
EK202310204832,138.89
EK202310004506,132.04
EK202310121065,150.88
EK202310127094,156.95
EK202310213840,142.99
EK202310114333,131.04
EK202310145274,157.28
EK202310222042,133.4
EK202310213433,135.87
EK202310146144,140.12
EK202310204047,134.75
EK202310212828,143.63
EK202310138593,141.55
EK202310226806,131.37
EK202310208095,138.74
EK202310114814,139.02
EK202310186543,151.91
EK202310110336,132.73
EK202310167478,145.75
EK202310236430,134.67
EK202310217023,132.24
EK202310153953,136.43
EK202310230502,136.45
EK202310247381,140.79
EK202310208704,144.2
EK202310139824,134.9
EK202310197168,139.52
EK202310128080,154.08
EK202310123269,148.68
EK202310121955,143.07
EK202310161214,148.46
EK202310133556,142.39
EK202310197481,137.55
EK202310246538,133.48
EK202310194330,157.96
EK202310178652,134.38
EK202310209776,148.17
EK202310242382,134.88
EK202310234518,146.52
EK202310217553,133.17
EK202310003369,137.88
EK202310207859,136.97
EK202310215266,137.36
EK202310191942,152.03
EK202310113737,138.31
EK202310128655,148.23
EK202310248203,132.84
EK202310170678,152.4
EK202310225376,142.98
EK202310198236,135.64
EK202310138567,152.49
EK202310148635,144.78
EK202310121362,144.35
EK202310216537,157.13
EK202310244010,132.08
EK202310199391,166.77
EK202310150957,132.75
EK202310160956,150.49
EK202310234204,132.55
EK202310230587,159.77
EK202310212166,151.1
EK202310164638,140.79
EK202310157872,150.22
EK202310206238,161.39
EK202310137733,133.83
EK202310123238,131.44
EK202310201665,133.33
EK202310150077,135.41
EK202310140491,133.19
EK202310183010,149.75
EK202310168338,145.1
EK202310146731,141.46
EK202310201575,144.35
EK202310151646,131.53
EK202310110613,148.25
EK202310107412,153.61
EK202310110590,124.58
EK202310127237,154.5
EK202310217513,140.92
EK202310148694,157.94
EK202310223185,134.51
EK202310172511,145.55
EK202310219014,141.32
EK202310134780,143.96
EK202310117915,137.07
EK202310153389,146.1
EK202310207296,135.13
EK202310132494,133.89
EK202310187803,137.71
EK202310233954,138.23
EK202310119049,132.45
EK202310243256,142.91
EK202310244548,129.5
EK202310240124,149.16
EK202310148734,146.42
EK202310131233,137.75
EK202310220058,136.61
EK202310217202,134.36
EK202310179774,132.15
EK202310227794,135.25
EK202310132105,135.6
EK202310177761,149.09
EK202310227840,141.98
EK202310169016,144.74
EK202320006837,169.86
EK202310108574,156.06
EK202310190548,130.39
EK202310109486,130.47
EK202310200259,167.39
EK202310162701,163.95
EK202310160336,144.49
EK202310212709,141.44
EK202310226725,137.75
EK202310158681,153.42
EK202310107964,145.3
EK202310235518,142.61
EK202310123552,147.3
EK202310201865,144.24
EK202310145317,159.78
EK202310183030,158.35
EK202310200118,159.2
EK202310114422,143.05
EK202310157848,141.56
EK202310239370,148.97
EK202310131836,161.59
EK202310143421,139.79
EK202310205485,134.87
EK202310168662,155.21
EK202310154586,169.85
EK202310186744,145.8
EK202310233340,137.18
EK202310239910,130.11
EK202310245136,150.95
EK202310149851,169.76
EK202310149779,155.71
EK202310228990,138.68
EK202310242178,155.15
EK202310133873,169.74
EK202310164264,143.53
EK202310231632,134.72
EK202310144424,134.19
EK202310112760,135.09
EK202310212956,135.44
EK202310145964,137.03
EK202310126563,131.79
EK202310109694,152.8
EK202310128490,132.2
EK202310180704,165.32
EK202310126998,135.61
EK202310112115,141.76
EK202310209159,138.32
EK202310191498,139.32
EK202310216436,137.32
EK202310163197,141.53
EK202310151701,142.93
EK202310110130,130.22
EK202310226705,155.81
EK202310139340,155.83
EK202310110862,138.91
EK202310127381,146.87
EK202310202546,163.95
EK202310225643,141.27
EK202310213096,139.94
EK202310235079,142.7
EK202310109108,164.24
EK202310225137,149.21
EK202310187484,137.25
EK202310244698,163.06
EK202310182643,147.3
EK202310172470,161.55
EK202310202542,132.63
EK202310240368,145.38
EK202310103843,137.65
EK202310219530,135.08
EK202310176306,168.67
EK202310239841,144.29
EK202310216087,143.52
EK202310153817,144.81
EK202310170433,140.58
EK202310219831,142.61
EK202310232545,138.74
EK202310128070,149.37
EK202310160215,139.93
EK202310233605,137.46
EK202310004309,148.58
EK202310162940,154.51
EK202310229901,132.97
EK202310155025,146.6
EK202310127004,137.74
EK202310247408,142.15
EK202310202128,145.28
EK202310178091,130.96
EK202310123328,136.16
EK202310228444,136.8
EK202310156135,140.4
EK202310164582,146.07
EK202310120354,140.49
EK202310225755,149.84
EK202310242750,133.8
EK202310142998,146.36
EK202310224125,141.78
EK202310169891,148.28
EK202310115679,131.24
EK202310198800,159.8
EK202310105498,145.24
EK202310178156,156.83
EK202310186930,152.04
EK202310133899,142.63
EK202310156394,139.1
EK202310122250,141.4
EK202310148614,143.1
EK202310195974,142.12
EK202310140125,128.16
EK202310210027,150.15
EK202310123730,140.24
EK202310116187,142.1
EK202310159940,137.91
EK202310120469,130.62
EK202310153614,147.78
EK202310233640,134.54
EK202310185515,160.28
EK202310205120,144.4
EK202310178305,151.1
EK202310184917,167.06
EK202310194354,155.1
EK202310171208,135.68
EK202310154255,154.57
EK202310245884,148.5
EK202310179361,142.25
EK202310181720,158.08
EK202310198136,148.84
EK202310123723,144.36
EK202310162489,144.12
EK202310242175,161.85
EK202310224905,146.61
EK202310248091,143.39
EK202310123593,143.61
EK202310183684,131.81
EK202310235351,156.2
EK202310169872,138.69
EK202320006484,173.98
EK202310199450,164.61
EK202310109127,140.73
EK202320007711,164.64
EK202310156432,136.56
EK202310233998,135.89
EK202310128218,139.16
EK202310121076,140.35
EK202310161013,138.67
EK202310116233,127.2
EK202310172825,136.65
EK202310126048,161.9
EK202310238467,140.7
EK202310172112,136.38
EK202310105094,153.45
EK202310228653,136.46
EK202310166974,140.32
EK202310236937,136.96
EK202310155066,136.4
EK202310110822,145.55
EK202310117204,152.03
EK202310124699,142.89
EK202310201420,140.81
EK202310193066,151.87
EK202310103851,135.16
EK202310107858,135.41
EK202310136568,156.25
EK202310108975,146.78
EK202310123028,133.46
EK202310124327,137.75
EK202310127718,145.59
EK202310155357,146.4
EK202310230360,140.41
EK202310107277,143.73
EK202310140418,157.89
EK202310205320,138.72
EK202310111068,149.61
EK202310199336,155.67
EK202310124051,141.18
EK202310137534,139.32
EK202310134728,132.51
EK202310186537,140.97
EK202310212779,158.28
EK202310184455,147.8
EK202310243388,140.81
EK202310137422,141.83
EK202310241788,152.84
EK202310107922,147.06
EK202310193955,143.2
EK202310194721,143.6
EK202310146903,143.45
EK202310134637,136.06
EK202310115633,127.69
EK202310226326,141.78
EK202310191621,151.93
EK202310218537,161.96
EK202310140032,145.25
EK202310187906,154.5
EK202310160631,140.9
EK202310235165,130.09
EK202310226953,159.02
EK202310231462,133.87
EK202310131496,154.46
EK202310215576,158.98
EK202310122149,135.84
EK202310167024,146.6
EK202310201015,163.46
EK202310139845,160.36
EK202310206739,153.08
EK202310107474,129.13
EK202310212444,140.42
EK202310160242,149.15
EK202310151058,139.81
EK202310107745,137.6
EK202310180777,140.22
EK202310118200,135.86
EK202310110288,144.2
EK202310133962,155.55
EK202310209998,143.82
EK202310113961,149.79
EK202310125421,133.45
EK202310204604,141.53
EK202310120459,136.39
EK202310179318,161.82
EK202310188043,138.86
EK202310139621,149.08
EK202310223960,141.14
EK202310116277,157.04
EK202310173520,134.5
EK202310140244,134.2
EK202310172775,135.41
EK202310209021,147.77
EK202310137060,137.11
EK202310169472,155.18
EK202310220708,150.9
EK202310155346,138.27
EK202310203724,131.62
EK202310174172,135.43
EK202310127338,128.32
EK202310231177,134.53
EK202310110283,132.73
EK202310194192,160.4
EK202310179609,135.85
EK202310233542,169.15
EK202310223188,138.82
EK202310160161,137.22
EK202310142059,148.05
EK202310148973,145.47
EK202310185968,146.23
EK202310143375,157.94
EK202310223394,141.0
EK202310142935,140.03
EK202310128889,132.28
EK202310243694,125.69
EK202310168873,138.72
EK202310110255,136.96
EK202310217355,147.77
EK202310170477,135.92
EK202310126294,130.99
EK202310193447,155.89
EK202310208452,134.11
EK202310121117,136.11
EK202310188124,130.82
EK202310200744,154.32
EK202310246111,135.56
EK202310161343,163.14
EK202310174717,162.78
EK202310162592,141.86
EK202310199334,148.02
EK202310004427,147.46
EK202310128231,132.45
EK202310159198,143.17
EK202310190595,140.36
EK202310234887,140.47
EK202310230530,132.92
EK202310212245,133.5
EK202310247440,132.1
EK202310190679,150.79
EK202310215878,139.51
EK202310118270,137.44
EK202310109213,151.59
EK202320007685,173.39
EK202310125681,143.18
EK202310187523,148.14
EK202310185418,156.44
EK202310147002,145.22
EK202310171520,143.57
EK202310222521,135.99
EK202310200454,154.66
EK202310121658,128.81
EK202310147902,150.55
EK202310204527,134.55
EK202310202723,139.85
EK202310149975,144.77
EK202310157163,159.03
EK202310125893,138.1
EK202310121387,132.77
EK202310151762,157.22
EK202310193998,154.58
EK202310106551,137.13
EK202310245044,127.51
EK202310207864,138.97
EK202310150519,133.14
EK202310180535,136.77
EK202310140574,165.18
EK202310152351,132.84
EK202310119381,153.14
EK202310144308,130.67
EK202310204920,137.29
EK202310169039,163.55
EK202310126992,135.39
EK202310165821,134.71
EK202310218625,135.76
EK202310224581,135.9
EK202310104040,138.09
EK202310151985,149.02
EK202310151422,155.04
EK202310181497,131.58
EK202310143064,164.9
EK202310115232,152.24
EK202310160598,142.86
EK202310153804,142.57
EK202310246991,137.28
EK202310205912,139.96
EK202310147949,144.53
EK202310147713,137.37
EK202310172130,136.16
EK202310193689,131.17
EK202320007377,155.44
EK202310234778,135.97
EK202310126968,145.41
EK202310168723,131.77
EK202310205210,132.25
EK202310236972,142.02
EK202310110805,128.02
EK202310110541,147.55
EK202320006784,152.06
EK202310169268,149.29
EK202310192717,149.72
EK202310134072,127.06
EK202310109817,138.31
EK202310111416,143.39
EK202310163760,136.57
EK202310206928,165.86
EK202310222806,160.45
EK202310245025,152.69
EK202310154335,133.33
EK202310122966,147.5
EK202310147154,153.35
EK202310161786,147.55
EK202310122057,143.57
EK202310206279,145.34
EK202310241236,159.49
EK202310107469,138.23
EK202310236549,132.58
EK202310144138,148.38
EK202310212131,137.73
EK202310112701,139.11
EK202310163659,137.3
EK202310172713,137.25
EK202310175303,134.37
EK202310129678,138.36
EK202310204116,146.98
EK202310226565,134.78
EK202310177622,138.77
EK202310173275,139.26
EK202310108694,130.64
EK202310124863,140.95
EK202310209698,136.93
EK202310155502,137.07
EK202310160025,149.04
EK202310219991,146.7
EK202310229114,139.21
EK202310179717,141.18
EK202310112666,147.38
EK202310122607,136.59
EK202310203774,128.52
EK202310167012,140.41
EK202310177207,144.86
EK202310108755,136.43
EK202310235791,134.6
EK202310193173,166.04
EK202310226669,151.3
EK202310241591,137.5
EK202310139673,148.24
EK202310245678,141.3
EK202320005871,158.55
EK202310146553,144.57
EK202310110812,148.06
EK202310163248,168.46
EK202310198120,141.48
EK202310130383,167.08
EK202310165453,153.05
EK202310129296,135.8
EK202310114158,139.62
EK202310206093,156.45
EK202310178733,145.84
EK202310148785,138.89
EK202310182839,158.67
EK202310243137,135.36
EK202310180781,143.46
EK202310221757,163.87
EK202310247595,140.74
EK202310119239,145.9
EK202310174112,136.61
EK202310195036,154.69
EK202310139240,146.7
EK202310161228,146.34
EK202310124628,163.01
EK202310216201,136.26
EK202310171177,164.8
EK202310217298,148.22
EK202310105105,153.23
EK202310121917,126.41
EK202310175901,124.61
EK202310248632,136.59
EK202310168647,140.09
EK202310189433,138.6
EK202310219364,140.61
EK202310208149,134.04
EK202310115824,139.26
EK202310147437,146.21
EK202310131516,139.2
EK202310216229,150.69
EK202310143057,142.26
EK202310227618,141.33
EK202310105862,138.26
EK202310191429,160.18
EK202310114100,141.44
EK202310240658,139.87
EK202310221826,136.82
EK202310228005,148.15
EK202310114273,135.03
EK202310129611,156.96
EK202310106828,135.5
EK202310216849,149.46
EK202310217419,150.34
EK202310123260,140.34
EK202310189255,136.36
EK202310141612,136.73
EK202310115638,131.75
EK202310144626,143.32
EK202310128398,137.84
EK202310150599,152.28
EK202310209851,134.03
EK202310142306,137.12
EK202310151733,156.61
EK202310115665,135.48
EK202310144016,133.66
EK202310194248,141.73
EK202310221662,145.88
EK202310239754,140.71
EK202310183618,145.74
EK202310247966,133.74
EK202310144467,141.17
EK202310199980,140.83
EK202310147993,159.92
EK202310219732,144.11
EK202310201255,143.57
EK202310166834,163.99
EK202310188039,167.05
EK202310125812,132.5
EK202310149327,152.72
EK202310186774,161.08
EK202310131937,136.4
EK202310136858,141.93
EK202310194737,155.45
EK202310227116,134.55
EK202310188953,165.69
EK202310152825,167.94
EK202310233830,139.72
EK202310175569,139.81
EK202310127649,148.53
EK202310189873,148.33
EK202310164363,135.71
EK202310122930,135.59
EK202310159410,143.75
EK202310150191,128.83
EK202310174699,133.28
EK202310184344,152.85
EK202310142972,147.01
EK202310136313,140.57
EK202310159605,155.27
EK202310211606,138.61
EK202310194487,142.36
EK202310109553,141.72
EK202310121906,128.23
EK202310132283,139.35
EK202310156330,147.26
EK202310109685,141.55
EK202310166453,152.13
EK202310235141,132.51
EK202310242155,143.55
EK202310171093,143.6
EK202310157094,160.13
EK202310157497,142.78
EK202310112679,146.19
EK202310201020,140.33
EK202310137760,138.25
EK202310152523,151.71
EK202310227728,135.68
EK202310194083,143.8
EK202310194984,159.23
EK202310145213,144.14
EK202310216337,140.81
EK202310189326,164.37
EK202310145361,150.87
EK202310209596,138.91
EK202310147914,139.73
EK202310210977,132.95
EK202310169601,133.2
EK202310218627,129.01
EK202310222818,140.31
EK202310175529,143.52
EK202310201612,147.17
EK202310174062,144.49
EK202310223170,133.12
EK202310225186,130.16
EK202310243838,144.73
EK202310241520,137.98
EK202310166518,137.1
EK202310113920,142.02
EK202310164784,134.65
EK202310159164,146.26
EK202310149463,153.99
EK202310227499,141.14
EK202310217794,133.56
EK202310225560,135.84
EK202310147201,148.82
EK202310128156,161.91
EK202310115240,137.84
EK202310238532,136.72
EK202310183846,156.85
EK202310144731,135.88
EK202310162390,137.22
EK202310197431,135.67
EK202310105951,130.98
EK202310204990,142.89
EK202310210191,141.66
EK202310126933,129.65
EK202310202480,136.91
EK202310111923,143.37
EK202310119216,142.12
EK202310157432,141.37
EK202310177567,155.0
EK202310131552,145.11
EK202310179248,131.17
EK202310151456,151.12
EK202310168955,146.18
EK202320007813,157.63
EK202310117010,136.04
EK202310151990,147.15
EK202310125852,139.23
EK202310136345,135.27
EK202310107482,134.58
EK202310136674,139.06
EK202310162359,167.47
EK202310130813,132.4
EK202310242095,134.49
EK202310112314,136.63
EK202310234433,136.5
EK202310202458,139.65
EK202310129103,157.5
EK202310177132,152.08
EK202310242050,145.94
EK202310232456,132.76
EK202310200214,160.25
EK202310163472,149.86
EK202310185311,151.08
EK202310228179,141.48
EK202310130371,145.35
EK202310179660,147.07
EK202310190711,157.99
EK202310246542,142.07
EK202310231496,131.64
EK202310222179,130.02
EK202310132158,155.88
EK202310167423,151.5
EK202310201349,166.85
EK202310142224,135.29
EK202310179938,151.09
EK202310223135,137.6
EK202310205817,159.87
EK202310246593,142.71
EK202310176304,153.97
EK202310130059,137.51
EK202310111192,140.0
EK202310165881,139.07
EK202310127812,150.52
EK202310190156,143.41
EK202310216483,138.92
EK202310144414,138.39
EK202310132901,128.26
EK202310154231,135.21
EK202310145897,149.08
EK202310209392,143.47
EK202310178084,129.22
EK202310125343,132.52
EK202310146816,147.44
EK202310155084,144.03
EK202310168900,146.63
EK202310185047,145.97
EK202310237486,135.47
EK202310203671,168.19
EK202310135522,155.99
EK202310159093,166.47
EK202310189257,140.53
EK202310177736,152.07
EK202310105312,141.45
EK202310242607,146.96
EK202310206314,159.09
EK202310125578,137.17
EK202310217187,155.08
EK202310239344,132.05
EK202310148598,132.57
EK202310211006,145.43
EK202310141573,151.33
EK202310208369,140.19
EK202310143928,147.51
EK202310149152,140.82
EK202310150945,134.5
EK202310158400,143.08
EK202310117629,138.26
EK202310104031,137.04
EK202310110083,135.16
EK202310178368,150.1
EK202310119686,143.21
EK202310143618,163.17
EK202310120487,138.04
EK202310219395,137.42
EK202310112376,142.12
EK202310201306,149.51
EK202310228811,167.51
EK202310171144,137.39
EK202310196110,149.64
EK202310115076,141.89
EK202310106850,128.4
EK202310224133,136.48
EK202310138595,139.6
EK202310197537,143.47
EK202310190665,148.02
EK202310148759,153.28
EK202310243283,142.1
EK202310159395,150.74
EK202310114620,145.9
EK202310111786,146.42
EK202310179340,137.15
EK202310246360,148.27
EK202310165546,126.52
EK202310231626,138.04
EK202310154298,139.99
EK202310234468,135.67
EK202310216859,165.22
EK202310159904,162.82
EK202310122874,140.7
EK202310226448,135.5
EK202310109658,135.59
EK202310248327,139.86
EK202310240275,134.61
EK202310160292,129.8
EK202310130749,143.61
EK202310208708,134.88
EK202310184600,141.09
EK202310136202,141.14
EK202310118993,145.3
EK202310135570,159.63
EK202310144234,140.72
EK202310232831,142.39
EK202310190714,140.38
EK202310237590,154.09
EK202310105068,149.13
EK202310233087,133.22
EK202310174797,158.66
EK202310241325,159.79
EK202310003548,138.13
EK202310226491,133.55
EK202310111356,130.07
EK202310246019,143.28
EK202310104422,133.74
EK202310140919,138.87
EK202310247367,142.15
EK202310108141,143.13
EK202310202875,158.19
EK202310132953,135.65
EK202310163551,141.12
EK202310155719,134.87
EK202310128169,150.76
EK202310227798,137.94
EK202310112895,152.37
EK202310110637,131.76
EK202310111099,142.32
EK202310160891,143.31
EK202310174833,142.67
EK202310133014,132.04
EK202310229258,137.07
EK202310191591,141.84
EK202310190178,142.98
EK202310227882,138.62
EK202310248423,147.33
EK202310199669,164.1
EK202310178419,150.53
EK202310229489,134.77
EK202310109158,171.21
EK202310167700,136.74
EK202310183769,153.1
EK202320007189,151.63
EK202310119946,144.31
EK202310171685,162.14
EK202310237171,140.27
EK202310114451,135.66
EK202310200193,135.45
EK202310211187,133.88
EK202310163649,146.49
EK202310128906,150.1
EK202310155349,148.5
EK202310226103,137.87
EK202310130867,138.33
EK202310144735,146.75
EK202310131002,143.67
EK202310147837,154.77
EK202310182788,143.44
EK202310130743,138.91
EK202310195554,158.56
EK202310111296,150.94
EK202310109329,138.68
EK202310003505,135.53
EK202310182130,148.68
EK202310158028,158.01
EK202310156165,153.3
EK202310210442,136.13
EK202310182184,159.01
EK202310198996,132.29
EK202310141171,144.93
EK202310223224,142.54
EK202310186527,139.64
EK202310155114,152.58
EK202310176069,161.2
EK202310129120,149.47
EK202310189707,137.43
EK202310116275,141.58
EK202310208833,136.88
EK202310197309,154.23
EK202310213895,143.01
EK202310208737,143.07
EK202310200447,140.91
EK202310152283,152.37
EK202310220449,145.85
EK202310110949,134.25
EK202310209106,154.74
EK202310223835,136.83
EK202310230881,138.29
EK202310122186,148.53
EK202310170304,150.32
EK202310193993,142.36
EK202310141761,144.36
EK202310127568,145.56
EK202310128895,141.11
EK202310228433,137.8
EK202310118632,139.05
EK202310104226,140.04
EK202310164491,153.05
EK202310216438,133.84
EK202310214077,167.06
EK202310247400,164.64
EK202310174422,142.54
EK202310122877,133.73
EK202310128301,158.2
EK202310121029,146.01
EK202310156904,136.29
EK202310228463,138.45
EK202310197399,138.48
EK202310210314,137.72
EK202310114247,145.11
EK202320005931,167.51
EK202310129928,152.49
EK202310213491,134.96
EK202310117524,156.63
EK202310118755,139.29
EK202310184404,132.24
EK202310227256,131.66
EK202310179166,126.79
EK202310136432,140.4
EK202310176274,136.74
EK202310151297,148.99
EK202310125109,138.36
EK202310116780,138.28
EK202310135569,136.04
EK202310134565,134.91
EK202310186448,139.97
EK202310178115,137.97
EK202310113148,155.1
EK202310228489,133.86
EK202310179723,139.56
EK202310157269,143.58
EK202310199275,150.04
EK202310233646,148.65
EK202310154900,162.29
EK202310140705,138.15
EK202310148303,136.51
EK202310216595,129.21
EK202310109916,143.39
EK202310115675,133.42
EK202310155830,134.23
EK202310218005,138.72
EK202310141563,141.07
EK202310228213,162.92
EK202310212791,140.82
EK202310194782,155.85
EK202310231645,136.54
EK202310241926,147.91
EK202310210213,135.2
EK202310134817,139.34
EK202310133386,148.43
EK202310142531,152.82
EK202310187663,162.96
EK202310117777,131.97
EK202310158245,135.3
EK202310195137,146.88
EK202310142488,138.63
EK202310187991,146.99
EK202310150662,147.21
EK202310217688,134.63
EK202310179171,138.34
EK202310127405,146.95
EK202310135392,155.88
EK202310171859,139.91
EK202310105858,141.3
EK202310158319,158.61
EK202310230414,127.16
EK202310118707,144.27
EK202310128139,154.41
EK202310186693,153.38
EK202310179495,150.36
EK202310199992,139.74
EK202310107900,141.82
EK202310139759,140.11
EK202310109278,147.61
EK202310126409,131.55
EK202310207784,135.88
EK202310236292,141.81
EK202310154556,136.77
EK202310134873,140.02
EK202310132640,138.04
EK202310228961,152.97
EK202310185810,149.43
EK202310149986,132.92
EK202310131518,132.69
EK202310121880,148.82
EK202310191180,142.37
EK202310177003,154.33
EK202310215011,155.08
EK202310146470,141.55
EK202310200272,139.86
EK202310172780,133.42
EK202310225929,136.42
EK202310145639,139.63
EK202310246707,140.3
EK202310196529,133.43
EK202310232839,139.75
EK202310140369,137.83
EK202310141325,148.39
EK202310151532,166.54
EK202310217721,138.12
EK202310189960,161.86
EK202310132726,137.72
EK202310182587,151.79
EK202310216789,157.54
EK202310187849,151.37
EK202310234305,140.04
EK202310142640,139.08
EK202310211367,138.78
EK202310237820,138.23
EK202310128311,129.62
EK202310234908,138.83
EK202310104928,139.76
EK202310124402,138.43
EK202310170954,129.15
EK202310238908,151.7
EK202310138176,129.73
EK202310150598,154.61
EK202310108952,156.7
EK202310147721,132.52
EK202310164148,142.91
EK202310164879,137.76
EK202310170715,139.65
EK202310169418,139.19
EK202310133466,139.05
EK202310133903,132.59
EK202310204671,147.71
EK202310156209,156.32
EK202310243873,139.07
EK202310134929,135.83
EK202310216695,136.38
EK202310158237,133.79
EK202310194292,146.21
EK202310103856,142.32
EK202310126627,159.74
EK202310121161,132.59
EK202310191392,143.5
EK202310245531,128.75
EK202310126763,131.14
EK202310161498,154.68
EK202310112456,149.3
EK202310191483,145.66
EK202310140746,137.91
EK202310175247,138.38
EK202310112978,148.14
EK202310115781,132.89
EK202310150028,137.26
EK202310204581,151.11
EK202310137480,135.41
EK202310191514,137.71
EK202310201678,146.56
EK202310117265,139.05
EK202310112369,131.26
EK202310208647,163.78
EK202310142602,137.46
EK202310113073,132.69
EK202310149092,141.32
EK202310162989,134.89
EK202320006610,160.47
EK202310177443,138.19
EK202310104850,134.9
EK202310126368,129.91
EK202310248204,141.05
EK202310190956,147.25
EK202310110980,130.73
EK202310154273,148.09
EK202310242223,151.98
EK202310117698,140.19
EK202310195417,156.0
EK202310145942,129.41
EK202310152887,166.49
EK202310169297,166.53
EK202310221863,132.46
EK202310199131,137.57
EK202310185529,146.3
EK202310113311,133.73
EK202310209762,142.51
EK202310164806,131.78
EK202310134642,134.15
EK202310146968,146.08
EK202310107027,139.79
EK202310226716,146.0
EK202310243795,142.73
EK202310138740,143.71
EK202310144607,142.27
EK202310244471,143.63
EK202310159052,151.69
EK202310123055,141.24
EK202310113885,135.46
EK202310199531,138.15
EK202310236118,149.88
EK202310137888,148.48
EK202310215531,152.79
EK202310185054,152.95
EK202310129573,131.47
EK202310163633,141.45
EK202310202282,151.13
EK202310143694,133.83
EK202320006080,159.32
EK202310232132,133.42
EK202310138363,150.59
EK202310193434,139.66
EK202310175511,142.06
EK202310133748,135.56
EK202310106718,142.03
EK202310188899,141.06
EK202310232574,144.1
EK202310212172,139.2
EK202310190446,137.65
EK202310113384,134.67
EK202310181368,154.25
EK202310003999,142.57
EK202310141115,142.87
EK202310109981,150.49
EK202310166769,139.64
EK202310138115,137.68
EK202310128203,164.05
EK202310206649,139.95
EK202310110780,144.29
EK202310240635,133.13
EK202310190614,156.48
EK202310129881,147.06
EK202310127835,134.53
EK202310121093,128.67
EK202310150408,129.64
EK202310164894,133.79
EK202310109584,142.81
EK202310173464,133.88
EK202310204837,151.72
EK202310152348,159.32
EK202310164097,146.6
EK202310127163,144.49
EK202310244695,150.04
EK202310229812,148.8
EK202310134538,136.73
EK202310210536,151.91
EK202310140667,145.94
EK202310141775,132.92
EK202310214180,140.58
EK202310164023,138.37
EK202310173588,141.17
EK202310170905,133.98
EK202310114396,148.77
EK202310183841,146.65
EK202310201453,147.88
EK202310113439,144.52
EK202310238212,133.4
EK202310127261,148.61
EK202310238188,139.0
EK202310206294,156.41
EK202310144833,152.97
EK202310211732,132.82
EK202310224752,160.75
EK202310193699,155.89
EK202310143520,140.07
EK202310115211,134.57
EK202310164360,153.29
EK202310117381,139.09
EK202310229483,134.2
EK202310188649,148.05
EK202310200724,138.87
EK202310144431,169.23
EK202310133572,144.58
EK202310208802,129.85
EK202310248659,134.81
EK202310131585,143.3
EK202310233777,170.46
EK202310129212,132.75
EK202310155799,147.98
EK202310229572,126.88
EK202310128875,128.05
EK202310148223,165.19
EK202310142900,157.62
EK202310183384,141.08
EK202310111421,140.14
EK202310212086,134.47
EK202310239476,138.89
EK202310131957,148.22
EK202310204264,172.62
EK202310178704,145.37
EK202310227864,128.5
EK202310169538,137.29
EK202310173784,160.85
EK202310216416,149.86
EK202310196443,151.96
EK202310214690,142.12
EK202310224533,139.7
EK202310171089,147.1
EK202310213256,150.92
EK202310136488,138.06
EK202310199625,137.35
EK202310171589,141.13
EK202310226351,133.66
EK202310106984,153.64
EK202310212070,135.99
EK202310183076,137.24
EK202310232081,137.62
EK202310126981,138.11
EK202310154523,150.77
EK202310184085,137.45
EK202310170300,153.37
EK202310218531,153.26
EK202310206452,159.3
EK202310004184,132.44
EK202310177618,126.14
EK202310222352,126.19
EK202310106506,139.94
EK202310186819,137.78
EK202310140723,137.14
EK202310238611,135.34
EK202310120555,134.33
EK202310147094,145.07
EK202310155462,149.3
EK202310105723,150.95
EK202310136398,140.31
EK202310233819,153.77
EK202310133289,147.56
EK202310230003,132.09
EK202310144991,142.83
EK202310172964,144.94
EK202310238178,147.85
EK202310126938,162.71
EK202310231506,132.02
EK202310190088,158.13
EK202310172578,148.06
EK202310153732,145.44
EK202310179604,134.96
EK202310129682,131.55
EK202310143507,144.63
EK202310155560,149.79
EK202310127202,147.09
EK202310143252,138.14
EK202310217653,129.11
EK202310173062,170.57
EK202310105294,141.64
EK202310117821,134.22
EK202310215199,129.53
EK202310241483,149.88
EK202310174150,155.65
EK202310219893,167.89
EK202310219552,135.67
EK202310136028,132.03
EK202310225636,137.62
EK202310150738,144.14
EK202310176837,134.68
EK202310172368,136.48
EK202310184904,148.96
EK202310191265,143.05
EK202310144201,142.29
EK202310139926,143.34
EK202310133343,158.8
EK202310193942,149.61
EK202310181626,147.85
EK202310138065,135.15
EK202310175111,142.06
EK202310242001,150.37
EK202310160431,140.2
EK202310169578,136.52
EK202310137385,146.21
EK202310136468,146.37
EK202310158374,147.07
EK202310108318,140.84
EK202310122270,137.72
EK202310144491,150.35
EK202310123031,136.01
EK202310155418,146.03
EK202320006341,157.43
EK202310110341,130.87
EK202310103961,161.23
EK202310003695,166.09
EK202310200040,133.12
EK202310119278,170.15
EK202310174626,156.43
EK202310153937,136.74
EK202310189548,165.98
EK202310149005,151.95
EK202310184006,148.27
EK202310129614,151.89
EK202310178276,146.19
EK202310124293,142.49
EK202310199434,157.52
EK202310111178,151.24
EK202310143329,158.31
EK202310229141,137.31
EK202310225446,130.87
EK202310133140,170.86
EK202310204388,133.16
EK202310127528,140.76
EK202310175944,156.96
EK202310205185,152.7
EK202310220142,139.32
EK202310188984,140.87
EK202310117484,161.92
EK202310222387,135.8
EK202310238376,139.77
EK202310190275,160.12
EK202310127517,143.52
EK202310148647,149.03
EK202310144619,137.12
EK202310172144,133.37
EK202310105902,146.09
EK202310169293,135.96
EK202310231168,135.25
EK202310147200,142.25
EK202310193258,134.92
EK202310134686,153.92
EK202310184958,153.24
EK202310172029,151.2
EK202310199176,143.76
EK202310232628,134.05
EK202310230800,148.26
EK202310169188,149.01
EK202310143652,155.58
EK202310210776,141.4
EK202310243268,141.4
EK202310219929,140.46
EK202320006873,152.87
EK202310142750,163.42
EK202310105033,141.09
EK202310171957,144.54
EK202310167819,162.67
EK202310224575,131.22
EK202310218984,128.51
EK202310148378,168.38
EK202310124296,131.21
EK202310153505,129.44
EK202310202475,165.35
EK202310105768,147.32
EK202310155150,154.04
EK202310131403,137.73
EK202310236965,133.77
EK202310128158,147.36
EK202310244898,148.71
EK202310168438,163.39
EK202310191063,148.29
EK202310247883,151.3
EK202310144879,133.99
EK202310248004,151.15
EK202310129311,165.4
EK202310159341,145.78
EK202310186599,133.32
EK202310003714,165.33
EK202310141937,144.06
EK202310141516,139.77
EK202310211399,127.14
EK202310133332,142.71
EK202310245637,140.62
EK202310195191,138.32
EK202310120028,141.92
EK202310238137,133.53
EK202310155822,140.55
EK202310178814,142.12
EK202310117251,143.39
EK202310134938,153.9
EK202310209690,134.25
EK202310203758,135.53
EK202310115669,143.45
EK202310104134,135.95
EK202310145861,125.77
EK202310150671,134.35
EK202310240589,133.93
EK202310212301,136.63
EK202310142614,146.67
EK202310141457,135.78
EK202310245972,148.01
EK202310150051,165.33
EK202310170670,143.46
EK202310211033,140.48
EK202310206028,153.62
EK202310116009,142.83
EK202310119459,140.36
EK202310205201,143.42
EK202320005999,167.65
EK202310137068,142.67
EK202310125205,140.57
EK202310111843,137.87
EK202310155744,154.79
EK202310189271,156.54
EK202310200042,142.66
EK202310234396,135.01
EK202310203600,142.68
EK202310206171,140.33
EK202310206072,130.62
EK202310163819,146.68
EK202310241837,154.18
EK202310122958,133.14
EK202310143934,151.21
EK202310108166,160.29
EK202310157169,155.57
EK202310152923,149.53
EK202310194312,151.18
EK202310176406,149.24
EK202310150358,153.35
EK202310219917,137.68
EK202310196050,133.64
EK202310199317,148.66
EK202310214061,149.17
EK202310122593,139.99
EK202310244955,142.87
EK202310156822,144.67
EK202310207476,137.81
EK202310158934,145.76
EK202310201930,143.09
EK202310119122,144.14
EK202310196169,152.49
EK202310201449,148.59
EK202310130630,137.94
EK202310216667,137.67
EK202310109941,131.31
EK202310200400,143.06
EK202310137456,146.45
EK202310196853,139.39
EK202310215704,145.15
EK202310135405,141.69
EK202310169616,131.84
EK202310216148,134.8
EK202310243354,127.89
EK202310228967,137.7
EK202310243234,149.56
EK202310192532,162.05
EK202310214813,141.06
EK202310104914,140.5
EK202310153816,147.04
EK202310202614,151.39
EK202310210862,155.85
EK202310170135,138.62
EK202310188088,138.81
EK202310221249,143.45
EK202310232182,132.66
EK202310185589,140.59
EK202310220140,148.58
EK202310151225,135.5
EK202310120905,152.3
EK202310125281,139.52
EK202310129594,142.55
EK202310131652,141.87
EK202310178780,148.6
EK202310199546,142.65
EK202310184333,147.14
EK202310129518,149.27
EK202310125847,140.26
EK202310146303,159.18
EK202310175806,131.4
EK202310220347,144.51
EK202310225734,143.9
EK202310240284,134.36
EK202310114155,141.83
EK202310208667,133.38
EK202310247128,154.61
EK202310218283,139.4
EK202310227443,136.38
EK202310157358,151.96
EK202310205155,134.05
EK202310189640,148.23
EK202310219047,126.12
EK202310155307,134.41
EK202310190346,153.12
EK202310186825,150.51
EK202310203583,147.25
EK202310122872,128.72
EK202310223579,142.69
EK202310134595,157.41
EK202310199315,138.34
EK202310197280,134.6
EK202310105445,140.69
EK202310170127,139.59
EK202310124087,130.7
EK202310186812,148.38
EK202310175470,144.54
EK202310178249,149.1
EK202310246428,132.76
EK202310206906,157.81
EK202320007523,172.97
EK202310106696,133.67
EK202310139497,174.89
EK202310135104,137.09
EK202310165444,150.91
EK202310150670,158.59
EK202310141326,138.91
EK202310206479,141.69
EK202310182003,150.32
EK202310240148,152.83
EK202310246934,157.38
EK202310157908,141.8
EK202310233790,138.58
EK202310227231,135.98
EK202310104197,134.49
EK202310003919,137.57
EK202310134161,125.92
EK202310132637,140.33
EK202310112692,154.59
EK202310004804,134.12
EK202310188449,142.96
EK202310161514,151.01
EK202310121257,137.14
EK202310165460,166.52
EK202310246582,137.32
EK202310182549,150.47
EK202310153021,151.04
EK202310155857,146.58
EK202310112710,143.64
EK202310193527,144.43
EK202310210851,132.62
EK202310166991,141.84
EK202310153617,155.08
EK202310162029,154.23
EK202310150898,138.13
EK202310119566,142.04
EK202310172046,143.88
EK202310113364,146.29
EK202310104697,153.38
EK202310110438,143.28
EK202310139792,143.61
EK202310108044,131.52
EK202310191154,153.88
EK202310162199,138.58
EK202310159050,142.22
EK202310127404,149.98
EK202310216583,137.36
EK202310233658,139.52
EK202310141492,136.06
EK202310203883,128.24
EK202310219043,148.72
EK202310145653,135.04
EK202310228503,137.33
EK202310179347,125.45
EK202310132009,147.0
EK202310212361,133.12
EK202310124879,137.25
EK202320006785,169.31
EK202310245990,132.18
EK202310177823,147.93
EK202310229376,143.83
EK202310181146,135.63
EK202310201989,133.35
EK202310192148,143.4
EK202310185865,137.53
EK202310149322,146.17
EK202310154759,142.6
EK202310142366,149.99
EK202310225136,159.74
EK202310140657,148.11
EK202310181056,140.18
EK202310147652,143.83
EK202310195069,141.32
EK202310186330,159.18
EK202310170880,136.27
EK202310104902,137.6
EK202310137021,161.54
EK202310112219,144.77
EK202310114567,140.87
EK202310174050,150.02
EK202310146459,146.63
EK202310125401,135.97
EK202310232042,138.87
EK202310137842,135.71
EK202310235166,131.36
EK202310123303,134.93
EK202310204672,150.36
EK202310147206,151.01
EK202310165103,151.57
EK202310246536,148.37
EK202310204665,144.5
EK202310139971,144.52
EK202310230726,136.04
EK202310217044,134.24
EK202310175720,150.34
EK202310208548,127.18
EK202310213825,146.43
EK202310196825,133.93
EK202310117004,131.13
EK202310164666,145.64
EK202310195792,150.0
EK202310195121,148.23
EK202310188217,139.16
EK202310178996,137.72
EK202310107580,147.06
EK202310163974,148.02
EK202310237799,146.56
EK202310232053,139.92
EK202310178319,148.66
EK202310126202,127.08
EK202310227911,135.38
EK202310109084,131.4
EK202310143067,137.5
EK202310206930,156.35
EK202310201884,139.52
EK202310130641,137.49
EK202310157121,171.05
EK202310220877,133.06
EK202310149540,147.74
EK202310169600,141.0
EK202310163175,162.02
EK202310106277,133.59
EK202310209667,136.21
EK202310119877,139.47
EK202310204499,146.53
EK202310190780,151.63
EK202310115565,145.57
EK202310195056,141.66
EK202310111373,156.9
EK202310161299,140.04
EK202310245424,141.2
EK202310246906,132.69
EK202310120316,144.24
EK202310144965,134.23
EK202310211133,139.32
EK202310167406,146.02
EK202310162901,134.32
EK202310107075,133.87
EK202310140916,159.7
EK202310143120,147.53
EK202310114506,134.99
EK202310175480,149.13
EK202310118790,130.8
EK202310169280,146.78
EK202310129297,151.63
EK202310198282,135.32
EK202310240512,143.99
EK202310192236,139.98
EK202310177577,140.96
EK202310161068,152.86
EK202310111934,136.08
EK202310155260,135.99
EK202310124483,150.39
EK202310155315,146.35
EK202310123325,133.83
EK202310149045,152.17
EK202310222163,134.15
EK202310108935,144.04
EK202310188397,147.43
EK202310110895,147.65
EK202310146042,139.5
EK202310116291,134.65
EK202310214128,164.75
EK202310122572,137.37
EK202310246206,134.31
EK202310190227,139.83
EK202310137442,144.53
EK202310240613,140.88
EK202310171036,142.98
EK202310165619,167.1
EK202310135508,167.12
EK202310203859,132.35
EK202310208937,140.16
EK202310190964,146.13
EK202310157232,150.32
EK202310233329,146.7
EK202310004857,134.19
EK202310114112,145.46
EK202310231381,139.07
EK202310183273,150.73
EK202310198133,130.67
EK202310243118,129.71
EK202310179772,152.53
EK202310177045,138.09
EK202310129608,147.42
EK202310146699,138.65
EK202310118550,145.13
EK202310236716,141.07
EK202310225924,152.69
EK202310137908,140.31
EK202310136472,146.03
EK202310227498,148.33
EK202310197540,148.55
EK202310177606,141.43
EK202310233230,135.29
EK202310129471,153.97
EK202310240950,145.98
EK202320007590,163.61
EK202310163887,135.4
EK202320007425,171.81
EK202310127560,163.91
EK202310155824,137.86
EK202310187346,136.18
EK202310200413,140.48
EK202310185717,134.77
EK202310217975,131.94
EK202310216468,142.28
EK202310201451,148.4
EK202310187386,146.85
EK202310113263,140.51
EK202310129498,143.43
EK202310168744,151.51
EK202310142626,141.97
EK202310190880,155.36
EK202310131573,143.77
EK202310220638,135.07
EK202310207069,146.44
EK202310116824,143.03
EK202310231727,141.09
EK202310184770,146.11
EK202310197350,159.89
EK202310147966,145.36
EK202310160556,142.59
EK202310242942,132.31
EK202310207659,156.24
EK202310189516,144.64
EK202310214218,146.06
EK202310105070,141.23
EK202310218843,143.07
EK202310163176,168.47
EK202310109656,135.48
EK202310004202,137.7
EK202310203545,155.42
EK202310153518,130.1
EK202310119723,140.14
EK202310122303,131.78
EK202310113636,146.69
EK202310216948,133.91
EK202310154167,141.26
EK202310122355,133.65
EK202310150417,138.93
EK202310218226,143.97
EK202310191370,145.06
EK202310146010,137.63
EK202310242320,143.34
EK202310182162,156.81
EK202310129315,144.92
EK202310106705,144.6
EK202310240258,135.83
EK202310241039,167.35
EK202310204816,136.1
EK202310142491,138.32
EK202310200125,143.99
EK202310111662,149.8
EK202310141792,142.25
EK202310242215,160.96
EK202310227322,151.17
EK202310206010,139.25
EK202310220576,135.32
EK202310169744,145.75
EK202310236130,156.04
EK202310117603,137.0
EK202310164018,133.77
EK202310173758,150.79
EK202310169263,144.64
EK202310220742,131.24
EK202310234928,167.6
EK202310133036,138.47
EK202310134185,139.7
EK202310185530,128.13
EK202310218330,144.09
EK202310220164,138.97
EK202310136625,134.72
EK202310190327,134.48
EK202310156810,135.29
EK202310235883,155.58
EK202310135135,160.98
EK202310232747,134.38
EK202310146074,143.56
EK202310170263,143.23
EK202310117439,133.71
EK202310155695,135.32
EK202310180749,124.98
EK202310165733,160.97
EK202310122820,141.6
EK202310132148,151.27
EK202310174037,150.48
EK202310116351,140.96
EK202320007454,174.09
EK202310126404,136.86
EK202310179147,136.65
EK202310119107,141.29
EK202310232208,130.46
EK202310146308,153.11
EK202310221836,164.32
EK202310241730,131.36
EK202310126972,137.2
EK202310190112,145.86
EK202310189550,150.92
EK202310167601,151.7
EK202310129178,149.9
EK202310208362,136.77
EK202310108633,129.36
EK202310119330,132.08
EK202310241595,140.77
EK202310133580,166.97
EK202310184140,144.62
EK202310243629,144.44
EK202310240837,146.7
EK202310133514,149.92
EK202310248438,145.57
EK202310144323,147.0
EK202310199263,164.22
EK202310170561,142.9
EK202320006441,169.19
EK202310156158,142.92
EK202310160966,131.64
EK202310170924,140.27
EK202310166196,158.05
EK202310180519,162.99
EK202310163021,133.62
EK202310217277,142.42
EK202310182542,147.21
EK202310187706,143.38
EK202310177424,142.98
EK202310116469,136.36
EK202310126864,138.5
EK202310171044,135.48
EK202310159422,144.86
EK202310126564,143.34
EK202310136978,136.36
EK202310227254,142.13
EK202310241407,140.99
EK202310151596,158.14
EK202310143155,132.81
EK202310003368,161.98
EK202310225579,142.54
EK202310142662,131.9
EK202310124623,164.87
EK202310117099,143.71
EK202310209488,151.02
EK202310218949,144.73
EK202310163688,137.95
EK202310233616,136.54
EK202310181063,151.06
EK202310122017,154.55
EK202310232279,130.34
EK202310188255,143.1
EK202310222087,140.53
EK202310235863,132.53
EK202310142201,151.94
EK202310142028,132.09
EK202310105750,131.97
EK202310192986,143.48
EK202310183238,142.14
EK202310184211,137.9
EK202310114501,137.0
EK202310183815,138.22
EK202310239065,135.82
EK202310203010,139.81
EK202310119934,132.44
EK202310245690,133.6
EK202310228481,139.81
EK202310115026,147.74
EK202310227715,132.17
EK202310147211,148.09
EK202310112774,141.02
EK202310213753,146.3
EK202310115799,139.34
EK202310158491,159.31
EK202310224855,133.12
EK202310175378,142.64
EK202310120852,137.26
EK202310115724,129.3
EK202310188278,143.91
EK202310218258,133.51
EK202310187357,138.57
EK202310170314,136.14
EK202310219875,144.24
EK202310198138,138.42
EK202310238879,157.5
EK202310179039,146.73
EK202310221294,127.8
EK202310181636,139.76
EK202310180030,133.71
EK202310188261,136.69
EK202310109627,137.62
EK202310218359,137.35
EK202310221160,128.77
EK202310210517,135.8
EK202310231490,132.65
EK202310142904,147.71
EK202310228183,134.28
EK202310190608,146.07
EK202310229652,137.13
EK202310201677,144.32
EK202310161948,150.14
EK202310164852,138.62
EK202310130019,147.02
EK202310137201,150.58
EK202310199958,138.16
EK202310168651,166.27
EK202310163750,139.26
EK202310164255,164.73
EK202310112200,139.56
EK202310226582,136.04
EK202310150983,134.78
EK202310117868,135.44
EK202310104519,139.53
EK202310112900,146.27
EK202310175950,149.59
EK202310132832,146.1
EK202310177022,143.51
EK202310224847,148.98
EK202310220893,145.74
EK202310140282,152.6
EK202310140130,160.98
EK202310111884,132.85
EK202310169119,148.96
EK202310114003,149.26
EK202310204840,147.21
EK202310227423,156.73
EK202310243266,136.21
EK202310224568,126.66
EK202310129159,143.06
EK202310216851,149.86
EK202310173637,141.76
EK202310137694,140.41
EK202310224949,140.53
EK202310182755,169.49
EK202310121872,149.55
EK202310199590,134.61
EK202310237216,136.29
EK202310152666,143.27
EK202310119202,146.89
EK202310154055,145.08
EK202310131194,124.37
EK202310205515,130.17
EK202310226482,138.97
EK202310131717,139.61
EK202310116461,146.45
EK202310209370,143.9
EK202310112844,140.14
EK202310148195,140.46
EK202310205500,126.6
EK202310180785,168.59
EK202310114659,142.95
EK202310206704,142.31
EK202310194100,144.84
EK202310192316,137.02
EK202310227158,145.67
EK202310210960,126.65
EK202310201569,154.94
EK202310208440,140.96
EK202310159738,157.27
EK202310167571,162.91
EK202310133506,157.06
EK202310206074,153.88
EK202310189737,155.71
EK202310168575,150.37
EK202310159786,146.69
EK202310241528,141.08
EK202310135551,161.0
EK202310154421,163.77
EK202310229939,136.13
EK202310199977,138.93
EK202310212346,137.16
EK202310240842,138.62
EK202310188648,145.18
EK202310204867,147.24
EK202310221803,133.88
EK202310216991,130.68
EK202310234267,138.73
EK202310164050,130.24
EK202310160606,136.63
EK202310163801,149.64
EK202310202607,146.67
EK202310211679,135.88
EK202310161289,139.49
EK202310216723,145.6
EK202310241675,139.48
EK202310227693,151.21
EK202310153006,136.12
EK202310152517,128.97
EK202310119296,156.61
EK202310135167,142.85
EK202310129365,150.79
EK202310224938,135.65
EK202310246031,130.48
EK202310227934,148.4
EK202310155888,144.64
EK202310112003,150.96
EK202310110042,138.89
EK202310202481,136.92
EK202310119852,145.48
EK202310191910,145.72
EK202310208404,138.98
EK202310175620,135.93
EK202310162522,156.35
EK202310141148,132.61
EK202310173552,149.39
EK202310235762,135.62
EK202310170630,133.4
EK202310215013,147.27
EK202310233350,132.71
EK202310189297,161.43
EK202310201145,162.66
EK202310128701,131.14
EK202310135409,153.44
EK202310117705,141.21
EK202310122677,135.4
EK202310193307,162.55
EK202310150126,165.57
EK202310203066,149.13
EK202310243263,163.62
EK202310147744,142.78
EK202310115839,137.51
EK202310120766,162.12
EK202310141591,142.63
EK202310171912,157.75
EK202310105341,137.24
EK202320005577,162.39
EK202310168922,159.73
EK202310241884,137.14
EK202310231171,134.5
EK202310160293,151.16
EK202310177237,133.34
EK202310003836,140.29
EK202310159624,141.57
EK202310201626,136.58
EK202310109032,152.75
EK202310139930,141.95
EK202310004116,141.18
EK202310186841,131.99
EK202310118029,133.83
EK202310239323,141.76
EK202310204171,133.84
EK202310190000,143.84
EK202310220235,136.88
EK202310200517,137.72
EK202310124822,142.06
EK202310206677,143.43
EK202310173092,135.88
EK202310140031,150.02
EK202310118392,155.04
EK202310241116,140.57
EK202310162167,131.43
EK202310165764,133.93
EK202310109757,146.08
EK202310166993,148.84
EK202310178462,159.76
EK202310236406,129.85
EK202310168692,147.24
EK202310221373,153.11
EK202310144973,129.61
EK202310125785,137.13
EK202310187049,135.76
EK202310216907,142.4
EK202310129517,139.85
EK202310195530,133.99
EK202310177392,160.46
EK202310224171,146.57
EK202310195298,134.85
EK202310196360,140.75
EK202310197685,135.55
EK202310127212,138.48
EK202310194711,146.9
EK202310134995,170.77
EK202310215322,135.89
EK202310129156,145.67
EK202310194573,147.68
EK202310107850,163.2
EK202310224151,136.37
EK202310236621,134.42
EK202310240110,141.82
EK202310151137,167.66
EK202310245976,132.01
EK202310201981,136.46
EK202310128852,132.02
EK202310105479,136.39
EK202310134237,142.92
EK202310186135,151.08
EK202310126691,139.11
EK202310230960,136.63
EK202310167746,136.54
EK202310220451,144.68
EK202310187367,137.26
EK202310211918,153.29
EK202310218758,135.47
EK202310170030,156.97
EK202310182773,140.49
EK202310132214,146.94
EK202310004044,148.58
EK202310210481,133.32
EK202310233818,149.91
EK202310134772,143.06
EK202310190788,140.55
EK202310245891,144.07
EK202310152473,150.41
EK202310173468,146.87
EK202310134860,147.03
EK202310219927,142.7
EK202310242547,139.72
EK202310190542,146.76
EK202310248304,146.4
EK202310234323,141.29
EK202310116774,143.79
EK202310162192,135.29
EK202310200226,132.88
EK202310223298,133.27
EK202310131109,149.1
EK202310170422,136.83
EK202310247958,133.75
EK202310150344,138.56
EK202310186547,150.19
EK202310159511,152.11
EK202310107832,125.3
EK202310157429,143.85
EK202310206031,134.83
EK202310153162,159.74
EK202310246453,142.08
EK202310169465,136.39
EK202310127917,156.07
EK202310230060,133.89
EK202310115986,134.55
EK202310231341,141.48
EK202310207431,144.15
EK202310115427,134.66
EK202310148216,150.68
EK202310236465,135.92
EK202310214889,133.33
EK202310183344,142.95
EK202310115563,138.32
EK202310204127,133.88
EK202310148558,168.06
EK202310239253,142.61
EK202310223421,148.24
EK202310164157,134.63
EK202310191038,145.42
EK202310206653,136.6
EK202310189587,134.63
EK202320007832,147.85
EK202310107195,134.83
EK202310154834,159.02
EK202310225399,138.72
EK202310200244,133.35
EK202310181369,151.84
EK202310238327,144.14
EK202310119929,151.23
EK202310199445,163.03
EK202310167881,141.06
EK202310134304,136.87
EK202310206774,146.52
EK202310217924,153.69
EK202310114025,138.78
EK202310153648,156.29
EK202310168223,156.21
EK202310217182,154.45
EK202310228108,146.72
EK202310106503,131.44
EK202310132704,144.5
EK202310146469,147.22
EK202310190547,144.72
EK202310131045,144.12
EK202310120149,143.36
EK202310188786,149.84
EK202310164309,148.86
EK202310141856,129.32
EK202310174571,162.58
EK202310191248,149.26
EK202310228497,131.59
EK202310248650,145.15
EK202310003518,137.96
EK202310184477,140.59
EK202310177306,145.32
EK202310124268,134.59
EK202310207962,164.03
EK202310187364,137.45
EK202310188630,168.07
EK202310183825,170.81
EK202310228647,133.6
EK202310242814,144.61
EK202310190403,136.79
EK202310152077,153.24
EK202310127706,135.39
EK202310142346,150.98
EK202310140834,146.64
EK202310124143,130.52
EK202310158418,153.96
EK202310104315,149.71
EK202310186057,135.81
EK202310175318,149.33
EK202310170196,136.55
EK202310222979,159.93
EK202310179579,137.3
EK202310131268,142.39
EK202310232636,133.63
EK202310240941,135.42
EK202310162473,146.69
EK202310214960,137.62
EK202310158148,140.87
EK202310240646,158.74
EK202310190660,144.14
EK202310137900,137.0
EK202310105369,137.42
EK202310182640,139.48
EK202310222831,150.43
EK202310158111,142.66
EK202310137268,141.29
EK202310172836,162.89
EK202310130602,130.85
EK202310116478,137.18
EK202310176354,139.11
EK202310136605,140.58
EK202310120400,138.83
EK202310138807,145.33
EK202310158128,148.58
EK202320007743,154.94
EK202310240290,149.2
EK202310176995,153.38
EK202310178489,141.89
EK202310125320,132.51
EK202310158248,146.83
EK202310115199,151.61
EK202310214342,151.23
EK202310164698,135.06
EK202310181281,155.48
EK202310105605,137.57
EK202310117153,135.87
EK202310169108,159.17
EK202310135565,134.16
EK202310176476,138.53
EK202310245673,150.74
EK202310200545,145.79
EK202310147448,155.38
EK202310195084,131.61
EK202310228420,141.55
EK202310136789,132.45
EK202310141614,140.1
EK202310151545,167.87
EK202310183497,139.23
EK202320005693,167.85
EK202310160617,164.26
EK202310207236,136.27
EK202310123254,131.32
EK202310131721,133.12
EK202310129551,137.9
EK202310125982,133.33
EK202310129231,135.12
EK202310237005,132.32
EK202310138431,157.13
EK202310107167,136.66
EK202310180405,131.96
EK202310185138,137.74
EK202310207362,138.42
EK202310188914,137.08
EK202310157622,137.3
EK202310209933,139.59
EK202310191168,145.13
EK202310168227,136.4
EK202310211342,138.84
EK202310166980,141.75
EK202310206475,142.25
EK202310186567,133.02
EK202310227651,134.61
EK202310157161,153.96
EK202310171211,164.63
EK202310132575,136.74
EK202310135453,156.94
EK202310219005,153.75
EK202310186299,137.12
EK202310122783,157.77
EK202310112879,134.78
EK202310236548,137.08
EK202310156862,165.22
EK202310158283,153.19
EK202310220175,140.65
EK202310205692,144.01
EK202310104703,141.23
EK202310201863,126.1
EK202310175191,130.85
EK202310143809,136.02
EK202310228164,142.61
EK202310227395,144.77
EK202310170797,146.45
EK202310147520,165.87
EK202310241613,140.64
EK202310135976,142.88
EK202310248616,136.64
EK202310246754,131.49
EK202310197862,148.64
EK202310177128,152.22
EK202310232113,134.97
EK202310141746,148.37
EK202310168387,151.97
EK202310245345,149.71
EK202310209506,132.97
EK202310180792,152.64
EK202310230504,137.42
EK202310207171,153.5
EK202310123678,134.16
EK202310116185,147.51
EK202310237515,137.91
EK202310168029,155.72
EK202310226787,152.33
EK202310171773,138.4
EK202310213797,145.48
EK202310210449,134.6
EK202310200138,141.27
EK202310124561,136.61
EK202310104095,142.88
EK202310173838,138.83
EK202310188790,135.64
EK202320006026,161.24
EK202310175964,138.68
EK202310246749,136.45
EK202310211166,133.88
EK202310130296,161.66
EK202310133656,145.29
EK202310162528,150.19
EK202310232172,120.92
EK202310126678,137.97
EK202310175006,135.88
EK202310195947,130.67
EK202310175965,151.36
EK202310194000,140.36
EK202310109642,130.6
EK202310234602,136.14
EK202310216505,144.44
EK202310182057,143.06
EK202310205348,161.93
EK202310231919,137.24
EK202310143248,136.97
EK202310170516,141.82
EK202310228644,134.24
EK202310162365,150.81
EK202310221959,137.28
EK202310135830,129.58
EK202310132773,135.61
EK202310116452,153.72
EK202310125827,137.61
EK202310153615,138.76
EK202310104234,140.18
EK202310171291,136.66
EK202310143530,138.28
EK202310199377,148.4
EK202310148675,132.06
EK202310136051,142.5
EK202310108210,139.02
EK202310199466,136.6
EK202310227747,154.21
EK202310247834,134.66
EK202310241529,132.87
EK202310112144,154.96
EK202310182993,152.57
EK202310189245,133.69
EK202310160406,135.34
EK202310200045,135.4
EK202310220419,150.94
EK202310139976,138.68
EK202310004037,121.75
EK202310151229,138.8
EK202310124255,129.09
EK202310112236,150.24
EK202310169836,133.3
EK202310206379,150.71
EK202310237044,130.4
EK202310156899,168.77
EK202310135286,143.42
EK202310233848,143.09
EK202310243867,135.84
EK202310193719,146.54
EK202310115856,128.58
EK202310152769,139.55
EK202310208931,137.38
EK202310166273,138.6
EK202310174146,164.63
EK202310216893,148.17
EK202310200816,152.85
EK202310117687,144.79
EK202310109308,131.34
EK202310130253,168.4
EK202310129353,154.6
EK202310232695,134.47
EK202310168934,143.69
EK202320006147,171.48
EK202310131865,173.17
EK202310154389,148.28
EK202310144452,132.4
EK202310109772,133.51
EK202310142187,158.35
EK202310220392,132.85
EK202310185327,133.14
EK202310147396,152.74
EK202310207907,126.13
EK202310137274,145.6
EK202310192264,142.82
EK202310217353,132.48
EK202310169024,142.16
EK202310168820,152.38
EK202310156728,137.99
EK202310172897,149.4
EK202310141606,138.79
EK202310209150,167.93
EK202310242727,135.53
EK202310172918,139.03
EK202310238608,135.5
EK202310118817,148.43
EK202310209232,132.03
EK202310246528,145.58
EK202310225110,168.83
EK202310196139,138.95
EK202310183805,132.64
EK202310109611,138.5
EK202310165156,131.27
EK202310169977,151.57
EK202320005840,172.47
EK202310164548,155.48
EK202310200636,156.28
EK202310175371,144.13
EK202310149850,158.48
EK202310192563,154.26
EK202310150786,142.21
EK202310232852,138.07
EK202310129104,148.57
EK202310222400,136.93
EK202310238847,138.19
EK202310215409,134.24
EK202310132626,143.31
EK202310209457,135.84
EK202310191648,155.82
EK202310211924,133.72
EK202310123972,159.55
EK202320006941,165.71
EK202310172894,141.25
EK202310201352,128.3
EK202310246908,131.53
EK202310159957,142.18
EK202310208067,141.53
EK202310132399,144.37
EK202310154363,141.18
EK202310190672,137.06
EK202310191938,146.37
EK202310190279,143.14
EK202310205127,147.64
EK202310202799,129.45
EK202310169811,155.42
EK202310131611,150.8
EK202310124021,144.92
EK202310105652,136.79
EK202310133772,133.95
EK202310222132,129.17
EK202310187623,142.34
EK202310138088,131.51
EK202310203335,137.41
EK202310139562,166.21
EK202310239042,134.78
EK202310231151,135.82
EK202310142022,150.49
EK202310227265,138.34
EK202310122491,146.79
EK202310246498,140.53
EK202310237745,141.26
EK202310230083,135.57
EK202310239818,140.94
EK202310109374,137.75
EK202310188938,144.67
EK202310239985,142.09
EK202310190536,141.52
EK202310108454,141.77
EK202310185187,145.35
EK202310214929,161.61
EK202310163742,153.21
EK202310133341,131.19
EK202310123932,134.02
EK202310224048,137.88
EK202310194734,138.22
EK202310233579,133.86
EK202310111120,139.45
EK202310202005,123.97
EK202310170430,140.88
EK202310215966,147.46
EK202310142957,153.21
EK202310238877,133.08
EK202310197380,151.81
EK202310242798,124.94
EK202310118054,142.79
EK202310171995,141.07
EK202310156378,142.81
EK202310209380,136.33
EK202320005988,169.11
EK202310132771,146.23
EK202310196985,161.88
EK202310209813,134.86
EK202310156025,148.14
EK202310119261,137.54
EK202310200800,149.34
EK202310113114,138.23
EK202310176337,168.8
EK202310116221,145.63
EK202310185787,148.41
EK202310161101,160.92
EK202310109179,131.92
EK202310211864,136.05
EK202310233086,139.6
EK202310203086,135.47
EK202310209153,135.99
EK202320006944,153.61
EK202310124624,153.61
EK202310160066,152.74
EK202310212610,154.1
EK202310176922,148.27
EK202310221476,167.24
EK202310178896,143.41
EK202310242101,145.49
EK202310208004,137.35
EK202310217499,133.82
EK202310133817,136.75
EK202310169528,132.47
EK202310239561,163.17
EK202310158179,146.1
EK202310145688,163.69
EK202310242791,141.95
EK202310152257,133.72
EK202310137070,131.98
EK202310146130,135.05
EK202310204201,153.41
EK202310155505,135.14
EK202310154019,144.08
EK202310233453,160.8
EK202310217804,140.51
EK202310172949,146.6
EK202310188635,162.01
EK202310117443,138.47
EK202310160841,136.42
EK202310125406,140.01
EK202310182154,136.69
EK202310118807,142.77
EK202310159569,166.08
EK202310185202,163.8
EK202310240184,134.76
EK202310180957,165.12
EK202310208211,143.95
EK202310152382,151.66
EK202310174048,141.28
EK202310150319,152.39
EK202310152702,146.55
EK202310170820,135.99
EK202320007378,164.36
EK202310131773,137.65
EK202310185301,155.97
EK202310175383,146.2
EK202310170884,135.9
EK202310178300,149.45
EK202310246617,160.79
EK202310238047,133.01
EK202310208163,160.69
EK202310124260,141.51
EK202310128456,134.44
EK202310212256,130.28
EK202310234312,139.62
EK202310104195,150.03
EK202310148897,164.34
EK202310158080,142.38
EK202310219877,143.1
EK202310165158,135.85
EK202310109254,147.05
EK202310185727,151.38
EK202310143277,147.59
EK202310194994,158.7
EK202310243012,154.93
EK202310134903,134.25
EK202310231333,138.44
EK202310156732,167.1
EK202310216366,140.33
EK202310220643,143.63
EK202310165968,133.11
EK202310246411,133.94
EK202310155750,143.44
EK202310190049,151.05
EK202310004189,158.08
EK202310184691,164.36
EK202310111760,140.85
EK202310176428,131.26
EK202310152951,149.48
EK202310104263,146.69
EK202310103997,141.52
EK202310229279,142.41
EK202310157826,135.45
EK202310142511,140.37
EK202310232992,131.79
EK202320007132,175.32
EK202310180745,135.03
EK202310225853,136.99
EK202310198235,145.41
EK202310196329,146.48
EK202310223113,133.96
EK202310166045,155.21
EK202310174983,142.39
EK202310197554,161.93
EK202310215823,139.21
EK202310122372,148.73
EK202310157463,143.13
EK202310175294,139.74
EK202310004183,146.86
EK202310111002,137.48
EK202310132507,170.07
EK202310226239,132.49
EK202310160993,131.6
EK202310177494,140.48
EK202310247179,154.86
EK202310159413,156.33
EK202310205675,130.5
EK202310204805,142.3
EK202310104970,133.47
EK202310143326,145.62
EK202310104508,156.07
EK202310109138,136.47
EK202310155067,135.54
EK202310180368,165.1
EK202310174283,151.83
EK202310164563,139.98
EK202310248605,144.32
EK202310144814,148.9
EK202310151103,140.75
EK202310137749,132.83
EK202310244871,134.14
EK202310231958,140.96
EK202320006420,172.11
EK202310180132,132.95
EK202310208818,135.46
EK202310242680,137.97
EK202310124810,169.11
EK202310179535,144.33
EK202310180039,129.34
EK202310142068,144.62
EK202310241810,138.05
EK202310142213,149.27
EK202310205835,134.84
EK202310176395,137.21
EK202310108817,152.07
EK202310144432,137.36
EK202310164208,138.39
EK202310125282,131.54
EK202310110364,136.91
EK202310147767,148.33
EK202310175310,149.7
EK202310169612,123.84
EK202310177089,138.26
EK202310164613,143.1
EK202310214491,155.02
EK202310159145,165.52
EK202310148143,155.32
EK202310130196,165.44
EK202310140526,138.84
EK202310220135,145.43
EK202310116422,147.87
EK202310121781,133.46
EK202310108897,143.84
EK202310110908,150.71
EK202310219796,143.04
EK202310109152,154.86
EK202310217807,137.56
EK202310115494,134.39
EK202310221948,131.9
EK202320006012,151.59
EK202310119926,136.62
EK202310212680,134.1
EK202310004522,148.01
EK202310200665,152.52
EK202310159142,140.68
EK202310217394,144.16
EK202310247390,171.83
EK202310153429,134.24
EK202310133009,155.45
EK202310183153,141.04
EK202310223238,145.49
EK202310189167,157.19
EK202310167404,143.52
EK202310123436,153.34
EK202310201161,158.84
EK202310202874,138.28
EK202310205144,148.14
EK202310211825,129.82
EK202310119888,143.62
EK202310187594,149.23
EK202310127146,153.77
EK202310115361,146.57
EK202310122062,143.76
EK202310161120,168.0
EK202310119640,151.25
EK202310196025,161.43
EK202310239045,134.45
EK202310197374,158.53
EK202310201644,137.08
EK202310239463,134.78
EK202310234006,141.38
EK202310209744,142.98
EK202310138496,164.99
EK202310159749,165.63
EK202310199933,137.33
EK202310121772,145.53
EK202310150984,139.69
EK202310245852,139.16
EK202310129919,146.62
EK202310203657,153.72
EK202320007279,161.79
EK202310213923,138.21
EK202310004091,134.5
EK202310142372,147.8
EK202320007651,153.67
EK202310188243,158.32
EK202310162087,146.9
EK202310124791,137.02
EK202310111667,136.09
EK202310105642,137.49
EK202310196224,159.83
EK202310159474,131.56
EK202310137962,133.15
EK202310194276,154.07
EK202310155765,138.68
EK202310222240,128.04
EK202310175830,143.33
EK202310115286,144.31
EK202310179252,136.32
EK202310216929,151.04
EK202310158567,135.06
EK202310124273,138.72
EK202310162224,155.43
EK202310165570,166.64
EK202310151292,133.75
EK202310123293,136.23
EK202310151984,140.79
EK202310133891,141.65
EK202310108554,144.6
EK202310108056,153.49
EK202310208276,140.82
EK202310106720,138.98
EK202310164462,136.62
EK202310153370,154.86
EK202310156354,146.35
EK202310120895,141.86
EK202310204021,141.75
EK202310144453,156.28
EK202310187876,145.03
EK202310234386,139.32
EK202310223302,138.7
EK202310198885,135.19
EK202310133774,145.52
EK202310216355,141.63
EK202310170923,139.96
EK202310190308,152.09
EK202310116974,159.71
EK202310147600,151.13
EK202310134725,156.28
EK202310205939,130.99
EK202310166068,136.88
EK202310228965,144.53
EK202310106007,134.55
EK202310192113,158.42
EK202310168030,148.85
EK202310119751,142.72
EK202310196784,138.57
EK202310147073,148.47
EK202310215585,156.07
EK202310176737,136.93
EK202310191426,152.98
EK202310234686,136.06
EK202310173981,134.83
EK202310238285,146.26
EK202310004398,134.75
EK202310227760,141.76
EK202310228813,136.9
EK202310108999,148.71
EK202310170661,141.44
EK202310107069,131.34
EK202310107605,150.01
EK202310149427,164.26
EK202310235767,135.36
EK202310146513,152.1
EK202310134095,129.43
EK202310212824,143.11
EK202310187784,168.22
EK202310220588,143.01
EK202310171664,146.43
EK202310213580,133.78
EK202310117169,134.61
EK202310225689,132.71
EK202310228834,138.72
EK202310199085,146.04
EK202310115337,147.02
EK202310222451,138.11
EK202310120450,139.26
EK202310196902,153.94
EK202310213448,138.7
EK202310194551,149.65
EK202310210607,145.18
EK202310240625,133.01
EK202310232826,141.9
EK202310115580,146.04
EK202310230496,133.53
EK202310153896,137.16
EK202310167421,155.56
EK202310185386,146.59
EK202310226162,145.3
EK202320006296,149.74
EK202310122211,145.73
EK202310120410,140.26
EK202310135887,141.45
EK202310123262,147.24
EK202310116308,134.0
EK202310141964,133.74
EK202310114738,139.68
EK202320007799,145.22
EK202310135945,153.12
EK202310152049,135.32
EK202310159468,133.11
EK202310137922,137.75
EK202310137799,136.53
EK202310185003,156.62
EK202310183141,136.27
EK202310179706,128.97
EK202310226300,137.12
EK202310209408,146.44
EK202310224094,136.43
EK202310155840,139.65
EK202310153392,146.63
EK202310119916,144.5
EK202310189485,138.61
EK202310153973,155.68
EK202310143859,141.92
EK202310209322,150.42
EK202310219928,137.73
EK202310177843,145.76
EK202310235521,145.4
EK202310227218,144.39
EK202310120634,135.78
EK202310237236,135.07
EK202310174275,166.04
EK202310207517,141.44
EK202310197066,137.15
EK202310235418,137.13
EK202310229043,139.91
EK202310232518,136.39
EK202310127726,140.07
EK202310216259,163.65
EK202310132033,139.19
EK202310204271,148.96
EK202310194461,152.42
EK202310202541,145.49
EK202310201397,149.21
EK202310169275,144.31
EK202310115278,140.3
EK202310157300,155.06
EK202310111329,139.1
EK202310132731,163.16
EK202310107770,148.94
EK202310131063,153.71
EK202310212722,150.94
EK202310172610,154.43
EK202310243791,132.53
EK202310219499,133.08
EK202310131588,140.74
EK202310217120,141.29
EK202310172169,155.35
EK202310133205,139.22
EK202310190824,155.24
EK202310119229,147.09
EK202310172059,152.05
EK202320006521,157.04
EK202310221989,146.45
EK202310178785,165.61
EK202310183830,142.57
EK202310168297,143.34
EK202310127675,131.74
EK202310172854,138.66
EK202310176515,151.85
EK202310154731,147.86
EK202310213784,150.79
EK202310150574,150.71
EK202310130454,141.76
EK202310131489,157.26
EK202310174498,151.21
EK202310103853,146.71
EK202320007395,156.44
EK202310182375,150.73
EK202310146376,151.93
EK202310236179,126.05
EK202310149241,135.74
EK202310135136,138.38
EK202310140867,148.51
EK202310223502,134.39
EK202310243943,141.13
EK202310174164,147.95
EK202310158044,147.76
EK202310148103,139.32
EK202310156336,166.92
EK202310190263,156.3
EK202310176162,153.44
EK202310129272,146.44
EK202310199173,131.39
EK202310150794,132.97
EK202310207717,149.71
EK202310109712,142.8
EK202310142567,158.51
EK202310117141,143.42
EK202310204093,136.93
EK202310241706,153.69
EK202310183611,163.73
EK202310233211,147.05
EK202320005748,156.31
EK202310124159,134.39
EK202310138315,127.95
EK202310193796,163.34
EK202310218166,159.4
EK202310229779,145.69
EK202310131658,148.95
EK202310229978,128.32
EK202310171658,139.06
EK202310121521,133.74
EK202310190841,144.39
EK202310104228,145.66
EK202310113040,137.51
EK202310131735,153.19
EK202310170151,146.62
EK202310124366,133.64
EK202310149451,152.26
EK202310206552,140.23
EK202310129905,142.9
EK202310227850,135.16
EK202310235398,135.0
EK202310218108,129.94
EK202310157681,127.73
EK202310214538,144.21
EK202310201752,152.52
EK202310105353,146.24
EK202310106768,127.78
EK202310200116,168.78
EK202310127715,138.71
EK202310105124,147.83
EK202310198102,140.51
EK202310106141,140.22
EK202310165059,145.45
EK202310163969,154.34
EK202310163911,163.99
EK202310160055,149.49
EK202310126497,134.71
EK202310189545,155.2
EK202310187535,144.02
EK202310224997,134.87
EK202310147587,138.45
EK202310130969,140.25
EK202310157178,160.6
EK202310150244,135.44
EK202310114255,157.87
EK202310214855,144.44
EK202310158832,156.58
EK202310143631,130.93
EK202310206903,148.93
EK202310213965,154.45
EK202310140974,154.09
EK202310243752,147.77
EK202310230647,144.94
EK202310110490,134.4
EK202310168466,139.77
EK202310138755,156.15
EK202310169502,134.6
EK202310203430,173.71
EK202310163679,139.36
EK202310157628,136.13
EK202310224841,136.83
EK202310153096,168.89
EK202310116043,134.1
EK202310201955,131.15
EK202310240755,133.63
EK202310215391,163.61
EK202310120508,133.78
EK202310166816,141.46
EK202310197615,165.36
EK202310149113,151.67
EK202310187571,130.5
EK202310234394,136.19
EK202310204787,145.45
EK202310170562,163.85
EK202310158575,146.27
EK202310200164,141.83
EK202310167493,140.97
EK202310181034,147.82
EK202310167070,134.13
EK202310221166,123.08
EK202310157175,144.07
EK202310148464,142.85
EK202310143208,152.12
EK202310139027,132.21
EK202310224872,131.73
EK202310173761,151.95
EK202310234649,139.25
EK202310134946,168.92
EK202310132145,150.61
EK202310124351,135.53
EK202310240711,133.85
EK202310228181,135.28
EK202310152792,132.51
EK202310218480,155.77
EK202310233680,163.23
EK202310226082,148.16
EK202310166293,159.23
EK202310178413,161.69
EK202310192848,144.68
EK202310169316,138.52
EK202320006913,161.08
EK202310108324,129.37
EK202310209693,154.76
EK202310108004,160.25
EK202310198846,154.07
EK202310219677,145.24
EK202310164857,141.29
EK202310147656,152.94
EK202310145013,135.15
EK202310147368,151.33
EK202310170036,134.64
EK202310120376,147.55
EK202310150683,135.18
EK202310240238,152.31
EK202310217185,168.27
EK202310164586,144.64
EK202310198428,150.7
EK202310233407,135.89
EK202310163412,132.59
EK202310151118,136.01
EK202310206940,166.15
EK202310229350,138.2
EK202310118968,137.47
EK202320006106,168.76
EK202310201360,134.69
EK202310214617,153.0
EK202310230798,138.11
EK202310131993,131.68
EK202310165856,158.67
EK202310208421,129.78
EK202310140732,137.17
EK202310134224,140.34
EK202310108759,141.27
EK202310115586,145.23
EK202310166328,136.23
EK202310104171,143.36
EK202310218466,137.49
EK202310186769,144.15
EK202310231774,134.1
EK202310130856,133.31
EK202310199243,154.57
EK202310178583,133.81
EK202310231077,136.59
EK202310232984,127.6
EK202310204584,132.58
EK202310210808,141.37
EK202310243853,136.94
EK202310114871,141.31
EK202310220680,129.48
EK202310225716,136.58
EK202310171582,142.07
EK202310153093,145.32
EK202310170911,138.6
EK202310165452,158.67
EK202310235729,133.72
EK202310175158,137.97
EK202310161650,163.62
EK202310179057,146.97
EK202310173343,142.88
EK202310188221,141.45
EK202310207572,145.54
EK202310126999,138.26
EK202310121103,137.29
EK202310186391,143.18
EK202310210239,141.34
EK202310195085,141.1
EK202310160300,135.13
EK202310199891,138.73
EK202310163707,138.11
EK202310196523,150.79
EK202310234859,139.08
EK202310231803,137.87
EK202310136798,131.04
EK202310244538,140.45
EK202310004017,142.16
EK202320006492,154.24
EK202310185950,140.43
EK202310130639,135.62
EK202320005689,147.76
EK202320006687,159.87
EK202310167248,136.71
EK202310134731,142.3
EK202310179818,132.08
EK202310147913,150.67
EK202310153980,158.32
EK202310117979,141.52
EK202310149501,148.93
EK202310236960,139.33
EK202310181994,141.27
EK202310170364,131.89
EK202310173530,140.25
EK202310111439,127.18
EK202310222093,133.76
EK202310144055,134.76
EK202310214164,135.7
EK202310177168,154.76
EK202310233756,143.48
EK202310154451,148.59
EK202310193603,143.23
EK202310210012,133.44
EK202310109490,139.27
EK202310161365,154.53
EK202310153596,140.96
EK202310171021,156.06
EK202310135046,149.05
EK202310105468,130.46
EK202310180678,158.25
EK202310123763,145.54
EK202310137466,143.97
EK202310138581,172.36
EK202310221347,146.64
EK202310175567,143.65
EK202310136752,143.4
EK202310129734,159.35
EK202310120365,144.11
EK202310127797,140.34
EK202310183416,148.96
EK202310239153,150.38
EK202310222246,140.89
EK202310144082,136.17
EK202310226435,136.56
EK202310110236,147.89
EK202310172009,140.79
EK202310152432,152.73
EK202310219667,143.84
EK202310202548,157.09
EK202310179444,137.47
EK202310110933,136.49
EK202310112714,143.73
EK202310129776,160.41
EK202310184025,149.08
EK202310199495,146.68
EK202310120853,143.01
EK202310110965,142.42
EK202310125670,138.22
EK202310129995,158.62
EK202310228248,134.88
EK202310128534,134.98
EK202310183479,145.54
EK202310159882,147.98
EK202310224442,134.16
EK202310119875,153.19
EK202310165118,139.83
EK202310003461,136.71
EK202310127902,132.18
EK202310241227,159.34
EK202310177075,127.87
EK202310195321,147.44
EK202310109724,167.39
EK202310224884,129.83
EK202310246986,141.26
EK202310180027,145.92
EK202310143531,145.99
EK202310180604,140.47
EK202310241988,155.66
EK202310109076,143.63
EK202310117902,137.21
EK202310215898,136.19
EK202310134539,139.41
EK202310239440,138.79
EK202310230665,136.77
EK202310172063,144.02
EK202310126450,134.41
EK202310229116,140.54
EK202310178898,147.56
EK202310111721,147.96
EK202310170101,160.08
EK202310158581,151.68
EK202310157015,164.15
EK202310229038,138.48
EK202310222680,141.72
EK202310111285,144.06
EK202310222575,160.84
EK202310156621,173.8
EK202310199481,138.92
EK202310204046,159.09
EK202310219609,132.18
EK202310222642,134.39
EK202310199140,136.28
EK202310200730,143.53
EK202310139007,138.57
EK202310126900,134.72
EK202310228039,140.14
EK202310177276,138.11
EK202310233570,132.58
EK202310237169,138.12
EK202310238023,153.2
EK202310127838,131.77
EK202310232618,135.04
EK202310114863,144.25
EK202310196485,138.38
EK202310128223,130.75
EK202310121663,139.76
EK202310111075,149.38
EK202310131404,134.99
EK202310104361,135.73
EK202310188771,137.82
EK202310166069,164.8
EK202310225476,123.63
EK202310118945,139.81
EK202310203625,142.88
EK202310245898,136.91
EK202310197749,144.72
EK202310185073,139.11
EK202310114565,143.6
EK202310151446,152.03
EK202310206021,137.04
EK202310179791,144.27
EK202310205394,134.97
EK202310166488,162.16
EK202310106840,134.56
EK202310115082,144.61
EK202310173564,140.43
EK202310205877,159.03
EK202310152051,140.01
EK202310144703,135.05
EK202310130259,156.42
EK202310177228,146.87
EK202310218957,142.44
EK202310142498,151.98
EK202310119549,133.06
EK202310233725,132.33
EK202310233810,141.62
EK202310210342,137.02
EK202310142303,142.4
EK202310227362,133.83
EK202310212631,141.08
EK202310148066,144.04
EK202310115133,143.69
EK202310145502,133.3
EK202310151385,167.11
EK202310245859,141.03
EK202310222753,137.32
EK202310170556,148.04
EK202310186591,136.26
EK202310141795,153.28
EK202310129475,150.73
EK202310117335,138.02
EK202310219091,141.15
EK202310224742,133.95
EK202310153827,166.03
EK202310159244,145.17
EK202310218618,135.14
EK202310229622,136.51
EK202310212905,135.78
EK202310190075,139.02
EK202310190265,153.46
EK202310168559,132.05
EK202310215223,141.7
EK202310231305,136.23
EK202310220211,138.53
EK202310183222,140.01
EK202310141182,141.6
EK202310227695,134.92
EK202310233303,133.46
EK202310108658,136.47
EK202310157889,137.9
EK202310176473,138.03
EK202310235635,139.77
EK202310127390,143.17
EK202310137562,150.51
EK202310104205,147.53
EK202310174206,134.87
EK202310212816,151.99
EK202310147436,143.01
EK202310180611,146.35
EK202310210354,146.82
EK202310189663,135.93
EK202310119259,144.94
EK202310235125,136.64
EK202310246750,143.17
EK202310218896,138.31
EK202310203786,137.62
EK202310180913,138.54
EK202310124372,142.31
EK202310165379,138.34
EK202310180954,161.5
EK202310145852,138.16
EK202310236766,132.76
EK202310134276,152.14
EK202310121348,147.46
EK202310141601,138.83
EK202310128602,132.66
EK202310110423,133.74
EK202310145558,148.48
EK202310155126,152.04
EK202310148031,157.0
EK202310174648,143.01
EK202310107125,149.56
EK202310206336,169.73
EK202310244639,133.36
EK202310225703,125.21
EK202310246590,159.07
EK202310162037,147.91
EK202310214389,156.26
EK202310186078,140.14
EK202310237892,139.34
EK202310139019,147.81
EK202310144411,140.03
EK202310121887,139.24
EK202310182472,133.44
EK202310110577,136.21
EK202310217458,146.67
EK202310206751,160.02
EK202310135834,148.58
EK202310129936,144.48
EK202310193629,147.4
EK202310109058,140.48
EK202310229608,140.35
EK202310201686,142.55
EK202310206823,137.76
EK202310109660,128.42
EK202310202418,146.29
EK202310140335,139.57
EK202310198168,139.54
EK202310117989,142.72
EK202310110082,140.68
EK202310227199,132.26
EK202310219307,162.33
EK202310236825,134.26
EK202310114629,148.0
EK202310180370,160.49
EK202310145206,153.74
EK202310108111,141.31
EK202310226175,138.84
EK202310227223,156.5
EK202310199795,141.99
EK202310228694,139.01
EK202310217385,142.72
EK202310104812,141.16
EK202310216111,138.31
EK202310176703,148.73
EK202310240602,137.91
EK202310103728,137.38
EK202310220868,131.08
EK202310114579,141.19
EK202310165033,140.45
EK202310150030,152.87
EK202310201296,154.79
EK202310105195,144.68
EK202310213553,141.13
EK202310162788,152.36
EK202310216325,136.58
EK202310144613,150.71
EK202310226580,134.3
EK202310229109,130.49
EK202310124954,169.66
EK202310205954,132.85
EK202310179712,127.88
EK202310193847,144.59
EK202310175822,133.49
EK202310116359,128.41
EK202320006662,171.47
EK202310111520,139.17
EK202310213288,139.38
EK202310191137,155.02
EK202310132404,139.76
EK202310201570,144.86
EK202310203322,140.81
EK202310143258,146.75
EK202310241669,144.28
EK202310190261,150.63
EK202310145096,133.82
EK202310231686,142.21
EK202310163789,140.49
EK202310196402,143.0
EK202310230132,138.68
EK202310155673,134.19
EK202310210437,138.17
EK202310107353,132.54
EK202310219475,138.53
EK202310232408,135.76
EK202310152774,124.92
EK202310200770,153.65
EK202310185372,141.49
EK202310119209,146.48
EK202310131238,141.33
EK202310162969,136.21
EK202310127182,144.15
EK202310245830,124.94
EK202310205893,134.72
EK202310104756,142.35
EK202310153892,150.44
EK202310244027,152.13
EK202310163145,143.17
EK202310165966,140.92
EK202310185338,152.48
EK202310004564,123.37
EK202310246545,131.34
EK202310243927,145.53
EK202310171098,143.01
EK202310226637,128.69
EK202310240501,140.44
EK202310213124,139.45
EK202310185369,149.91
EK202310184650,163.28
EK202310191710,133.96
EK202310186505,137.06
EK202310246315,146.38
EK202310128179,143.84
EK202310218717,133.49
EK202310140183,137.31
EK202310218416,132.93
EK202310104512,147.33
EK202310148024,144.44
EK202310211056,137.82
EK202310212788,142.43
EK202310151708,154.23
EK202310192193,148.45
EK202310147119,149.12
EK202310134171,151.54
EK202310120405,142.98
EK202310197432,130.74
EK202310116473,150.37
EK202310148941,145.99
EK202310225424,152.0
EK202310160249,158.97
EK202310177564,134.59
EK202310147712,134.05
EK202310130033,139.71
EK202310161738,143.33
EK202310225844,126.15
EK202310200581,165.67
EK202310155845,147.45
EK202310121666,133.9
EK202310124396,138.56
EK202310234458,137.67
EK202310122157,136.94
EK202310122028,155.53
EK202310178168,142.99
EK202320006120,148.26
EK202310104089,144.69
EK202310130047,128.75
EK202310233902,138.48
EK202310145593,138.68
EK202310145435,142.93
EK202310121638,146.81
EK202310175711,152.79
EK202310178650,137.66
EK202310209932,129.49
EK202310150842,140.19
EK202310176075,122.55
EK202310225913,154.81
EK202310223616,141.51
EK202310177498,134.59
EK202310210293,137.37
EK202310243077,142.91
EK202310120981,133.13
EK202310161599,141.68
EK202310199852,146.06
EK202310152182,149.82
EK202310201657,153.88
EK202310108940,150.66
EK202310167429,147.02
EK202310245926,144.34
EK202310152784,143.6
EK202310124342,131.05
EK202310161267,148.65
EK202310145118,126.44
EK202310124701,135.35
EK202310144618,140.89
EK202310233384,138.5
EK202310207039,152.69
EK202310190234,133.84
EK202310198686,143.22
EK202310120341,146.65
EK202310247847,139.27
EK202310003450,151.42
EK202310134573,140.2
EK202310116321,132.73
EK202310202729,142.42
EK202310225102,157.62
EK202320007842,148.03
EK202310185093,141.02
EK202310147662,151.12
EK202310202843,136.73
EK202310233390,134.55
EK202310136750,144.28
EK202310132231,132.29
EK202310229820,135.7
EK202310198900,128.99
EK202310112722,143.31
EK202310124481,135.02
EK202310168703,129.81
EK202310215506,152.76
EK202310227298,136.07
EK202310162425,148.57
EK202310147420,133.12
EK202310230006,147.36
EK202310107551,156.54
EK202310245496,138.16
EK202310121500,136.01
EK202310137045,129.25
EK202310004368,132.98
EK202310124048,136.82
EK202310123230,149.76
EK202310003475,131.2
EK202310129436,144.25
EK202310202223,152.31
EK202310135682,139.97
EK202310113775,148.78
EK202310143850,142.64
EK202310199362,152.15
EK202310206686,141.26
EK202310134277,147.63
EK202310244824,134.73
EK202310127241,152.21
EK202310153015,149.94
EK202310183863,129.45
EK202310194062,145.39
EK202310137570,146.16
EK202310105406,153.76
EK202310211726,140.4
EK202310140163,154.94
EK202310151370,138.31
EK202310183307,131.14
EK202310209242,132.97
EK202310201596,138.46
EK202310148319,145.04
EK202310212091,131.19
EK202310231030,136.8
EK202310111993,135.18
EK202310156211,159.37
EK202310104592,136.76
EK202310133538,145.41
EK202310143489,125.09
EK202310108608,141.61
EK202310209410,146.58
EK202310196298,170.38
EK202310200348,140.2
EK202310130825,129.14
EK202310211388,153.21
EK202310151265,134.29
EK202310161779,147.71
EK202310117949,149.14
EK202310204507,155.53
EK202310104001,138.08
EK202310217266,140.85
EK202310210738,134.27
EK202310179516,141.94
EK202310185260,140.79
EK202310117134,134.67
EK202310218620,133.3
EK202310118920,149.25
EK202310174953,158.94
EK202310235880,164.96
EK202310246765,129.99
EK202310151192,135.16
EK202310218327,133.07
EK202310184977,149.85
EK202310106156,135.68
EK202310174601,132.05
EK202310242933,127.66
EK202320006248,164.09
EK202310155266,148.99
EK202310118205,151.7
EK202320007868,152.83
EK202310122476,138.67
EK202310246704,137.76
EK202310154390,137.78
EK202310208154,140.92
EK202310130903,132.36
EK202310244992,143.26
EK202310141315,145.14
EK202310119220,138.59
EK202310245411,139.08
EK202310122328,140.25
EK202310145979,136.03
EK202310137109,133.5
EK202310107808,142.14
EK202310237598,144.91
EK202310150637,148.54
EK202310115093,142.04
EK202310121973,142.23
EK202310201313,139.69
EK202310171481,157.78
EK202310151406,164.65
EK202310201141,152.95
EK202310179223,136.49
EK202310195934,165.45
EK202310142396,154.33
EK202310161167,145.99
EK202310166581,151.7
EK202310247520,149.75
EK202310113867,147.7
EK202310124498,133.06
EK202310156133,146.01
EK202310199597,142.29
EK202310161135,163.03
EK202310215679,143.31
EK202310238774,131.73
EK202310196868,134.48
EK202310112295,140.4
EK202310235239,144.91
EK202310127731,155.66
EK202310230868,135.84
EK202310217903,141.3
EK202310172613,136.39
EK202310129229,153.5
EK202310190368,156.69
EK202310162297,132.9
EK202310222739,128.78
EK202310161749,137.21
EK202310155297,141.73
EK202310108502,151.12
EK202310130801,148.92
EK202310231593,132.67
EK202310125919,145.54
EK202310209411,138.42
EK202310179339,135.8
EK202310187200,160.7
EK202310146890,142.19
EK202310166979,138.44
EK202310237165,146.3
EK202310152579,147.72
EK202310003917,148.82
EK202310235269,158.46
EK202310108468,142.11
EK202310143968,136.96
EK202310160042,126.7
EK202310203662,150.59
EK202310151437,155.72
EK202310144465,142.26
EK202310190402,152.83
EK202310134264,129.52
EK202310234082,144.71
EK202310210958,138.42
EK202310139701,134.29
EK202310143670,165.76
EK202310144634,141.04
EK202310141663,143.4
EK202310137665,137.85
EK202310205722,135.94
EK202310151909,142.26
EK202310221195,134.88
EK202310137582,144.71
EK202310194278,137.1
EK202310128272,136.73
EK202310106468,163.87
EK202310144004,137.03
EK202310128173,160.24
EK202310111420,142.77
EK202310120296,135.55
EK202310200950,149.67
EK202310175501,145.85
EK202310120331,144.58
EK202310228878,161.05
EK202310182513,168.11
EK202310146179,132.08
EK202310122722,137.81
EK202310105824,142.66
EK202310153125,166.97
EK202310245447,137.21
EK202310119032,136.77
EK202310121833,129.12
EK202310241687,131.9
EK202310239324,152.78
EK202310164441,132.67
EK202310140020,158.66
EK202310130010,147.07
EK202310121272,137.13
EK202310155947,141.33
EK202310235396,146.4
EK202310142223,155.8
EK202310112225,147.68
EK202310169440,144.69
EK202310136706,155.71
EK202310216973,136.11
EK202310226784,145.3
EK202310221041,133.52
EK202310231770,139.87
EK202310145329,156.62
EK202310134603,153.35
EK202310186803,151.87
EK202310004747,136.99
EK202310140470,144.77
EK202310195581,135.26
EK202310150690,141.69
EK202310107903,142.56
EK202310192146,143.33
EK202310148551,162.81
EK202310106261,136.08
EK202310146170,137.69
EK202310136162,137.25
EK202310113122,142.5
EK202310163718,126.32
EK202310183205,154.28
EK202310200858,158.75
EK202310196929,170.23
EK202310171438,168.81
EK202310174765,145.66
EK202310124046,138.18
EK202310152264,138.76
EK202310213792,158.13
EK202310165171,165.32
EK202310162758,141.19
EK202310143468,141.24
EK202310180043,128.77
EK202310147871,162.0
EK202310164549,141.95
EK202310201642,144.49
EK202310109113,139.94
EK202310174688,151.06
EK202310248259,140.27
EK202310185782,140.37
EK202310110936,137.13
EK202310117421,142.44
EK202310142478,132.27
EK202310141930,141.17
EK202310243981,129.97
EK202310172266,135.55
EK202310228140,132.39
EK202310176614,147.49
EK202310233607,157.83
EK202310106233,127.44
EK202310162621,170.19
EK202310190940,139.48
EK202310219344,157.81
EK202310154188,153.15
EK202310219915,136.71
EK202310166730,155.52
EK202310117725,135.49
EK202310166726,142.01
EK202310163657,151.28
EK202310228898,142.45
EK202310184184,146.28
EK202310125372,134.12
EK202310119495,137.13
EK202310117082,135.78
EK202310146291,142.69
EK202310241466,134.45
EK202310150849,140.08
EK202310202757,151.24
EK202310182560,142.19
EK202310112973,136.59
EK202310213514,136.39
EK202310221393,166.76
EK202310158310,166.75
EK202310140347,132.76
EK202310175551,149.15
EK202310180868,141.26
EK202320006868,171.77
EK202310248257,144.19
EK202310180309,150.23
EK202310229558,135.65
EK202310115971,134.62
EK202310160935,140.88
EK202310157633,140.51
EK202310146143,133.94
EK202310186183,151.51
EK202310211422,148.58
EK202310161977,162.76
EK202320006500,172.1
EK202310150314,152.07
EK202310110846,141.45
EK202310203222,144.66
EK202310129532,142.48
EK202310129904,145.04
EK202310186467,149.54
EK202310147117,147.3
EK202310116424,143.06
EK202310149442,150.55
EK202310104505,149.34
EK202310121773,145.78
EK202310127109,142.51
EK202310201894,173.63
EK202310188361,146.67
EK202310193295,150.51
EK202310177870,139.73
EK202310113628,136.33
EK202310139300,143.58
EK202310142961,156.07
EK202310105639,133.02
EK202310200187,140.76
EK202310235386,144.18
EK202310201587,155.41
EK202310139029,135.6
EK202310170332,147.45
EK202310104539,144.34
EK202310221009,145.32
EK202310111917,139.86
EK202310155020,141.12
EK202310209995,136.98
EK202310201277,151.04
EK202310142737,152.71
EK202310226601,140.74
EK202310248195,138.8
EK202310181017,143.7
EK202310141427,144.08
EK202310231407,133.74
EK202310137086,135.85
EK202310125507,135.71
EK202310122987,124.61
EK202310200912,130.69
EK202310104251,131.0
EK202310195674,162.69
EK202310223438,140.19
EK202310153194,159.03
EK202310213990,144.63
EK202310162781,134.89
EK202310187211,157.39
EK202310176227,147.26
EK202310234676,135.91
EK202310125148,144.25
EK202310177679,144.43
EK202310120787,139.89
EK202310145311,144.8
EK202310122627,142.15
EK202310201377,147.49
EK202310212640,142.42
EK202310123690,131.1
EK202310111428,143.55
EK202310231233,138.32
EK202310205587,157.42
EK202310126571,133.67
EK202310145090,142.38
EK202320006877,154.1
EK202310172065,134.5
EK202310198983,142.31
EK202310169546,130.42
EK202310111317,138.84
EK202310119424,149.96
EK202310135345,160.66
EK202310118372,129.5
EK202310170295,146.81
EK202310190557,131.46
EK202310200195,141.66
EK202310131868,167.59
EK202310158562,130.09
EK202310150891,134.46
EK202310151386,164.01
EK202310243101,134.42
EK202310146970,146.39
EK202310194638,144.66
EK202310142085,135.02
EK202310155341,136.93
EK202310226663,136.71
EK202310183726,159.35
EK202310189308,158.48
EK202310198713,171.9
EK202310202117,154.51
EK202310163684,134.01
EK202310111102,135.86
EK202310127044,138.77
EK202310118453,143.95
EK202310128214,135.24
EK202310135042,167.94
EK202310126915,133.0
EK202310147166,159.94
EK202310233052,136.19
EK202310141703,133.62
EK202310164168,137.75
EK202310156751,159.18
EK202310146541,136.9
EK202310184817,165.44
EK202310195187,154.09
EK202310168677,146.8
EK202310188486,137.52
EK202310224018,166.02
EK202310172986,141.12
EK202310161060,160.6
EK202310178666,139.0
EK202310166665,148.0
EK202310141091,155.63
EK202310191127,137.28
EK202310189382,141.33
EK202310172890,137.46
EK202310171361,145.74
EK202310186346,133.06
EK202310189932,138.67
EK202310189293,178.31
EK202310171610,134.5
EK202310239231,133.53
EK202310201004,128.39
EK202310178301,157.14
EK202310246066,136.07
EK202310243993,155.59
EK202310240850,134.5
EK202310115127,142.48
EK202310232199,126.34
EK202310217063,142.27
EK202310115674,135.32
EK202310110226,150.64
EK202310181037,144.44
EK202310004136,139.82
EK202310159843,161.1
EK202310126952,131.29
EK202310230766,139.61
EK202310110797,128.65
EK202310231475,134.32
EK202310135719,146.51
EK202310145051,134.76
EK202310113543,143.41
EK202310159237,140.94
EK202310238856,133.51
EK202310121123,137.27
EK202310192625,146.86
EK202310170391,136.68
EK202310141783,145.4
EK202310117317,134.52
EK202310159443,124.75
EK202310224692,166.84
EK202310129133,149.86
EK202310118922,138.67
EK202310187333,134.97
EK202310149791,154.76
EK202310231752,138.75
EK202310130461,144.92
EK202310151790,137.1
EK202310156693,136.94
EK202310138274,169.94
EK202310217407,148.02
EK202310115388,140.06
EK202310145689,143.61
EK202310104824,135.59
EK202310247570,149.72
EK202310197035,131.75
EK202310230114,140.69
EK202310105854,144.66
EK202310187457,140.95
EK202310192506,143.23
EK202310140455,131.68
EK202310226538,133.06
EK202310175408,135.16
EK202310132765,141.98
EK202310193721,146.35
EK202310151285,157.82
EK202310178760,162.16
EK202310149663,140.9
EK202310219711,138.37
EK202310217272,157.45
EK202310238355,136.84
EK202310188659,147.43
EK202310205449,128.96
EK202310233265,161.33
EK202310109651,133.75
EK202310226933,139.28
EK202310159603,137.38
EK202310105868,145.62
EK202310171812,139.42
EK202310176259,150.42
EK202310122912,166.07
EK202310184013,165.81
EK202310179868,137.1
EK202310176252,151.3
EK202310239466,138.07
EK202310228949,136.16
EK202310169903,151.09
EK202310209528,145.87
EK202310213123,143.51
EK202310173452,120.99
EK202310230252,141.73
EK202310106835,129.42
EK202320007700,154.75
EK202310198359,132.43
EK202310180758,147.49
EK202310227440,129.23
EK202310239839,141.11
EK202310145401,146.91
EK202310131446,144.84
EK202310121079,143.58
EK202310159312,165.74
EK202310167080,158.67
EK202310110131,140.17
EK202310173862,140.57
EK202310184021,161.05
EK202310223793,147.62
EK202310190740,152.73
EK202310165164,135.65
EK202310136762,138.04
EK202310187434,143.81
EK202310212919,147.88
EK202310147933,142.07
EK202310217428,135.12
EK202310163195,140.38
EK202310144020,141.88
EK202310226546,135.04
EK202310172034,137.3
EK202310113666,146.88
EK202310189588,132.77
EK202310107725,142.58
EK202310195274,137.67
EK202310180008,137.11
EK202310164031,132.26
EK202310229645,135.78
EK202310125934,140.8
EK202310218196,139.33
EK202310119725,147.45
EK202310133573,138.18
EK202310219254,168.08
EK202310105775,141.38
EK202310163730,143.72
EK202310119408,154.67
EK202310134331,147.39
EK202310138761,151.14
EK202310126020,138.3
EK202310128964,142.8
EK202310225868,145.15
EK202310217967,130.43
EK202310222323,146.37
EK202310206855,138.19
EK202310152085,165.89
EK202310004023,149.85
EK202310211193,146.11
EK202310189925,149.54
EK202310152235,151.36
EK202310189056,145.12
EK202310242595,133.2
EK202310140195,147.47
EK202310181500,141.27
EK202310171216,142.74
EK202310209110,143.55
EK202310246479,136.67
EK202310194938,156.75
EK202310224895,138.97
EK202310195509,139.54
EK202310173849,125.63
EK202310116837,151.13
EK202310105574,137.24
EK202310196041,158.44
EK202310122385,135.74
EK202310193454,137.66
EK202310124125,142.55
EK202310180862,133.56
EK202310234723,140.93
EK202310126036,140.96
EK202310171137,153.62
EK202310233393,132.33
EK202310132926,137.21
EK202310160365,136.12
EK202310211274,144.92
EK202310225058,166.11
EK202310194840,146.05
EK202310216072,121.84
EK202310224888,161.68
EK202310003930,137.84
EK202310187789,167.33
EK202310237317,135.56
EK202310188643,153.57
EK202310163618,164.64
EK202310216984,148.47
EK202310243216,146.0
EK202310111010,138.81
EK202310140852,143.0
EK202310114085,146.15
EK202310123385,139.36
EK202310222159,135.16
EK202310203038,145.41
EK202320005703,171.45
EK202320006527,153.53
EK202310234277,140.24
EK202310135781,136.66
EK202310157465,146.33
EK202310178744,149.57
EK202310238253,145.61
EK202310122583,134.79
EK202310214372,144.39
EK202310174457,145.79
EK202310167149,137.28
EK202310228958,137.49
EK202310157246,142.96
EK202310148323,150.0
EK202310174823,153.24
EK202310165142,144.39
EK202310207746,133.0
EK202310245090,138.07
EK202310181612,146.12
EK202310217652,129.64
EK202310161957,139.16
EK202310116818,145.53
EK202310180631,151.77
EK202310158422,152.78
EK202310195969,152.93
EK202310226142,139.84
EK202310199652,165.44
EK202310150930,152.02
EK202310148331,139.07
EK202310189171,151.95
EK202310194950,147.29
EK202310242729,138.72
EK202310221050,137.5
EK202310105169,141.85
EK202310231810,136.38
EK202310201600,163.8
EK202310173892,143.29
EK202310103909,146.1
EK202310207543,143.51
EK202310217532,133.65
EK202310131408,133.88
EK202310216303,140.38
EK202310207214,141.05
EK202310237069,142.02
EK202310130210,147.92
EK202310148179,154.72
EK202310230098,129.56
EK202310106540,130.55
EK202310247875,131.57
EK202310131197,152.96
EK202310213017,138.7
EK202310226797,143.73
EK202310124853,141.36
EK202310219648,135.3
EK202310242013,137.52
EK202310190443,135.73
EK202310142718,127.51
EK202310173178,139.33
EK202310125534,135.46
EK202310122118,142.68
EK202310151782,147.14
EK202310142165,134.83
EK202310120956,135.75
EK202310158163,148.03
EK202310110021,136.24
EK202310196057,158.4
EK202310199008,144.94
EK202310003987,158.82
EK202310240352,145.04
EK202310165694,139.28
EK202310232204,134.97
EK202310125243,134.61
EK202310171212,144.25
EK202310165904,136.49
EK202310156703,131.59
EK202310161254,147.84
EK202310141589,136.09
EK202310139870,146.79
EK202310003550,141.84
EK202310004721,138.58
EK202310237716,143.57
EK202310162213,146.89
EK202310231470,138.99
EK202310165710,153.47
EK202310219597,128.05
EK202310177018,144.45
EK202310113173,138.96
EK202310161177,139.56
EK202310105482,135.51
EK202310178942,148.04
EK202310105694,148.04
EK202310120998,145.97
EK202310216864,158.86
EK202310198211,147.26
EK202310118620,162.21
EK202310221238,133.02
EK202310161217,144.83
EK202310218766,144.21
EK202310128213,134.35
EK202310137523,163.7
EK202310210262,130.55
EK202310155407,136.2
EK202310156355,153.44
EK202310171504,149.81
EK202310205541,140.74
EK202310165351,135.56
EK202310247442,145.38
EK202310131239,132.49
EK202310169672,130.23
EK202310118977,143.0
EK202310235793,142.52
EK202310200392,146.7
EK202310164965,132.04
EK202310171249,148.38
EK202310106318,132.33
EK202310237266,132.54
EK202310147471,138.78
EK202310194031,135.86
EK202310192307,147.25
EK202310181117,126.58
EK202310116526,148.57
EK202310194824,160.48
EK202310162842,159.42
EK202310181349,131.49
EK202310164261,154.23
EK202310131101,141.59
EK202310151625,139.68
EK202310141286,153.41
EK202310241249,158.21
EK202310212872,134.46
EK202310226815,133.81
EK202310141152,147.78
EK202310235794,133.59
EK202310229993,137.01
EK202310147668,151.43
EK202310164475,139.32
EK202310110039,141.78
EK202310187421,139.1
EK202310215044,153.3
EK202310105965,135.6
EK202310120150,139.18
EK202310201212,152.26
EK202310127536,146.98
EK202310165403,138.14
EK202310135385,144.64
EK202310159428,157.17
EK202310214834,149.61
EK202310130931,144.58
EK202310206054,161.8
EK202310112744,133.13
EK202310242341,140.03
EK202310159100,157.31
EK202310186817,125.36
EK202310187749,141.16
EK202310246213,143.33
EK202310202813,141.61
EK202310119983,131.04
EK202310241219,158.83
EK202310195435,163.15
EK202310199454,158.01
EK202310194920,156.52
EK202310151167,133.46
EK202310204930,147.74
EK202310210621,143.74
EK202310234981,143.13
EK202310218747,147.29
EK202310125674,133.14
EK202310004025,157.65
EK202310131481,151.14
EK202310162994,136.76
EK202310232677,133.03
EK202310004278,145.59
EK202310108810,154.16
EK202310225683,137.41
EK202310115846,140.07
EK202310003668,153.22
EK202310153044,148.59
EK202310206782,165.94
EK202310198360,141.12
EK202310103708,146.41
EK202310138116,136.35
EK202310160576,131.71
EK202310183081,128.52
EK202310105137,134.36
EK202310170115,144.16
EK202310116604,141.07
EK202310236944,139.61
EK202310175444,155.41
EK202310150908,154.72
EK202310204946,140.02
EK202310139272,140.37
EK202310173841,150.53
EK202310241566,142.44
EK202310140944,159.22
EK202310166702,136.87
EK202310172479,144.89
EK202310209418,139.44
EK202310165364,154.27
EK202310170685,141.32
EK202310137383,130.68
EK202310208374,139.02
EK202310124992,139.48
EK202310227242,150.19
EK202310200684,155.78
EK202310137981,144.35
EK202310183855,151.66
EK202310120432,145.74
EK202310128607,142.81
EK202310146775,136.81
EK202310175473,161.69
EK202310194578,158.02
EK202310199456,139.16
EK202310114576,144.66
EK202310232002,139.18
EK202310133113,168.95
EK202310177757,154.18
EK202310106035,139.11
EK202310161565,161.32
EK202310110506,143.3
EK202310206193,136.63
EK202310134593,171.09
EK202310157521,148.0
EK202310142924,154.91
EK202310237263,148.93
EK202310170297,159.54
EK202310106326,144.5
EK202310128380,131.2
EK202310222238,136.76
EK202310194876,154.31
EK202310228783,166.29
EK202310186905,165.58
EK202310116223,151.13
EK202310124674,139.27
EK202310164997,140.6
EK202310164834,137.8
EK202310207829,132.26
EK202310156532,166.83
EK202310129196,136.05
EK202310119383,147.94
EK202310246942,140.99
EK202310108008,141.12
EK202310209225,136.98
EK202310191622,166.58
EK202310207087,151.96
EK202310152145,143.83
EK202310130483,142.66
EK202310218772,140.62
EK202310202740,148.74
EK202310189738,141.46
EK202310150713,149.05
EK202310235780,138.06
EK202310245036,153.94
EK202310003439,121.4
EK202310231070,130.63
EK202320006731,169.0
EK202310244442,146.6
EK202310132886,136.71
EK202310147295,162.88
EK202310133587,159.86
EK202310186397,143.62
EK202310123728,141.01
EK202310232420,143.09
EK202310233200,137.11
EK202310187145,147.98
EK202310238519,127.82
EK202310122640,143.45
EK202310114892,147.99
EK202310172340,136.26
EK202310109402,146.14
EK202310229865,130.9
EK202310202666,146.39
EK202310106916,147.86
EK202320005781,170.5
EK202310127666,141.86
EK202310224319,131.37
EK202310164602,147.18
EK202310118941,146.34
EK202310234012,135.93
EK202310199233,141.01
EK202310214877,138.86
EK202310179245,146.03
EK202310160250,142.3
EK202310219316,134.78
EK202310175330,143.71
EK202310156975,151.4
EK202310115055,145.15
EK202310112754,137.31
EK202310175770,152.87
EK202310218114,131.64
EK202310135889,136.85
EK202310245028,157.09
EK202310104852,152.23
EK202310216044,150.64
EK202310230940,134.51
EK202310198398,148.95
EK202310152619,170.99
EK202310168477,143.59
EK202310236502,132.02
EK202310112037,149.62
EK202310159871,139.01
EK202310213645,138.2
EK202310120040,141.23
EK202310183203,150.02
EK202310109200,138.9
EK202310132933,152.05
EK202310137560,131.82
EK202310177041,145.7
EK202310137910,138.05
EK202310104847,129.13
EK202310200423,130.42
EK202310187271,144.04
EK202310213803,159.66
EK202310246954,136.29
EK202310118188,141.49
EK202310134413,160.28
EK202310232546,144.63
EK202310158497,170.18
EK202320007533,157.87
EK202310174045,147.07
EK202310232493,143.28
EK202310121025,151.61
EK202310203256,149.89
EK202310142445,162.35
EK202310184247,141.95
EK202310192611,144.11
EK202310119937,159.74
EK202310231831,148.79
EK202310208214,138.1
EK202310237790,138.64
EK202310187705,142.85
EK202310209139,144.47
EK202310170634,141.31
EK202310146481,147.77
EK202310198380,154.51
EK202310226702,135.06
EK202310222936,136.77
EK202310197081,129.72
EK202310116985,132.92
EK202310223669,130.24
EK202310204735,155.28
EK202310184616,142.78
EK202310148138,144.43
EK202310134199,142.03
EK202310149246,141.27
EK202310237457,141.9
EK202310160240,152.83
EK202310177402,162.86
EK202310231985,134.07
EK202310171409,144.18
EK202310176316,150.0
EK202310164869,145.34
EK202310134160,132.16
EK202310213361,132.86
EK202310204421,142.68
EK202310209884,149.59
EK202310136308,147.7
EK202310242777,136.04
EK202310193657,136.9
EK202310188052,150.25
EK202310147057,143.29
EK202310153768,143.06
EK202310144579,138.85
EK202310198362,150.35
EK202310105880,161.65
EK202310171799,137.57
EK202310120109,138.72
EK202310216065,135.56
EK202310170495,139.88
EK202310125667,159.9
EK202310105906,139.16
EK202310003424,157.06
EK202310195264,141.17
EK202310130646,130.64
EK202310115346,154.57
EK202310106003,134.54
EK202310193189,154.02
EK202310120005,132.86
EK202310225659,147.02
EK202310187329,165.15
EK202310234854,138.72
EK202310245195,139.45
EK202310245177,130.65
EK202310229481,138.22
EK202310218683,136.46
EK202310232957,139.36
EK202310244525,137.87
EK202310238364,153.52
EK202310233731,132.16
EK202310114718,132.46
EK202310152186,149.93
EK202310217521,140.04
EK202310183796,146.79
EK202310218461,131.35
EK202310113523,143.59
EK202310149413,162.86
EK202310115324,150.68
EK202310104367,155.13
EK202310124772,139.86
EK202310195448,138.07
EK202310211731,129.63
EK202310162193,130.74
EK202310187308,146.57
EK202310129859,151.31
EK202310170962,148.76
EK202310235749,132.84
EK202320007870,173.33
EK202310154838,156.11
EK202310206242,146.43
EK202310209717,135.83
EK202310247573,149.6
EK202310113989,129.42
EK202310152196,145.48
EK202310183083,134.05
EK202310234475,135.57
EK202310234459,139.13
EK202310106650,165.43
EK202310117634,136.79
EK202310128279,133.74
EK202310158721,136.81
EK202310234607,138.05
EK202310149804,145.61
EK202310242352,130.97
EK202310126148,151.97
EK202310165882,135.16
EK202310137378,147.99
EK202310112801,148.56
EK202310119995,132.88
EK202310123123,136.39
EK202310190387,148.23
EK202310226519,133.91
EK202310129375,135.14
EK202310245192,142.05
EK202310215168,131.51
EK202310137434,138.56
EK202310194720,137.8
EK202310201666,148.61
EK202310193830,156.47
EK202310178910,140.4
EK202310110446,144.61
EK202310166237,131.58
EK202310180109,154.7
EK202310146375,145.27
EK202310227332,132.3
EK202310241765,158.41
EK202310229368,129.73
EK202310135373,143.41
EK202310169663,157.63
EK202310236365,131.5
EK202310182601,133.51
EK202310144591,130.99
EK202310203065,147.82
EK202310185758,136.09
EK202310105204,140.83
EK202310150175,137.79
EK202310172599,138.89
EK202310145266,148.52
EK202310004647,151.06
EK202310242466,143.6
EK202310167834,143.59
EK202310225932,126.81
EK202310132329,136.38
EK202310123888,149.16
EK202310208707,154.98
EK202310201294,146.89
EK202310233641,144.26
EK202310140113,153.39
EK202310218544,148.75
EK202310219472,133.96
EK202310143848,140.66
EK202310134434,133.59
EK202310236630,136.02
EK202310198379,138.31
EK202310222797,143.41
EK202310248842,134.42
EK202310132974,136.53
EK202310235130,141.17
EK202310238228,142.65
EK202310226782,143.66
EK202310210339,136.1
EK202310189790,143.96
EK202310187315,151.03
EK202310171801,131.3
EK202310123573,137.67
EK202310172773,140.66
EK202310139716,148.61
EK202310110431,145.97
EK202310189055,140.45
EK202310124983,134.51
EK202310190155,142.39
EK202310238929,151.59
EK202310180436,139.1
EK202310230021,142.88
EK202310181912,148.16
EK202310178377,154.54
EK202310145374,132.36
EK202310126596,134.99
EK202310225731,139.53
EK202310138678,140.27
EK202310172372,143.57
EK202310116119,130.78
EK202310167609,149.39
EK202310244078,149.89
EK202310217427,132.33
EK202310182904,141.46
EK202310208329,153.49
EK202310189009,154.44
EK202310114945,140.61
EK202310139882,139.46
EK202310206869,142.5
EK202310192874,149.62
EK202310216134,142.58
EK202310203212,136.49
EK202310156888,146.63
EK202310182240,152.03
EK202310141092,165.02
EK202310124359,137.32
EK202310152947,145.04
EK202310114595,140.92
EK202310146656,135.87
EK202310223051,135.15
EK202310134381,130.0
EK202310208234,140.87
EK202310169332,157.86
EK202310103907,143.72
EK202310143678,140.35
EK202310114762,135.11
EK202310120679,148.68
EK202310153376,153.55
EK202310207113,142.11
EK202310229661,122.63
EK202310219333,161.44
EK202310131040,143.62
EK202310120192,135.13
EK202310114032,142.47
EK202310178367,160.33
EK202310195835,149.8
EK202310154385,136.5
EK202310215393,159.07
EK202310107773,136.71
EK202310164250,149.71
EK202310158284,152.71
EK202310181120,146.36
EK202320007585,149.47
EK202310182248,152.83
EK202310178445,153.09
EK202310151607,155.86
EK202310114270,131.32
EK202310237697,132.78
EK202310141166,138.1
EK202310153773,143.34
EK202310129425,145.46
EK202310114483,136.94
EK202310235872,135.5
EK202310140448,136.08
EK202310140940,161.78
EK202310173832,139.45
EK202310131844,146.86
EK202310236956,133.22
EK202310166354,148.85
EK202310122182,143.78
EK202310212213,148.37
EK202310165400,154.75
EK202310148714,132.19
EK202310126880,137.98
EK202310191702,142.17
EK202310161903,139.31
EK202310223034,129.49
EK202310188051,163.07
EK202310205595,149.71
EK202310171306,135.81
EK202310246135,136.17
EK202310210097,166.36
EK202310191192,152.02
EK202310216619,140.24
EK202310153794,157.55
EK202310122914,164.43
EK202310122058,144.01
EK202310138004,134.11
EK202310221367,163.06
EK202310158770,144.09
EK202310145695,155.57
EK202310125582,135.43
EK202310136243,135.3
EK202310194117,133.67
EK202310107078,140.45
EK202310190139,149.01
EK202310156770,166.13
EK202310178929,144.42
EK202310164953,148.78
EK202310118034,140.32
EK202310227978,143.24
EK202310144597,137.47
EK202310176112,157.15
EK202310162357,139.16
EK202310176897,128.93
EK202310134145,136.31
EK202310129907,138.97
EK202310229306,141.75
EK202310198497,143.85
EK202310163561,134.77
EK202310221369,148.43
EK202310176645,136.47
EK202310157146,159.93
EK202310120273,145.95
EK202310192592,142.29
EK202310169221,154.16
EK202310191453,141.46
EK202310131848,143.48
EK202310127626,147.76
EK202310213244,137.7
EK202310137030,128.92
EK202310146412,134.99
EK202310173918,162.72
EK202310161898,171.6
EK202310106892,134.92
EK202310110349,142.82
EK202310209540,141.28
EK202310191336,143.43
EK202310114498,130.79
EK202310181006,166.3
EK202310212668,135.41
EK202310158230,148.15
EK202310004318,130.32
EK202310247144,142.23
EK202310107710,137.37
EK202310228147,129.54
EK202310143106,143.81
EK202310167345,137.05
EK202310208077,133.51
EK202320006983,148.39
EK202310243790,140.45
EK202310126443,134.31
EK202310245699,134.0
EK202310194114,143.71
EK202310195998,160.19
EK202310198935,138.54
EK202310164465,153.41
EK202310181559,140.55
EK202310194595,160.85
EK202310158381,148.01
EK202310155757,133.5
EK202310180220,160.15
EK202310179540,142.29
EK202310161312,146.55
EK202310185555,140.86
EK202310186696,143.4
EK202310161004,138.35
EK202310124318,132.31
EK202310162537,158.39
EK202310246753,141.64
EK202310225958,128.48
EK202310186853,147.78
EK202310171921,156.67
EK202310114970,136.24
EK202310215111,147.94
EK202310211062,145.75
EK202310189772,159.99
EK202310136766,149.22
EK202310126300,138.12
EK202310221810,148.47
EK202310204369,133.1
EK202310169470,166.02
EK202310189339,147.76
EK202310190063,154.05
EK202310220996,126.96
EK202310164885,138.93
EK202310191557,151.71
EK202310210576,138.91
EK202320006385,148.14
EK202310192386,147.75
EK202310129301,143.66
EK202310212266,133.74
EK202310248678,133.24
EK202310121007,142.58
EK202310158409,151.99
EK202310230262,149.92
EK202310105099,138.2
EK202310225197,140.12
EK202310141113,144.74
EK202310112350,133.82
EK202310220805,132.43
EK202310220038,129.26
EK202310153113,164.92
EK202320006647,160.26
EK202310145953,151.82
EK202310209351,135.13
EK202310202126,143.9
EK202310191102,145.49
EK202310127097,152.7
EK202310126540,135.48
EK202310202419,143.11
EK202310116857,138.2
EK202320006346,157.6
EK202310216539,152.72
EK202310224958,135.72
EK202310222877,159.82
EK202310104924,156.92
EK202310230930,134.77
EK202310176678,143.48
EK202310144934,137.51
EK202310148649,140.38
EK202310168500,154.72
EK202310150427,136.27
EK202310205648,138.13
EK202310159787,135.79
EK202310131529,141.04
EK202310173679,133.48
EK202310216340,134.88
EK202310113807,148.08
EK202310189797,138.14
EK202310172848,136.02
EK202320007206,143.89
EK202310183124,138.19
EK202310202871,152.07
EK202310195901,143.75
EK202310108242,136.68
EK202310209662,134.11
EK202310186506,141.63
EK202310241427,141.31
EK202310104646,151.91
EK202310110500,147.88
EK202310140229,128.8
EK202310197951,135.99
EK202310204251,133.75
EK202310218413,136.44
EK202310111117,151.64
EK202310153521,145.44
EK202310163012,153.97
EK202310238189,164.29
EK202310139597,153.67
EK202310239588,136.45
EK202310197135,141.23
EK202310105473,146.01
EK202310142438,153.89
EK202310238026,148.85
EK202310194838,154.48
EK202310218361,141.52
EK202310192741,149.53
EK202310193265,152.04
EK202310216986,139.39
EK202310230537,142.26
EK202310119794,148.24
EK202310170043,138.73
EK202310108833,141.63
EK202310161240,157.75
EK202310234010,139.44
EK202310109182,142.28
EK202310230972,136.49
EK202310149335,153.94
EK202310107970,144.29
EK202310149458,153.26
EK202310144815,133.45
EK202310155738,147.57
EK202310204043,141.01
EK202310150762,139.67
EK202310177738,140.72
EK202310156587,138.05
EK202310157016,142.02
EK202310206235,136.34
EK202310220646,126.52
EK202310173733,146.84
EK202310245161,136.67
EK202310246615,147.92
EK202310107283,152.02
EK202310172948,137.52
EK202310223104,155.54
EK202310137920,137.6
EK202310237485,137.99
EK202310185339,143.13
EK202310150373,143.75
EK202310181031,137.22
EK202310246036,145.32
EK202310211321,135.84
EK202310166021,144.78
EK202310104995,136.47
EK202310154804,131.34
EK202310207957,137.65
EK202310115976,139.52
EK202310146527,152.2
EK202310241764,160.22
EK202310242749,146.21
EK202310174079,143.14
EK202310246052,137.1
EK202310224322,136.95
EK202310136529,139.33
EK202320005962,170.96
EK202310220450,164.27
EK202310212212,135.37
EK202310153182,152.35
EK202310105480,127.41
EK202310125339,133.95
EK202310237988,170.0
EK202310159218,144.89
EK202310178861,136.63
EK202310146447,137.97
EK202310242533,131.49
EK202310239148,145.38
EK202310206069,157.32
EK202310209438,139.83
EK202310203458,144.04
EK202310139769,136.42
EK202310192295,144.71
EK202310213849,152.16
EK202310117386,142.46
EK202310148126,143.0
EK202310141622,145.79
EK202310203974,157.58
EK202310124862,134.8
EK202310238082,140.22
EK202310131352,139.12
EK202310123750,157.14
EK202310165127,134.32
EK202310166390,158.38
EK202310245131,138.87
EK202310191228,152.35
EK202310218338,128.7
EK202310229880,131.21
EK202310139618,152.48
EK202310166418,132.67
EK202310114847,140.24
EK202310129128,134.14
EK202310129085,137.85
EK202310208641,158.45
EK202310241385,165.48
EK202310231427,136.7
EK202310183819,140.19
EK202310103894,147.9
EK202310115562,143.61
EK202310153110,153.75
EK202310107637,144.31
EK202310003429,132.05
EK202310141699,148.33
EK202310200793,138.98
EK202310107984,148.02
EK202310113752,143.52
EK202310136157,135.88
EK202310207954,138.62
EK202310135579,144.96
EK202310166104,140.76
EK202310127366,149.42
EK202310121696,140.62
EK202310138993,145.44
EK202310207033,138.98
EK202310122660,147.14
EK202310132081,155.57
EK202310198420,136.03
EK202310144336,157.6
EK202310238656,164.9
EK202310230161,132.31
EK202310202206,137.58
EK202310213571,135.46
EK202310203092,147.54
EK202310194418,167.01
EK202310128430,154.43
EK202310225153,163.18
EK202310160344,141.14
EK202310130554,128.33
EK202310165569,167.61
EK202310199349,138.07
EK202310129160,168.93
EK202310169725,168.59
EK202310160348,157.38
EK202310126901,122.78
EK202310199923,134.01
EK202310214691,142.58
EK202310202989,164.48
EK202310117244,141.97
EK202310162223,144.22
EK202310178451,169.14
EK202310233563,140.91
EK202310109378,143.95
EK202310177478,149.07
EK202310109053,126.31
EK202310125187,147.74
EK202320005814,162.3
EK202310211630,138.75
EK202310156552,162.32
EK202310148023,154.39
EK202310166593,145.72
EK202310215548,146.18
EK202310111952,145.78
EK202310187710,144.42
EK202310157541,141.68
EK202310171275,143.99
EK202310113025,135.0
EK202310197258,149.64
EK202310112846,145.96
EK202310127206,140.43
EK202310115243,143.19
EK202310124158,137.82
EK202310145344,144.72
EK202310115574,140.68
EK202310157721,154.88
EK202310122313,136.4
EK202310139139,158.33
EK202310225769,139.95
EK202310238365,126.4
EK202310237637,140.35
EK202310109616,148.22
EK202310133259,134.35
EK202310228157,142.41
EK202310198466,151.14
EK202310106809,143.6
EK202310165950,153.68
EK202310128641,145.48
EK202310148916,140.53
EK202310114147,143.53
EK202310232304,134.75
EK202310188415,142.97
EK202310232540,140.22
EK202310207576,148.99
EK202310231963,138.51
EK202310229805,140.01
EK202310161625,145.54
EK202310223364,140.08
EK202310145207,163.47
EK202310154942,145.11
EK202310177414,156.76
EK202310151135,165.41
EK202320005867,145.76
EK202310199483,141.0
EK202310193069,137.09
EK202310231001,132.05
EK202310153397,129.86
EK202320006411,147.41
EK202310178129,138.42
EK202310158178,142.77
EK202320006728,167.13
EK202310168603,152.44
EK202310188957,144.57
EK202310134962,162.86
EK202320006232,166.69
EK202310216197,147.64
EK202310205473,136.08
EK202310177138,139.93
EK202310003578,143.77
EK202310125915,137.61
EK202310163847,140.11
EK202310175723,149.05
EK202310167304,135.27
EK202310231580,136.08
EK202310224672,129.45
EK202310231849,168.69
EK202310118283,142.82
EK202310108021,138.9
EK202310244191,141.65
EK202310176446,147.73
EK202310153144,158.55
EK202310192762,146.32
EK202310155944,143.03
EK202310122042,141.97
EK202310139279,136.26
EK202310124333,133.29
EK202310222309,135.58
EK202310237489,139.04
EK202310225285,150.71
EK202310205925,142.24
EK202310146849,134.99
EK202310155584,137.28
EK202310127840,148.19
EK202310159012,140.57
EK202310171367,144.17
EK202310179659,140.64
EK202310147533,143.12
EK202310134101,133.16
EK202310167244,144.97
EK202310134522,147.27
EK202310188890,149.08
EK202310152081,157.59
EK202310168749,148.77
EK202310185345,143.61
EK202310212863,143.27
EK202310104615,134.98
EK202310188714,136.18
EK202310148084,148.35
EK202310211875,148.55
EK202310134441,141.63
EK202310187368,142.91
EK202310142139,143.81
EK202310216736,158.26
EK202310148523,134.84
EK202310177638,140.96
EK202310191439,141.25
EK202310184957,155.05
EK202310229730,130.61
EK202310171653,140.65
EK202310119614,125.31
EK202310193277,134.45
EK202310221106,140.06
EK202310196517,144.88
EK202310186815,146.49
EK202310118791,147.96
EK202310236202,138.06
EK202310121642,142.26
EK202310228637,134.7
EK202310171042,151.43
EK202310218012,142.11
EK202310238955,139.76
EK202310169993,158.86
EK202310227859,134.63
EK202310175628,140.3
EK202310225536,131.34
EK202310194964,151.67
EK202310170946,134.61
EK202310201972,133.41
EK202310204049,147.12
EK202310238497,144.84
EK202310231256,140.8
EK202310231579,139.53
EK202310174311,135.24
EK202310192651,142.59
EK202310114496,137.2
EK202310230770,132.84
EK202310242388,138.79
EK202310114424,144.21
EK202310166798,147.61
EK202310246359,131.56
EK202310165038,134.3
EK202310197955,140.4
EK202310121307,163.36
EK202310151932,139.61
EK202310242488,134.48
EK202310105346,148.51
EK202310133118,136.12
EK202310125218,132.26
EK202310104440,138.09
EK202310238581,152.19
EK202310128830,136.31
EK202310111289,133.81
EK202310218154,144.0
EK202310184481,151.67
EK202310151857,144.28
EK202310107393,140.44
EK202310150289,139.4
EK202310113235,143.86
EK202310154628,150.69
EK202310183234,152.33
EK202310193060,135.28
EK202310142940,133.86
EK202310177291,147.98
EK202310214941,146.08
EK202310123810,149.96
EK202310234861,138.67
EK202310166088,161.51
EK202310175230,123.18
EK202310173351,148.0
EK202310246599,141.85
EK202310121468,138.51
EK202310115870,133.37
EK202310122689,125.35
EK202310104457,133.98
EK202310239958,144.78
EK202310108834,134.43
EK202310242150,138.43
EK202310127460,149.61
EK202310150161,137.76
EK202310220593,143.27
EK202310208892,151.72
EK202310116640,148.86
EK202310228102,135.68
EK202310178599,139.32
EK202310211615,135.7
EK202310208762,142.12
EK202310118517,138.1
EK202310187114,134.81
EK202310119172,146.64
EK202310131645,150.09
EK202310106254,135.83
EK202310132336,133.94
EK202310226404,139.66
EK202310196510,145.52
EK202310116508,131.63
EK202310188534,153.57
EK202310177793,133.76
EK202310206591,140.52
EK202310192097,145.55
EK202310119525,135.8
EK202310168918,138.92
EK202310004052,148.9
EK202310155004,126.34
EK202310113224,134.1
EK202310168827,150.39
EK202310151452,151.77
EK202310233171,159.53
EK202310189316,130.73
EK202310165015,132.4
EK202310191520,139.82
EK202310154021,148.11
EK202310142035,141.89
EK202310136677,146.03
EK202310193692,150.05
EK202310217638,130.23
EK202310152626,149.23
EK202310130527,148.34
EK202310219621,132.11
EK202310117231,138.07
EK202310184541,165.28
EK202310123337,149.64
EK202310004825,160.7
EK202310004105,138.26
EK202310222141,140.52
EK202310223687,131.53
EK202310004753,139.02
EK202310138231,136.75
EK202310230297,169.89
EK202310123109,132.93
EK202310118394,136.5
EK202310236285,135.7
EK202310142984,139.84
EK202310228922,137.86
EK202310180656,158.63
EK202310198343,134.4
EK202310213613,137.79
EK202310143759,134.72
EK202310243098,143.6
EK202310140826,148.27
EK202310219432,134.6
EK202310235984,134.04
EK202310112132,151.07
EK202310207139,168.44
EK202310123515,132.73
EK202310147539,137.62
EK202310201614,160.48
EK202310242651,129.29
EK202310116831,147.49
EK202310142528,157.96
EK202310158275,133.73
EK202310119240,141.91
EK202310189798,140.72
EK202310140182,136.73
EK202310104020,130.47
EK202310144562,171.72
EK202310211897,137.56
EK202310209649,141.12
EK202310224584,138.93
EK202310149915,169.78
EK202310205659,140.11
EK202310150345,137.39
EK202310228952,134.99
EK202310126648,140.6
EK202310243579,136.65
EK202310164006,137.29
EK202310108668,140.7
EK202310137775,136.85
EK202310233150,138.25
EK202310152386,150.13
EK202310166882,136.47
EK202310231895,140.28
EK202310170539,144.97
EK202310115226,137.47
EK202310214376,149.88
EK202310137712,130.85
EK202310186209,138.53
EK202310205015,143.34
EK202310106040,135.14
EK202310170557,154.12
EK202310201318,142.51
EK202310230025,131.28
EK202310112264,142.84
EK202310187559,161.48
EK202310126729,142.67
EK202310208910,133.91
EK202310131942,134.68
EK202310154020,146.28
EK202310245865,142.13
EK202310192165,145.32
EK202310172699,135.24
EK202310157236,152.03
EK202310131791,153.79
EK202310200367,144.6
EK202310152638,146.96
EK202310229854,139.99
EK202310176423,143.06
EK202310229737,136.94
EK202310203806,132.96
EK202310115409,124.77
EK202310118234,135.23
EK202310140636,167.42
EK202310240942,134.72
EK202310197687,154.92
EK202310124485,145.83
EK202310144257,146.02
EK202310218871,141.29
EK202310210772,133.77
EK202310195971,173.73
EK202310135577,136.19
EK202310203323,139.15
EK202310128855,126.28
EK202310209533,142.58
EK202310174860,155.05
EK202310132988,144.52
EK202310210555,132.65
EK202310229724,140.8
EK202310159406,149.7
EK202310206212,136.81
EK202310105258,142.1
EK202310197230,144.99
EK202310146776,134.9
EK202310171620,131.85
EK202310241357,141.04
EK202310138908,142.2
EK202310144141,144.71
EK202310183530,150.79
EK202310241996,135.96
EK202310143198,143.12
EK202310240754,146.49
EK202310120793,137.92
EK202310152995,160.04
EK202310168076,134.08
EK202310194434,152.39
EK202310231667,143.92
EK202310117230,145.78
EK202310188291,134.29
EK202310149424,146.7
EK202310128832,136.78
EK202310196168,166.7
EK202310197883,152.44
EK202310138276,156.28
EK202310170757,135.71
EK202310191340,150.14
EK202310145811,139.19
EK202310227194,142.52
EK202310111485,143.24
EK202310157083,162.02
EK202310171852,143.65
EK202310207366,133.62
EK202310145654,140.48
EK202310108850,143.03
EK202310231758,139.6
EK202310144301,141.01
EK202310201304,143.66
EK202310178159,124.5
EK202310239482,153.32
EK202310144262,148.75
EK202310143929,136.19
EK202310235952,130.03
EK202310183241,148.87
EK202310189101,164.11
EK202310171584,134.21
EK202310131328,132.8
EK202310226641,136.61
EK202310166552,149.98
EK202310196910,150.66
EK202310166692,131.12
EK202310184651,162.0
EK202310194347,137.48
EK202310208716,146.08
EK202310187760,144.25
EK202310243524,144.34
EK202310155787,130.73
EK202310114204,159.58
EK202310160396,158.18
EK202310172512,163.27
EK202310157332,146.09
EK202310209704,132.91
EK202310154943,151.21
EK202310189036,143.08
EK202310133173,137.45
EK202310130199,164.98
EK202310182622,151.96
EK202310167778,152.8
EK202310163301,139.26
EK202310184220,126.93
EK202310172679,145.5
EK202310171532,136.87
EK202310200942,135.63
EK202310141847,157.28
EK202310122343,134.25
EK202310174760,147.69
EK202310225953,134.03
EK202310159867,146.92
EK202310174529,144.75
EK202310239197,142.48
EK202310142275,137.18
EK202310235069,139.47
EK202310173910,140.04
EK202310155908,158.69
EK202310221001,132.98
EK202310113086,132.47
EK202310200755,148.64
EK202310152545,154.76
EK202310185434,157.02
EK202310110043,133.56
EK202310116474,142.32
EK202310203902,143.27
EK202310157771,154.16
EK202310209652,147.85
EK202310115313,134.38
EK202310149967,141.21
EK202310226488,136.83
EK202310004820,135.52
EK202310240136,143.87
EK202310201496,146.36
EK202310224644,140.61
EK202310168634,140.52
EK202310120438,148.81
EK202310104992,135.46
EK202310152772,143.53
EK202310189045,141.96
EK202310180854,148.81
EK202310162939,140.91
EK202310202787,157.67
EK202310132425,133.7
EK202310106638,145.76
EK202310130488,146.0
EK202310216320,157.65
EK202310174034,156.27
EK202310167069,150.33
EK202310119791,138.76
EK202310191561,145.91
EK202310141924,143.84
EK202310155116,148.24
EK202310194530,144.45
EK202310148342,147.95
EK202310115218,130.71
EK202310208496,128.76
EK202310242665,151.2
EK202310247657,140.82
EK202310228469,137.72
EK202310233886,140.27
EK202310169400,156.7
EK202310161344,161.42
EK202310236712,132.84
EK202310118866,147.3
EK202310221584,157.51
EK202310107825,143.37
EK202310110196,150.81
EK202310159979,145.59
EK202310195875,139.82
EK202310163166,143.36
EK202310206462,143.01
EK202310109481,133.3
EK202310245477,126.55
EK202310129738,166.16
EK202320005730,171.47
EK202310104244,159.57
EK202310227658,133.34
EK202310227290,157.46
EK202310201250,144.8
EK202310170654,135.57
EK202310225211,141.33
EK202310181404,137.34
EK202310175856,138.91
EK202310167250,150.87
EK202310225198,133.92
EK202310247108,139.81
EK202310228244,136.76
EK202310206266,146.91
EK202310215876,137.92
EK202310130596,134.05
EK202310224249,135.36
EK202310154491,131.88
EK202310233669,140.65
EK202310111293,162.7
EK202310120077,136.79
EK202310190354,149.75
EK202310180848,142.26
EK202310206991,136.84
EK202310127954,139.23
EK202310125079,137.31
EK202310211424,142.44
EK202310134279,136.17
EK202310206851,142.86
EK202310164397,155.64
EK202310235148,144.49
EK202310190060,171.51
EK202310240587,137.12
EK202310234152,135.08
EK202310161209,169.45
EK202310187254,146.55
EK202310219785,139.96
EK202310160063,145.69
EK202310225782,164.21
EK202310166126,144.04
EK202310104397,141.56
EK202310195068,137.49
EK202310148964,148.98
EK202310105544,141.67
EK202310190157,135.17
EK202310177029,138.25
EK202310134822,161.76
EK202310188505,147.87
EK202310131430,157.06
EK202310197663,149.44
EK202310150719,141.92
EK202310004834,135.87
EK202310200921,136.2
EK202320005684,147.91
EK202310179009,128.8
EK202310248177,141.07
EK202310132766,141.14
EK202310237026,135.48
EK202310193021,141.46
EK202310190757,149.43
EK202310173200,132.3
EK202310219771,145.34
EK202310109597,147.73
EK202310206771,166.18
EK202310127671,149.98
EK202310167676,141.45
EK202310232944,133.49
EK202310168061,150.98
EK202310105714,136.72
EK202310147632,155.95
EK202310244606,143.91
EK202310118560,147.87
EK202310194271,137.79
EK202310142720,162.73
EK202310166900,161.24
EK202310164794,153.51
EK202310115042,142.33
EK202310174373,135.75
EK202310214507,164.95
EK202310223225,138.42
EK202310107151,135.97
EK202310189175,161.96
EK202310161808,131.26
EK202310121994,134.53
EK202310219449,132.48
EK202310136206,138.75
EK202310111739,141.43
EK202310229388,132.11
EK202310224978,137.46
EK202310149730,133.68
EK202310163504,134.04
EK202310156148,130.61
EK202310150249,140.86
EK202310224329,141.82
EK202310147011,147.7
EK202310192326,138.45
EK202310245006,141.48
EK202310224053,134.95
EK202310228581,136.88
EK202310113047,146.34
EK202310149808,147.67
EK202310175027,134.07
EK202310234758,135.72
EK202310175412,137.4
EK202310132176,155.37
EK202310205739,141.53
EK202310153994,141.15
EK202310200714,148.41
EK202310247869,137.91
EK202310186589,137.21
EK202310145135,142.68
EK202310193164,161.31
EK202310222960,138.83
EK202310116552,144.66
EK202310123971,166.19
EK202310113406,154.61
EK202310234777,139.43
EK202310109531,126.7
EK202310186502,136.77
EK202310190436,136.83
EK202310198804,166.62
EK202310188371,148.77
EK202310189870,168.49
EK202310179411,142.49
EK202310233363,136.38
EK202310104971,133.18
EK202310191357,140.56
EK202310172762,144.84
EK202310199936,137.16
EK202310153452,134.17
EK202310160325,145.13
EK202310240026,135.31
EK202310134117,135.18
EK202310214971,140.03
EK202310210492,133.72
EK202310200943,145.7
EK202310233114,138.8
EK202310209755,138.0
EK202310114040,135.78
EK202310231262,139.13
EK202310196982,144.56
EK202310168935,134.96
EK202310209663,131.83
EK202310171963,168.99
EK202310128429,144.58
EK202310243988,140.93
EK202310131432,122.41
EK202310170157,157.04
EK202310135062,163.25
EK202310180073,154.68
EK202310154392,167.34
EK202310211600,133.89
EK202310221370,148.62
EK202310135902,142.84
EK202310248071,135.64
EK202310140056,147.58
EK202310113087,150.11
EK202310140280,148.41
EK202310231029,135.21
EK202310003876,134.95
EK202310110872,141.84
EK202310110803,135.6
EK202310234005,143.18
EK202310195582,134.72
EK202310216699,134.5
EK202310161870,136.26
EK202310207634,147.04
EK202310154729,131.43
EK202310119219,139.0
EK202310216260,137.57
EK202310241741,146.55
EK202310127099,133.41
EK202310142543,147.4
EK202310159437,136.54
EK202310139226,137.91
EK202310145866,142.28
EK202310240067,163.97
EK202310242685,137.8
EK202310158289,141.42
EK202310145943,152.22
EK202310196762,157.54
EK202310141743,166.43
EK202310222881,144.5
EK202310170624,138.95
EK202310139072,138.6
EK202310168507,144.89
EK202310141768,150.72
EK202310111130,131.84
EK202310217027,151.06
EK202310224945,145.75
EK202310188108,159.67
EK202310200577,159.3
EK202310152955,149.41
EK202310184966,159.44
EK202310133181,139.28
EK202310209985,129.23
EK202310195572,132.08
EK202310199966,136.3
EK202310109052,142.17
EK202310173422,135.71
EK202310216493,137.77
EK202310234480,139.42
EK202310239882,145.13
EK202310151506,167.14
EK202310231481,128.69
EK202310173660,131.66
EK202310124885,133.92
EK202310226112,138.29
EK202310169770,156.36
EK202310112146,148.62
EK202310126447,136.37
EK202310197865,154.03
EK202310144993,137.22
EK202320007830,147.8
EK202310134803,152.35
EK202310247257,144.45
EK202310189213,160.92
EK202310163523,132.53
EK202310177884,133.77
EK202310168374,139.91
EK202310181460,145.59
EK202310164324,140.2
EK202320006373,147.41
EK202310240516,150.56
EK202310106433,142.13
EK202310104794,128.64
EK202310179826,136.02
EK202310220482,138.19
EK202310144501,168.29
EK202310236116,152.71
EK202310143566,137.27
EK202310244286,141.39
EK202310117364,138.05
EK202310182812,134.03
EK202310165290,143.91
EK202310175655,142.93
EK202310191765,140.2
EK202310175575,144.83
EK202310190556,132.19
EK202310109849,128.47
EK202310125361,138.9
EK202310117657,134.78
EK202310166741,143.27
EK202310152997,146.84
EK202310197388,146.26
EK202310131984,157.82
EK202310219422,131.45
EK202310121522,139.6
EK202310175245,141.8
EK202310195205,154.19
EK202310108650,138.75
EK202310181782,143.23
EK202310115038,148.94
EK202310158797,132.0
EK202310170666,149.83
EK202310168966,140.25
EK202310214825,167.05
EK202310120494,139.06
EK202310220603,138.31
EK202310225685,132.37
EK202310223164,135.02
EK202310162099,134.5
EK202310181378,146.01
EK202310206274,158.33
EK202310245110,127.59
EK202310149953,152.43
EK202310200512,131.43
EK202310195166,133.45
EK202310181696,148.97
EK202310246293,129.35
EK202310112958,146.13
EK202310144239,129.32
EK202310112531,132.51
EK202310215394,156.69
EK202310214916,157.17
EK202310135655,140.24
EK202310234936,135.16
EK202310216594,134.63
EK202310221025,131.66
EK202310111609,139.3
EK202310213129,141.91
EK202310117137,144.93
EK202310239490,132.72
EK202310157671,141.54
EK202310188165,138.11
EK202310134859,128.41
EK202310183908,157.83
EK202310147406,139.28
EK202310175129,132.46
EK202310164780,151.34
EK202310227743,137.59
EK202310120706,149.45
EK202310118366,145.27
EK202310106692,147.63
EK202310190791,146.07
EK202310208607,151.76
EK202310170692,150.16
EK202310225887,139.38
EK202310182352,135.18
EK202310185880,140.66
EK202310178297,155.73
EK202310195149,151.08
EK202310231610,137.93
EK202310137276,130.54
EK202310184484,144.84
EK202310121199,138.17
EK202310125536,137.76
EK202310213706,147.76
EK202310135204,149.15
EK202310247699,132.75
EK202310217787,137.18
EK202310182191,145.44
EK202310198529,156.83
EK202310220299,133.78
EK202310188677,136.07
EK202310232253,128.27
EK202310164691,152.15
EK202310103832,137.61
EK202310149722,145.67
EK202310198859,150.7
EK202310234749,135.29
EK202310104566,140.96
EK202310211383,148.48
EK202310170287,134.98
EK202310150824,152.08
EK202310171304,135.98
EK202310193205,166.86
EK202320006114,160.89
EK202310135524,141.73
EK202310192025,138.39
EK202310170020,154.57
EK202310198095,149.86
EK202310105801,144.04
EK202310177479,138.16
EK202310108455,141.54
EK202310165998,133.93
EK202310122714,150.04
EK202310164202,144.77
EK202310226026,139.74
EK202310223682,149.62
EK202310116148,132.33
EK202310210129,142.1
EK202310242087,144.05
EK202310116328,134.28
EK202310217261,153.07
EK202310106484,142.35
EK202310157473,136.93
EK202310198511,141.0
EK202310217751,136.21
EK202310168432,151.64
EK202310151251,143.06
EK202310120767,129.89
EK202310127801,145.39
EK202310118354,141.01
EK202310209195,153.06
EK202310172035,125.9
EK202310114626,138.39
EK202310144629,144.89
EK202310185061,151.57
EK202310174592,132.75
EK202310164708,152.75
EK202310149304,143.39
EK202310170289,140.44
EK202310213861,150.06
EK202310126098,132.09
EK202310133915,139.7
EK202310148594,129.42
EK202310116687,147.85
EK202310171866,142.22
EK202310147735,134.93
EK202310105679,165.15
EK202310248635,136.79
EK202310139369,140.3
EK202310105974,154.3
EK202310104978,135.88
EK202310174467,144.59
EK202310124199,136.36
EK202310135676,132.33
EK202310146763,134.73
EK202310205937,134.92
EK202310135445,154.06
EK202310109193,139.27
EK202310161169,151.13
EK202310204092,147.6
EK202310202680,145.19
EK202310172794,141.15
EK202310217791,133.24
EK202310158468,155.14
EK202310149937,139.96
EK202310166789,139.82
EK202310159167,143.5
EK202310125029,138.92
EK202310203531,147.4
EK202310181665,129.59
EK202310142148,145.19
EK202310166843,155.6
EK202310161022,135.16
EK202310118997,138.71
EK202310239449,140.85
EK202310210440,140.27
EK202310205614,137.97
EK202310179227,143.54
EK202310143023,132.89
EK202310178605,143.55
EK202310151926,160.36
EK202310205156,159.58
EK202310227477,154.28
EK202310118582,142.14
EK202310145669,151.32
EK202310181578,155.17
EK202310193806,152.68
EK202310233863,148.28
EK202310111982,133.82
EK202310228092,150.17
EK202310117791,132.3
EK202310174095,152.89
EK202310199167,136.26
EK202310147864,144.03
EK202310136545,131.65
EK202310004781,128.19
EK202310110648,128.62
EK202310187608,139.17
EK202310212121,134.17
EK202310200654,145.14
EK202310110670,124.34
EK202310148332,147.88
EK202310198602,139.48
EK202310162570,147.17
EK202310105840,146.43
EK202310216931,141.47
EK202310152841,166.76
EK202310107705,144.17
EK202310178316,149.8
EK202310147750,124.14
EK202310110434,140.76
EK202310219134,136.54
EK202310207502,150.42
EK202310137524,148.87
EK202310237806,134.13
EK202310248546,133.68
EK202310246510,147.29
EK202310215312,149.17
EK202310135935,135.74
EK202310246337,133.73
EK202310133292,139.69
EK202310208105,133.22
EK202310221927,149.48
EK202310185220,142.86
EK202310195012,149.2
EK202310220382,136.49
EK202310228071,133.84
EK202310139303,144.36
EK202310146446,143.72
EK202310113629,139.59
EK202310121125,140.87
EK202310179172,150.26
EK202310135030,163.62
EK202310154871,149.25
EK202310104446,135.09
EK202310112990,142.52
EK202310189753,145.42
EK202310239147,139.85
EK202310170148,159.67
EK202310227849,153.63
EK202310206204,139.15
EK202310160122,139.08
EK202310131964,133.18
EK202310111949,133.43
EK202310122396,133.28
EK202310187780,139.41
EK202310205438,131.01
EK202310153038,176.38
EK202310152163,146.8
EK202310192310,133.12
EK202310174795,145.87
EK202310193009,136.99
EK202310150434,139.83
EK202310118338,132.44
EK202310197441,158.6
EK202310142091,154.93
EK202310117239,134.64
EK202310179745,145.58
EK202310219687,138.91
EK202310176027,149.69
EK202310104893,136.71
EK202310227192,140.58
EK202310146856,148.57
EK202310107173,131.81
EK202310211813,136.63
EK202310188253,148.62
EK202310233335,133.57
EK202310217329,141.89
EK202310155219,149.79
EK202310157321,148.15
EK202310153713,151.53
EK202310120830,157.88
EK202310229321,143.92
EK202310130365,147.24
EK202310202308,153.68
EK202310203388,166.33
EK202310185835,142.21
EK202310188805,164.92
EK202310159594,151.74
EK202310147573,135.7
EK202310190109,159.06
EK202310180140,144.25
EK202310149775,152.85
EK202310238274,146.47
EK202310242923,135.41
EK202310107321,136.39
EK202310204141,131.24
EK202310219133,137.86
EK202310139067,161.81
EK202310140520,146.21
EK202310248527,139.38
EK202310003682,140.91
EK202310162432,158.89
EK202310179950,168.48
EK202310240868,138.61
EK202310116267,149.59
EK202310221765,136.3
EK202310173563,137.58
EK202310143455,130.8
EK202310207343,140.02
EK202310217689,132.36
EK202310146102,130.74
EK202310168973,133.28
EK202310222519,130.22
EK202310129680,129.69
EK202310178200,150.25
EK202310170870,136.2
EK202310126872,147.99
EK202310148891,164.57
EK202310173852,144.19
EK202310125523,132.75
EK202310159491,152.01
EK202310157366,138.7
EK202310178992,134.58
EK202310143866,138.64
EK202310152326,142.42
EK202310202864,155.34
EK202310218888,146.42
EK202310209358,130.58
EK202310227775,159.78
EK202310186270,156.15
EK202310203414,150.22
EK202310225866,147.97
EK202310234055,141.47
EK202310129825,161.39
EK202310209772,148.43
EK202310182146,152.01
EK202310180456,146.35
EK202310182353,154.4
EK202310199926,132.35
EK202310226078,136.66
EK202310212125,133.33
EK202310149668,162.51
EK202310234903,136.96
EK202310205875,135.78
EK202310157799,146.67
EK202310211749,135.49
EK202310224314,159.6
EK202310124274,134.62
EK202310127800,152.77
EK202310238415,140.12
EK202310229891,139.7
EK202310145946,137.29
EK202310181109,151.87
EK202310147129,150.61
EK202310178177,154.89
EK202310113395,148.71
EK202310217919,153.12
EK202310154751,145.73
EK202310130965,149.73
EK202310190874,140.74
EK202310195521,146.78
EK202310201613,140.83
EK202310214697,140.34
EK202310191560,143.27
EK202310121406,138.41
EK202310114089,142.57
EK202310159340,132.39
EK202310113700,142.97
EK202310126654,131.6
EK202310144476,149.48
EK202310131321,135.83
EK202310187814,136.47
EK202310220881,136.59
EK202310189638,163.45
EK202310178407,155.15
EK202310180651,159.02
EK202310239749,132.6
EK202310171046,135.93
EK202310164907,134.39
EK202310147112,149.95
EK202310181779,138.99
EK202310177716,148.24
EK202310211440,143.72
EK202310205701,152.42
EK202310116151,124.31
EK202310183859,156.76
EK202310135998,154.99
EK202310201975,136.5
EK202310170925,131.45
EK202310104593,132.05
EK202310110432,138.7
EK202310129862,141.9
EK202310189525,151.88
EK202310111229,138.03
EK202310188865,146.75
EK202310146283,133.81
EK202310178823,155.78
EK202310147049,143.2
EK202310221900,130.32
EK202310182664,156.26
EK202310115895,135.53
EK202310137882,138.65
EK202310142987,156.08
EK202310230693,150.89
EK202310105910,128.35
EK202310176888,138.17
EK202310179407,144.9
EK202310113511,141.14
EK202310226410,136.2
EK202310194828,150.69
EK202310209526,153.93
EK202310232266,138.02
EK202310190901,145.58
EK202310120320,152.3
EK202310109391,137.36
EK202310126276,132.52
EK202310223714,130.52
EK202310211517,152.51
EK202310110636,136.14
EK202310235623,127.69
EK202310186004,145.41
EK202310004261,131.27
EK202310193375,149.84
EK202310218449,127.04
EK202310179058,142.65
EK202310133795,127.1
EK202310164408,142.37
EK202310159492,150.91
EK202310214283,139.15
EK202310133551,147.5
EK202310190061,147.68
EK202320007557,149.74
EK202310114241,138.7
EK202310203894,144.22
EK202310186487,138.77
EK202310004631,139.75
EK202310172845,137.37
EK202310124858,140.06
EK202320006937,153.29
EK202310164626,141.45
EK202310109948,142.19
EK202310112053,137.79
EK202310184712,137.84
EK202310122821,157.63
EK202310179754,145.98
EK202310230071,140.38
EK202310169385,148.22
EK202310205297,135.28
EK202310176789,133.08
EK202310234641,134.74
EK202310216672,153.12
EK202310218187,155.75
EK202310163653,138.97
EK202310173938,149.01
EK202310144779,129.44
EK202310105452,135.4
EK202310203289,139.65
EK202310244916,142.72
EK202310212913,142.95
EK202310195593,141.28
EK202310109392,145.68
EK202310239794,159.16
EK202310156466,142.83
EK202310234091,142.61
EK202310202246,157.13
EK202310208070,136.5
EK202310199529,146.46
EK202310191597,140.54
EK202310232873,152.52
EK202310245305,144.92
EK202310196018,158.97
EK202310205608,132.2
EK202310211776,137.6
EK202310219819,132.79
EK202310152910,169.52
EK202310244549,144.45
EK202310123421,148.92
EK202310205600,155.75
EK202310219535,131.45
EK202310247105,143.81
EK202310223625,157.85
EK202310135177,152.3
EK202310167858,137.24
EK202310193232,129.07
EK202310144624,126.6
EK202310132627,149.26
EK202310213967,151.66
EK202310236061,130.9
EK202310177659,167.66
EK202310145236,163.44
EK202310118399,132.91
EK202310215365,147.43
EK202320006049,148.91
EK202310185900,137.14
EK202310133957,152.26
EK202310234170,127.43
EK202310126261,139.75
EK202310118103,165.93
EK202310118678,138.86
EK202310113678,148.38
EK202310111849,141.21
EK202310218593,129.28
EK202310145457,126.94
EK202310174907,152.01
EK202310004460,144.77
EK202310194109,143.87
EK202310108378,133.07
EK202310200664,135.55
EK202310167993,137.24
EK202310157089,161.06
EK202310210287,146.11
EK202310148250,135.54
EK202310207303,136.04
EK202310206507,149.28
EK202310243704,139.97
EK202310179019,129.57
EK202310243866,156.93
EK202310137648,139.45
EK202310173887,145.77
EK202310235491,165.52
EK202310212645,135.41
EK202310190281,153.59
EK202310220934,141.27
EK202310230719,137.32
EK202310201074,135.66
EK202310178051,143.6
EK202310181204,137.99
EK202310135829,143.1
EK202310170445,138.77
EK202310238141,134.41
EK202310135822,146.2
EK202310227546,139.87
EK202310140976,137.8
EK202310246668,146.34
EK202310105632,134.13
EK202310109270,147.93
EK202310131782,139.86
EK202310233567,137.24
EK202310161598,144.09
EK202310110724,139.41
EK202310229148,148.72
EK202310159146,151.95
EK202310195696,139.91
EK202310117218,145.54
EK202310205895,159.75
EK202310194401,143.9
EK202310126710,152.54
EK202310152278,159.27
EK202310190916,144.35
EK202310110549,127.61
EK202310177514,154.27
EK202310175686,153.68
EK202310223432,137.94
EK202310244466,152.59
EK202310134231,140.6
EK202310236274,138.17
EK202310195863,151.55
EK202310241144,157.25
EK202310202269,150.67
EK202310231316,136.87
EK202310211605,134.86
EK202310200954,156.63
EK202310224489,133.25
EK202310165476,141.08
EK202310204173,130.9
EK202310178369,145.66
EK202310170774,128.71
EK202310205764,142.41
EK202310236659,145.74
EK202310170743,129.7
EK202310136793,148.24
EK202310187675,144.82
EK202310156962,143.07
EK202310216942,160.07
EK202310168321,141.83
EK202310243793,134.87
EK202310235437,147.45
EK202310118510,147.5
EK202310139337,150.75
EK202310120961,139.07
EK202310214076,149.53
EK202310241228,154.93
EK202310212101,143.87
EK202310199696,167.32
EK202310163542,137.63
EK202310232836,144.74
EK202310189334,146.19
EK202310239101,141.47
EK202310156523,147.14
EK202310201002,149.05
EK202310003364,139.27
EK202310179389,143.61
EK202310163130,135.21
EK202310232481,126.51
EK202310186459,142.45
EK202310164481,138.43
EK202310169941,144.57
EK202310131128,139.41
EK202310228174,136.28
EK202310173249,143.51
EK202310202077,143.59
EK202310225477,142.29
EK202310247572,143.28
EK202310181799,145.03
EK202310119740,148.58
EK202310131395,133.24
EK202310224529,133.48
EK202310156156,142.84
EK202310200552,168.1
EK202310169146,151.5
EK202310143038,140.48
EK202310170406,126.19
EK202310200533,158.17
EK202310119387,141.64
EK202310202355,134.41
EK202310225013,129.51
EK202310214250,144.86
EK202310210556,138.35
EK202310201139,139.16
EK202310130429,147.28
EK202310224863,142.83
EK202310153482,133.56
EK202310241062,147.09
EK202310164485,139.62
EK202310245636,135.45
EK202310157534,133.22
EK202310229118,140.57
EK202310171426,139.22
EK202310210127,145.47
EK202310111733,151.12
EK202310141203,139.67
EK202310232387,142.45
EK202310188639,133.79
EK202310190835,150.54
EK202310201801,145.94
EK202310175974,155.6
EK202310187326,129.85
EK202310212155,133.26
EK202310151022,143.07
EK202310211125,141.45
EK202310219268,135.2
EK202310110245,140.05
EK202310238069,144.46
EK202310199559,152.48
EK202310167739,134.83
EK202310142979,144.21
EK202310191202,135.83
EK202310144654,142.17
EK202310224039,137.22
EK202310150921,129.9
EK202320006004,160.64
EK202310108116,132.72
EK202310226608,138.05
EK202310237947,140.06
EK202310245724,146.76
EK202310216589,135.62
EK202310242883,145.52
EK202310192702,135.84
EK202310168445,140.56
EK202310205542,153.53
EK202310150929,148.81
EK202310173039,133.48
EK202310139742,135.39
EK202310138564,131.86
EK202310145764,137.41
EK202310148134,151.16
EK202310180451,143.95
EK202310149802,140.43
EK202310247608,160.26
EK202310130999,137.06
EK202310141610,136.83
EK202310224015,159.61
EK202310229698,138.39
EK202310197753,146.55
EK202310152255,158.12
EK202310133838,171.21
EK202310192249,162.86
EK202310195834,161.78
EK202310186510,138.22
EK202310177054,137.94
EK202310107524,151.06
EK202310128174,142.56
EK202310187413,141.94
EK202310234580,141.21
EK202310104409,146.42
EK202310125276,142.82
EK202310113893,139.25
EK202310179353,137.48
EK202310240438,147.09
EK202310229420,143.85
EK202310116112,130.86
EK202310117942,139.58
EK202310163339,132.64
EK202310166509,136.28
EK202310185556,135.99
EK202310227524,147.41
EK202310109010,167.91
EK202310183425,128.66
EK202310191714,170.36
EK202310155039,139.25
EK202310169140,163.92
EK202310177573,144.89
EK202310170318,145.86
EK202310207697,140.96
EK202310199740,152.71
EK202310149864,146.74
EK202310150264,144.58
EK202310189933,136.79
EK202310218127,139.15
EK202310108083,146.27
EK202310154872,151.46
EK202310160785,139.86
EK202310206282,146.98
EK202310124253,138.12
EK202310196633,134.92
EK202310105966,132.58
EK202310141033,150.43
EK202310197213,139.13
EK202310206024,127.61
EK202310113110,128.45
EK202310114366,135.47
EK202310133810,141.1
EK202310135192,145.02
EK202310233334,138.77
EK202310148079,144.74
EK202310109276,145.98
EK202310124568,138.39
EK202310162273,137.55
EK202310126242,132.31
EK202310106288,138.7
EK202310190761,160.16
EK202310003653,130.65
EK202310111116,135.06
EK202310193002,147.86
EK202310107463,132.17
EK202310237608,138.18
EK202310213418,127.84
EK202310204153,145.47
EK202310104707,139.39
EK202310238820,134.76
EK202310141697,142.38
EK202310178269,149.08
EK202310229367,144.41
EK202310172017,166.24
EK202310223139,137.46
EK202310125096,138.56
EK202310143070,150.64
EK202310234470,135.2
EK202310131911,133.18
EK202310176053,149.43
EK202310158201,151.05
EK202310113896,148.4
EK202310217246,134.24
EK202310202878,146.85
EK202310179418,165.94
EK202310106198,132.56
EK202310130287,163.5
EK202310203618,140.36
EK202310144069,142.76
EK202310225997,166.83
EK202310137087,141.58
EK202310114093,151.59
EK202310125025,130.18
EK202310169960,149.94
EK202310211027,150.71
EK202310156374,149.46
EK202310184239,147.89
EK202310193887,135.52
EK202310169120,139.36
EK202310214116,169.9
EK202310004097,137.74
EK202310156682,134.79
EK202310154604,153.48
EK202310218245,141.68
EK202310224853,128.58
EK202310164480,139.45
EK202310130017,146.83
EK202310142314,135.99
EK202310104271,152.8
EK202310245758,132.59
EK202310229784,139.9
EK202310110502,153.69
EK202310121032,163.34
EK202310233632,149.93
EK202310126266,129.72
EK202310109825,134.45
EK202320007054,145.06
EK202310166953,141.08
EK202310227160,148.59
EK202310215524,153.11
EK202310221415,156.76
EK202310224669,123.32
EK202310182834,156.01
EK202310155348,140.31
EK202310186571,148.73
EK202310130542,133.96
EK202310108675,131.74
EK202310147107,148.73
EK202310175270,140.76
EK202310223760,132.97
EK202310124746,134.73
EK202310170040,166.59
EK202310004065,135.2
EK202310221363,139.13
EK202310209500,138.53
EK202310178304,151.84
EK202310133005,143.3
EK202310120850,145.66
EK202310213264,138.98
EK202310149096,155.79
EK202310177683,136.48
EK202310242597,134.6
EK202310177919,140.73
EK202310134733,147.41
EK202310181823,134.93
EK202310136672,146.07
EK202310151585,144.97
EK202310117995,130.06
EK202320007252,154.15
EK202310231786,138.2
EK202310241673,129.78
EK202310161732,162.6
EK202310161656,158.38
EK202310212063,128.22
EK202310217895,159.68
EK202310138774,142.48
EK202310126590,141.54
EK202310123141,136.27
EK202310224982,131.49
EK202310206262,143.89
EK202310139370,135.86
EK202310224820,136.52
EK202310130273,159.04
EK202310133523,137.83
EK202310239621,135.79
EK202310190678,145.33
EK202310125061,130.61
EK202310234940,139.7
EK202310178076,134.82
EK202310153610,152.32
EK202310179234,156.0
EK202310159634,135.17
EK202310186548,148.84
EK202310135839,166.02
EK202310136969,145.54
EK202310145737,146.49
EK202310164062,134.15
EK202310237524,133.29
EK202310225600,148.78
EK202310130766,143.08
EK202310198060,130.85
EK202310202900,162.25
EK202310180295,140.34
EK202310161819,135.61
EK202310182490,150.75
EK202310151915,146.9
EK202310114135,149.76
EK202310155620,133.02
EK202310156539,162.5
EK202310164137,140.27
EK202310172602,148.91
EK202310161051,173.87
EK202310225217,170.32
EK202310220749,133.74
EK202310135024,157.85
EK202310236167,127.47
EK202310106428,134.66
EK202310191224,144.16
EK202310126171,141.33
EK202310152423,151.89
EK202310168273,154.66
EK202310129168,145.51
EK202310176927,147.07
EK202310172428,164.88
EK202310181185,156.51
EK202310004161,137.89
EK202310221234,136.85
EK202310161711,144.81
EK202310240221,149.35
EK202310222828,135.13
EK202310210279,134.78
EK202310170097,144.89
EK202310188723,159.43
EK202310166478,156.92
EK202310221027,146.51
EK202310114979,144.46
EK202310242042,143.33
EK202310140021,127.37
EK202310130000,160.08
EK202310186640,146.64
EK202310004760,133.79
EK202310122844,142.23
EK202310153842,139.57
EK202310177802,140.68
EK202310004581,131.06
EK202310246710,142.18
EK202310113952,145.87
EK202310151035,143.62
EK202310216428,132.89
EK202310144070,157.95
EK202310169605,132.99
EK202310159620,136.45
EK202310105550,136.56
EK202310240970,135.24
EK202310182151,142.63
EK202310231587,133.02
EK202310118075,131.6
EK202310133019,142.0
EK202310206992,149.16
EK202310220008,135.37
EK202310234156,127.08
EK202310162641,168.67
EK202310142907,145.45
EK202310154115,135.99
EK202310130815,133.39
EK202310150846,128.23
EK202320007669,161.8
EK202310227486,150.57
EK202320007572,147.98
EK202310137639,131.6
EK202310103836,133.83
EK202310202037,157.97
EK202310223420,143.5
EK202310185672,137.98
EK202310229956,142.59
EK202310183246,157.63
EK202310138498,151.27
EK202310191631,144.1
EK202310197089,152.88
EK202310133822,131.11
EK202310245494,144.47
EK202310207684,133.8
EK202310170631,139.59
EK202310230054,132.73
EK202310229119,141.45
EK202310162261,138.33
EK202310134206,140.13
EK202310126114,131.81
EK202310202130,151.57
EK202310201610,143.73
EK202310140475,133.52
EK202310134356,147.14
EK202320007186,162.88
EK202310120790,140.09
EK202310245157,154.73
EK202310208016,147.49
EK202310174476,137.28
EK202310188403,142.93
EK202310142082,153.5
EK202310126792,133.48
EK202310182973,141.98
EK202310236318,138.27
EK202310191185,147.08
EK202310135600,139.94
EK202310212912,143.37
EK202310109044,143.76
EK202310220665,140.17
EK202310209857,145.59
EK202310136210,136.53
EK202310241948,161.84
EK202310147383,135.1
EK202310119158,134.72
EK202310225656,141.38
EK202310115771,141.36
EK202310115861,131.86
EK202310156104,141.58
EK202310168339,135.76
EK202310186770,142.51
EK202310227679,141.85
EK202310198604,141.81
EK202310126896,161.03
EK202310119992,134.71
EK202310194849,137.02
EK202310224912,136.07
EK202310163124,130.6
EK202310181144,161.41
EK202310147897,140.39
EK202310177921,146.92
EK202310199607,142.84
EK202310172680,138.74
EK202310129543,141.51
EK202310161704,146.13
EK202310193784,140.0
EK202310243291,143.38
EK202310208991,145.69
EK202310140086,140.65
EK202310136481,133.26
EK202310178220,145.21
EK202310210109,161.15
EK202310128687,138.74
EK202310213632,141.79
EK202310215453,155.28
EK202310235764,136.6
EK202310216758,163.28
EK202310163056,144.73
EK202310125899,144.22
EK202310180181,144.58
EK202310224630,140.43
EK202310118929,142.76
EK202310178808,152.68
EK202310234570,135.71
EK202310127428,144.07
EK202310213472,138.68
EK202310192759,146.83
EK202310210638,137.97
EK202310104955,129.8
EK202310124793,133.6
EK202310154265,135.1
EK202310136853,138.82
EK202310160020,136.98
EK202310129715,161.89
EK202310208844,142.56
EK202310165769,153.25
EK202310119276,152.46
EK202310155853,130.97
EK202310148019,142.61
EK202310158588,149.8
EK202320005915,158.73
EK202310139760,140.83
EK202310235740,142.68
EK202310163003,145.34
EK202310166151,138.66
EK202310205151,130.26
EK202310163809,134.38
EK202310195046,147.78
EK202310190606,138.72
EK202310201185,158.72
EK202310244204,132.93
EK202310221873,140.97
EK202310213079,134.07
EK202310167878,137.49
EK202310108748,141.2
EK202310231105,137.94
EK202310162450,138.78
EK202310106681,142.46
EK202310175585,146.06
EK202310216131,126.09
EK202310247112,136.32
EK202310133778,142.76
EK202310226737,149.08
EK202310149352,154.95
EK202310125918,135.76
EK202310163682,137.92
EK202310189571,165.34
EK202310128706,133.32
EK202310227554,146.4
EK202310149106,144.41
EK202310200290,136.86
EK202310192844,149.97
EK202310229985,129.8
EK202310196907,143.39
EK202310148131,145.31
EK202310223289,142.88
EK202310169529,129.68
EK202310169806,155.17
EK202310212585,138.81
EK202310196857,146.57
EK202310190419,142.4
EK202310219008,137.21
EK202310142486,136.89
EK202310192709,166.94
EK202310182822,127.7
EK202310136899,141.83
EK202310115463,136.87
EK202310146582,146.24
EK202310132422,141.99
EK202310112592,142.37
EK202310226203,149.45
EK202310121586,139.96
EK202310181107,150.49
EK202310213474,136.11
EK202310138830,150.98
EK202310168849,131.25
EK202310229317,131.95
EK202310204390,133.13
EK202310192992,142.91
EK202310152280,148.02
EK202310155151,160.92
EK202310174087,143.59
EK202310212165,137.56
EK202310152752,139.05
EK202310168592,133.84
EK202310191895,142.45
EK202310200059,134.84
EK202310243745,135.4
EK202310158852,149.74
EK202310157579,144.46
EK202310225059,143.43
EK202310183337,135.9
EK202310198264,133.65
EK202310114412,141.68
EK202310227155,142.33
EK202310234975,158.69
EK202310197349,142.66
EK202310208018,144.66
EK202310200505,146.14
EK202310115897,131.39
EK202310202707,150.08
EK202310207442,148.9
EK202310185479,163.62
EK202310237037,154.65
EK202310136200,145.57
EK202310154113,146.89
EK202310114492,137.67
EK202310176297,150.08
EK202310107640,126.7
EK202310209670,137.01
EK202310105256,151.47
EK202310108117,139.79
EK202310214550,133.22
EK202310175559,134.82
EK202310148239,134.45
EK202310181548,137.01
EK202310216342,140.19
EK202310160035,133.8
EK202310168843,152.4
EK202310131732,138.79
EK202310209477,156.12
EK202310237971,149.81
EK202310129891,165.25
EK202310171726,147.43
EK202310229665,136.88
EK202310204967,149.55
EK202310174899,128.53
EK202310116238,153.89
EK202310114560,136.37
EK202310238506,137.86
EK202310234905,136.8
EK202310229020,137.29
EK202320006240,165.6
EK202310142292,140.94
EK202310150080,164.28
EK202310159478,138.02
EK202310158699,144.59
EK202310245027,163.58
EK202310152722,134.81
EK202310233081,125.67
EK202310246556,144.42
EK202310105650,139.39
EK202310190838,140.58
EK202310218394,144.01
EK202310118154,136.56
EK202310131520,144.37
EK202310139487,141.69
EK202310146562,140.65
EK202310205269,159.13
EK202310139486,154.72
EK202310106738,144.47
EK202310196849,131.49
EK202310181949,160.4
EK202310201469,146.76
EK202310163916,137.82
EK202310221312,160.16
EK202310138582,149.46
EK202310135507,156.09
EK202310179372,142.79
EK202310004219,138.38
EK202310158089,137.74
EK202310150765,143.85
EK202310191391,144.89
EK202310112611,143.87
EK202310107389,139.31
EK202310233851,145.21
EK202310151219,142.05
EK202310232601,135.08
EK202310202073,148.44
EK202310225289,141.53
EK202310166576,138.33
EK202310224067,134.33
EK202310136837,137.42
EK202310177674,135.62
EK202310246493,144.78
EK202310183092,149.8
EK202310109401,144.33
EK202310145629,139.4
EK202310130973,127.79
EK202310208348,143.45
EK202310184342,140.62
EK202320007150,152.65
EK202310237789,137.01
EK202310114883,128.03
EK202310205366,142.93
EK202310124191,134.52
EK202310155262,141.85
EK202310220998,139.74
EK202310220544,132.0
EK202310143757,140.58
EK202310106423,141.13
EK202310221380,133.58
EK202310126488,131.48
EK202310161364,138.18
EK202310239501,134.16
EK202310164868,149.75
EK202310203126,138.64
EK202310137546,146.99
EK202310121376,146.32
EK202310105109,135.12
EK202310205221,151.1
EK202310188382,163.37
EK202310241423,156.62
EK202310167391,133.27
EK202310228119,156.94
EK202310207564,141.0
EK202310141877,138.34
EK202310244134,135.43
EK202310148484,140.24
EK202310213947,130.18
EK202310189815,138.3
EK202310196971,163.23
EK202310170035,140.37
EK202310118616,150.52
EK202310202991,152.24
EK202310193605,140.19
EK202310142332,155.73
EK202310107201,131.73
EK202310196602,148.41
EK202310112787,143.74
EK202310237416,129.22
EK202310234910,137.92
EK202310190727,143.61
EK202310114532,166.7
EK202310202380,126.48
EK202310196667,131.73
EK202310118771,133.95
EK202310112695,141.55
EK202310196403,140.14
EK202310214197,140.82
EK202310204797,140.7
EK202310107958,152.91
EK202310130013,145.35
EK202310135758,130.95
EK202310193054,138.75
EK202310148141,128.82
EK202310166034,155.85
EK202310158033,157.93
EK202310150288,154.69
EK202310113821,141.77
EK202310179440,156.88
EK202310217819,137.19
EK202310162109,161.81
EK202310200554,165.41
EK202310115242,134.28
EK202310154839,146.69
EK202310208688,145.09
EK202310191490,139.41
EK202310137318,131.47
EK202310142738,154.24
EK202310180609,140.56
EK202310158752,143.87
EK202310181525,149.71
EK202310236876,136.62
EK202310151933,132.47
EK202310203259,156.42
EK202310158609,148.11
EK202310142468,149.26
EK202310178475,144.7
EK202310113000,150.73
EK202310112010,147.38
EK202310141067,147.75
EK202310228986,136.73
EK202310123898,139.74
EK202310247624,139.72
EK202310110313,146.75
EK202310148786,147.54
EK202310200971,136.47
EK202310202596,150.82
EK202310196164,151.17
EK202310106209,139.58
EK202310177374,155.15
EK202310179062,146.72
EK202310222889,134.45
EK202310144590,140.08
EK202310136010,137.82
EK202310157710,149.31
EK202310168920,138.18
EK202310194908,150.22
EK202310245967,131.71
EK202310210453,139.75
EK202310223279,137.09
EK202310146923,136.27
EK202310231717,132.33
EK202310133833,133.97
EK202310108447,126.97
EK202310156614,167.41
EK202310124987,138.56
EK202310215881,140.69
EK202310161152,160.27
EK202310224348,134.87
EK202310242122,149.7
EK202310173831,143.25
EK202310122353,131.77
EK202310238723,150.28
EK202310232778,157.27
EK202310198262,137.72
EK202310206795,149.57
EK202310105061,131.52
EK202310147550,142.77
EK202310169793,153.19
EK202310174721,131.62
EK202310197557,157.14
EK202320007058,163.39
EK202310201254,138.52
EK202310243393,141.12
EK202310225384,134.3
EK202310004551,133.9
EK202310187388,141.36
EK202310221213,138.13
EK202310206186,133.37
EK202310118966,151.03
EK202310126228,132.97
EK202310143806,143.75
EK202310134776,131.79
EK202310222461,133.7
EK202310125996,128.74
EK202310219494,127.32
EK202310110685,123.7
EK202310222225,132.8
EK202310191983,163.81
EK202310144685,150.86
EK202310179138,135.14
EK202310179457,132.56
EK202310217372,152.06
EK202310158103,171.54
EK202310167022,144.68
EK202310148101,142.19
EK202310174010,137.67
EK202310247906,159.42
EK202310146964,149.29
EK202310195616,147.64
EK202310187966,146.1
EK202310172204,134.3
EK202310201348,144.82
EK202310125866,138.0
EK202310107865,140.88
EK202310116596,150.63
EK202310247975,162.33
EK202310118528,140.98
EK202310148683,151.74
EK202310158367,155.02
EK202310126019,132.9
EK202310163868,127.43
EK202310125121,139.57
EK202310152576,153.17
EK202310170352,127.64
EK202310233529,144.48
EK202310186906,140.18
EK202310144083,146.42
EK202310184975,149.72
EK202310178056,141.62
EK202310188978,150.2
EK202310217567,132.11
EK202310184281,164.71
EK202310140673,154.34
EK202310228899,133.47
EK202310196162,129.51
EK202310135089,165.54
EK202310115752,133.16
EK202310214385,152.35
EK202310232516,126.51
EK202310220873,143.32
EK202310172989,141.31
EK202310240149,139.73
EK202310212616,138.04
EK202310187474,155.93
EK202310156838,147.48
EK202310183007,152.75
EK202310227341,163.07
EK202310110343,147.08
EK202310198412,151.67
EK202310150894,140.2
EK202310181422,142.81
EK202310198432,150.61
EK202310187779,146.35
EK202310159706,147.2
EK202310127815,141.84
EK202310242438,143.52
EK202310145323,140.74
EK202310130401,158.68
EK202310116797,137.45
EK202310123002,140.16
EK202310152154,146.14
EK202310117372,144.7
EK202310116670,139.31
EK202310237203,130.13
EK202310162551,144.33
EK202310113370,144.81
EK202310228900,134.43
EK202310175209,149.94
EK202310236343,140.03
EK202310236383,140.02
EK202310131357,135.99
EK202310159166,137.28
EK202310170247,142.41
EK202310222379,144.34
EK202310154909,144.39
EK202310146442,138.03
EK202310003774,126.96
EK202310112911,145.9
EK202310227351,142.56
EK202310209062,141.83
EK202310238802,138.67
EK202310210919,134.09
EK202310232835,136.04
EK202310117128,138.67
EK202310219225,137.87
EK202310174933,151.32
EK202310204676,164.62
EK202310107148,150.26
EK202310181371,167.49
EK202310146220,147.34
EK202310224369,139.01
EK202310114927,140.63
EK202310177552,137.45
EK202310221588,152.52
EK202310107465,144.03
EK202310135932,152.29
EK202310110876,147.04
EK202310237021,136.44
EK202310109014,136.84
EK202310140401,132.19
EK202310137294,130.71
EK202310163064,165.74
EK202310147482,162.34
EK202310127284,159.1
EK202310201694,148.06
EK202310198350,148.1
EK202310208750,137.19
EK202310004741,137.76
EK202310164975,137.75
EK202310219480,135.02
EK202310213044,144.91
EK202310225710,132.2
EK202310174791,147.0
EK202310110800,134.37
EK202310208627,147.59
EK202310191043,147.29
EK202310154022,137.18
EK202310224070,131.46
EK202310119217,135.61
EK202310166221,140.2
EK202310135615,133.89
EK202310184260,132.57
EK202310123132,152.4
EK202310234461,135.44
EK202310167872,148.63
EK202310174913,158.76
EK202310199190,132.72
EK202310207044,138.07
EK202310121394,131.75
EK202310191133,151.71
EK202310222955,131.34
EK202310193537,130.29
EK202310131922,139.07
EK202310241321,149.13
EK202310223125,142.92
EK202310177034,152.97
EK202310189208,152.99
EK202320006578,168.79
EK202310204325,146.84
EK202310104387,146.35
EK202310188941,160.36
EK202310163981,139.5
EK202310222266,135.15
EK202310108713,152.85
EK202310201346,142.14
EK202310218638,131.03
EK202310161345,142.47
EK202310241526,132.35
EK202310199356,135.66
EK202310134515,132.76
EK202310004519,128.31
EK202310135276,161.06
EK202310219279,135.38
EK202310136740,135.33
EK202310200952,160.63
EK202310110068,136.47
EK202310157132,155.12
EK202310149621,147.89
EK202310138788,149.72
EK202310224324,137.92
EK202310239811,146.13
EK202310201046,139.34
EK202310165503,137.34
EK202310238259,151.73
EK202310165302,143.59
EK202310191144,142.14
EK202310185640,143.9
EK202310120926,140.27
EK202310197879,136.9
EK202310196320,154.53
EK202310220563,138.71
EK202310221699,137.8
EK202310229519,141.45
EK202310108573,155.45
EK202310184582,149.57
EK202310211294,147.88
EK202310195625,138.66
EK202310139587,157.57
EK202310118764,129.39
EK202310110542,137.37
EK202310173704,151.72
EK202310136262,136.52
EK202310237271,136.62
EK202310205898,148.4
EK202310245831,119.99
EK202310193909,147.15
EK202310204263,143.21
EK202310105876,142.47
EK202310192947,139.03
EK202310183403,145.25
EK202310133788,139.6
EK202310222018,141.46
EK202310129042,144.1
EK202310227808,133.24
EK202310218437,170.25
EK202310237736,136.44
EK202310141333,147.76
EK202310156395,143.37
EK202310004469,136.75
EK202310114436,133.92
EK202310118411,131.13
EK202310163568,133.51
EK202310183481,150.98
EK202310124719,161.98
EK202320006725,154.86
EK202310166370,157.38
EK202310133824,143.59
EK202310210325,136.82
EK202310144287,135.53
EK202310130686,143.33
EK202310177102,150.08
EK202310168931,133.84
EK202310235183,137.86
EK202310228458,165.25
EK202310207703,146.94
EK202310203188,160.52
EK202310111430,135.95
EK202310244894,146.36
EK202310113983,150.31
EK202310202824,160.66
EK202310138446,133.72
EK202310176444,136.13
EK202310126844,143.76
EK202310226840,141.64
EK202310109459,139.26
EK202310118743,152.25
EK202310129553,138.47
EK202310199845,150.63
EK202310228563,140.83
EK202310218219,143.37
EK202310197921,140.81
EK202310233068,140.07
EK202310159242,148.34
EK202310198622,134.0
EK202310203352,139.54
EK202310164418,140.51
EK202310119871,146.62
EK202310207409,158.07
EK202310109177,157.33
EK202310165988,149.14
EK202310199785,145.44
EK202310196659,176.43
EK202310169272,142.26
EK202310197425,129.26
EK202310175738,149.64
EK202310135941,137.53
EK202310139904,137.23
EK202310194855,135.38
EK202310221332,135.8
EK202310126755,132.91
EK202310220018,137.99
EK202310134041,127.9
EK202310210951,137.54
EK202310122540,143.15
EK202310205978,133.13
EK202310159579,138.03
EK202310118408,137.86
EK202310115221,134.52
EK202310120155,152.71
EK202310163240,143.54
EK202310147464,148.12
EK202310248306,142.65
EK202310152592,140.38
EK202310192478,145.17
EK202310126785,135.68
EK202310110706,142.94
EK202310182765,147.13
EK202310248138,140.32
EK202310186154,134.69
EK202310181675,165.58
EK202310217987,137.29
EK202310179130,142.56
EK202310135992,138.09
EK202310221623,141.69
EK202310113128,141.44
EK202310210010,137.53
EK202310163945,154.55
EK202310239487,138.62
EK202310238588,140.87
EK202310146898,142.32
EK202310147158,148.47
EK202310187097,134.66
EK202310195731,141.93
EK202310105999,136.9
EK202310200746,145.52
EK202310129579,139.54
EK202310197982,167.97
EK202310183465,138.2
EK202310105248,137.42
EK202310142138,131.05
EK202310171408,148.22
EK202310131832,144.1
EK202310211971,138.05
EK202310240690,135.88
EK202310003608,125.26
EK202310145836,142.98
EK202310171399,139.89
EK202310137705,139.05
EK202310136000,147.69
EK202310133882,141.69
EK202310141636,150.61
EK202310147290,136.6
EK202310241487,137.03
EK202310137723,135.0
EK202310140855,143.91
EK202310177098,152.04
EK202320006676,173.37
EK202310112514,141.33
EK202310141677,151.84
EK202310175682,164.64
EK202310236633,135.14
EK202310196176,131.74
EK202310156999,145.68
EK202310213305,144.95
EK202310200333,154.95
EK202310196550,139.61
EK202310226257,136.44
EK202310210514,133.95
EK202310185954,138.52
EK202310239737,144.02
EK202310231636,137.55
EK202310167744,141.43
EK202310227786,138.19
EK202310234832,142.73
EK202310126608,136.36
EK202310231942,139.9
EK202310107679,134.59
EK202310154939,148.71
EK202310191434,132.81
EK202310143462,132.34
EK202310228890,128.84
EK202310181791,131.88
EK202310147122,143.69
EK202310114485,134.27
EK202310104634,144.74
EK202310183103,135.84
EK202310003449,141.51
EK202310220154,130.01
EK202310215919,133.58
EK202310183173,126.42
EK202310136581,141.34
EK202310135891,151.67
EK202310234960,136.61
EK202310213672,133.14
EK202310160012,143.54
EK202310112248,148.21
EK202310136825,146.44
EK202310243733,133.83
EK202310235540,134.08
EK202310241172,136.0
EK202310189939,141.65
EK202310115473,131.77
EK202310188980,164.13
EK202310248520,145.41
EK202320006015,146.62
EK202310156531,135.67
EK202310146465,142.43
EK202310104718,144.22
EK202310208272,142.09
EK202310170862,136.85
EK202310235381,135.81
EK202310171376,140.99
EK202310167650,148.36
EK202310160990,146.06
EK202310195882,135.16
EK202310190552,138.57
EK202310120695,135.47
EK202310177689,142.25
EK202310116634,143.47
EK202310110519,137.49
EK202310125017,160.81
EK202310182959,136.85
EK202310181811,148.12
EK202310214725,158.83
EK202310212263,136.99
EK202310122692,149.78
EK202310215131,136.07
EK202310202575,138.54
EK202310167856,141.03
EK202310196698,148.94
EK202310226483,144.36
EK202310162014,156.09
EK202310125942,150.74
EK202310106367,140.38
EK202310229140,146.8
EK202310207884,140.46
EK202310152869,166.1
EK202310178619,143.66
EK202310211976,137.23
EK202310229203,136.11
EK202310192119,166.7
EK202310202715,166.27
EK202320007183,174.19
EK202310218337,135.67
EK202310146967,135.57
EK202310184808,147.76
EK202310190764,140.7
EK202310156823,141.45
EK202310199791,146.87
EK202310128548,138.42
EK202310156699,133.16
EK202310191011,155.06
EK202310192556,144.19
EK202310201947,129.84
EK202310180835,139.78
EK202310218514,126.73
EK202310235403,144.61
EK202310222338,148.27
EK202310129625,137.88
EK202320005601,154.82
EK202310167199,146.57
EK202310216271,160.69
EK202310186219,156.65
EK202310200112,148.02
EK202310240709,137.0
EK202310140388,149.29
EK202310167460,135.43
EK202310207710,155.36
EK202310136954,132.48
EK202310238009,167.68
EK202310241135,141.33
EK202310118669,140.28
EK202310177676,135.84
EK202310110622,143.58
EK202310106125,160.39
EK202310137730,135.93
EK202310169952,136.78
EK202310201586,140.5
EK202310199082,148.4
EK202310110230,131.16
EK202310169093,164.41
EK202310151384,163.53
EK202310118353,132.97
EK202310217860,133.98
EK202310155832,140.69
EK202310192043,149.28
EK202310227031,126.49
EK202310181504,137.1
EK202310123944,137.59
EK202310155457,139.42
EK202310121127,157.47
EK202310004367,148.74
EK202310113745,138.28
EK202310121643,143.4
EK202310126640,142.94
EK202310203242,151.55
EK202310144892,141.33
EK202310108440,138.72
EK202310169807,152.82
EK202310247122,141.48
EK202310129519,153.14
EK202310235954,148.79
EK202310122880,141.1
EK202310231944,136.87
EK202310244881,138.15
EK202310124312,138.84
EK202310193201,166.31
EK202310229571,126.61
EK202310157769,144.52
EK202310109164,130.81
EK202310188000,148.03
EK202310109289,127.68
EK202310157844,147.59
EK202310237961,158.73
EK202310138503,165.63
EK202310155205,131.62
EK202310199658,157.36
EK202310168116,148.34
EK202310236349,138.19
EK202310003984,147.89
EK202310227800,142.68
EK202310238162,140.08
EK202310207863,136.37
EK202310104629,137.25
EK202310199877,140.75
EK202310242313,138.86
EK202310180497,156.53
EK202310205863,153.84
EK202310198959,140.79
EK202310150579,147.86
EK202310142769,162.04
EK202310198383,149.37
EK202310114099,141.89
EK202310189094,165.28
EK202310128005,133.23
EK202310210639,138.84
EK202310247606,156.48
EK202310161724,136.71
EK202310141881,137.74
EK202310131694,140.06
EK202310204730,143.27
EK202310171972,135.45
EK202310208602,145.21
EK202310154432,131.33
EK202310122263,140.07
EK202310192830,147.13
EK202310211505,151.79
EK202310247017,146.31
EK202310106742,138.67
EK202310160358,133.8
EK202310241263,159.05
EK202310109888,144.17
EK202310119208,138.53
EK202310138383,126.4
EK202310195693,144.64
EK202310150042,145.09
EK202310233867,166.03
EK202310151155,129.45
EK202310152450,141.52
EK202310216227,144.79
EK202310119674,146.24
EK202310151394,169.32
EK202310198198,134.36
EK202310231585,135.07
EK202310220310,171.22
EK202310133553,139.62
EK202310119758,142.77
EK202310154895,167.87
EK202310166029,147.53
EK202310209935,142.06
EK202310106150,157.87
EK202310220446,140.39
EK202310138946,146.96
EK202310136698,138.61
EK202310237887,137.8
EK202310133476,141.28
EK202310219601,136.63
EK202310171218,141.51
EK202310235182,140.18
EK202310132648,127.04
EK202310244452,130.05
EK202310138113,137.75
EK202310187317,137.37
EK202310179142,144.29
EK202310165891,148.51
EK202310177495,145.2
EK202310150032,158.83
EK202310133680,136.08
EK202310133975,151.02
EK202310203779,144.27
EK202320007546,146.74
EK202310191528,138.74
EK202310129147,147.3
EK202310181778,146.64
EK202310230476,158.15
EK202310110448,133.66
EK202310107980,137.32
EK202310150018,151.34
EK202310222076,138.91
EK202310178437,146.39
EK202310206209,136.97
EK202310211038,154.96
EK202310130172,155.12
EK202310166466,164.18
EK202310183473,143.23
EK202310196150,156.5
EK202310157693,141.79
EK202310104605,143.54
EK202310235306,151.06
EK202310107563,145.68
EK202310163320,133.72
EK202310136756,137.02
EK202310211564,131.61
EK202310232534,135.75
EK202310132550,138.5
EK202310160312,154.99
EK202310234805,140.48
EK202310185938,134.88
EK202310144699,155.94
EK202310191954,154.68
EK202310146126,131.08
EK202320006284,157.43
EK202310185460,153.91
EK202310191567,145.74
EK202310222307,141.84
EK202310105032,143.85
EK202310230256,132.47
EK202310220456,146.27
EK202310125059,134.96
EK202320006649,172.81
EK202310170919,136.36
EK202310244926,138.64
EK202310123389,142.95
EK202310122848,138.42
EK202310211774,132.06
EK202310197231,128.94
EK202310138568,131.01
EK202310198554,134.44
EK202310121478,133.69
EK202310236719,148.56
EK202310168801,147.52
EK202310224443,157.87
EK202310206512,143.69
EK202310220836,154.7
EK202310247269,135.76
EK202310131994,129.11
EK202310134008,133.38
EK202310157322,144.93
EK202310143414,152.18
EK202310173429,145.22
EK202310217512,136.13
EK202310166684,140.74
EK202310203358,140.41
EK202310135525,153.4
EK202310190632,151.44
EK202310109605,162.76
EK202310209788,134.32
EK202310184706,140.01
EK202320006994,160.56
EK202310184357,136.05
EK202320007190,149.05
EK202310105990,135.02
EK202310168348,134.23
EK202310138422,131.6
EK202310136152,145.46
EK202310126424,133.41
EK202310147111,152.16
EK202310231544,129.6
EK202310149122,145.3
EK202310212352,138.65
EK202310178385,145.59
EK202310224803,162.69
EK202310004063,129.9
EK202310206156,140.51
EK202310157699,130.79
EK202310154414,153.89
EK202310149221,134.81
EK202310171384,140.44
EK202310153408,135.36
EK202310109654,141.83
EK202310158683,146.13
EK202310206976,135.45
EK202310186788,142.22
EK202310187515,158.54
EK202310153792,164.28
EK202310144321,149.43
EK202310222822,138.68
EK202310152281,156.36
EK202310003851,158.39
EK202310205656,161.2
EK202310239556,137.73
EK202310145427,140.0
EK202310107329,132.3
EK202310135305,152.87
EK202310225618,138.85
EK202310212945,133.04
EK202310244567,153.31
EK202310188392,126.17
EK202310188450,149.46
EK202310119188,139.11
EK202310156387,140.0
EK202310154237,135.27
EK202310232890,153.88
EK202310219207,125.63
EK202310247057,139.62
EK202310229305,142.25
EK202310128710,131.91
EK202310179533,142.33
EK202310115467,127.96
EK202310237723,134.21
EK202310197376,152.94
EK202310135350,145.05
EK202310135038,165.53
EK202310190843,142.8
EK202310148220,147.62
EK202310193335,147.56
EK202310201565,146.95
EK202310108505,144.29
EK202310236715,146.17
EK202310149792,148.83
EK202310193733,143.66
EK202310248391,138.81
EK202310134202,147.56
EK202310174938,158.48
EK202310104253,147.67
EK202310178227,150.55
EK202310200622,146.62
EK202310162938,138.47
EK202310136715,140.49
EK202310219551,138.68
EK202310213720,149.45
EK202310197334,154.31
EK202310162409,155.85
EK202310176758,132.96
EK202310106155,137.51
EK202310178600,147.11
EK202310181111,134.58
EK202310237737,127.35
EK202310135634,139.35
EK202310222019,140.59
EK202310211690,133.09
EK202310223930,136.46
EK202310159564,153.8
EK202310123361,146.62
EK202310154711,151.62
EK202310196284,165.71
EK202310142525,139.41
EK202310185635,152.49
EK202310163743,133.14
EK202310176119,153.05
EK202310243732,137.9
EK202310153106,162.41
EK202310105266,149.74
EK202310192211,144.76
EK202310109959,135.6
EK202310124347,139.74
EK202310215657,134.53
EK202310181609,147.37
EK202310166089,149.79
EK202310180562,149.4
EK202310220766,130.61
EK202310208527,131.61
EK202310197946,134.54
EK202310165805,128.39
EK202310184781,141.0
EK202310212044,159.31
EK202310182865,134.07
EK202310187564,145.0
EK202310187093,146.44
EK202310243295,132.39
EK202310156858,146.89
EK202310123996,162.2
EK202310120097,135.63
EK202310135094,168.46
EK202310189874,143.55
EK202310210390,140.61
EK202310108372,144.31
EK202310217559,141.72
EK202310136995,153.77
EK202310119918,145.02
EK202310108102,126.52
EK202310205335,149.08
EK202310192571,143.01
EK202310122214,147.88
EK202310111079,146.42
EK202310143134,149.03
EK202310244019,136.95
EK202310238237,134.88
EK202310136960,135.53
EK202310140905,141.77
EK202310207571,153.64
EK202310185887,153.12
EK202310179874,145.57
EK202310228155,132.75
EK202320006551,160.43
EK202310198810,166.05
EK202310197956,150.87
EK202310109446,158.79
EK202310145921,148.39
EK202310127078,137.36
EK202310106661,134.73
EK202310107868,144.93
EK202310137756,133.3
EK202310112214,147.5
EK202310223082,159.46
EK202310180270,150.55
EK202310164239,150.89
EK202310126360,134.3
EK202320007775,158.06
EK202310212210,136.66
EK202310154670,144.25
EK202310225780,134.52
EK202310159250,142.22
EK202310189634,150.64
EK202310140814,143.86
EK202310127508,171.99
EK202310218677,140.36
EK202310128068,136.12
EK202310113414,139.02
EK202310127227,149.97
EK202310119514,140.46
EK202310228944,125.09
EK202310109272,144.87
EK202310181673,148.46
EK202310213638,132.42
EK202310244798,140.04
EK202310204831,139.99
EK202310208541,135.32
EK202310226684,140.42
EK202310106021,131.1
EK202310186790,147.87
EK202310134623,139.38
EK202310004353,145.76
EK202310120823,134.55
EK202310193351,135.94
EK202310129759,142.56
EK202310211069,143.61
EK202310145710,140.82
EK202310129442,145.0
EK202310157511,131.71
EK202310210155,136.26
EK202310240481,124.3
EK202310182044,162.03
EK202310180996,150.49
EK202310130678,140.53
EK202310003775,131.21
EK202310155552,139.76
EK202310111202,143.55
EK202310108361,132.25
EK202310224126,138.76
EK202310115508,130.94
EK202310225464,136.05
EK202310198925,133.78
EK202310143314,146.59
EK202310231386,138.32
EK202310120970,140.02
EK202310179304,133.19
EK202310222188,135.14
EK202310173726,144.68
EK202310151318,136.96
EK202310139619,143.82
EK202310175938,152.37
EK202310178847,139.32
EK202310191627,144.32
EK202310180100,141.2
EK202310237846,139.01
EK202310136435,144.65
EK202310104391,130.73
EK202310182074,142.15
EK202310197546,164.05
EK202310237183,149.21
EK202310113688,141.29
EK202310168496,144.42
EK202310140650,147.61
EK202310202579,150.89
EK202310173337,143.72
EK202310148159,141.11
EK202310177447,147.57
EK202310172439,167.86
EK202310193776,139.75
EK202310126160,140.44
EK202310129091,145.79
EK202310180011,136.95
EK202310219524,165.35
EK202310188997,134.64
EK202310183044,142.05
EK202310192813,139.03
EK202310148696,163.77
EK202310197244,154.32
EK202310243949,134.92
EK202310223004,159.04
EK202310159964,147.46
EK202310226266,134.66
EK202310227381,140.48
EK202310143706,152.49
EK202310156505,141.91
EK202310146977,147.83
EK202310207164,160.24
EK202310115033,147.83
EK202310197774,166.22
EK202310183602,156.87
EK202310163574,131.97
EK202310139474,147.46
EK202310139787,141.47
EK202310151771,146.59
EK202310141474,151.02
EK202310201682,144.43
EK202310235051,144.75
EK202310197036,136.77
EK202310208162,129.2
EK202310192736,143.66
EK202310239207,138.38
EK202310213359,129.97
EK202310165987,139.89
EK202310144351,140.68
EK202310192377,154.13
EK202310178661,145.94
EK202310133799,142.01
EK202310167137,141.31
EK202310196182,164.85
EK202310239217,140.21
EK202310163146,146.02
EK202310139455,145.01
EK202310164544,138.04
EK202310105037,157.24
EK202310168936,161.83
EK202310182321,138.48
EK202310223204,138.78
EK202310124648,136.52
EK202310133402,125.86
EK202310189249,135.29
EK202310211896,136.13
EK202310153695,139.36
EK202310197047,150.91
EK202310115358,144.98
EK202310178231,142.16
EK202310140750,161.53
EK202310196690,142.71
EK202310180158,134.23
EK202310118819,150.25
EK202310129172,136.24
EK202310160427,152.67
EK202310217514,137.93
EK202310228544,139.04
EK202310129411,143.14
EK202310120076,141.88
EK202310147682,141.79
EK202310119579,145.5
EK202310231294,135.9
EK202310205896,129.24
EK202310168792,154.08
EK202310194600,136.39
EK202310231773,135.6
EK202310197094,141.21
EK202310159125,144.91
EK202310145220,148.74
EK202310109432,149.95
EK202310154128,128.32
EK202310226955,138.31
EK202310232457,130.21
EK202310196244,144.33
EK202310246079,143.05
EK202310168088,127.49
EK202310128614,141.86
EK202310156766,151.83
EK202310208139,134.12
EK202310167951,142.82
EK202310140914,144.5
EK202310123858,138.4
EK202310246678,151.44
EK202310231310,136.87
EK202310145596,146.42
EK202310227515,147.9
EK202310124946,144.5
EK202310146823,133.32
EK202310135586,147.4
EK202310201307,135.71
EK202310182403,154.54
EK202310215443,138.56
EK202310126298,133.57
EK202310189734,136.38
EK202310150496,148.53
EK202310201647,132.98
EK202310236856,136.34
EK202310141840,149.95
EK202310129012,141.17
EK202310191859,137.52
EK202310128135,135.48
EK202310140784,147.77
EK202310106371,135.75
EK202310189118,145.91
EK202310185786,139.75
EK202310177437,140.73
EK202310183495,142.87
EK202310183166,160.51
EK202310121858,139.79
EK202310128877,138.03
EK202310155995,147.85
EK202310158905,140.95
EK202310197700,134.81
EK202310135362,145.39
EK202310238208,154.9
EK202310225984,142.66
EK202310196965,158.25
EK202310244512,149.74
EK202310113816,143.58
EK202310141423,143.41
EK202310226411,132.11
EK202310217081,134.39
EK202310161000,140.05
EK202310141027,163.35
EK202310231746,140.44
EK202310209069,136.71
EK202310142345,153.83
EK202310117104,142.76
EK202310108603,136.12
EK202310196141,148.0
EK202310192522,155.15
EK202310144266,152.67
EK202310203451,162.03
EK202310161877,162.94
EK202310155543,144.9
EK202310123638,151.83
EK202310145309,144.43
EK202310138293,149.34
EK202310227474,136.85
EK202310227560,141.47
EK202310152889,163.6
EK202310107200,138.75
EK202310205243,131.63
EK202310203128,144.48
EK202310176303,152.19
EK202310236159,134.79
EK202310146226,146.31
EK202310114477,138.46
EK202310193701,152.18
EK202310132862,135.59
EK202310146635,135.33
EK202310118476,151.07
EK202310207776,136.16
EK202310165877,139.29
EK202320006410,148.24
EK202310111513,146.67
EK202310143909,136.86
EK202310132541,133.48
EK202310209469,148.21
EK202310103777,145.06
EK202310138311,150.44
EK202310155715,146.32
EK202310161111,164.97
EK202310231380,133.62
EK202310129520,141.74
EK202310234907,140.96
EK202310107216,122.6
EK202310106843,136.3
EK202310204308,142.21
EK202310214592,161.19
EK202310116839,150.32
EK202310180647,139.35
EK202310142824,135.1
EK202310196639,143.06
EK202310231947,136.83
EK202310135996,152.89
EK202310225970,127.01
EK202310232921,137.44
EK202310229671,142.49
EK202310143117,126.59
EK202310235001,136.28
EK202310223296,140.61
EK202310166180,146.56
EK202310144778,132.14
EK202310140206,159.74
EK202310146221,131.55
EK202310191931,147.45
EK202310139195,140.93
EK202310110326,135.85
EK202310198683,144.13
EK202310108642,143.3
EK202310147919,148.09
EK202310120403,135.17
EK202310148663,150.07
EK202310194369,139.84
EK202310188744,149.3
EK202310197143,144.12
EK202310188007,157.78
EK202310230690,135.13
EK202310109322,139.88
EK202310122503,140.16
EK202310208466,136.36
EK202310169759,148.41
EK202310004770,136.74
EK202310197055,143.72
EK202310190099,127.94
EK202310238226,138.99
EK202310166147,153.57
EK202320006000,167.96
EK202310214036,141.2
EK202310004510,138.47
EK202310144131,131.08
EK202310182006,162.41
EK202310115418,134.55
EK202310203399,155.67
EK202310219700,159.93
EK202310141585,147.58
EK202310236911,141.81
EK202310153553,138.62
EK202310152777,154.52
EK202310216006,141.21
EK202310159334,152.91
EK202310200189,133.23
EK202310176376,138.81
EK202310177091,148.18
EK202310135092,172.31
EK202310152730,147.39
EK202310194718,132.36
EK202310174761,161.87
EK202310187516,153.32
EK202310225948,143.23
EK202310159500,162.05
EK202320005628,159.98
EK202310150262,164.76
EK202310197555,159.55
EK202310224652,137.41
EK202310239239,134.77
EK202310222699,135.24
EK202310115560,146.8
EK202310179277,144.25
EK202310202696,160.72
EK202310154234,132.63
EK202310113254,138.84
EK202310139630,140.26
EK202310202764,148.01
EK202310121640,136.15
EK202310142534,141.42
EK202310239215,138.77
EK202310244715,136.37
EK202310185779,133.78
EK202310221201,136.34
EK202310206833,143.23
EK202310171904,152.6
EK202310178044,150.94
EK202310168114,156.83
EK202310138587,136.2
EK202310173356,137.09
EK202310197110,150.49
EK202310242357,137.77
EK202310208746,133.43
EK202310217847,132.93
EK202310199265,132.68
EK202310182895,142.61
EK202310107553,137.89
EK202310107608,139.49
EK202320005608,155.58
EK202310199563,131.59
EK202310141002,138.74
EK202310187238,140.79
EK202310187741,144.46
EK202310189994,147.0
EK202310147256,138.86
EK202310118527,143.77
EK202310229103,138.23
EK202310135696,126.78
EK202310165074,134.05
EK202310205649,136.49
EK202310174231,137.15
EK202310181105,143.53
EK202310173608,145.09
EK202310147350,132.34
EK202310145408,132.45
EK202310163214,138.22
EK202310141179,148.18
EK202310235877,139.76
EK202310168519,152.46
EK202310111852,141.72
EK202310120721,136.49
EK202310239396,142.9
EK202310125811,150.41
EK202310122414,158.1
EK202310109063,150.17
EK202310136944,138.39
EK202310112504,144.8
EK202310187424,135.63
EK202310107467,135.98
EK202310170488,144.31
EK202310221856,133.41
EK202310146245,141.65
EK202310211446,143.52
EK202310234464,135.6
EK202310216823,144.84
EK202310158691,150.98
EK202310130435,126.94
EK202310173064,143.65
EK202310159177,150.09
EK202310164312,132.07
EK202310190628,143.2
EK202310108846,138.25
EK202310180445,167.86
EK202310131205,149.15
EK202310164126,141.21
EK202310107936,148.71
EK202310243521,151.99
EK202310208141,132.55
EK202310190781,136.08
EK202310172000,140.33
EK202310190053,150.23
EK202310233066,131.75
EK202310131018,132.46
EK202310149945,145.29
EK202310205501,128.7
EK202310248483,137.82
EK202310129538,133.85
EK202310167469,156.11
EK202310106330,139.63
EK202310225391,145.75
EK202310125703,151.08
EK202310208418,136.5
EK202310147781,143.5
EK202310164598,149.44
EK202310214120,167.76
EK202310118444,136.96
EK202310145109,140.32
EK202310150661,149.76
EK202310134650,137.06
EK202310170695,159.17
EK202310171347,147.73
EK202310118507,134.18
EK202310135088,172.91
EK202310169570,144.46
EK202310198285,150.83
EK202310244339,145.01
EK202310218458,150.5
EK202310167361,145.91
EK202320006358,147.9
EK202310155685,139.36
EK202310193521,153.2
EK202310178456,143.54
EK202310120435,138.73
EK202310229594,133.28
EK202310204793,147.5
EK202310128806,141.63
EK202310145561,141.31
EK202310218298,136.05
EK202310185508,146.27
EK202310169152,157.2
EK202310119338,127.6
EK202310172073,146.74
EK202310164403,163.01
EK202310228535,138.4
EK202310233245,132.4
EK202310247155,136.1
EK202310184707,143.87
EK202310244628,146.13
EK202310184991,138.54
EK202310200030,131.05
EK202310131926,140.42
EK202310183294,163.33
EK202310156979,150.54
EK202310196008,156.76
EK202310124917,146.58
EK202310182478,142.86
EK202310206853,150.58
EK202310131555,137.87
EK202310134282,151.85
EK202310120141,166.82
EK202310246441,135.26
EK202310195921,144.75
EK202310214428,138.8
EK202310124519,149.85
EK202310153352,150.18
EK202310155554,142.68
EK202310193684,144.61
EK202310225319,136.83
EK202310148621,140.18
EK202310237907,141.04
EK202310202805,131.86
EK202310161990,164.81
EK202310200477,138.17
EK202310114915,137.09
EK202310242909,139.3
EK202310142330,139.71
EK202310221377,135.73
EK202310137957,138.19
EK202310151180,147.21
EK202310182686,128.22
EK202310244166,140.81
EK202310242349,133.13
EK202310121472,139.61
EK202310192151,147.75
EK202310112554,138.78
EK202310225810,133.3
EK202310235008,140.66
EK202310217946,149.52
EK202310197822,149.06
EK202310003944,149.0
EK202310135754,130.08
EK202310235898,135.44
EK202310171140,142.61
EK202310145149,157.07
EK202310202195,145.37
EK202310220091,148.31
EK202310232376,138.34
EK202310189509,138.09
EK202310113709,141.78
EK202310119993,133.85
EK202310223647,148.77
EK202310227478,139.51
EK202310174661,125.64
EK202310165728,159.32
EK202310182436,163.02
EK202310181591,131.35
EK202310233458,136.38
EK202310138708,140.41
EK202310107419,132.03
EK202310242771,137.07
EK202310110825,137.12
EK202310148516,142.6
EK202310169259,141.32
EK202310139428,151.49
EK202320005946,166.09
EK202310212395,138.65
EK202310211186,137.56
EK202310124150,133.95
EK202310172970,142.48
EK202310212383,141.32
EK202310152532,133.81
EK202310174856,133.65
EK202310150761,137.09
EK202310192707,152.65
EK202320006514,166.02
EK202310230857,135.29
EK202310209642,154.42
EK202310244831,145.58
EK202310004958,149.49
EK202310222994,161.58
EK202310122972,143.46
EK202310240517,154.91
EK202310154489,139.63
EK202310149568,151.99
EK202310173750,138.03
EK202310127136,151.8
EK202310162460,140.88
EK202310237884,149.76
EK202310128591,142.96
EK202310167782,157.51
EK202310173162,144.75
EK202310176040,166.22
EK202310180187,129.68
EK202310205385,157.91
EK202310189417,146.97
EK202310110265,137.56
EK202310175081,163.68
EK202310241247,149.82
EK202310210940,147.55
EK202310239869,141.23
EK202310208022,135.36
EK202310186683,133.62
EK202310244974,141.95
EK202310196503,143.97
EK202310147774,141.75
EK202310194263,137.31
EK202310188228,144.44
EK202310164624,136.74
EK202310153042,147.12
EK202310157883,154.71
EK202310110532,139.82
EK202310166599,130.43
EK202310153767,157.62
EK202310126138,129.61
EK202310121044,151.41
EK202310133142,152.63
EK202310128385,130.22
EK202310175042,136.88
EK202310189448,145.02
EK202310190050,147.21
EK202310172092,142.49
EK202310207334,130.54
EK202310182559,139.96
EK202310137090,150.68
EK202310190532,133.0
EK202310236425,136.8
EK202310203185,135.18
EK202310168314,133.13
EK202310151263,165.91
EK202310108095,141.03
EK202310232838,140.88
EK202310135295,164.99
EK202310163910,145.44
EK202310194553,142.86
EK202310174190,140.41
EK202310231328,138.76
EK202310147991,146.46
EK202310161571,164.57
EK202310240598,133.08
EK202310236106,135.34
EK202310109500,137.44
EK202320005589,162.9
EK202310143413,137.32
EK202310153498,156.63
EK202310181818,142.31
EK202310137951,135.02
EK202310158889,150.77
EK202310147118,151.55
EK202310153978,148.63
EK202310107126,140.19
EK202310145858,140.4
EK202310220104,138.47
EK202310112400,133.37
EK202310236894,149.71
EK202310217550,138.01
EK202310236693,138.12
EK202310217785,133.86
EK202310235143,144.91
EK202310182831,143.3
EK202310117677,151.73
EK202310207224,147.83
EK202310217694,140.68
EK202310144000,151.01
EK202310165837,151.17
EK202310211421,152.32
EK202310004270,148.86
EK202310189309,147.2
EK202310127417,144.31
EK202310197347,168.41
EK202310209401,159.49
EK202310180542,135.84
EK202310162786,138.64
EK202310223059,136.89
EK202310147692,138.1
EK202310244440,149.27
EK202310180779,137.58
EK202310189325,127.61
EK202310110924,145.33
EK202310157687,136.78
EK202310154799,148.06
EK202310169628,131.57
EK202310169107,156.99
EK202310105506,145.48
EK202310154969,142.8
EK202310122511,131.05
EK202310156453,158.69
EK202310246928,125.89
EK202310203362,168.46
EK202310138843,146.04
EK202310157857,145.37
EK202310236705,132.68
EK202310236064,131.2
EK202310190655,143.38
EK202310232773,167.31
EK202310209352,133.74
EK202310196574,143.89
EK202310153431,135.88
EK202310213738,153.42
EK202310159195,160.81
EK202310192497,130.74
EK202310179803,129.91
EK202310122219,138.18
EK202310121778,152.81
EK202310240799,132.5
EK202310186388,143.21
EK202310227442,141.97
EK202310236831,136.57
EK202310146534,145.38
EK202310108548,135.59
EK202310127039,127.94
EK202310239867,140.23
EK202310140091,154.73
EK202320007345,145.77
EK202310181587,132.75
EK202310183586,158.8
EK202310161537,162.49
EK202310221929,143.18
EK202310115533,136.94
EK202310245422,130.56
EK202310134303,136.51
EK202310206878,138.91
EK202310143077,138.36
EK202310187766,141.17
EK202310233861,161.03
EK202310145715,139.74
EK202310186238,138.35
EK202310168663,141.65
EK202310230983,138.27
EK202310139816,143.15
EK202310206473,133.21
EK202310153829,146.28
EK202310182371,155.97
EK202310173647,136.64
EK202310114150,143.62
EK202310242508,142.08
EK202310203427,161.77
EK202310132984,129.21
EK202310117793,129.32
EK202310138841,142.97
EK202310139058,148.93
EK202310164995,139.87
EK202310202198,154.58
EK202310160037,126.88
EK202310138091,141.81
EK202310183753,145.02
EK202310211184,132.08
EK202310187233,142.79
EK202310225971,126.93
EK202310155927,135.09
EK202310123628,133.77
EK202310183593,167.27
EK202310196797,142.76
EK202310129620,134.96
EK202310157287,138.49
EK202310181152,139.21
EK202310203161,158.93
EK202310247889,137.89
EK202310205874,133.53
EK202310175828,137.11
EK202310141292,145.72
EK202310127480,139.92
EK202310112716,148.55
EK202310200229,140.73
EK202310112035,143.21
EK202310204257,135.35
EK202310145471,134.26
EK202310210409,139.0
EK202310166832,140.79
EK202310248711,135.86
EK202310177732,134.09
EK202310160771,140.86
EK202310136073,135.23
EK202310182269,147.3
EK202310240985,138.69
EK202310106392,144.91
EK202310208908,129.44
EK202310113165,138.3
EK202310152602,133.13
EK202310210636,134.32
EK202310140721,147.28
EK202310148290,145.08
EK202310199880,145.23
EK202310227144,146.36
EK202310147589,135.04
EK202310004177,151.84
EK202310138763,145.53
EK202310172464,163.92
EK202310105200,137.74
EK202310184573,145.68
EK202310208816,126.67
EK202310109118,144.1
EK202310200139,142.88
EK202310133070,131.54
EK202310122855,158.55
EK202310233834,143.08
EK202310209821,141.7
EK202310124502,137.37
EK202310187088,166.81
EK202310133122,169.4
EK202310004846,137.01
EK202310147252,135.77
EK202310175414,127.25
EK202310181170,135.76
EK202310004408,141.05
EK202310125748,150.33
EK202310131440,142.81
EK202310192559,144.41
EK202310192910,162.85
EK202310180784,152.25
EK202310236540,137.06
EK202310175339,139.75
EK202310160527,164.95
EK202310236221,138.07
EK202310238864,162.52
EK202310166680,139.86
EK202310117287,140.06
EK202310192797,152.47
EK202310200327,149.48
EK202310176045,154.6
EK202310148346,142.43
EK202310142274,136.01
EK202310122242,140.24
EK202310126568,132.06
EK202310204418,141.23
EK202310156236,147.83
EK202310189484,133.08
EK202310137543,134.33
EK202320007300,150.33
EK202310198932,136.21
EK202310108514,135.13
EK202310219932,143.49
EK202310132147,156.41
EK202310227649,164.22
EK202310224668,136.67
EK202310156447,143.01
EK202310210496,139.2
EK202310152297,145.03
EK202310187324,139.93
EK202310247309,128.74
EK202310190789,145.37
EK202310199601,147.71
EK202310239017,136.74
EK202310106841,127.79
EK202310182928,131.23
EK202310204568,150.17
EK202310243353,153.61
EK202310123522,136.31
EK202310162526,142.72
EK202310214114,153.73
EK202310197207,164.09
EK202310232110,136.2
EK202310179397,171.79
EK202310155653,134.71
EK202310004343,133.08
EK202310192586,147.56
EK202310186352,142.68
EK202310124214,142.79
EK202310228925,131.7
EK202310112746,149.98
EK202310158948,149.41
EK202310210700,131.7
EK202310164939,140.98
EK202310183358,169.34
EK202310144690,139.3
EK202310206169,142.81
EK202310107548,150.48
EK202310213425,138.22
EK202310127466,132.86
EK202310215414,163.76
EK202310113096,122.06
EK202310177778,143.11
EK202310225362,136.18
EK202310164338,156.6
EK202310247571,159.19
EK202310126985,130.28
EK202310226690,144.04
EK202310122754,143.16
EK202310114324,145.37
EK202310162544,160.2
EK202310185834,142.09
EK202310147784,140.47
EK202310122287,144.25
EK202310169104,156.91
EK202310212851,151.37
EK202310004912,157.55
EK202310122676,152.78
EK202310241678,155.05
EK202310235919,140.08
EK202310200266,151.96
EK202310229111,134.98
EK202310143535,143.4
EK202310132424,138.64
EK202310150394,138.93
EK202310121122,161.64
