id,GLOBAL_SCORE
EK202310003556,131.81361818622858
EK202310170625,160.12906866110296
EK202310167359,150.70667869887953
EK202310118370,128.87446383666543
EK202320006361,157.6499991648661
EK202310003542,134.47053329495202
EK202310125266,142.42703416420352
EK202310144740,138.14094486834213
EK202310137443,142.22451209310503
EK202310159067,155.3390081616139
EK202310245067,130.01266440924476
EK202310240556,126.8812037453926
EK202310166743,148.2680234036167
EK202310247454,115.83814024402636
EK202310215702,152.67002666709777
EK202310142190,155.10758442925973
EK202310205417,131.2846817289348
EK202310119601,142.10717499938352
EK202310190356,127.06381899789767
EK202310158758,135.65134459334053
EK202310145496,124.30665270042101
EK202310164763,139.4108684053882
EK202310200188,132.0408726760958
EK202310238803,156.02553562107727
EK202320005607,167.69925691846308
EK202310225681,138.83930061680186
EK202310127174,128.15137867243868
EK202310204317,149.0710825636622
EK202310179355,135.22550070846918
EK202310176524,154.93457103115244
EK202310237228,135.9748508655137
EK202310172549,158.19321262999804
EK202310168863,135.01569132336874
EK202310185904,153.62919765325643
EK202310133615,158.19551216872384
EK202310122063,136.44302423005408
EK202310121770,139.88057641008965
EK202310125590,128.4729647737957
EK202310172269,133.53843282227703
EK202310147894,135.62989027746193
EK202310137986,143.38941413156482
EK202310150838,135.67382091954693
EK202310104915,136.3748274069939
EK202310170090,127.17413546755361
EK202310165637,135.0820781783513
EK202310134467,129.54706419517578
EK202310182637,159.09823254183956
EK202310112116,146.3905432978568
EK202310241220,151.19995850154154
EK202310103801,146.5273187513771
EK202310177448,123.53166802285733
EK202310157860,175.26341125831112
EK202310211985,140.42123906231595
EK202310232907,134.46188653661187
EK202310162917,138.89024153243378
EK202310211786,128.5063145859302
EK202310132171,152.1435726801427
EK202310153694,150.1182854375743
EK202310174960,164.86791115731387
EK202310121096,134.56907346301435
EK202310222475,121.43487065745973
EK202310146254,155.0209832535589
EK202310111466,143.72351554802339
EK202310004385,169.59814398085516
EK202310108961,146.72870376742156
EK202310203170,133.90282685156245
EK202310161424,175.06052474618016
EK202310206583,140.6428874955909
EK202310138840,135.9001838901015
EK202310221976,144.27921874233726
EK202310143972,137.12481920795142
EK202310175420,134.8655024761555
EK202310227655,136.30569433599393
EK202310163389,136.15335275162403
EK202310239480,138.2177697889022
EK202310146467,143.25468045994373
EK202310162597,138.4943108960827
EK202310194862,139.04992370866262
EK202310152448,139.56460907071403
EK202310245431,145.57538380597836
EK202310206822,164.44982290266293
EK202310166559,160.09074926820475
EK202310221701,160.895245970812
EK202310231403,122.60442844549002
EK202310156027,144.2787838612137
EK202310135956,148.62778221038712
EK202310183176,128.21694106519917
EK202310206055,167.55974707547728
EK202310167360,138.82693264202598
EK202310142701,142.95970745268613
EK202310156629,168.5630100593853
EK202310241352,141.0720236709585
EK202310123587,153.860266375305
EK202310003639,148.0473031267953
EK202310158269,158.1947539670653
EK202320007090,156.19922445550336
EK202310111707,137.57035159688746
EK202310104096,150.64119713536653
EK202310235404,115.62291606033094
EK202310108783,142.5103740932999
EK202310116298,136.19799588962888
EK202310156281,158.8100262013766
EK202310164483,137.3190402284889
EK202310108212,112.25568158593778
EK202310233950,135.42459735666822
EK202310157041,137.19107172431436
EK202310104522,137.21951156843335
EK202310175972,156.7168773306122
EK202310225965,141.939908358795
EK202310138403,133.93895377571351
EK202310234452,137.4609075982137
EK202310104614,156.92568243734084
EK202310117970,133.07363044417733
EK202310128727,137.28598898379033
EK202310190230,135.9352708241669
EK202310201465,149.0779167472397
EK202310197534,162.59858372514543
EK202310171846,125.87841908936791
EK202310193751,151.52562369421472
EK202310242967,137.88443433061087
EK202310112852,165.51500973630215
EK202310132804,156.553296537144
EK202310127612,139.89280670631302
EK202310136082,179.69954653564767
EK202310186665,165.10085873945192
EK202310156519,135.6579690915524
EK202310108430,143.34392730531576
EK202310164930,141.12884682492816
EK202310153971,157.59824769589358
EK202310129412,125.8550455271952
EK202310124383,136.10419486862432
EK202310215858,147.33612650137223
EK202310104131,144.35639010295338
EK202310185040,139.87242137758705
EK202310119251,150.3336582834742
EK202310191724,153.6515210997791
EK202310149922,133.48916732907588
EK202310176193,153.55344186915
EK202310204311,152.88580585549815
EK202310248324,154.19543285010494
EK202310120496,137.85054654162965
EK202310233548,132.1709026976714
EK202310219178,136.95696396814645
EK202310114723,146.35656031128968
EK202310185832,158.0025807267224
EK202310106587,156.11361375889473
EK202310239252,133.5752931888901
EK202310208710,145.70665127872212
EK202310244056,121.57849662926542
EK202310223702,118.16952146555589
EK202310236969,130.70877184458342
EK202310196070,147.19604735143002
EK202310227710,136.72653036189098
EK202310119702,142.52827889579387
EK202310143351,142.00389471974452
EK202310144967,134.9602616254832
EK202310207097,141.93842831566013
EK202310193281,131.92666349588535
EK202310223068,145.7867192595215
EK202310158743,146.50170996322433
EK202310142353,143.70821166502915
EK202310154024,154.1054704168857
EK202310136326,139.8386522010278
EK202320006526,152.52546497411225
EK202310240160,148.97109449976588
EK202310230270,135.1323688405678
EK202310209591,144.99035178969305
EK202310201937,145.5507926883606
EK202310138686,157.42704636642628
EK202310125946,144.9452355351972
EK202310112949,154.2685373345523
EK202310128660,165.09821562084434
EK202310223565,145.00917720891022
EK202310155372,158.540068453468
EK202310229467,140.5505813412885
EK202310232289,142.06076638042148
EK202310142439,162.0908712347588
EK202310128595,140.9525866272879
EK202310228661,127.66074698863036
EK202310220811,130.62527534389096
EK202310104677,149.10524352320772
EK202310108708,148.80062021704586
EK202310235044,119.63837687887626
EK202310141363,142.9136925653831
EK202310174855,145.63441506499242
EK202310154755,137.3184499121471
EK202310157326,142.8466767965618
EK202310228659,139.1838542645989
EK202310215026,157.24835477521447
EK202310177129,138.04194617744335
EK202310178830,167.14726218536538
EK202310222959,126.26517983767687
EK202320007347,131.81686352589458
EK202310153807,160.93003196079576
EK202310165563,159.5226765521098
EK202310240070,145.64214257868292
EK202310171642,143.63178145410026
EK202310221419,139.41107097378617
EK202310210258,144.98849501599463
EK202310108225,150.67888381124956
EK202310156515,140.95753937068983
EK202320006021,166.02203342749615
EK202310214746,147.90879354771093
EK202310166648,154.8181025585421
EK202310243041,140.22338603182166
EK202310227731,114.70373274506159
EK202310118513,130.26070937818338
EK202310240129,143.24910675277587
EK202310140813,142.64906512733745
EK202310181628,143.56810939117952
EK202310126085,125.12722074674173
EK202310246101,137.4184838556291
EK202310113312,123.61476180651847
EK202310217968,133.20140596572256
EK202310213114,131.9522925453315
EK202310219800,152.85147000136587
EK202310184495,148.85055278724474
EK202310119316,126.46960557717236
EK202310180007,137.65650450910323
EK202310199156,133.94967646090024
EK202310177234,154.6032986109818
EK202310226743,140.05379462284026
EK202310189141,143.91443127106405
EK202320006005,148.08059695433587
EK202310227823,139.80392506505174
EK202310174022,146.151659774478
EK202310134374,139.39050070317873
EK202310200180,122.29700471043097
EK202310161433,146.8725933225022
EK202310121700,141.17143168607475
EK202310237451,136.47462921622267
EK202310192827,158.5185869231017
EK202310160428,154.63537111503558
EK202310205223,135.6894118839678
EK202310111659,148.11714075597763
EK202310218773,139.08743807370405
EK202310161247,140.72285102761822
EK202310109618,142.15273256522602
EK202310155619,129.13402963751793
EK202310135096,159.5106479991324
EK202310188704,140.59508741626524
EK202310198311,155.07180800648808
EK202310138345,121.21971075791369
EK202310187653,136.43739233712694
EK202310223676,148.75509257250977
EK202310165688,132.80206668539273
EK202310104779,139.6244043349956
EK202320007241,167.29293371309757
EK202310247012,144.45047070231328
EK202310115649,128.22526474347987
EK202310158687,145.17473276218968
EK202310139898,137.4122206848217
EK202310183012,143.51287683056674
EK202310189323,170.7931324411725
EK202310236084,153.5541169355789
EK202310187745,141.40078572738415
EK202310213754,155.35852296737957
EK202310207691,126.76240645877421
EK202310213360,138.52689703494607
EK202310134511,142.29129267172752
EK202310162421,136.92559707978893
EK202310137854,147.2216865565397
EK202310150901,143.75083296984647
EK202310114810,132.1883979638936
EK202310110564,134.59190766128668
EK202310188498,120.37189633457713
EK202310122137,137.30991084576476
EK202310234827,132.62039162750003
EK202310123845,158.12565379579732
EK202310117679,154.121497779066
EK202310226733,135.335323821005
EK202310146806,137.95920576887093
EK202310186532,141.8464110383763
EK202310198523,138.74694386031098
EK202310169242,145.56162321417625
EK202310189605,150.40245387143267
EK202310177460,144.7004941376665
EK202310156053,138.50221716963753
EK202310138997,141.46219249964795
EK202310231114,131.087540981025
EK202310147763,127.91323195819328
EK202310119709,143.89556810373386
EK202310121129,135.37145746056666
EK202310137901,150.06778850129336
EK202310144077,157.67688691611508
EK202310110337,125.1074772439687
EK202310184408,139.83141673693433
EK202310215841,116.36915563394257
EK202310157214,156.0686153981762
EK202310193140,133.48507922419734
EK202310216105,137.47334575177737
EK202310246420,140.24624787252418
EK202310118424,126.99782212753456
EK202310144290,145.1001756461755
EK202310236171,139.3182962889287
EK202310161913,144.7203993311419
EK202310116195,138.7437055744025
EK202310140252,139.94415184803026
EK202310238025,143.07401012324846
EK202310146861,132.91792388569496
EK202310125756,131.4748465843873
EK202310211082,136.8587900970169
EK202310202590,139.53971300703768
EK202310212292,139.28786080531574
EK202310151188,140.35759656131088
EK202310186431,161.6435874088429
EK202310197054,148.6511979725568
EK202310229535,129.8475930253315
EK202310237693,131.66265181243523
EK202310127899,146.2499100479119
EK202310125513,127.73146327322887
EK202310143417,145.28269356279847
EK202310114922,147.58955069553477
EK202310185011,145.39284988571492
EK202310157380,141.29586415382383
EK202310242841,143.83011047807477
EK202310128764,137.8094666323929
EK202310160302,136.7373925444904
EK202310132265,132.39768403934548
EK202310142152,138.81081423654464
EK202310184138,152.38810875248052
EK202310218922,146.96693405891375
EK202310105732,133.13371211278707
EK202310202421,141.04466248263367
EK202310204745,135.23959655597506
EK202310231651,133.35000566392296
EK202310206373,151.202813977544
EK202310231327,130.2840528732945
EK202310129440,147.2298505504591
EK202310229405,154.78358193163592
EK202310233561,134.6227790433495
EK202310141433,154.7889897408218
EK202310164651,152.18139082597733
EK202310201935,152.41478641911309
EK202310184574,125.42733130438538
EK202310223915,151.01414279235541
EK202310200908,167.07582166833697
EK202310128941,148.71455744752453
EK202310186952,156.26213930085544
EK202310193974,154.95825748554557
EK202310169879,161.28691457071548
EK202310172093,124.49738365731545
EK202310184529,121.94479090866392
EK202310230089,137.8485542001969
EK202310181118,152.6546979916203
EK202310204225,146.40395901628364
EK202310112100,145.6278255004776
EK202310222373,156.78997161574426
EK202310182126,152.37019272350295
EK202310169072,139.03582233871214
EK202310203100,151.79819256621434
EK202310228065,155.38442752133767
EK202310003374,117.33886182886837
EK202310231993,135.22071686727463
EK202310166999,132.77040163355818
EK202310113561,152.29392365599654
EK202310150384,158.73725464148984
EK202310204151,151.51864253468818
EK202310243179,159.21559170089665
EK202310229664,140.986075104867
EK202310214850,139.97553520192665
EK202310203348,149.82647129704728
EK202310146725,128.49151071816814
EK202310134763,132.2962775720491
EK202310145729,159.5686253840893
EK202310246535,151.21441562261114
EK202310141577,141.08775707805228
EK202310216160,128.43903553288035
EK202310116782,134.64476901330585
EK202310211327,148.6042642731156
EK202310204090,141.69483878796075
EK202310175898,156.24825818614727
EK202310226259,142.69095638110667
EK202310151274,145.39738992726103
EK202310154215,138.32993567085285
EK202310174277,150.47068343846362
EK202320006496,157.42317929679677
EK202310141969,146.7189240945604
EK202320005622,150.503582189329
EK202310157093,146.2195769482631
EK202310139909,142.7579285475631
EK202310209908,140.43722574221513
EK202310218730,132.8835908167301
EK202310229718,116.67909165719094
EK202310111615,147.3461355395271
EK202310138168,135.07662228018415
EK202310162118,168.9839453091766
EK202310164185,137.70626781173164
EK202310123341,130.25583251526862
EK202310154152,128.83658578988815
EK202310169662,139.16990982775027
EK202310195289,142.98269096306203
EK202310247758,167.66633779666233
EK202310223580,131.6996775037199
EK202310104690,133.18633510083453
EK202310234439,137.5197583569148
EK202310225052,169.56671790974792
EK202310139674,152.2630147855849
EK202310186662,130.04063975815808
EK202310198339,144.21002228887036
EK202310219978,139.26171552882508
EK202310205279,150.91503352470073
EK202310241147,157.90530662352478
EK202310225981,166.16665311969294
EK202310168112,146.11510456156122
EK202310226106,142.92681418259747
EK202310116095,134.2168832605568
EK202310114593,138.50391162155807
EK202310175636,127.9697772058622
EK202310117905,159.8939165218128
EK202310200614,152.41494141292955
EK202310137390,151.33493025772637
EK202310196458,144.33025087226662
EK202310212839,144.48178604342823
EK202310149449,158.99148370717612
EK202310172721,143.53478161112096
EK202310133382,129.70915941294095
EK202310171991,147.17631413654428
EK202310178147,149.8011170531338
EK202310210822,120.29391529877759
EK202310169958,137.32372554502925
EK202310216612,133.21701869737967
EK202310190351,148.23247655799773
EK202310128333,141.37747841776806
EK202310156052,144.914236685718
EK202310207300,153.82692009911653
EK202310148098,139.91778117918716
EK202310236834,149.0592384197034
EK202310206502,143.70133285900113
EK202310232490,144.0194329588866
EK202310115920,132.3620153565129
EK202310155557,136.63629475186983
EK202310118792,152.72008914708476
EK202310213449,139.37589573863517
EK202310157956,144.51103505982167
EK202310202461,154.19981067188093
EK202310210080,162.5768681791023
EK202310123713,151.1721947966924
EK202310138636,150.08692636671657
EK202310197194,136.86026955654327
EK202310136131,170.12148692725947
EK202310194280,132.71923295609074
EK202310144073,168.97278111654788
EK202310196767,162.16189073089487
EK202310152659,136.10050767012447
EK202310119318,128.45211075135668
EK202310175079,154.5699760609429
EK202310246973,147.05485686249943
EK202310177069,139.59972640672598
EK202310228915,133.55587732985833
EK202310237967,136.3921144816721
EK202310004766,137.8694034302848
EK202310197580,164.54006774513314
EK202310163370,154.3146055100106
EK202310126258,123.73862519094543
EK202320006245,166.87600173445722
EK202310214455,137.4616380572169
EK202310225077,164.1969732947403
EK202310121345,122.01671474016067
EK202310118753,113.51403094087406
EK202310209148,142.81879619984832
EK202310235651,139.13923211160062
EK202310195584,156.56926596294818
EK202310131541,144.90739896805744
EK202310167958,150.7367164411742
EK202310232848,126.28800065796361
EK202310112373,130.70677390246112
EK202310247588,167.0506114940291
EK202310124781,141.41802768307448
EK202310187345,162.52658950591038
EK202310117200,153.82675601029877
EK202310103838,131.8851843401605
EK202310123310,144.62609597635048
EK202310193567,151.60243711153032
EK202310176987,143.41271898744066
EK202310217483,122.67850975122388
EK202310219653,115.3089346320553
EK202310189258,139.8621635931008
EK202310213235,130.78704276198403
EK202310148485,136.27301092635352
EK202310243846,130.73863697664441
EK202310157685,131.05948750742235
EK202310228217,180.85744077514659
EK202310167414,152.22479572214365
EK202310116553,140.76570367760237
EK202310154306,149.57841827987218
EK202310218246,145.98682909604983
EK202310214924,156.71420361140594
EK202310124301,142.3195855367765
EK202310132969,131.464906125971
EK202310116665,147.20594793792813
EK202310126109,147.13725047317658
EK202310246626,137.65197424164955
EK202310165655,128.77172787212595
EK202310222900,141.46301842742866
EK202310183920,144.53216915831504
EK202310188655,131.91610396189594
EK202310140837,147.41954482129887
EK202310110105,124.64514016296769
EK202310166926,162.18489218601235
EK202310222571,157.7747515208878
EK202310130862,161.64588683003535
EK202310159918,147.93632509026193
EK202310191732,169.6661965572207
EK202310154430,164.4136120855057
EK202310209379,137.6810417622701
EK202310242826,158.8481442270062
EK202310127621,145.94935695280202
EK202310144269,152.44063978968197
EK202310168554,170.59419638457828
EK202310225096,119.04075996450732
EK202310004191,139.41067570001667
EK202310198832,132.90273341891955
EK202310166122,157.3675529592573
EK202310197812,171.52872005335345
EK202310173577,124.49623811047684
EK202310107780,143.51609634439617
EK202310200080,135.08296921395916
EK202310244832,158.79873639838277
EK202310153701,156.17671139374625
EK202310248897,148.8258005400752
EK202310238758,138.51698704311463
EK202310180956,163.72752534968373
EK202310133597,168.93404236931661
EK202310165926,138.6710051515544
EK202310113563,142.3177523393775
EK202310219177,140.1456844394401
EK202310215546,144.22661094873342
EK202310239803,128.60776932328517
EK202310170081,120.97713746127978
EK202310206625,143.60423199283696
EK202310104069,138.82610977344467
EK202310186393,157.26389109113575
EK202310173267,131.13460010080777
EK202310110426,147.2815248433008
EK202310164765,140.1426541796123
EK202310158220,126.50846528752547
EK202310168816,142.90744693560467
EK202310204071,137.81985633010478
EK202310157259,145.45496972054528
EK202310156843,140.47373437702498
EK202310223529,136.87668554439668
EK202310149961,145.9069348403804
EK202310108241,135.77249588424624
EK202310168245,135.48706149336363
EK202310191021,131.8766832711973
EK202310165776,138.45667152360062
EK202310172874,131.09317589970613
EK202310163779,144.57932994829972
EK202310188731,163.93310833194775
EK202310105850,156.94196095715193
EK202310129025,157.1960516054954
EK202310122251,150.97587210230378
EK202310233739,127.99276817530553
EK202310145467,136.4439855502633
EK202310125541,139.35151690399755
EK202310128736,151.31944331950533
EK202310157339,150.4544823812902
EK202310204674,153.60075603100768
EK202310199931,134.68160314712742
EK202310159776,155.5767504041671
EK202310233618,149.891511798758
EK202310209554,155.65822064054444
EK202310147590,143.37066837824813
EK202310233558,129.28084214755793
EK202310141475,143.81831454994378
EK202310192184,147.75189856864222
EK202310121465,132.34178396961684
EK202310144674,161.46930422022746
EK202310225145,156.3234446835255
EK202310211862,127.73461369714633
EK202310218476,140.10994410800845
EK202310227106,159.26967114699207
EK202310184475,140.59272186171913
EK202310132027,155.29089718559314
EK202310134826,134.32380058664603
EK202310182784,155.1397415839994
EK202310236142,129.5361308659594
EK202310215997,167.89076303870092
EK202310218885,149.047874425849
EK202310189497,133.59420681686126
EK202310242392,135.4355189995806
EK202310139831,134.63342901878352
EK202310159899,133.32854219617252
EK202320007536,148.2297593446004
EK202310205864,157.54718968264143
EK202310205412,149.5846555660045
EK202310178623,145.47319685600786
EK202310144137,148.53823060641363
EK202310156851,142.8978221893956
EK202310200692,122.37870579259685
EK202310221442,141.2401561893886
EK202310225402,134.77425380420388
EK202310128314,146.20221537472872
EK202310135585,156.9332717690347
EK202310230304,168.73383518656038
EK202310106564,135.61816768807304
EK202310195276,118.35666595195588
EK202310168561,144.48510477588462
EK202310238035,143.35899408709082
EK202310210412,137.5423806285492
EK202310193015,141.88508428290106
EK202310160429,156.14191841861606
EK202310203227,131.37777169966137
EK202310144260,135.91187961169092
EK202310231994,134.95009052239786
EK202310169556,140.69020650126154
EK202310112231,153.79006449645848
EK202310179305,145.75578982458546
EK202310111693,154.21772672486463
EK202310163778,144.02217572326518
EK202310197562,154.69782011874466
EK202310147780,142.70075106930082
EK202310165497,180.01882650734888
EK202310191527,136.12331127136423
EK202310106149,136.99151779659306
EK202310179787,141.90721605477404
EK202310247018,164.9383176498675
EK202310177578,155.96371217033106
EK202310138872,171.54421107410548
EK202310204378,127.14892579245861
EK202310146296,153.56425071606608
EK202310110160,142.98932182538184
EK202310179095,143.91937229784313
EK202310220481,113.72704505158617
EK202310227227,151.56651888498038
EK202310234336,156.18639252059776
EK202310145809,143.5578141287187
EK202310209306,150.99329613973458
EK202310225649,124.99181904696482
EK202310226704,149.29278902401762
EK202310157072,157.4939092149444
EK202310121530,129.4908066302675
EK202310165600,135.91339137270595
EK202310197233,134.19530366907406
EK202310184332,135.40885587054743
EK202310143743,140.76672701703438
EK202310154640,138.65153529651803
EK202310158286,147.84377529251918
EK202310123880,131.5710135676005
EK202310182423,157.57513698921474
EK202310124053,128.53151332289184
EK202310206144,140.1646285704533
EK202310140890,153.39878973569816
EK202310127015,123.64296139864906
EK202310134941,147.47804240836018
EK202310119304,125.53089661733469
EK202310212796,140.73991812291405
EK202310108377,125.9616845790791
EK202310174180,138.40079075889471
EK202310239157,138.13700776307272
EK202310216632,137.1466883921146
EK202310172285,142.5527490140978
EK202310150279,153.8432593338972
EK202310186491,124.96660498328733
EK202310197932,136.55377941963897
EK202310120172,143.08553256301357
EK202310216664,149.90459264868167
EK202320006884,165.32757733771317
EK202310178918,149.74723455470794
EK202310144935,136.10142094021552
EK202310141510,131.93911647453265
EK202310216762,144.24198222187235
EK202310106406,132.93544334157536
EK202310111996,153.87477135579852
EK202310208681,133.99528868513025
EK202310226247,127.14462808961504
EK202310113253,164.882026181623
EK202310122999,143.36800471452784
EK202310155079,149.69300881536293
EK202310160222,144.64404703673983
EK202310210742,135.50973608477832
EK202310156801,148.43443234069596
EK202310159360,144.81462727636514
EK202310180024,140.54274888274227
EK202310213928,129.31018113394376
EK202310152334,146.12671452688207
EK202310245937,130.6420203496153
EK202310164808,174.0361587726974
EK202310146870,139.71846004199998
EK202310163950,156.0257072329884
EK202310195716,149.3830352812793
EK202310150305,157.0394330714216
EK202310229713,128.90183797005346
EK202310188916,146.83355984178075
EK202310121395,145.64931777376495
EK202310160376,149.21950732502563
EK202310244651,147.60027095818137
EK202310150169,136.57126603546874
EK202310110958,140.3192584545416
EK202310143966,123.83057249304554
EK202310221741,161.51411711848897
EK202310187012,157.02461181796008
EK202310193822,164.00235117149865
EK202310172094,140.97365256464542
EK202310178633,134.9391573241835
EK202310117674,144.74943700091572
EK202310133805,134.4414770750811
EK202310180948,168.56497924805115
EK202310203849,140.73605442797896
EK202310149491,168.52278193391058
EK202310216830,160.7514289569105
EK202310229432,132.42900203375925
EK202310109652,146.491700329751
EK202310181925,154.10070429809906
EK202310196245,134.49885034483287
EK202310248098,146.0219906214233
EK202310183221,161.54681717246248
EK202310196195,164.76525991486233
EK202310197137,138.9783079111731
EK202310110247,159.6889112632045
EK202310144126,157.94430053316515
EK202310156911,156.24500638951122
EK202310224215,137.66320379921868
EK202310236337,133.68259110001435
EK202310188431,148.60660118249913
EK202310137114,168.75940349460916
EK202310115030,147.63708858273966
EK202310117460,125.34889301630987
EK202310162361,135.78468646717107
EK202310130281,172.99960093719724
EK202310148428,145.0051770093268
EK202310163311,137.56650815667402
EK202310145526,131.01142068369037
EK202310235374,129.90889780262003
EK202310156223,153.25032864920027
EK202310151269,141.60724207865246
EK202310150741,154.2605611423811
EK202310225372,150.62541578904336
EK202310133344,149.70301535668867
EK202310127071,119.93340007148127
EK202310152237,141.6880320574153
EK202310244229,123.77219569029147
EK202310167190,140.61170242381462
EK202310154488,159.5976197651835
EK202310211108,126.35968181084479
EK202310114416,152.03998833693075
EK202310222978,165.52947488401628
EK202310187337,171.72106390318345
EK202310195712,172.94251197149305
EK202310176238,150.92746928253695
EK202310204719,158.56245401080844
EK202310184298,136.98175810527974
EK202310215525,140.73210188131316
EK202310154861,136.25686766247264
EK202310200739,113.66845425036693
EK202310242424,133.59905708720262
EK202310247300,135.1508274782633
EK202310116475,143.51077179795647
EK202310225458,125.12506241428589
EK202310126918,141.33154366785445
EK202310185579,114.33723131983943
EK202310241455,131.37675427883784
EK202310209465,138.5352789311063
EK202310142842,137.45555864164444
EK202310185122,144.79797269858747
EK202310223530,133.79185878277676
EK202310188514,143.26927060441355
EK202310171731,137.73167061178117
EK202310130376,156.80725205559784
EK202310222189,131.71216513958876
EK202310106430,146.54049390937277
EK202310127369,143.23151197649776
EK202310236443,128.51714232756137
EK202310182405,149.56582619068163
EK202310210187,117.39244150094673
EK202310116888,134.8382070610942
EK202310173132,155.25157298604316
EK202310108743,138.46046413158982
EK202310125006,115.30078662230446
EK202310213574,132.06460924503693
EK202310165356,147.89220998935298
EK202310149418,160.69996891468995
EK202310198882,123.87726577711942
EK202310231320,133.7269017080159
EK202310205653,147.0239292199738
EK202310198599,137.63815837371965
EK202310199963,128.97934966121892
EK202310173699,145.55568128305524
EK202310245726,131.76489907424258
EK202320006040,169.02320581910422
EK202310154743,142.92977237834728
EK202310188160,140.67338957795744
EK202310214367,167.18060645760514
EK202310103702,140.95486652676706
EK202310127965,148.23313026247996
EK202310203245,159.3388573155588
EK202310139888,144.76876892821087
EK202310108972,140.57026902176761
EK202310004612,123.26616932466052
EK202310143552,149.80110919967746
EK202310120024,153.27906266895732
EK202310221518,143.18721498204962
EK202310180966,170.54942308522578
EK202310193489,141.24558584051394
EK202310117005,138.20461942333557
EK202310213271,142.09364734753632
EK202310120394,154.31538928917286
EK202310183259,153.84520298566
EK202310125697,142.6470885629383
EK202310110553,143.0677969590629
EK202310150138,147.5660400499103
EK202310169349,139.24486376688148
EK202310224959,127.58385929361378
EK202310003872,136.34598640552912
EK202310189922,164.67436074027376
EK202310196746,163.60119902793429
EK202310189397,135.2859520242781
EK202310154076,151.66306927371525
EK202310003409,124.71670319740537
EK202310132461,143.75785276327176
EK202310114430,141.670992407044
EK202310207939,138.7636560570452
EK202310219274,129.12092543147776
EK202310226342,143.9282538277854
EK202310127397,138.83982442303204
EK202310237125,128.62673126709316
EK202310214068,165.6104301495038
EK202310184942,142.28289601556708
EK202310113334,135.40188694550963
EK202310121808,123.03794073886158
EK202310134472,131.68085807497462
EK202310213189,127.42951621161421
EK202310200986,134.95641780529638
EK202310183319,135.2926533171308
EK202310138451,126.75883714311423
EK202310134480,133.04791652933247
EK202310248001,149.93169231874631
EK202310215511,135.5454834465982
EK202310148692,162.57636010417443
EK202310003356,142.7299430271002
EK202310186363,144.47954255716428
EK202310117649,139.04411447773836
EK202310107222,143.8921219753757
EK202310140103,125.32069208861593
EK202310162055,152.34045129576964
EK202310160543,150.63588190313953
EK202310104526,137.98099144268147
EK202310111072,143.92431492111368
EK202310144115,148.79962687782972
EK202310227753,163.44350375593766
EK202310168401,157.25630083622903
EK202310225278,141.52503690322223
EK202310121727,133.3841348498859
EK202310209068,141.79987380365645
EK202310117324,145.78463421421878
EK202310119649,142.19842368547512
EK202310154151,141.98853608161977
EK202310235668,135.76601761015655
EK202310197052,135.99941245619218
EK202310133218,142.97935009893442
EK202310228623,136.70113707479172
EK202310236771,125.44164901749194
EK202320007756,158.41060447274518
EK202310123680,139.36276421300298
EK202310153796,150.9989551290305
EK202310184256,160.05096910957954
EK202310189360,143.3391854867204
EK202310169170,152.98945486890037
EK202310238568,160.94862223029568
EK202310147463,141.09666351863515
EK202310246348,133.42538586821507
EK202310146645,131.56659830456843
EK202310112043,153.14576795060532
EK202310126693,140.69739512756345
EK202310105633,129.71299092003258
EK202310108187,149.497322118096
EK202310142659,143.48892167361356
EK202310154109,137.9298642382808
EK202310187961,161.44660455046272
EK202310138151,132.75749904604098
EK202310145768,135.25957145565226
EK202310204437,128.24727460708098
EK202310234444,136.18066198310828
EK202310146920,138.46806127973116
EK202310191972,139.80577332490208
EK202310135664,150.05263253434694
EK202310136647,169.04702431801243
EK202310149136,143.89597859495927
EK202310004755,130.44401483215736
EK202310003806,146.42267629798422
EK202320005862,153.55616861733432
EK202310238222,127.67833134995081
EK202310165638,141.9396797115031
EK202310195278,138.45849664858244
EK202310191050,146.70920059318422
EK202310165081,174.29276120502809
EK202310141108,141.44024090637112
EK202310225501,135.6485578053791
EK202310190006,162.14351762724095
EK202310232901,154.23308201098118
EK202310183145,141.8032308494072
EK202310133834,166.66782613192936
EK202310111865,142.89166605984593
EK202310233162,137.64489731643934
EK202310144096,142.16939276712094
EK202310241460,140.31818099120437
EK202310148061,143.31575596947704
EK202310123096,144.11503997826512
EK202310168745,131.24291593794874
EK202310232533,133.25502821334806
EK202310238139,143.49794189442022
EK202310107671,143.88149441336705
EK202310003635,135.3354979187
EK202310160939,148.27867104698285
EK202310165138,155.67254715264025
EK202310177363,149.30273162183119
EK202310140380,149.07099432875373
EK202310127640,139.85432958213968
EK202310145483,145.15691343988948
EK202310144142,138.72086000202717
EK202310182466,151.702725573184
EK202310134774,140.68000989566147
EK202310239504,145.76112151471267
EK202310179694,123.68453823807099
EK202310105818,144.42342689565376
EK202310206801,151.4456651082225
EK202310133427,133.03324642941527
EK202310172349,130.0952256559539
EK202310144166,153.1702389706222
EK202310118960,125.15395935860334
EK202310199115,143.7433121785191
EK202310213777,152.8470331390539
EK202310232118,128.95598636918587
EK202310204757,148.08953301872054
EK202310241858,152.06037168733963
EK202310204589,155.87159569994068
EK202310224131,140.03088892515103
EK202310160384,150.83426916023367
EK202310158733,151.92028819936505
EK202310139320,135.32571585207813
EK202310186373,150.86278813143176
EK202310207408,140.49613802689706
EK202310202032,130.533796629911
EK202310191726,135.4910770773363
EK202310237659,141.89453343706074
EK202310202929,159.5049620773144
EK202310138221,130.6839106865318
EK202310213944,146.17774665228578
EK202310217592,135.8827538696063
EK202310156873,144.480916779463
EK202310154026,128.33268789164046
EK202310227896,134.98823746432265
EK202310165724,162.06430242359193
EK202310160534,141.51336364147897
EK202310238733,147.64350249804173
EK202310187242,165.1300975122582
EK202310160829,142.47893233411378
EK202310160276,149.37648760068276
EK202310137939,136.04604659202914
EK202310200291,130.61241428976453
EK202310238138,133.4533494474233
EK202310217144,146.2056686777422
EK202310196491,132.9122974562623
EK202320006298,146.80455017165045
EK202310228178,137.62025087528963
EK202310138802,147.27900159592295
EK202310240713,135.29356893720177
EK202310175243,145.39070144563914
EK202310207967,119.69826409381949
EK202310107352,141.69838392879097
EK202310211309,142.2282256461949
EK202310131783,146.09297619128898
EK202310166826,153.76225013133873
EK202310112512,115.23615015381769
EK202310153955,151.52933656377488
EK202310223762,141.93258748075738
EK202310220803,140.6942178497861
EK202310191806,145.89163462635872
EK202310139794,142.66185888394782
EK202310004495,134.73704733464825
EK202310165321,145.81415921426532
EK202310152644,153.57633246142314
EK202310107844,145.23083201479466
EK202310224636,144.82899160411793
EK202310182912,150.1066176493827
EK202310227725,135.48784245312382
EK202310129401,131.173982653241
EK202310132710,134.72878073598218
EK202310167591,147.81706936873056
EK202310209362,144.86062609706175
EK202310191553,157.93908705490804
EK202310191129,136.5483057123036
EK202310229273,133.50857992011078
EK202310177141,147.92680423360628
EK202310210987,123.29628666968819
EK202310246808,129.62732547281573
EK202310186424,139.87598020439077
EK202310243671,145.68587863854992
EK202310157978,126.78324771850477
EK202310141176,139.68944519421112
EK202310166632,161.78814042468875
EK202310188518,140.62264914259586
EK202310176726,156.15143241106983
EK202310232858,166.30087565326284
EK202310203103,145.5108122117536
EK202310172581,143.64506874267764
EK202310129669,141.86514557822935
EK202310149026,151.37940945933835
EK202310151271,128.99841059273413
EK202310164311,133.19704130234908
EK202310193156,155.13747780334592
EK202310183315,156.92153608339038
EK202310129742,169.23227538627066
EK202310244163,148.52871011322367
EK202310162820,137.67921931241352
EK202310158627,143.85162743659097
EK202310195793,142.0004702230639
EK202310243898,166.12010115899005
EK202310211036,128.76690938986042
EK202310231066,127.15406078233902
EK202310188792,152.12447331073113
EK202310181166,140.37242445114308
EK202310240476,137.5997855708718
EK202310197771,166.14718338667706
EK202310141037,156.25784883281992
EK202310204780,140.34700695436797
EK202310191058,154.63442574007365
EK202310173228,142.07479842614055
EK202310197491,149.01535530989517
EK202310156720,153.6231948217096
EK202310244219,138.46990263081432
EK202310119128,134.69768706799258
EK202310241327,154.3191221805452
EK202310152238,142.3089538564144
EK202310179839,132.88659081686254
EK202310238196,135.77247329184982
EK202310153091,164.90873531715937
EK202320006753,171.51045568317363
EK202310123570,142.5865037296928
EK202310163341,133.6984956338368
EK202310162440,167.60834838509314
EK202310151053,129.11417897921424
EK202310188188,155.49952074528719
EK202310127289,154.4138266130947
EK202310248374,128.62401785149703
EK202310167393,152.58382356921032
EK202310192930,138.64080849769252
EK202310113187,146.10307649446634
EK202310174516,161.08404253346856
EK202310187588,134.0608793794155
EK202320007750,156.42617035208235
EK202310189741,178.06989042506814
EK202310174859,145.89227566586447
EK202310195086,152.9331599611542
EK202310183873,171.3794255779463
EK202310171631,140.52788219879878
EK202310123283,120.38027529765996
EK202320006306,170.86670427139552
EK202310139834,132.88007778702902
EK202310239785,140.03763762554902
EK202310153276,146.6549377706661
EK202310180328,165.43733494625934
EK202310207645,159.15445214756232
EK202310130192,159.50676620392264
EK202310154977,145.84022175096914
EK202310139793,140.28578457710879
EK202310243107,141.23748585474928
EK202310209482,150.78773710820101
EK202310241115,132.85823711751073
EK202310214880,128.2552116133284
EK202310240253,136.62358232113073
EK202310226088,146.41097901441017
EK202320006633,172.51690687769965
EK202310245104,150.12372666420487
EK202310112870,150.89933837893832
EK202310161734,154.79914196399935
EK202310225927,133.93520024643618
EK202310145336,155.33103543037637
EK202310137212,148.57011446890098
EK202310190306,126.85285074057724
EK202310172851,154.29277094078864
EK202310231101,128.0234374921054
EK202310212990,122.26366856646396
EK202310122658,136.46512674902021
EK202310176278,151.04845158701977
EK202310200882,148.2747434672106
EK202310152325,141.6192012875183
EK202310151272,151.6441115795095
EK202310194215,168.6689008530749
EK202310185678,147.86874893517853
EK202310243281,147.8054015698478
EK202310120514,123.22315098438116
EK202310126433,132.3867913213033
EK202310122944,142.4094834560592
EK202310236394,129.03507321539422
EK202310218087,148.1517074456753
EK202310151593,169.1560114300195
EK202310110201,134.94981882111153
EK202310131708,142.11433949965374
EK202310111333,129.68439712426556
EK202310183969,141.3036859786696
EK202310161113,161.23103835253954
EK202310184302,146.13088132270138
EK202310152148,144.9434317050908
EK202310236146,117.78694282191242
EK202310229823,134.08866933241526
EK202310133950,164.84503319661658
EK202310176959,153.72090552937607
EK202310003859,162.49920533964516
EK202310185070,159.52641283440124
EK202310004826,148.74863213769365
EK202310192593,131.4168019030633
EK202310212457,139.3265506355644
EK202310133750,123.11003574547243
EK202320007484,165.5067233564073
EK202310190675,156.93334198542564
EK202310129882,152.4295634107605
EK202310216142,125.87356219549234
EK202310197446,150.45683718218908
EK202310243332,137.62935818091083
EK202310139113,154.78712055306963
EK202320007314,152.0374784461124
EK202310192244,153.9262477697696
EK202310209792,132.1152248906242
EK202310218921,135.17650478539812
EK202310128700,133.4230019378981
EK202310219548,138.25906440665068
EK202310230864,139.01933722106517
EK202310141941,150.7855056728789
EK202310206423,151.06222103328918
EK202310188250,140.39990579350487
EK202310180278,133.30184462436034
EK202310123620,144.64381383179625
EK202310180928,142.84371971880105
EK202310148298,130.0699916768029
EK202310124265,154.04660639270008
EK202310125883,139.21948669626354
EK202310128123,135.68551636408213
EK202310234185,128.24327206021923
EK202310141809,155.1254531136503
EK202310125724,138.16147909078504
EK202320006085,159.022037232056
EK202310232099,138.68672966160028
EK202310193331,144.55737198134634
EK202310205400,152.93776248811406
EK202310160975,138.30371158153974
EK202310203863,144.4179877377684
EK202310126413,126.76616964427289
EK202310118450,150.9085325471623
EK202310133563,135.32139309134604
EK202310239448,114.90436633320567
EK202310114694,136.1487206037813
EK202310158288,163.71221205302797
EK202310122422,132.84900925944837
EK202310235320,134.8488919175719
EK202310201960,121.7515524508949
EK202310194645,151.16341858088666
EK202310214962,164.36592982053864
EK202310247868,150.04119654668006
EK202310126826,147.67758299646064
EK202310120690,151.62313552557777
EK202320006557,163.70635425303146
EK202310224482,135.32291894558338
EK202310188666,137.68956372076488
EK202310167967,161.11973598819728
EK202310240200,139.15587772779972
EK202310183867,147.917165089015
EK202310195682,133.7202851462134
EK202310108034,155.42130497373995
EK202310143324,133.71278709882375
EK202310139977,140.57314795607044
EK202310134578,132.75541493922225
EK202310003485,136.93324978073528
EK202310127332,153.34456238728245
EK202310195959,139.29489007125818
EK202310173389,129.68213644257423
EK202310120326,120.4362447938943
EK202310228101,130.08693198894576
EK202310194577,136.64406160039863
EK202310230845,144.15803713267107
EK202310144430,133.85165316869725
EK202310155784,141.6235230548196
EK202310160254,154.30617187526616
EK202310118458,139.59036359521428
EK202310134107,155.75994825622513
EK202310247672,155.44644247925066
EK202310233715,129.18084833832535
EK202310192802,166.27944220928086
EK202310226073,121.56701398640887
EK202310112128,155.3899400979433
EK202310214142,167.14825631939277
EK202310205070,147.2777747902499
EK202310191656,137.05712666237187
EK202310108700,140.77539423612507
EK202310121333,165.52695428555336
EK202310153942,138.54135885289097
EK202310228151,137.0269100759402
EK202310185062,149.18717294548435
EK202310133213,160.6676856507347
EK202310242233,147.76185262864584
EK202310143796,128.27072184182083
EK202310202444,151.1822386491768
EK202310166800,144.20978821838656
EK202310191020,133.66076886132103
EK202310122069,122.97810906805944
EK202310221793,150.71811897808442
EK202310235848,137.83157572360054
EK202310205016,146.15690365349633
EK202310119021,159.3248485700896
EK202310222995,158.97997783592322
EK202310114479,126.12167731169406
EK202310182453,143.84717506593077
EK202310143133,147.3319131840513
EK202310175194,134.6430335310675
EK202310144671,130.00261641012088
EK202310245023,150.2375189942175
EK202310144979,138.68948175412976
EK202310235216,145.5795587645686
EK202310247586,128.61263713161446
EK202310105223,145.68494953206633
EK202310163741,178.71760137322883
EK202310141732,150.48261230888738
EK202310142505,143.36564750737804
EK202310131799,155.70108729338602
EK202310209090,142.31280103353424
EK202310159139,149.6902067211386
EK202310214093,144.88238882659326
EK202310199515,139.187092716311
EK202310228095,132.6697458902945
EK202310173578,144.8827676316082
EK202310170010,151.59054611231844
EK202310164861,139.0690195577957
EK202310167580,148.45234964144495
EK202310225936,114.75009333681251
EK202310147008,149.0692756728581
EK202310187537,152.0212342980505
EK202310170479,149.38573099464918
EK202310238268,130.2704811781004
EK202310231268,130.53521045691633
EK202310167280,149.5118332936215
EK202310203266,137.66789689830802
EK202310179810,121.02305174682917
EK202310107445,151.635803213697
EK202310107969,146.72944043088495
EK202310127481,141.16702780832577
EK202310180706,129.74829678471824
EK202310125230,134.30258743242013
EK202310127751,139.962833438982
EK202310172588,151.6239642164605
EK202310202984,159.22283413483615
EK202310104212,126.41485804629352
EK202310106923,137.70951103477077
EK202310147971,151.220995695454
EK202310243146,139.45125954328748
EK202310171023,153.49758178377692
EK202310109775,148.84221819159578
EK202310205700,143.84632299355263
EK202310143997,127.00097263190854
EK202310132126,125.05992603513496
EK202310127316,165.41363653533665
EK202310107147,126.75797220089053
EK202310151185,157.9216067518658
EK202310228200,133.27097645557484
EK202310117856,151.84747235006878
EK202320005717,156.10022496840088
EK202310129616,149.9850153722987
EK202310232791,150.9838584223123
EK202310243834,145.99447253982586
EK202310246208,148.53642303964415
EK202310160233,155.5029387524047
EK202310149219,143.6159119202425
EK202310108589,146.2973038853226
EK202310204725,147.51070349633224
EK202310243502,142.84079077928774
EK202310114320,126.62033777719665
EK202310202291,135.2455639089995
EK202310237771,151.6311186347924
EK202310216760,151.06279299603102
EK202310244222,142.78766464252482
EK202310113733,143.00296194960654
EK202310138119,150.74859726319085
EK202310219085,131.0952208020202
EK202310153944,125.95018789907654
EK202310161644,158.29906476368365
EK202310204382,139.2919497145866
EK202310229663,120.42161483565226
EK202310156198,141.101502814323
EK202310148211,128.23900899488888
EK202310152274,131.16013208104758
EK202310197042,130.25188332891565
EK202310163556,129.58475231718077
EK202310197960,174.09093514442932
EK202310232731,125.09019294733937
EK202310147947,146.88489886854515
EK202310144176,134.77619432460597
EK202310237272,140.20965901683965
EK202310195596,141.38041692231553
EK202310231682,136.96295622597285
EK202310114178,139.36995022897895
EK202310165798,131.04712335641864
EK202310177163,142.24000442311615
EK202310161995,175.7779869070662
EK202310130803,131.47598094331317
EK202310225601,120.64536053329894
EK202310139718,148.28840170598212
EK202310146622,135.87496597423043
EK202310113181,117.40486130254129
EK202310179401,171.4003466348163
EK202310202908,157.02047855176974
EK202310171925,126.23731668405026
EK202310136543,128.7169811615443
EK202310119266,131.3948368699937
EK202310144770,142.68166517869355
EK202310217594,147.74568958537253
EK202310224918,151.83702862049583
EK202310116728,152.9849485120452
EK202310136368,144.447181295159
EK202310242872,160.5286943390868
EK202310226098,138.671340722806
EK202310243029,143.68343491194256
EK202310234838,136.4382736872357
EK202310103797,151.0043668316057
EK202310159666,126.6810111694225
EK202310234494,128.3881840157461
EK202310134806,134.18988574390917
EK202310191437,141.54453853496406
EK202310125110,134.470180769602
EK202310217366,153.26892274872858
EK202310191101,133.02591169138893
EK202310179382,146.2387157194644
EK202310137469,133.63422606888793
EK202310137658,141.87813492884374
EK202310134629,122.67007665287004
EK202310104525,127.97262120025573
EK202310151444,169.7577543670223
EK202310237636,151.95442156309375
EK202310143439,124.68712238420034
EK202310149845,124.93972102244588
EK202310128851,150.42650387588694
EK202310237330,135.43345100520256
EK202310117295,146.1790216635048
EK202310243270,137.09568109577748
EK202310187106,142.23953858400986
EK202310137652,140.74321133842494
EK202310217947,139.97518677848998
EK202310215368,153.80077128968605
EK202310113202,147.48005512450635
EK202310122109,147.71753900152578
EK202310121040,145.80921667476824
EK202310226711,136.85772396836938
EK202310132709,136.29779246598258
EK202310169984,148.39565025386855
EK202310198212,145.78396494914082
EK202310158003,146.94794719424718
EK202310214974,158.1266876539652
EK202310134360,142.7774514822285
EK202310178688,162.23788122480323
EK202310171682,168.40462317958077
EK202310103768,141.283305036174
EK202310209555,141.85010938029816
EK202310151086,120.53924293638701
EK202310201836,155.7947088846206
EK202310174895,135.76075446015278
EK202310138537,153.21060290614355
EK202310111581,139.15757918576244
EK202310219638,144.3489071701781
EK202310154214,155.79813231227385
EK202310200463,141.4906485389825
EK202310172356,123.28788433690531
EK202310164996,148.66488045128585
EK202310140375,145.3530903018638
EK202310216009,117.23352149188668
EK202310113207,123.27731270230717
EK202310132100,152.775896426379
EK202310126863,152.5750843403068
EK202310146868,133.6981830002661
EK202310108177,161.28858158042715
EK202310166280,165.97259392157332
EK202310182008,165.38514467119774
EK202310162197,126.40456895861044
EK202310147752,151.58070653465032
EK202310003947,125.25300778955284
EK202310176472,127.604218713898
EK202310234387,136.55869793768383
EK202310170022,131.25896464725236
EK202310171056,132.24835016286926
EK202310180973,167.20691778351244
EK202310166464,136.2220925332319
EK202310123184,128.30062576319168
EK202310192128,158.2372463996166
EK202310207232,134.27575641833886
EK202310133397,121.94866970997029
EK202310113037,150.43167818041667
EK202320007617,167.76136917638198
EK202310128691,119.33295405463926
EK202310234443,116.22396054274395
EK202310163599,140.23473299621665
EK202310124529,144.5769889932055
EK202310195861,145.27848524002627
EK202310004652,142.26410231262352
EK202310128598,145.2134119851061
EK202310219754,153.4723978995266
EK202310153907,145.71497361878332
EK202310210564,147.76207257231155
EK202310119285,150.72919665525902
EK202310236273,122.78767015155168
EK202310205597,158.36753278312176
EK202310232930,127.50348580529773
EK202310191886,150.76360118571955
EK202310236382,121.18996752271562
EK202310174764,151.46599630519145
EK202310105490,148.28795362313946
EK202310177012,168.02595565369748
EK202310128378,128.57484529018558
EK202310165398,141.90519521705775
EK202310142395,152.4217934010194
EK202310220861,138.28908843510638
EK202310209523,147.22693429429958
EK202310122997,136.86903282233618
EK202310205282,146.79159238161483
EK202310131435,161.55306584283747
EK202310203906,145.6280079485583
EK202310236413,139.51396196969435
EK202310156951,153.50690298474606
EK202310106622,121.76773778562871
EK202310189975,160.8059672741384
EK202310225784,129.33029088267082
EK202310219294,122.23415652240183
EK202310105442,130.35803450450916
EK202310132208,120.38443492370112
EK202310105616,137.94794460931243
EK202310174736,119.97738059654861
EK202310196913,151.03209452850527
EK202310137961,140.41760644384374
EK202310176163,150.83356001231604
EK202310110032,118.92638021412333
EK202310157504,128.3048727940091
EK202310233635,128.8897114148206
EK202310248436,150.7217166022801
EK202310202168,125.66890693326815
EK202310155766,135.07090985996697
EK202310139190,134.01297913885622
EK202310178893,147.91003786183086
EK202310194060,156.97606126936935
EK202310118567,148.31624661783962
EK202310127903,138.13415058577215
EK202310236053,127.2192525898102
EK202310156969,158.7048346165276
EK202310113094,140.36252141570768
EK202310117682,149.7269982494652
EK202310175150,127.22897819591002
EK202310190181,148.31177026132772
EK202310144477,149.20580230725076
EK202310167953,160.2188719282004
EK202310123207,147.30495205363908
EK202310211120,135.0628890831774
EK202310158476,148.38609369402903
EK202310245986,127.16563951243552
EK202310141979,146.31383163554662
EK202310210627,143.17481604506847
EK202310131358,131.89015787584532
EK202310108863,140.77589651364318
EK202310106507,152.61374517154854
EK202310219636,135.18885833310404
EK202310206075,148.37939613512316
EK202310164374,151.6869286972537
EK202310247640,138.30784893808277
EK202310128033,167.17390738075846
EK202310202213,153.20017407999254
EK202320007199,156.65001375192537
EK202310148351,142.69004098010393
EK202310167191,143.54280814415367
EK202310191728,149.89018716368304
EK202310200275,122.75211247692309
EK202310240207,143.41830648211857
EK202310169132,141.1653481740539
EK202310144609,150.3522407416225
EK202310198534,148.18062741742307
EK202310117322,141.24043436852762
EK202310111311,148.14842169372594
EK202310132198,126.85106209873213
EK202310123213,136.59670331735464
EK202310175579,141.30810866760052
EK202310179611,153.862025953527
EK202310162505,152.9912686593529
EK202310192578,145.11391431448155
EK202310106746,149.7853654441448
EK202310131965,135.84026764330665
EK202310193615,143.4415538634496
EK202310196394,154.4282389809595
EK202310219201,131.25330915113113
EK202310223123,141.05634693354344
EK202310193426,156.03121233669154
EK202310118739,163.87491987204567
EK202310106117,144.64206649962472
EK202310104981,153.22601578822727
EK202310210450,138.11489360131432
EK202310174407,146.46176440585916
EK202310104567,140.43117092167907
EK202310127432,136.74904134804234
EK202320005737,144.19726812295585
EK202310191941,141.86504407635442
EK202310153855,142.72243065317969
EK202310207694,156.39635073759183
EK202310227244,135.96667453472642
EK202310153520,117.03147509035004
EK202310160923,152.14414724655697
EK202310105321,137.4807002488325
EK202310134289,141.89065480509817
EK202310221860,138.70024277726475
EK202310127051,109.98464561173489
EK202310004011,136.24190363638903
EK202310106438,126.28321349132092
EK202310223885,127.82240611888882
EK202310147175,146.47997515187478
EK202310172305,131.05322398783755
EK202310233355,128.14265110945416
EK202310175639,150.61376662160072
EK202310119187,128.60918461370488
EK202310208266,138.7098600957501
EK202310218780,138.56989962328018
EK202310208314,142.58023969037788
EK202310231800,127.95562779967437
EK202310128055,150.78440080591025
EK202310239898,127.26801467099638
EK202310216957,141.60005834583552
EK202310209441,122.11155643851916
EK202310123208,144.0513135473868
EK202310209923,142.4125751632276
EK202310133751,145.22728410169063
EK202310245312,133.11433798560458
EK202310115764,143.65535197328484
EK202310207764,124.0013328800619
EK202310240599,172.34745215947154
EK202310147315,150.07219312359177
EK202310131500,121.5747684584907
EK202310176669,144.2351457929114
EK202310123945,150.36076096345786
EK202310209731,135.87556336646364
EK202310144605,150.797250849417
EK202310122549,134.51873149697002
EK202310145497,137.71353788434882
EK202310140293,145.19111212409382
EK202310139650,135.67626627009926
EK202310157829,127.87883558478283
EK202310106995,156.69644717642714
EK202310124413,164.38415961679834
EK202310214088,150.5620001839567
EK202310164191,153.00919324866686
EK202310226197,127.79478771406818
EK202310004226,139.4998410999307
EK202310108441,121.11673152804147
EK202310135386,150.67229964922183
EK202310129306,159.95111763225705
EK202310235944,140.1544625453751
EK202310247944,140.01995353270542
EK202310165677,130.3689230897374
EK202310199534,143.78068599354455
EK202310126380,129.83277842069725
EK202310154011,136.0871983024414
EK202310132506,168.70105176650412
EK202310108076,145.52327792710736
EK202310160457,146.55762146945554
EK202310208714,149.6459087851883
EK202310154569,150.55357647518144
EK202310144642,129.6178871973285
EK202310190051,159.26833722284982
EK202310117172,146.8184179055143
EK202310177405,157.850279086713
EK202310213301,130.81714428142445
EK202310137198,155.50239333073122
EK202310151042,135.91620099714405
EK202310168461,144.51418636644388
EK202310243164,148.38995210595223
EK202310179023,131.54556801246306
EK202310160904,156.76251967886864
EK202310171189,144.1115058206361
EK202310239158,135.92299200446027
EK202310167988,147.37765605918548
EK202310226837,150.3823660493059
EK202310135580,140.38963970398729
EK202310246488,146.95543197206095
EK202310003762,135.04879875213103
EK202310134904,137.39279026495112
EK202310136330,160.71046867637182
EK202310217816,129.34493807682716
EK202310122041,144.09955966626896
EK202310246474,150.37189479930439
EK202310157040,139.2472281870202
EK202310198401,162.01280200948005
EK202310117127,141.94614838590948
EK202310105754,144.35212572571308
EK202310166261,149.40410691929682
EK202310168044,148.95020941649216
EK202310220538,128.97864030095496
EK202310139280,143.57396361582627
EK202310135523,156.28576762204938
EK202310236682,147.05153720428655
EK202310244877,136.39058809978178
EK202310107483,132.59826160058407
EK202310175451,130.13617496734622
EK202310180461,168.99963801266233
EK202310144697,139.18266427312818
EK202310123532,129.11418124090005
EK202310123754,162.60702239029507
EK202310206309,143.23157465887292
EK202310239121,142.9720072601685
EK202310104310,147.465353265987
EK202310211761,154.76505050673023
EK202310191013,154.67417709962317
EK202310240312,140.97888369718333
EK202310217200,144.1353357724377
EK202310114563,146.43205480555642
EK202310161367,129.45545244507693
EK202310144122,150.505788590054
EK202310212504,130.09463886820373
EK202310177497,139.87227413279635
EK202310236237,135.64320000142743
EK202310198587,150.47890222239081
EK202310163062,147.23174256576715
EK202310164746,149.4509181054954
EK202310201875,131.79389143599528
EK202310172081,159.5129764516634
EK202310239571,147.12787138358962
EK202310135582,137.60192826393492
EK202310168412,159.91917118961632
EK202310207958,139.46030633536762
EK202310192851,144.63776250869373
EK202310192868,132.84696535744894
EK202310240745,143.4906837822185
EK202320007142,150.49887809312233
EK202310242152,147.27100877931335
EK202310158334,151.04969729085346
EK202310202840,153.37051541949953
EK202310135210,165.03015800106795
EK202310140844,155.03257431625238
EK202310231684,122.20085726884545
EK202310220876,137.8362564315807
EK202310135369,147.02926607269885
EK202310163963,138.50540394221383
EK202310126679,128.50997866902352
EK202310162655,150.4087680890617
EK202310154642,133.49721799265927
EK202310178024,131.43296502845564
EK202310168498,148.9898008331093
EK202310220365,133.03104559514557
EK202310111380,137.6488925853004
EK202310152697,161.96810341848646
EK202310246759,141.1094934681112
EK202310111419,141.0370956530294
EK202310218578,132.784170210799
EK202310110262,132.1763942887268
EK202310112025,159.2672132127706
EK202310219733,136.59333877617922
EK202310188715,158.93732366841948
EK202310120824,164.94452301234935
EK202310115460,145.75163369760253
EK202310243920,139.20420418283427
EK202310177399,145.93761727124595
EK202310187981,153.5745904806106
EK202310245247,133.16677183721984
EK202310121751,133.9284427478633
EK202310157398,133.96336870971646
EK202310146316,146.30290283693444
EK202310147009,149.5680634786356
EK202310186969,142.18547260834626
EK202310137065,164.04142156794802
EK202310121746,133.23453582664706
EK202310156291,143.52524627735113
EK202310214011,155.3512153276547
EK202310214233,145.3216318067545
EK202310119619,134.4740889299616
EK202310179742,135.42611794271028
EK202310182000,152.38645088346345
EK202310200585,156.47447373705717
EK202310152222,147.30772062194492
EK202310149190,161.97889816602947
EK202310187819,158.19553200700219
EK202310124003,173.18289838586918
EK202310201545,139.85264974328732
EK202310171385,134.6408044806492
EK202310238751,131.52638899362356
EK202310140367,118.7346695035838
EK202310237130,141.98684684285976
EK202310198345,149.17983378666398
EK202310247133,149.1462556538677
EK202310137734,118.36611739435446
EK202310148474,132.85466853154492
EK202310150325,149.16557881466167
EK202310208250,141.03410934610943
EK202310232333,142.9688109763422
EK202310226045,132.45084376543738
EK202310158994,143.34574204362158
EK202310198109,155.518836329092
EK202310193685,145.6949399050761
EK202310178796,167.52476826799207
EK202310168028,151.29018377812233
EK202310106830,140.5905966477947
EK202310181540,131.9836077163718
EK202310182066,157.7518184299569
EK202310206663,136.68568398496532
EK202310219839,164.18967697458163
EK202310201710,150.06498405223954
EK202310187487,133.52684636814453
EK202310202274,149.22050168559642
EK202310137558,131.72338051741372
EK202310190906,136.73772364982494
EK202310223424,157.20804037765646
EK202310178941,141.42076391762083
EK202310184440,135.10990459616715
EK202310155782,131.00331082468938
EK202310122432,153.36031905456608
EK202310182848,133.7045590807008
EK202310164226,158.99861196848502
EK202310173490,133.24386349745453
EK202310213090,122.34726256083869
EK202310153722,156.03516466450841
EK202310173472,156.01882509731973
EK202310167875,142.89250611296774
EK202310133234,119.74663614817709
EK202310223308,126.37454787273313
EK202310205100,145.29241460115333
EK202310198402,127.69555837444474
EK202310110225,149.52174654087315
EK202310171586,155.98526367781287
EK202310122356,142.42031038426447
EK202310163392,131.60757094991862
EK202310183719,157.9563577902166
EK202310003951,151.32171400188088
EK202310138515,157.34949058487985
EK202310170831,143.68198795541804
EK202310133182,133.20870549997866
EK202310111516,132.25134444275335
EK202310125263,131.94341285998928
EK202310240055,137.2355355529722
EK202310180483,143.23547520288636
EK202310204716,135.97292918891472
EK202310187018,150.4892528119163
EK202310158527,161.61347228490246
EK202310122260,157.08827737704922
EK202310234650,137.84153881586045
EK202310144474,135.8683234575251
EK202310237894,133.73346992654888
EK202310106091,160.1672937391118
EK202310188317,139.8764672646809
EK202310158850,136.82391501508866
EK202310186426,163.38398060088895
EK202310169750,138.53135830622182
EK202310206676,153.2795153256346
EK202310155928,161.8638136881669
EK202310230978,114.38772116911298
EK202310233369,106.53562822309735
EK202310129476,150.72474926988934
EK202310133048,142.9174974576861
EK202310165488,142.74947225712717
EK202310143637,164.7139055881583
EK202310214266,144.54081762459947
EK202310126225,137.6799450985368
EK202310152458,170.00872216045258
EK202310223231,144.1500529721419
EK202310120167,138.9760843107496
EK202310143015,156.33643399137037
EK202310158308,156.79495089277717
EK202310173081,137.9457184270678
EK202310189028,142.19388129615348
EK202310132273,164.95800321576064
EK202310128353,142.16170162087872
EK202310174810,136.70563742755857
EK202310239062,150.17034943051596
EK202310120641,141.90826981359982
EK202310244227,146.3385485971411
EK202310118757,131.78134631699203
EK202310129075,148.58261050320743
EK202310224814,137.87392346201884
EK202310004731,123.74710306284845
EK202310156915,168.35944836989268
EK202310115641,135.62452838809972
EK202310118147,170.08101392399396
EK202310248390,165.6270732295744
EK202310218403,129.02215534300083
EK202310155441,148.7772264774171
EK202310230283,141.66349980836355
EK202310162794,150.413012626525
EK202310182211,155.92987708559193
EK202310143073,153.33360556524877
EK202310177848,149.67325675354297
EK202310003966,151.6453110787813
EK202310194839,152.97168318061975
EK202310233597,143.22272536664704
EK202310160959,140.19522682419392
EK202310225528,128.6592424136938
EK202310108255,150.48230305893458
EK202310166709,138.34700864853815
EK202310203616,146.89396278111855
EK202310189898,156.21462719387418
EK202310135324,153.9543569079503
EK202310183856,155.71507583221225
EK202310178334,148.93433333285037
EK202310112277,154.90247638396102
EK202310116332,133.65403784522164
EK202310174408,134.6688919894012
EK202310225395,132.43391667194092
EK202310179921,145.57714408109524
EK202310136896,130.8065417350878
EK202310246946,152.72466598417373
EK202310132878,139.0120735009032
EK202310132936,141.87867612780013
EK202310117215,140.1584608594265
EK202310194744,137.48865621246702
EK202310239667,144.25922627791982
EK202310137081,138.62698401492656
EK202310195120,149.57932055457331
EK202310244943,145.18646136943556
EK202310216463,144.49780255911233
EK202310175023,145.28172890823672
EK202310123452,138.7876456185258
EK202310120759,144.84960813903578
EK202310200555,154.34373488968197
EK202310183159,151.64679974004366
EK202310237119,157.1515933437321
EK202310241465,125.34212671286548
EK202310185913,145.29561166506045
EK202310207534,152.5155692433841
EK202310158605,148.91073166044404
EK202310193608,146.53846363203127
EK202310238219,145.14646233886268
EK202310142209,155.55457653000494
EK202310158659,137.76809148317625
EK202310196102,153.60378990743496
EK202310244335,141.7561565965117
EK202310151300,143.6746916111309
EK202310135647,129.64632362749913
EK202310208600,135.58019642221208
EK202320006689,164.23163153129573
EK202310208813,152.494124837229
EK202310154438,143.1145739678934
EK202310165804,131.87989674049425
EK202310124724,131.51323297933305
EK202320005923,170.49988917610696
EK202310193868,146.6620124911432
EK202310243558,136.86918661502713
EK202310213393,126.42447199341825
EK202310142913,159.79710499838725
EK202310168870,160.0390989222117
EK202310246882,146.2164563826199
EK202310123829,146.26065580983268
EK202310125993,140.63896930421245
EK202310148678,125.0869238809808
EK202310214338,129.65159572283002
EK202310118609,143.765906609089
EK202310223350,150.77477645712932
EK202310161314,141.04591684006448
EK202310172634,172.8703663642608
EK202310218585,138.26009316953096
EK202310004027,137.97231727837774
EK202310177913,142.13203945693888
EK202310195749,142.88902728081217
EK202310176453,128.59274315680858
EK202310213885,155.65036557233753
EK202310137118,160.53884483957935
EK202310219450,125.47659716880926
EK202310228378,153.7891760402448
EK202310157141,159.95480983877383
EK202310131718,154.6600022674418
EK202310165083,134.96116671398866
EK202310004821,137.55254748135272
EK202310115195,139.6630643041115
EK202310179460,125.99464519597743
EK202310204918,153.581594791703
EK202310126066,117.80639732608067
EK202310147822,150.3424845322608
EK202310233974,127.17264467387307
EK202310152337,152.6154375613335
EK202310121597,144.9945959954795
EK202310113315,145.66122626246454
EK202310172487,163.43874329544727
EK202310208865,145.33345802971377
EK202310178856,121.0348159880742
EK202310163216,151.6155548276813
EK202310192275,132.37837147419972
EK202310123629,147.7618255767178
EK202310118365,161.70329430323886
EK202310205626,141.2580936997193
EK202310197305,131.4680915290674
EK202310168104,139.72511571751193
EK202310147731,163.7601997656306
EK202310202905,143.85131887437305
EK202310240860,138.7615533025248
EK202310003646,158.9627210468574
EK202310241992,131.1389414341781
EK202310139823,146.59093709310173
EK202310229599,126.0716583921933
EK202310183516,153.12144597364528
EK202310224914,120.98488349416698
EK202310191077,141.04617686239195
EK202320006964,166.932941902089
EK202310237895,136.9969332124081
EK202310176057,159.57743000469208
EK202310165954,135.3169070856348
EK202310122162,144.20450326344888
EK202310126238,114.24256514985606
EK202310121795,137.20454091805323
EK202310161976,154.34804732448097
EK202310191508,142.70927332643373
EK202310176644,135.56489169599087
EK202310152467,158.78232957561417
EK202310219240,140.44117094542048
EK202310208125,139.44087310476476
EK202310159439,154.87103727509472
EK202310112020,148.35291409061975
EK202310131152,151.68909284146937
EK202310231176,133.7381465244668
EK202310119600,155.6211454181759
EK202310142740,174.6040603170438
EK202310190305,144.89122245451603
EK202310181410,151.16812490479396
EK202310195269,132.27526054497366
EK202310154821,127.04361054316763
EK202310247409,144.7041381661903
EK202310146034,142.66844268207177
EK202310193073,154.3822836734679
EK202310184666,177.81890512354897
EK202310107982,151.9954581230714
EK202310118565,131.0045099000178
EK202310189557,147.1063804680248
EK202310176523,162.05853020756345
EK202310199098,157.61256419787745
EK202310192444,149.6020408262224
EK202310201510,155.42458805314797
EK202310152404,154.9984429740049
EK202310159084,172.74998779422495
EK202310241360,137.56471196232098
EK202310216628,137.9680532541733
EK202310228907,128.3660405012569
EK202310129890,164.23868368572028
EK202310151590,124.73655193944441
EK202310145359,127.50467728446422
EK202310157050,129.68297659769397
EK202310176488,122.5601224637017
EK202310130834,138.3083603738029
EK202310209574,145.98304345521302
EK202310111176,138.5958677696273
EK202310147278,142.04744091946483
EK202310208597,160.54504721868338
EK202310196533,141.81630241972923
EK202310195547,160.01482911565552
EK202310176613,139.20768910806044
EK202310164726,144.16995302369634
EK202310243633,144.66659262866912
EK202310196133,146.99574659398095
EK202310147029,142.43607714611449
EK202310218892,144.73667681687155
EK202310140920,145.42219464290204
EK202310155482,143.77555784463615
EK202310135200,136.62735839105122
EK202310172820,141.1990074388243
EK202310105543,121.79387897953278
EK202310172387,145.74291803687208
EK202310176697,141.17172197299783
EK202310218951,160.44676623367494
EK202310103784,149.68079640119853
EK202310230023,130.997618266942
EK202310164692,146.6265486298063
EK202310104542,132.30725742007724
EK202310176068,144.07246052596554
EK202310244683,152.87063556901828
EK202310119149,137.51165921814024
EK202310191861,124.23591398771876
EK202310199949,125.72816117628471
EK202310161393,152.90684218352266
EK202310125111,154.9140772012555
EK202310199054,151.9024149494324
EK202310004487,137.37509875482218
EK202310183184,123.94972627921564
EK202310201897,160.34548988994476
EK202310210681,129.1460961806573
EK202310171699,124.90563132809345
EK202310136344,142.53567621331536
EK202310142799,132.93787453894186
EK202310003358,146.33222897697047
EK202310177915,145.9841462917855
EK202310233198,145.03938734695708
EK202310180154,116.90750903599432
EK202310174450,131.50987871639975
EK202310136841,132.5232825362052
EK202310121016,147.78782151536015
EK202310165032,127.5606601097698
EK202310228963,138.29080974989287
EK202310121559,147.78188485471105
EK202310181916,140.74624899551299
EK202310145575,170.50776359899254
EK202310239181,140.73287983789848
EK202310188158,145.84731079835382
EK202310128251,127.3309389604643
EK202310132218,161.86866505408324
EK202310171818,150.85134442204532
EK202310104717,150.73984472869287
EK202310166536,152.04421146624804
EK202310165544,164.6487468890109
EK202310106140,133.17565416240774
EK202310120542,123.42710673364154
EK202310200432,140.411725667977
EK202310137688,142.93529263645888
EK202310199770,131.2343039321137
EK202310151234,131.61764462361867
EK202310239824,147.9430888979838
EK202310109979,138.30889744743737
EK202310222377,130.1492293791094
EK202310129765,146.89648961945727
EK202310004768,117.99257828466293
EK202310161683,159.94867883415674
EK202310111657,158.71510180139418
EK202310233223,137.82474512886859
EK202310191113,171.56444520603554
EK202310133283,147.86564429792324
EK202310196259,141.26733235683008
EK202310180866,142.5251440820691
EK202310219289,133.54175286374675
EK202310195465,172.3282024313627
EK202310163110,150.09019469175203
EK202310236924,131.65479728312084
EK202310175544,143.73180248264927
EK202310106368,143.2551511758108
EK202310187622,150.15138020882893
EK202310204563,152.74282961809044
EK202310169494,149.62229156624687
EK202310151846,157.49531656604594
EK202310239299,136.08989614685956
EK202310145012,124.22275546149723
EK202310110945,140.62166705329648
EK202310198659,138.6641707354662
EK202310130369,135.26839059990996
EK202310191235,136.61941362966047
EK202310171717,134.0713332403998
EK202310235589,143.230353001895
EK202310114348,150.637530769832
EK202310232893,151.7254219894497
EK202310164789,156.81984951817006
EK202310236042,157.1974591281816
EK202310004445,130.04969898474207
EK202310172245,133.66866011875783
EK202310224823,131.2682735999764
EK202310136877,146.30500810538786
EK202310123423,148.02817243759114
EK202310153225,152.9503615550126
EK202310145756,134.743282883655
EK202310146568,141.45472786891702
EK202310163087,144.8334530557984
EK202310245297,165.44841491093499
EK202310209644,145.6056934606187
EK202310140290,138.92861328866832
EK202310221072,143.55361162530912
EK202310135414,143.35523306669234
EK202310187378,157.7317285960408
EK202310133530,151.45542829207005
EK202310224364,143.59019777110066
EK202310195517,156.25017352882185
EK202310204169,135.86358746351178
EK202310210323,112.19626273098942
EK202310200422,126.42306023244905
EK202310151056,129.9944965227011
EK202310227277,137.15509728740346
EK202310247028,142.98698644265144
EK202310180050,140.8820686621715
EK202310127868,157.0579363321128
EK202310234685,139.28592063189996
EK202310223304,128.52980420647083
EK202310222628,122.55632243832184
EK202310132162,148.20621874681035
EK202310107313,157.7433703766182
EK202310193034,126.41351516066706
EK202320006263,162.31215891973739
EK202310180508,145.50177795215015
EK202310126699,133.47406962527822
EK202310161588,156.8825907368217
EK202310230044,137.93037106558518
EK202310131679,158.54628035294544
EK202310130402,150.87991910562008
EK202310186216,136.6913683776625
EK202310104460,146.18250282485735
EK202310138193,125.77999537320036
EK202310190994,150.6554535429312
EK202310235895,133.51365286566647
EK202310129828,162.26856720732212
EK202310188700,161.34619966071133
EK202310162187,127.57239007894653
EK202310137095,137.63711667361076
EK202310142210,144.3590163400668
EK202310197331,151.52377172093634
EK202310224439,154.9043288935083
EK202310202545,158.87400634390212
EK202310172841,143.28909976324903
EK202310185316,153.6873131538708
EK202310193096,124.27290352051034
EK202310239366,134.53467600642787
EK202310157680,140.9202808104762
EK202310216245,125.072641895233
EK202310122188,138.9708405217578
EK202310229644,143.08028349450322
EK202310205871,134.95893329076853
EK202310215556,147.1022829101226
EK202310158679,172.32205977464574
EK202310147755,142.6514371369466
EK202310186194,152.33578988318718
EK202310117620,128.9424990483942
EK202310194359,144.99002525741085
EK202310198922,127.64729561474239
EK202310116214,146.51485163812723
EK202310162259,140.61017982867736
EK202310157059,176.0878800490782
EK202310128924,145.78735639629448
EK202310141619,160.70945505385822
EK202310221578,140.93347562157922
EK202310138618,144.66310058868163
EK202310183482,144.17526137257443
EK202310152447,133.8409027607153
EK202310237940,109.66034654664196
EK202310150193,125.74868721394475
EK202310183803,174.42709682595722
EK202310111372,139.49636988208664
EK202310201263,155.43691094686451
EK202310124638,139.5421850475032
EK202310178960,150.60778176443344
EK202310210327,138.73541778153933
EK202310201273,149.10096645090775
EK202310222624,139.46583766060044
EK202310180840,133.9139212444678
EK202310185078,152.54435458501425
EK202310168572,158.61720269931968
EK202310170490,119.14709976904061
EK202310232989,132.25530733893814
EK202310162228,148.03420547168855
EK202310175459,143.55271844835437
EK202310165474,136.83626701166114
EK202310243395,145.76440387434437
EK202310127631,149.6719732342162
EK202310186924,136.13327756000166
EK202310163431,119.6062572907783
EK202310189463,164.55359882437398
EK202310190842,159.10097473143466
EK202310185696,156.25173292950967
EK202310111713,138.99830778321876
EK202310193617,149.31166953917727
EK202310125805,133.0513150678515
EK202310151745,150.12734702612477
EK202310175297,134.07329981987692
EK202310196724,127.36899674941733
EK202310233146,168.26279570858824
EK202310143125,139.62856186622687
EK202310162683,154.61965069804057
EK202310105844,146.07707112822698
EK202310137395,141.81934411705384
EK202310234360,154.88737804833687
EK202310169711,158.332910890613
EK202310229840,129.28053481620637
EK202310108815,141.7949170618099
EK202310173350,141.47263381778092
EK202310221654,131.6480797243564
EK202310117503,131.82365695226608
EK202310118377,126.72333031848875
EK202310193948,157.62273217706505
EK202310157293,144.90092884677335
EK202310229924,143.1681885478842
EK202310207252,145.10759267546504
EK202310112063,155.55591274087547
EK202310211575,130.02826245875798
EK202310121865,138.05237820692074
EK202310229242,130.9036965001704
EK202310217753,127.98568937534651
EK202310154203,150.23901483874357
EK202310119526,140.6837543796606
EK202310233019,131.30988166800955
EK202310110136,136.37577235564575
EK202310136917,152.23447113606983
EK202310232125,136.9956394476953
EK202310195652,146.55453903934875
EK202310003341,153.45949585673017
EK202310172729,140.4969804989866
EK202310106011,149.0575514962037
EK202310226908,132.51535631519263
EK202310160952,167.95774349648784
EK202310123901,139.4911603399448
EK202310219883,122.11422483309777
EK202310239294,134.77192577540515
EK202310191292,143.7527968320283
EK202310242675,142.01933873437662
EK202310159365,140.37435286764747
EK202310207357,135.09038573397532
EK202310134219,152.0623328800802
EK202310204692,168.31770302197884
EK202310145833,143.03474598885364
EK202310232367,132.9166519288949
EK202310133942,175.85960246461946
EK202310116957,149.85614606578937
EK202310113990,148.50698346792683
EK202310110317,128.51000441654134
EK202310183678,124.09511335029325
EK202310210475,131.79196470783643
EK202310215753,131.53966896038864
EK202310172041,147.93545669786855
EK202310127368,157.5689990611486
EK202310133141,166.69402713422144
EK202310166184,157.25170628081335
EK202310123460,139.73746717213777
EK202310159288,167.4767701782391
EK202310224966,149.81669460480322
EK202310169548,143.04147840430477
EK202310157945,169.4916277414041
EK202310208906,137.33520680311167
EK202320005732,138.8450977952013
EK202310140120,150.82890349791066
EK202310153086,158.34013223298325
EK202310230330,126.363227985243
EK202310213318,134.29704435909716
EK202310178418,156.20305655575328
EK202310155143,134.64512412556363
EK202310183350,154.86390783774465
EK202310171243,148.9237728848903
EK202310241995,141.42405737685647
EK202310166956,139.21722306883558
EK202310239455,153.45591358830887
EK202310230110,131.6001793241652
EK202310232654,143.12220248618385
EK202310230579,122.42566129487915
EK202310230165,139.47469858246
EK202310150438,142.6584057362389
EK202310114432,124.13286006860328
EK202310178701,167.00626876189062
EK202310193862,153.4234173044363
EK202310133458,126.22982579440131
EK202310126585,123.41262345055635
EK202310114949,138.96332402063953
EK202310239835,131.81580426797947
EK202310198418,160.83934759107558
EK202310164005,125.16636535352349
EK202310108538,155.5990866490375
EK202310248296,132.96300562329068
EK202310164825,128.5555689617735
EK202310202468,126.34049958492156
EK202310179750,145.57665683386415
EK202310178078,144.05632810442066
EK202310224170,167.90212586051817
EK202310108711,126.5525941616975
EK202310107024,148.4494720812187
EK202310229155,137.61335676911423
EK202310109556,138.13751390801932
EK202310202152,143.9604344092054
EK202310237189,147.49630734011924
EK202310147644,151.50121959414278
EK202310161108,168.7577357943579
EK202310122907,169.63257655121092
EK202310108647,144.16930997222312
EK202310116234,151.93319701336674
EK202310180820,143.32136951646746
EK202310185427,129.10320818422895
EK202310156227,160.06485239502513
EK202310121246,134.33061710721125
EK202310135704,134.69179052730348
EK202310225359,126.07170820945498
EK202310205195,153.43593322267293
EK202310201515,159.3562306252382
EK202310195070,149.59596735273232
EK202310185184,149.43275844705082
EK202310233163,130.68333977705177
EK202310169236,158.2157796181364
EK202310113651,144.83583423013425
EK202310105373,128.33289466622307
EK202310106115,119.6693730895638
EK202310245413,144.6380699041325
EK202310219987,137.13341891878392
EK202310142576,150.12517903392623
EK202310158268,141.55213031708277
EK202310156894,147.0817336126549
EK202310004886,156.1076980098223
EK202310154420,124.13056620748074
EK202310210832,132.36294503190896
EK202310220049,144.9827141479587
EK202310181921,170.30997847653092
EK202310201324,154.12230937448243
EK202310191459,134.34576220159198
EK202310128368,145.37508531317954
EK202310175128,121.43881477079917
EK202310172288,143.04454973272956
EK202310216634,137.30294071767855
EK202320007004,175.52523169655933
EK202310244935,120.03315014809851
EK202310176831,128.72383966399218
EK202310119255,145.59666985733605
EK202310225916,140.01258333332652
EK202310159227,170.6476085510592
EK202310208285,157.0514810246749
EK202310139560,168.3673666966205
EK202310122710,133.87104057634565
EK202310121289,133.41146097118866
EK202310124642,142.9116263755166
EK202310232850,123.88088459842517
EK202310162749,160.70472947679733
EK202310114861,148.37741022117166
EK202310147672,152.11918846531313
EK202310146693,144.13046934446277
EK202310229560,153.62321572693722
EK202310153109,151.33246587564102
EK202310159133,138.77526237580904
EK202310147681,119.39159597120342
EK202310154454,152.56971162296142
EK202310215971,143.14857361634355
EK202310176116,157.02598995877375
EK202310108965,130.1599173159889
EK202310117311,136.79468700973405
EK202310205689,145.89334143052545
EK202310196959,158.051838066953
EK202310208747,171.6534599359449
EK202310220306,145.15538355854164
EK202310229825,144.03653803593625
EK202310156765,169.35343447248903
EK202310123916,142.75352748032293
EK202310208563,151.78907681503685
EK202310176612,141.76911585925183
EK202310150270,168.75954146667172
EK202310167920,135.05423617069397
EK202310004780,139.20830293561363
EK202310228392,145.7300565334162
EK202310162764,148.63916228650496
EK202310178248,152.94313452489345
EK202310161854,118.31695894952796
EK202310184896,148.17276043247224
EK202310196454,147.6894497781651
EK202310166252,152.92709675480302
EK202310224266,133.58647368264346
EK202310228300,141.5686867675758
EK202310228517,122.4328576338785
EK202310119762,137.45197411702623
EK202310197634,135.05354446259665
EK202310163433,119.09109993367659
EK202310205791,143.47166208024188
EK202310198433,135.1200992487767
EK202310205023,139.39690309407118
EK202310139454,130.73729286280735
EK202310201839,141.8861483349403
EK202310197547,165.79428305868174
EK202310233724,136.09768563065236
EK202310153252,156.94848335047476
EK202310190922,141.08414080750336
EK202310142523,151.17832273387813
EK202310219846,143.01032562183843
EK202310198901,129.78124702112
EK202310167227,143.85066812852452
EK202310111384,144.62452298484948
EK202310136046,168.0494088471678
EK202310214121,153.84636760962164
EK202310118169,142.15791360586243
EK202310183250,142.34467673028783
EK202310188579,130.42619836962146
EK202310131031,136.0301302890854
EK202310104480,147.69004922601752
EK202310239710,155.04930588629807
EK202310234691,119.76587259468093
EK202310168972,140.71299405574865
EK202310120008,133.58489934406865
EK202310212233,131.70499061872673
EK202310215929,142.3639451962483
EK202310211484,115.71330594171285
EK202310222506,132.38074792501553
EK202310202763,160.12177037353823
EK202310220490,147.9938863680718
EK202310116375,142.76624464652798
EK202310175337,161.90926638724156
EK202310240580,134.0537767635743
EK202310109905,155.96045993564675
EK202310192597,152.67737360690512
EK202310114800,121.97006632022408
EK202310132205,133.1802920935305
EK202310110193,118.83147101953134
EK202310165102,155.3972231663818
EK202310116663,143.05756800329667
EK202310218315,150.7761618050693
EK202310113156,159.33301811690882
EK202310231146,125.19604409428543
EK202310180373,134.9712609254232
EK202310232424,128.2996731714305
EK202310224878,129.16814321693437
EK202310103830,137.3009966964741
EK202310240706,131.2441867023801
EK202310120776,157.81611053545802
EK202310160117,141.55811828250387
EK202310132998,132.46629452822862
EK202310003968,159.95573183903753
EK202310209613,147.795976521392
EK202310241092,135.73224120854243
EK202310123771,151.2667076800471
EK202310245280,134.90128886296932
EK202310244377,138.06737450889344
EK202310109713,170.06500881411205
EK202310228232,146.81874976011537
EK202310148652,134.06710886314548
EK202310243472,127.97848016556128
EK202310170765,140.9570069904611
EK202310170088,122.53449730994242
EK202310004315,131.0301732616991
EK202310217178,147.6628293350728
EK202310108775,153.50436913132992
EK202310180920,147.16929444287496
EK202310246305,135.83804767423024
EK202310206922,166.91440330681803
EK202310167783,150.7958387959755
EK202310129574,138.05452281052501
EK202310174308,136.1821933671361
EK202310161413,158.5615987368244
EK202310148150,157.91732051482646
EK202310141044,159.58812692940464
EK202310231588,148.42574110120205
EK202310118970,133.73327699830236
EK202310181033,156.56375890226775
EK202310194383,148.30086794290006
EK202310183986,166.89824004308173
EK202310150419,136.08422820293177
EK202310194684,144.75859742806807
EK202310123982,169.26482176634855
EK202310167254,132.84565465479017
EK202310170710,120.41608851208628
EK202310112450,146.00856908710043
EK202310220586,137.16808599406903
EK202310189665,148.27771254309434
EK202310117974,133.81671152972982
EK202310131602,140.64193891865304
EK202310162096,152.77312146042644
EK202310243659,142.99460522913282
EK202310187107,121.10732836377193
EK202310188591,122.56148906151788
EK202310130729,145.33362954119977
EK202310207612,145.43111043119293
EK202310190165,143.0979076791549
EK202310240918,133.3597168022891
EK202310138933,133.63787369508316
EK202310124424,120.74688099332728
EK202310207452,138.6594813868742
EK202310149692,157.57237551099314
EK202310122269,163.51960912079153
EK202310178206,152.42078999232862
EK202310236928,128.80791772739963
EK202310108129,152.53245020220402
EK202310242986,135.34185805666795
EK202310153555,139.74994904298475
EK202310135472,145.71254818404154
EK202310135151,146.39112518896673
EK202310121132,147.2936511773081
EK202310159808,134.8683368144085
EK202310111940,143.64014922212763
EK202310211823,123.51232212218684
EK202310208954,168.53203004770737
EK202310174925,163.56645732337898
EK202310139934,130.4137423091455
EK202310128204,131.2128840435525
EK202310207948,133.08600001381453
EK202310194132,150.85360058209085
EK202310213757,141.35527607453645
EK202310210438,139.28434362963347
EK202310144525,160.278712499913
EK202310125105,143.25739547387258
EK202310120299,133.20695629569758
EK202310246727,143.42896796926976
EK202310200847,147.2259637885839
EK202310181091,138.95517122766447
EK202310130669,133.88794937348064
EK202310164111,146.93814350920715
EK202310141945,146.67781719090343
EK202310238865,167.62027997356893
EK202310107320,130.69992921567567
EK202310220000,152.60215018483504
EK202310180826,150.49663719362798
EK202310117534,149.94300338713606
EK202310148403,168.19460919139033
EK202310235756,136.92343421996043
EK202310215153,123.37685541840162
EK202310215909,153.39078472436532
EK202310232668,131.39194493039855
EK202310169331,158.64170835301587
EK202310168151,134.74565585036171
EK202310218890,137.82112879616145
EK202310186779,147.7219580939377
EK202310114858,133.04238548668164
EK202310152341,149.3038663326734
EK202310128217,121.73680087186742
EK202310193271,122.0984098403091
EK202310180464,155.04669707953934
EK202310205276,145.76901935638926
EK202310125640,130.1670952718632
EK202310141600,148.93914385725697
EK202310141981,157.55003540019712
EK202310167795,153.5486889558525
EK202310192334,136.83991438607188
EK202310241694,139.89027959228648
EK202310196935,136.47172710693386
EK202310180151,127.49363918167104
EK202310106774,140.55433047649777
EK202310215027,155.52455231995228
EK202310216078,151.61513088709958
EK202310163711,148.01136079369587
EK202310109770,149.79179212354015
EK202310215501,130.46157089582658
EK202310163977,133.76586505671847
EK202320007174,170.1039473447011
EK202310205844,142.82790624903012
EK202310139223,132.81207771714838
EK202310244458,127.09005828823753
EK202310131387,152.162268491421
EK202310143831,148.0608877451429
EK202310147793,147.729118833471
EK202310219748,146.12377290752656
EK202310155389,137.84137915028404
EK202310134466,169.16064680164794
EK202310151903,144.49870206128608
EK202310234772,138.52743101983936
EK202310131775,167.9140305884995
EK202310134952,161.06178743081446
EK202310118242,129.32097816239303
EK202310107035,132.89522758858263
EK202310131515,142.36665828840196
EK202310244132,135.84956758657577
EK202310201654,155.6893049829345
EK202310237041,145.6936216092579
EK202310171334,153.05696658779024
EK202310104916,131.8392182242401
EK202310182983,147.8539165726212
EK202310164359,157.1812585758618
EK202310112552,135.4805708576275
EK202310201546,130.04003051470616
EK202310202954,134.93413028670895
EK202310134253,148.3034346854106
EK202310004718,148.5412462237465
EK202310242169,154.44978276200806
EK202310188966,128.93323750455824
EK202310179423,123.5052600675458
EK202310218744,155.21180342745902
EK202310193025,154.459699419284
EK202310232272,136.24497073194115
EK202310217104,132.40569980410413
EK202310245973,127.6096484332609
EK202310108124,154.2689990225533
EK202310195074,165.6015697683897
EK202310177534,159.25636245318347
EK202310220572,124.38958064910332
EK202310176418,151.81882441234234
EK202310159967,154.39304886332405
EK202310163800,151.32890523627654
EK202310154402,170.5878207719646
EK202310212424,137.88781715409985
EK202310115194,138.72213470731197
EK202310157002,148.53069395514967
EK202310236493,135.5907449459936
EK202310209384,148.75160979291772
EK202310153699,145.74013071467658
EK202310140162,140.5600063921201
EK202310191690,151.7584688983076
EK202310164321,144.26046216522136
EK202310167679,135.14203979422595
EK202310118401,128.57215782793466
EK202320006231,168.53497336360908
EK202310158105,140.5020047823562
EK202310179352,145.4726580225368
EK202310112735,140.59854749074415
EK202310144319,144.398566154718
EK202310173893,172.372199854708
EK202310160526,135.4354198611362
EK202310147338,123.40905688583798
EK202310164737,152.1695830448475
EK202310226429,123.05637635683432
EK202310119510,136.16439689334743
EK202310111353,143.16111082837202
EK202310121601,131.74044479513373
EK202310138216,121.17321604535427
EK202310222532,154.61680713803895
EK202310138949,139.01503726408293
EK202310214912,145.24243734874756
EK202310121057,137.18468532132698
EK202310231318,134.75439728752207
EK202310137231,134.89636011706915
EK202310136824,136.5382787116763
EK202310115476,150.2607480443619
EK202310195522,164.06992771759667
EK202310130890,121.79066622345324
EK202310161838,172.47179269628504
EK202310158188,131.00847204774817
EK202310184190,133.91546345796846
EK202310106659,142.11287882175327
EK202310134400,129.88730855404202
EK202310209267,138.72339149379528
EK202310241209,143.1373135864252
EK202310214760,149.62489119035038
EK202310151809,167.9553701317693
EK202310198002,150.66388944708686
EK202310228621,131.57307301073374
EK202310162885,134.18217453702647
EK202310133298,156.95327258706163
EK202310126484,137.9776132492121
EK202310196380,130.85057011751826
EK202310143373,131.28807934815177
EK202310202385,143.92816412287726
EK202310131648,137.23971310713904
EK202310116966,149.31136488580984
EK202310134410,161.6628333236603
EK202310191544,140.05844944330696
EK202310196047,152.59788586379423
EK202310119440,136.9932249829572
EK202310132919,139.1995980568962
EK202310156448,158.306984435073
EK202310198177,135.70532352657466
EK202310148838,155.9001487651849
EK202310171364,146.27486272734416
EK202310120500,122.4699432742018
EK202310247151,135.03499958616112
EK202310144904,123.8794370797428
EK202310174989,138.40716223964242
EK202310133355,136.73888443537624
EK202310226353,156.17030527376895
EK202310176858,132.02595576951944
EK202310227114,138.93700025489136
EK202310187693,133.56376905277625
EK202310109711,159.951236064597
EK202310181780,154.68819862221096
EK202310163147,150.67909307428582
EK202310190696,143.71893554154053
EK202310165868,144.51678554703332
EK202310110400,130.68218877623045
EK202310135537,149.58680560346002
EK202310169217,163.43238539319523
EK202310195878,161.66611375030718
EK202310189489,133.60091494146295
EK202310205257,118.41070459159906
EK202310239304,166.46196880451973
EK202310132417,124.98922255247483
EK202310221095,124.89421191854983
EK202310110398,126.9421714185955
EK202310240389,148.2001866661559
EK202310185614,149.9313389520732
EK202310213110,127.07455512049984
EK202310154463,147.5409278452667
EK202310177140,171.79222801375843
EK202310175268,148.85565307513176
EK202310199152,124.30242366652115
EK202310128676,146.24724359217603
EK202310168399,150.2838489851455
EK202310201459,141.5427130484117
EK202310235106,151.7898323726851
EK202310232368,137.02302425480784
EK202310127908,131.31158429066204
EK202310182464,150.54302056308367
EK202310184852,134.34925789467076
EK202310170955,136.54598844165204
EK202310185265,146.61632778106892
EK202310114431,158.97655414699184
EK202310124741,154.32091851062512
EK202310193561,146.18198193488885
EK202310113830,147.13813618517295
EK202310229300,139.65591954498046
EK202310176918,145.70155130714474
EK202310222543,136.48045885748718
EK202310240095,155.23953703607884
EK202310208448,139.48526864241126
EK202310201172,171.0507252977324
EK202310125525,139.17881069280287
EK202310221529,132.26804638794323
EK202310120352,151.47440557189068
EK202310140711,148.7523934214647
EK202310211389,134.9139940334203
EK202310124018,167.98142382489317
EK202310143340,120.05416647748977
EK202310180385,155.86052717196628
EK202320006974,166.612807835255
EK202310159693,146.92164535722617
EK202310181459,124.2459607461293
EK202310182182,144.66747858478487
EK202310141048,152.344188041362
EK202310211604,130.29014910724737
EK202310141173,143.62500515267288
EK202310151648,145.0208263235894
EK202310243583,147.46166162891285
EK202310133700,133.45756535279176
EK202310152960,148.5821733114473
EK202310192543,141.31507838700963
EK202310131141,137.22843613768939
EK202310134377,133.01041643094774
EK202310174653,142.56000616487572
EK202310218574,150.12604603730585
EK202310191005,153.02713247716247
EK202310104855,129.75579215237462
EK202310178218,147.82577172972026
EK202310166318,168.55012312414146
EK202310202248,146.82288711800024
EK202310234490,160.4750604292342
EK202310225442,157.05648036212665
EK202310123331,131.76123467600283
EK202310238951,126.63077377682538
EK202310114122,134.97024584909104
EK202310202645,150.77940179992757
EK202310221624,145.1159908549974
EK202310147534,154.7152875765609
EK202310197356,172.51365016066663
EK202310222430,138.6552393308077
EK202310225523,114.98421424840852
EK202310177178,153.75362597517463
EK202310153665,122.04912537617813
EK202310196238,135.6706773040937
EK202310244577,150.27387227660296
EK202310172448,159.6774184293389
EK202310225799,125.66090782491638
EK202310183968,145.23417765563906
EK202310203019,145.46163847855598
EK202310109776,148.78595365553798
EK202310111537,148.41823263972705
EK202310124731,166.12202481035274
EK202310213643,138.60030077580214
EK202310146267,141.18356764644852
EK202310245701,130.6236559559748
EK202310177157,122.65588500565457
EK202310153114,162.38725020571349
EK202310004024,161.18918397656483
EK202310240323,138.6069633334168
EK202310116344,139.44850860708414
EK202310174344,145.69803600427028
EK202310166165,146.19682080645262
EK202310122743,150.650415548478
EK202310226015,134.47800459895714
EK202310152541,149.63161584374947
EK202310189773,142.83737027505407
EK202310232097,142.29811411423344
EK202310155304,132.4342604855057
EK202310200289,136.99626804244073
EK202310208997,134.90490973550524
EK202310176430,141.34689821905948
EK202310205504,130.79813703813176
EK202310241123,148.18778917632943
EK202310160664,144.25915569318565
EK202310235837,136.54102418056635
EK202310190225,132.48620601004146
EK202310218794,113.1608435892505
EK202310244811,130.56576826421275
EK202310144333,145.38142422321096
EK202310134916,146.4313598007767
EK202310133279,161.11055627935616
EK202310230299,139.27407280147168
EK202310181539,152.22919582080675
EK202310137837,146.61449965483115
EK202310142434,162.8603477353538
EK202310108559,142.0423663731883
EK202310172173,134.11388505257986
EK202310170541,152.68129688575135
EK202310106066,122.13581470952295
EK202310242004,143.21734215329383
EK202310114374,152.41198709246945
EK202310147018,148.6159332036139
EK202310193730,138.24996355784526
EK202310155054,126.5003711030989
EK202310211249,138.39331437216964
EK202310203058,147.86725437129292
EK202310224924,163.79836939531825
EK202310153934,138.5083695836822
EK202310192789,138.8219316430922
EK202310176566,144.4591527175091
EK202310215186,135.26205341870937
EK202310159944,144.87182160027518
EK202310209677,140.39397037259502
EK202310137062,149.701538391008
EK202310209003,157.1606143367837
EK202310236143,144.3496976234995
EK202310159540,156.40863721396914
EK202310141923,140.22010604562493
EK202310214900,154.83174731077088
EK202310150311,148.56947153478387
EK202310145121,146.48651458455174
EK202310138102,143.42891404447397
EK202310195227,150.15460631968244
EK202310215003,139.98643126298634
EK202310133345,146.64218895999426
EK202310241621,142.11761628284708
EK202310232734,126.63460214653077
EK202310192752,162.14641704224584
EK202310155287,127.10861469088351
EK202310230367,134.3705087445892
EK202310204826,142.65246233501753
EK202310217569,173.56217675226074
EK202310239151,138.92909128214103
EK202310225087,174.32787172116647
EK202310142211,156.38843904038106
EK202310143872,147.88660739270878
EK202320006692,143.77013241307444
EK202310243470,135.8159701894969
EK202310202312,163.51786380823378
EK202310172400,143.7416065331461
EK202310175257,156.36924574908824
EK202310156574,152.89486363325042
EK202310195996,156.52073049839748
EK202310207174,160.28019112911852
EK202310221440,154.52558764018966
EK202310229365,140.62737879796458
EK202310184849,144.32360011778206
EK202310186317,144.47027529304953
EK202310122351,120.5324660040793
EK202310147942,157.68224831838714
EK202310204767,124.34442467502195
EK202310151776,150.32987758300726
EK202310162542,155.94795325730186
EK202310149376,157.8208379172443
EK202310188687,138.046682474741
EK202310126040,128.7558812046554
EK202310132787,121.04075217125396
EK202320007196,157.04298477965082
EK202310194184,145.3816054148183
EK202310148035,151.98535600621543
EK202310242086,148.3805150179444
EK202310158984,151.55782153481857
EK202310123998,173.46233493341018
EK202310143322,160.96925251335392
EK202310169220,172.50589822061204
EK202310163343,117.08025932405972
EK202310195035,161.15992896815112
EK202310244095,145.03076182600796
EK202310004865,162.77055855017647
EK202310202516,139.8001052746577
EK202310170156,140.8932948865236
EK202310217210,146.93312974754812
EK202310139116,159.8265248303997
EK202310181676,165.4139319715299
EK202310117650,129.90303896392112
EK202310126117,129.53219349363616
EK202310145631,135.06202635968816
EK202310194552,153.73546496187976
EK202310231065,130.7456805314135
EK202310243723,145.20403060498674
EK202310150462,146.0807392825258
EK202310175160,139.62280596348694
EK202310145549,146.41827134390084
EK202310218100,126.22150241125102
EK202310172122,131.44768133627466
EK202310195049,137.02288564048646
EK202310179443,150.63662567689437
EK202310149733,143.58612262102324
EK202310115695,132.10164692325344
EK202310149488,144.18748048020973
EK202310154087,149.09875924982305
EK202320006192,152.25620839231354
EK202310125278,138.63235071341555
EK202310241332,151.17605576140528
EK202310143810,141.47550899668445
EK202310105018,133.23696781194138
EK202310237785,151.5184571519242
EK202310223864,163.42985135115043
EK202310226433,160.8429906459364
EK202310157972,159.41743740129922
EK202310174015,146.25418392592195
EK202310183160,137.6620629406716
EK202310191076,149.36543559070412
EK202310172756,136.29139888333415
EK202310104599,132.0181396919518
EK202310238264,147.44692779215248
EK202310127187,147.3168599057673
EK202310165833,153.36304067142615
EK202310195179,152.57343890258423
EK202310153898,161.91914706625244
EK202310170585,131.5114685175613
EK202310245910,141.56477454102978
EK202310170174,139.8038889750588
EK202310115207,146.16394299860934
EK202310120317,127.91700451189708
EK202310236898,137.57592439391024
EK202310146305,153.59482570372037
EK202310112140,147.42876491311273
EK202310143217,131.40646707629722
EK202310150540,151.07894111667113
EK202310223717,131.4998526095139
EK202310219843,144.40307361274193
EK202310198855,139.39194868381833
EK202310191446,147.90904186430404
EK202310190334,158.8552312438059
EK202310184752,140.28754612072007
EK202310160416,153.31915993044404
EK202310173011,129.70409029643986
EK202310128863,134.98162748549356
EK202310190262,147.9424180499468
EK202310110902,153.45704049964002
EK202310193520,162.80673498402143
EK202320006543,163.3306537550245
EK202310187711,134.45662216264628
EK202310200254,141.9017644802991
EK202310155513,135.99195488640234
EK202310180642,148.49234568826895
EK202310196569,146.31809449160886
EK202320007271,164.0297500294441
EK202310179403,137.43380526747228
EK202310241241,154.05464382226225
EK202310192182,142.95430096086426
EK202310203673,145.22098278919572
EK202310163605,126.22596311156582
EK202310108085,146.9777221147099
EK202310195692,153.61957657362464
EK202310190401,140.75152430577882
EK202310192575,133.9836239505544
EK202310227513,164.38021506888697
EK202310130882,154.75590192225715
EK202310104224,146.97269087186532
EK202310144297,141.44808633190024
EK202310210525,142.63385304154275
EK202320006267,172.2947628374512
EK202310150061,145.72264428189646
EK202310189465,155.34133552385765
EK202310239884,140.82630108605377
EK202310137344,138.95173372806434
EK202310212273,131.6285707952257
EK202310205202,172.73669069271625
EK202310147736,143.24830151349548
EK202310138489,155.0498887966921
EK202310169998,160.68538515491838
EK202310123563,119.13417745905991
EK202310162573,157.51609390694122
EK202310122865,153.15521339675269
EK202310189811,139.98901413496353
EK202310160895,156.35142591357186
EK202310153256,124.23907914255922
EK202310216969,140.51137408691952
EK202310152260,152.13728637719998
EK202310141709,139.21533434018676
EK202320007373,151.04809196477237
EK202310193336,150.92472605846476
EK202310164703,145.80047279457696
EK202310103814,135.74482846602663
EK202310200017,137.07575128515862
EK202310218767,127.84494072744346
EK202310188858,142.05129620497456
EK202310192187,149.94442566483963
EK202310194207,146.4903315590421
EK202310130206,165.82100693771582
EK202310110494,136.99346370314754
EK202320006130,172.04902158404082
EK202310211320,142.12352183819985
EK202310224161,139.1175993646881
EK202310240472,144.78526373921966
EK202310209032,156.52905505220448
EK202310167634,134.79238923418546
EK202310180571,146.84705013047267
EK202310229017,130.9028328558993
EK202310131345,131.7697435738621
EK202310138019,128.9444049853295
EK202310004554,140.4631296809301
EK202310132971,138.19684412571397
EK202310141635,148.2114148960897
EK202310194247,155.5123019622827
EK202310148311,175.6862689810152
EK202310121972,142.84977667999829
EK202310142685,142.77838905991578
EK202310106949,154.75731309174566
EK202310163326,151.8805320669325
EK202310220547,134.2761614800836
EK202310104514,139.35155229864446
EK202310145431,145.19183612868116
EK202310117273,147.63254214027586
EK202310166607,137.1815091918519
EK202310189589,123.21747520776566
EK202310196074,133.8636695386268
EK202310153363,138.35136823254277
EK202310162392,140.4200143042172
EK202310229624,135.3943628619953
EK202310195898,140.84355568262225
EK202310219784,133.12022553653605
EK202310184116,147.69896221796756
EK202310223449,134.5122133928308
EK202310163821,155.01345523387585
EK202310183192,141.45991400077787
EK202310226918,147.40195140403694
EK202310154785,150.94462038714155
EK202310179367,147.02985588237905
EK202310195531,158.78760826360983
EK202310130452,141.37883273566425
EK202310121734,124.71955531373732
EK202310133991,143.37372511035917
EK202310210591,145.49911520147617
EK202310139555,172.2971847965483
EK202310228357,146.77624784336052
EK202310125608,124.98440829311934
EK202310107185,130.92409153860677
EK202310235572,130.4811774460685
EK202310230158,133.7180635723461
EK202310145383,124.81107260323428
EK202310143147,138.9447513699086
EK202310164771,153.41278524904416
EK202310144247,153.22194515726926
EK202310220979,138.29765440202195
EK202310149131,121.01777508150471
EK202310196632,154.20126114144958
EK202310131051,160.10072428262674
EK202310134659,142.71675323665548
EK202310200213,126.5126371556813
EK202310146862,134.44576294863865
EK202310188949,148.91214018937316
EK202310137016,162.45463496920888
EK202310239591,140.44593928011682
EK202310160714,165.68945978901505
EK202310120187,134.85224695088417
EK202310171815,135.51585845705895
EK202310197107,157.62705089027074
EK202310135357,132.81414121268477
EK202310139656,111.40956672555791
EK202310210779,166.98733662861306
EK202310238374,132.66362706728273
EK202310232468,116.52611926568912
EK202310170608,131.7400908578079
EK202310161875,149.4044643216995
EK202310154794,145.51891085188407
EK202310178981,149.95387813734095
EK202310115024,129.08050793923377
EK202310198317,165.96067110903044
EK202310176549,141.19689716047557
EK202310125448,125.77326592337542
EK202310223899,135.18632082514486
EK202310240237,146.27618699861264
EK202310194815,164.41480137498382
EK202310245437,141.53899698978339
EK202310109463,131.46593251787706
EK202310126220,133.68583310311647
EK202310162672,140.17358721460906
EK202310106706,138.50941330146068
EK202310230813,134.8641628875486
EK202310229853,144.49831345580623
EK202310183987,152.29049305377853
EK202310130317,160.7157008717055
EK202310104984,145.59976851703536
EK202310174152,143.04146410905912
EK202310228308,138.03411566467113
EK202310111938,151.86824485131524
EK202310191965,165.48608003967053
EK202310125325,118.56703886482099
EK202310235246,135.23135186909667
EK202310108851,154.8676177095754
EK202310139648,151.74615227354587
EK202310116135,136.79665379231173
EK202310195391,134.40457947286254
EK202310139056,156.64854894229524
EK202310201109,139.8677454105418
EK202310247192,165.48882923103392
EK202310119623,160.6103541210028
EK202310174223,130.29973800566285
EK202310150628,158.1801550776274
EK202310166077,155.99808436447097
EK202310178835,132.60242171813968
EK202310184672,172.3264250393774
EK202310245587,123.71036976893507
EK202310211153,137.54314168310464
EK202310148852,149.28747475527246
EK202310237982,140.63397919776008
EK202310212607,145.85827946786313
EK202310188439,134.71871070351415
EK202310244428,145.53430988484175
EK202310187031,127.64159461846316
EK202310114894,151.17115753081072
EK202310140044,152.0669777588932
EK202310223861,138.31679505459732
EK202310184954,150.45961953744202
EK202310229341,150.68753794425083
EK202310193100,155.15845374665773
EK202310154175,133.31881980864506
EK202310103979,136.26918241120674
EK202310210100,156.35305212643115
EK202310112422,119.29297943880383
EK202310147941,145.70619554073352
EK202310109450,134.59144703546121
EK202310227736,142.388840477071
EK202310147053,157.95999918668807
EK202310219645,145.18715496490648
EK202310213369,134.37879785296644
EK202310154826,157.87816343337434
EK202310119234,144.3127995674342
EK202310210678,134.58042531226533
EK202310106182,150.24433426652902
EK202310132534,125.0015228253293
EK202310220157,136.32898402561943
EK202310108493,153.2974184498704
EK202310192669,163.75623963613907
EK202310172385,146.57617888891045
EK202310133787,121.12550507482885
EK202310172222,138.21725128280738
EK202310183649,150.45837535562157
EK202310135892,129.4551502318527
EK202310129170,162.15547529181788
EK202310209741,124.13576818206626
EK202310129427,146.8466207429964
EK202310192393,155.2773929134367
EK202310245714,131.7641429351631
EK202310130517,146.3316259020613
EK202310178411,169.53122171287038
EK202310189618,161.22324284151523
EK202310143288,167.66957184927512
EK202310199193,130.04673956286874
EK202310227313,166.77600606700202
EK202310213919,162.95069908079827
EK202310244481,122.33757344067044
EK202310120478,133.98031591054112
EK202310107634,145.02447226955246
EK202310157691,123.19513387676466
EK202310215874,140.4645602851226
EK202310246981,137.34046157923424
EK202310153195,155.34320307480291
EK202310242256,148.64152650776296
EK202310123017,114.20661203877918
EK202310205136,157.5958355627859
EK202310170231,158.92087367536928
EK202310168120,130.42962483141446
EK202310003727,157.94297649955615
EK202310217369,151.8783028869753
EK202320006688,152.56660851976065
EK202310230112,127.32079858185118
EK202310177152,128.4589978269126
EK202310106847,148.68452610639756
EK202310228061,144.9435840166652
EK202310233311,143.20131054045115
EK202310226138,141.44720297390927
EK202310200931,147.4495653821232
EK202310219804,146.57781753748148
EK202310141658,153.96675032584596
EK202310207757,124.92991305370944
EK202310147486,158.69827841366046
EK202310239005,147.7457326191809
EK202310129712,160.34762792366027
EK202310148369,147.59482604662432
EK202310155404,124.46290632289039
EK202310218716,151.24661115983662
EK202310188882,141.70771609274826
EK202310221316,126.91575465745333
EK202310137120,141.40392891146402
EK202310217405,143.32346114106588
EK202310149231,130.59554396890888
EK202310174189,127.97030321330587
EK202310138929,135.7832849096277
EK202310123610,145.15118130069186
EK202310200717,129.0435318952274
EK202310190751,150.99164114350629
EK202310146784,143.55737470390898
EK202310132879,160.5185517475959
EK202310133709,161.33853977828156
EK202310128722,133.72821434824985
EK202310103790,144.0781765820819
EK202310218931,126.0956432647202
EK202310218663,143.05634267289787
EK202310247844,157.88249456309387
EK202310190812,155.07465684069817
EK202310208756,158.54934892883395
EK202310156744,133.91504469650212
EK202310228838,152.09717576793594
EK202310136171,131.16618146255982
EK202310126151,146.1970282568006
EK202310173890,104.86654299190349
EK202310235680,121.70460962492918
EK202310156616,167.94847995107892
EK202310134563,158.3183916909152
EK202310211003,144.56378621174872
EK202310185632,155.43003658230876
EK202310241758,119.84620149054292
EK202310148534,140.9865127336377
EK202310182316,151.72618407123446
EK202310191280,154.39051902597487
EK202310129812,151.76618196798023
EK202310004693,131.4144254332237
EK202310172541,173.71450403547948
EK202310201639,136.5314684375084
EK202310204202,148.12343939383416
EK202310129486,148.97719681251291
EK202310203423,157.83858885656832
EK202310169919,139.31745946169474
EK202310174297,156.91669641143338
EK202310172937,145.0641641156612
EK202310109427,140.57029889062534
EK202310131119,154.93179570562833
EK202310151810,160.5807298436889
EK202310137213,137.02315611498918
EK202310136572,138.24728294550675
EK202310132184,152.53324005189853
EK202310238825,135.91525195460684
EK202310160725,170.37924255117576
EK202310127240,167.55180301218647
EK202310115224,134.58904501436533
EK202310127515,132.8024978303047
EK202310130232,161.9804407774251
EK202310176152,116.87172214083526
EK202310189265,140.65518439021602
EK202310121845,146.63914543258807
EK202310248808,140.8875889967279
EK202310216603,129.15766680320036
EK202310106462,138.82685641434497
EK202310186070,146.27829919927464
EK202310200271,132.65814350724813
EK202310222232,143.40502471882112
EK202310224303,136.12510076452332
EK202310108205,143.0127765669029
EK202310213223,146.3007221207599
EK202320007747,151.85798515557343
EK202310195798,149.55151388688222
EK202310172690,134.63861452665338
EK202310139602,146.71345933793182
EK202310124892,133.0569882926258
EK202310136630,137.3757291081472
EK202310133236,127.15103379235289
EK202310109780,152.62380797236503
EK202310139773,133.1315259784596
EK202310138601,142.45711383388752
EK202310192309,141.36385988439264
EK202310201720,137.50144581522443
EK202310246040,164.0204549420152
EK202320005733,173.35004869521353
EK202310119837,137.79863476803393
EK202310235139,140.0597979259654
EK202310129171,141.36050911112164
EK202310204107,142.1118264976363
EK202310206346,161.43208100965447
EK202310126908,137.69059469151566
EK202310201951,128.5196416858864
EK202310185504,156.7860382103776
EK202310139015,154.1223148239287
EK202310164756,152.78636866557034
EK202310207001,147.55008674988207
EK202310217541,132.93287667886278
EK202310149840,128.8693204595337
EK202310218711,134.43373315880905
EK202310133519,136.46385992299508
EK202310168888,155.02674426438304
EK202310209126,139.52799165120717
EK202310189031,145.19239202323794
EK202310217455,150.0583941716626
EK202310155271,135.748063570818
EK202310215067,158.0169505779263
EK202310161595,124.72377590214023
EK202310120502,125.99249163951053
EK202310241869,159.90719885543228
EK202310103712,153.33779937703258
EK202310150266,178.22358862472026
EK202310119972,134.74866981283705
EK202310179290,132.22468660213667
EK202310192440,147.15420703552954
EK202310131793,153.9053961524777
EK202310109571,168.4566066029663
EK202310230188,161.9748204089084
EK202310119855,146.41861773148776
EK202310138704,167.14346063060202
EK202310118159,115.3699411101235
EK202310166249,145.20307898180724
EK202310187053,151.42322145236986
EK202310165742,163.605968261779
EK202310183750,152.72187196529322
EK202310205405,145.00759631217622
EK202310131038,161.30183436870553
EK202310207627,147.12855459708786
EK202310220460,140.89097956484258
EK202310239483,143.37219086906308
EK202310141073,156.51297685024133
EK202310217239,120.94310841704002
EK202310146989,161.36914793002444
EK202310160800,128.76819666986566
EK202310190813,162.99953059903558
EK202320006164,157.86736909673277
EK202310143973,163.2115225664598
EK202310111799,148.70184490556233
EK202310208269,141.80263775285738
EK202310159828,164.94512218323953
EK202310113945,128.03808651082696
EK202310168361,145.12019606169224
EK202310176103,155.294647175481
EK202310136310,141.16253526183465
EK202310200326,139.06949303912603
EK202310179044,141.89483866021203
EK202310197944,149.9777139301192
EK202310183295,176.02234975147505
EK202310240215,152.21803818688318
EK202310225695,124.081025933826
EK202310138029,126.63208036640916
EK202310208987,145.45157403465402
EK202310156602,173.71008401639637
EK202310239059,140.55688911765372
EK202310185901,147.1100461618986
EK202310200662,140.01056608937088
EK202310109920,133.00257655691965
EK202310188247,152.52675137295142
EK202310183201,142.77966938423032
EK202310104073,152.24423235841212
EK202310183040,143.83868869996397
EK202310200329,140.39470768556606
EK202310108982,144.38661617640068
EK202310214848,151.35620293496626
EK202310194212,133.3178743190969
EK202310155460,164.48095034211062
EK202310179825,145.612164018969
EK202310183614,150.54834147447062
EK202310233580,129.45182695765197
EK202310223060,131.5597945326787
EK202310110018,141.77915011491035
EK202310219086,148.41869331610252
EK202310210708,124.64140179384412
EK202310206894,150.58768879316997
EK202310176692,145.21540851744913
EK202310211237,132.51244984408518
EK202310216145,138.35658121316612
EK202310174790,153.14666664822778
EK202310130432,130.90900901092616
EK202310176912,140.81935822239618
EK202310239861,135.96379561219229
EK202310201821,145.31690504420942
EK202310194140,146.63032631492985
EK202310201014,135.64332190076246
EK202310211210,147.15708879458992
EK202310210215,137.42954315938383
EK202310109048,132.4460012124997
EK202310115364,158.12554145192888
EK202310125998,132.39618229276482
EK202310113308,131.78042658130823
EK202310166014,160.36601263212174
EK202310240961,125.35096256078498
EK202310192526,147.01774294536082
EK202310118614,134.15763255720458
EK202310208485,144.3774531833051
EK202310113185,132.50766249568636
EK202310123009,131.85310647063255
EK202310131866,155.73455344019004
EK202310246596,140.35908824032236
EK202310144786,127.14563536788648
EK202310188069,161.65952573686855
EK202310161238,157.57526039438068
EK202310108065,139.03696310062696
EK202310176554,153.46761055543482
EK202310172801,158.56615198667063
EK202310231997,144.41754281721197
EK202310150544,137.62719503804558
EK202310242116,144.06977446219273
EK202310228121,123.02678682386298
EK202310163938,145.30829954223543
EK202310208770,156.979772980108
EK202310162906,138.41602832518248
EK202310171122,118.604675267872
EK202310136574,136.2624473774015
EK202310168247,147.00370008005794
EK202310116653,140.85781838627167
EK202310225365,147.01219962273723
EK202310154568,140.59176403850506
EK202310144616,137.64496573992764
EK202310123329,137.98155591351528
EK202310184908,154.0346389291253
EK202310176975,148.56294684832343
EK202310244230,151.6315983829076
EK202310139801,163.72465695795492
EK202310140231,135.86097844816922
EK202310163109,133.98093448987436
EK202310133245,123.14732954751635
EK202310003719,133.29157242361748
EK202310128658,125.93857199859737
EK202310196514,150.56320850850886
EK202310136745,144.25545216411254
EK202310135739,129.14717690710208
EK202310167219,163.84755994283626
EK202310188340,153.9978392190143
EK202310233341,149.84283973480018
EK202310207484,142.35247079926648
EK202310145893,151.97537303492496
EK202310137850,142.5897528180369
EK202310228098,147.7723133544098
EK202310123631,154.48926410870226
EK202310233006,131.8598186287357
EK202310236781,138.99283421619685
EK202310184351,137.02135156973418
EK202310197215,149.5472033022453
EK202310134606,132.25265281624905
EK202310124613,154.30523240549718
EK202310176760,129.97530750630037
EK202310181242,143.468379236263
EK202310146018,127.18315801425794
EK202310118057,134.23702981919428
EK202310241929,129.87703239659714
EK202310134625,170.9165788096438
EK202310226675,152.90034402813401
EK202310200650,158.4576200911039
EK202310202459,135.25642349320933
EK202310165871,137.7974580236836
EK202310190177,138.44706403625167
EK202310221650,136.23000142961334
EK202310195755,143.071642914907
EK202310128800,136.6967389023258
EK202310103775,154.77514128762687
EK202310117228,148.68876934624538
EK202310151800,141.2992678891334
EK202310210424,134.61367521653804
EK202310208507,146.29159071948666
EK202310003803,129.01987681184858
EK202310171322,152.49241652381158
EK202310168526,160.50398085724726
EK202310197721,144.09101033532454
EK202310238027,137.44590327997048
EK202310172276,137.2441603988957
EK202310124247,141.4891945437865
EK202310158194,153.24873250380028
EK202310167282,148.36629855126174
EK202310173439,153.9526573774217
EK202310125677,140.8578286377854
EK202310210177,139.39041495079337
EK202310238899,139.64289018038218
EK202310113985,146.31972248256247
EK202310209990,150.83412276720813
EK202310228124,141.34710672211204
EK202310104190,131.04820043643446
EK202310201389,118.70979645438813
EK202310123163,137.96513635441744
EK202310191131,164.9136648821066
EK202310203502,148.26037173155808
EK202310123878,140.62293702994745
EK202310247275,133.55753796712725
EK202310227023,132.6205924442281
EK202310175135,125.15351305916862
EK202310226835,145.42576754628163
EK202310109034,157.27454420641791
EK202310186583,161.14620121722768
EK202310107744,139.89340685644896
EK202310220042,131.6580003579504
EK202310202298,145.7156683239094
EK202310189344,158.85610937026948
EK202310148801,144.55975763295868
EK202310172716,138.300232301962
EK202310179116,144.9887415466091
EK202310174016,132.10239728567063
EK202310108847,138.98796289255023
EK202310232003,134.50757597317332
EK202310126703,142.26676831936004
EK202310106477,144.91332071059404
EK202310123106,127.32313602260777
EK202310169334,174.02571568525195
EK202310231339,129.32019898991607
EK202310175772,143.1908345370026
EK202310196241,161.3246139823171
EK202310143871,150.04020650641704
EK202310142265,143.6501407249134
EK202310163563,126.79150446711415
EK202310244604,126.88936910350694
EK202310247610,149.7393757201816
EK202310116133,126.85799066870405
EK202310144893,123.86620033383959
EK202310138511,157.8073421172811
EK202310178199,152.8798474504169
EK202310238970,174.03715247206077
EK202310137277,153.02105183947984
EK202310195419,152.75408236311142
EK202310234603,136.42812141820153
EK202310137485,142.26847433085987
EK202310221268,115.8247659099769
EK202310166447,145.15077136803484
EK202310163342,124.63145756477458
EK202310160258,138.65730209350386
EK202320007173,152.36151286508039
EK202310166608,146.52078381691118
EK202310190777,139.6745661421161
EK202310228415,131.48846303470998
EK202310160470,134.2999829535589
EK202310199928,142.7214828194643
EK202310139397,133.75144719008495
EK202310103828,142.81620001650091
EK202310198546,158.76026030456967
EK202310168601,155.48521710482598
EK202310199500,150.01615462716262
EK202310130735,107.0862990039085
EK202310203344,148.74390250684726
EK202310149177,130.90045310168045
EK202320006908,166.62395492470856
EK202310182119,147.8540212071554
EK202310108526,149.63775521336495
EK202310123316,128.5838209150508
EK202310175509,143.6636984301847
EK202310115166,150.72666385229456
EK202310169504,148.91791484773347
EK202310191512,140.92152694971978
EK202310111425,145.35795244214322
EK202310192823,151.11892429885776
EK202310159703,146.02017697951845
EK202310110465,132.34621161414879
EK202310217003,134.54635294535325
EK202310187166,149.59547324784998
EK202310225739,150.41389487581205
EK202310125501,129.45867237243635
EK202310118486,131.31414137019942
EK202310221279,126.79530372567127
EK202310194956,138.7506017425375
EK202310178722,131.59462472365638
EK202310182533,150.82725599691835
EK202310138053,150.93741352328055
EK202310231131,126.09717423799
EK202310212157,134.298989515882
EK202310125603,126.80573493173762
EK202310136248,154.86835950589463
EK202310115244,132.70080472009715
EK202310132254,135.90160108557814
EK202310178792,173.05484150127498
EK202310191023,155.80751464775395
EK202310162415,136.51424430500873
EK202310125102,134.33759016373455
EK202310208134,150.20377990852566
EK202310105586,134.37764861376988
EK202310213166,129.70170306659543
EK202310247801,141.9291662109191
EK202310247262,129.91588678214936
EK202310126467,132.41644821071168
EK202310176266,139.18486060344537
EK202310109933,152.31271998952099
EK202310161495,158.63467046401382
EK202310205248,142.6900632873447
EK202310224138,134.27983002305555
EK202310212586,137.2181470206327
EK202310131904,129.6675598171288
EK202310120534,146.23591884042736
EK202310109184,159.37621344127305
EK202310198723,180.146004596664
EK202310190770,153.91849677040062
EK202310114461,141.5833610783356
EK202310223578,128.49881104099646
EK202310133222,147.77982732919716
EK202310136866,143.1870676963432
EK202310176700,148.67361167378672
EK202310126084,137.74681449941457
EK202310196727,154.15657199602097
EK202310225009,132.78817126245283
EK202310207005,169.46348926065693
EK202310222794,139.82378869176878
EK202310171893,144.18256426851562
EK202310172296,123.78515445107638
EK202310139698,171.15970844365967
EK202310128914,132.1488671450448
EK202310235545,146.38794073713692
EK202310109242,133.4903804635519
EK202310177486,136.32834520237628
EK202310199539,145.06552720963182
EK202310188301,154.51732985751715
EK202310201859,154.37694090569488
EK202310170159,147.42281901528838
EK202310148167,146.13195866443624
EK202310155933,160.47089515683015
EK202310149269,141.33073793042058
EK202310188885,131.4783935238557
EK202310109274,137.93874491304388
EK202310162745,152.77472376511218
EK202310146260,148.0754291472136
EK202310168090,122.14983520965093
EK202310219761,134.73214833758556
EK202310230205,119.39137167449034
EK202310114523,128.85412143766564
EK202310201162,159.07630941806948
EK202310188350,150.05434314731906
EK202310178664,138.85582416711435
EK202310125253,141.8445469677812
EK202310194315,146.14666562629557
EK202310178855,147.09880578250485
EK202310114913,149.70977428882475
EK202310209479,154.73917467423465
EK202310207800,165.5379870199436
EK202310205487,128.15437257435647
EK202310168431,147.90405009081883
EK202310235593,150.07800717346095
EK202310235602,132.57824032234137
EK202320007124,169.73133101050695
EK202310207771,127.58078203753107
EK202310228788,136.24078057052287
EK202310227982,139.1013913926881
EK202310194813,157.46297651555528
EK202310241087,140.20145083111336
EK202310148405,142.32740216607752
EK202310140778,150.61299611329972
EK202310198551,143.4945443052317
EK202310120216,143.6481609176445
EK202310154323,143.7026387195972
EK202310158123,171.0078632114708
EK202310215528,147.8667452722204
EK202310237307,155.00946725215564
EK202310144499,165.1819231504516
EK202310200349,156.13216759956128
EK202310199428,157.92959478534195
EK202310205917,151.7563543639918
EK202310123848,131.85254572108073
EK202310171335,153.26194377479635
EK202310113026,146.61310242179633
EK202310227460,137.90028746363197
EK202310218273,159.2121937880093
EK202310211553,139.83970391155802
EK202310196786,150.8152910804165
EK202310237300,137.30398090966835
EK202310125146,132.32723260259172
EK202310118100,127.8499526294051
EK202310186326,141.07284643406913
EK202310128919,124.36911358589477
EK202310198759,130.93220334135788
EK202310236246,151.34494655730774
EK202310149187,171.24707059573132
EK202310182726,156.0554509004558
EK202310152601,140.64156547053807
EK202310220436,128.07300837818198
EK202310193514,157.40673684207798
EK202310246478,123.39673144813588
EK202310243128,153.70442486714688
EK202310127415,144.44496805360336
EK202310213162,140.06276017947422
EK202310137235,132.62514343846408
EK202310178654,148.8024565066933
EK202310118153,142.95744842632953
EK202310004571,133.41387867395616
EK202310151403,176.93015486711846
EK202310245278,150.01748403384374
EK202310143897,138.796863428223
EK202310218277,137.2437878941463
EK202310162879,150.18580210274567
EK202310136599,141.90075567185178
EK202320006442,167.01627022766297
EK202320007344,146.92296177107252
EK202310189969,167.32955437358052
EK202310166949,181.0389920221093
EK202310114939,126.38760924867753
EK202310226036,151.73225054957345
EK202310166986,133.22019205458156
EK202310217723,125.71861129926957
EK202310137499,162.86141202875314
EK202310132371,140.93811395971733
EK202310197508,146.47980433618284
EK202320006448,163.97012171994285
EK202310217287,130.79726904023607
EK202310210663,127.60508846461387
EK202310104277,141.98998170348514
EK202310200683,154.3835174965136
EK202310225623,150.01841421732826
EK202310207191,154.41246812735966
EK202310129539,114.21661179420123
EK202310128514,167.33071591583965
EK202310140966,135.39022670218193
EK202310129386,145.34853589882067
EK202310179691,130.43052110599862
EK202310188920,139.37708929277193
EK202310247484,136.35440827121056
EK202310193673,138.4522677610549
EK202310170091,122.46265879407073
EK202310172920,160.02729162247283
EK202310223477,145.0344658807664
EK202310171073,157.92358160556802
EK202310194158,141.95682404564548
EK202310207919,156.70831882659337
EK202310120306,140.0669893555241
EK202310207223,139.493644630505
EK202310244280,137.64701493263183
EK202310106527,129.61284973251531
EK202310142859,155.1448547766422
EK202310168389,147.5246675475157
EK202310143594,134.61734407686734
EK202310167480,155.57708892064298
EK202310156995,138.6193144090569
EK202310119214,142.13566109756988
EK202310148853,143.48032659714562
EK202310217497,133.5944973189949
EK202310120366,133.8643537765208
EK202310217526,168.46814551642146
EK202310195002,142.37112144240214
EK202310169241,162.80121832250123
EK202310159114,153.3199618554762
EK202310192176,137.79211096289288
EK202310159110,151.50617837201798
EK202310158664,140.01928449153496
EK202310192338,127.31418985599204
EK202310230524,127.1933813322399
EK202310210362,149.57428574949046
EK202310212895,151.41859528378313
EK202310193440,139.16610738541075
EK202320007869,151.47170927672065
EK202310167916,142.8943927246861
EK202310206630,147.9248914062232
EK202310157459,143.66209234274726
EK202310216902,151.56932803359962
EK202310198965,149.63713470820778
EK202310201874,141.13985590640078
EK202310117999,139.56303861820396
EK202310204212,151.37467820538248
EK202310183852,145.7694494868644
EK202310219321,139.89399587634145
EK202310235218,147.05665880778298
EK202310106655,131.74712859494662
EK202310109169,161.6545311296661
EK202310229525,129.22903946383082
EK202310234441,133.34323702284706
EK202310119016,148.72185857057607
EK202310003723,153.26375204278793
EK202310177973,132.03163848235903
EK202310143560,158.71672494174453
EK202310245405,153.04085730923825
EK202310123670,125.73674655960386
EK202310125143,151.56862465648953
EK202310162721,131.46597243187324
EK202310121368,141.2698286078412
EK202310207810,164.03992809100663
EK202310110877,140.35341948907197
EK202310207642,143.7433805137984
EK202310236676,123.94222114195419
EK202310178731,158.07483038843793
EK202310166361,155.406298094674
EK202310221798,155.6495305592258
EK202310177403,160.72083571585586
EK202310134022,147.11989607474894
EK202310167333,146.70918754719457
EK202310166210,149.46485898294668
EK202310110220,136.19903783050668
EK202310145795,154.13194465748387
EK202310164123,165.76273917795635
EK202310196621,161.84056679927667
EK202310120415,146.3139562555862
EK202310148912,146.8518489287821
EK202310179102,126.11159718743156
EK202310196322,135.1435657106039
EK202310157568,153.06667912601316
EK202310146998,138.36112120032647
EK202310223698,147.17209765442854
EK202310234532,137.28436771572217
EK202310138792,162.4735514679812
EK202310246869,121.43441725128571
EK202310126504,139.67509210433607
EK202310113606,150.40982588515087
EK202310131578,141.35601845877446
EK202310156389,140.3906554475283
EK202310138943,128.66717417814155
EK202310105288,157.6929922650682
EK202310188558,165.8553345847855
EK202310234995,133.9815873686638
EK202310181950,174.21637518576298
EK202310157098,155.29775933168412
EK202310132543,130.26702654023748
EK202310174319,142.98452675371414
EK202310225811,135.55395582757964
EK202310157066,150.22846190295945
EK202310205138,144.25719645860235
EK202320007203,155.4811861497746
EK202310227039,145.75268263898985
EK202310106033,123.48737055673482
EK202310146183,151.54817766634872
EK202310226180,134.15953947759823
EK202310162385,137.36471217344683
EK202310235946,122.29907127058858
EK202310182408,150.89843521082798
EK202310155735,152.8126904980746
EK202310190520,152.2868878021731
EK202310146058,140.04049776994904
EK202310202633,150.09027203992895
EK202310196099,161.1088807766353
EK202310129632,141.47287521841693
EK202310138166,124.22586504616368
EK202310148720,147.00024489016565
EK202310145781,148.61482529677275
EK202310140364,142.6933004586382
EK202310152526,118.12571624177383
EK202310109041,127.22205760056956
EK202310239518,151.4188081926897
EK202310187894,125.82402336456228
EK202310140674,152.90190483798656
EK202310133919,131.22101591323417
EK202310183378,148.24767423910114
EK202310232538,135.73022509286193
EK202310203159,142.1745538846779
EK202310114364,142.33441371590283
EK202310165382,151.46769518068567
EK202310212412,134.01791479371357
EK202310106291,133.29431896671997
EK202310136964,152.9741204208007
EK202310114872,140.2282697682984
EK202310211044,136.17775634012153
EK202310196962,151.3686082106279
EK202310229743,146.86836986832918
EK202310180091,124.362291688963
EK202310113899,155.91460783679685
EK202310238528,156.47499769613833
EK202310167500,143.84810935217052
EK202310184018,152.14072189462192
EK202310194972,139.02052476095477
EK202310120304,141.53331152283596
EK202310142049,122.09604854112865
EK202310178765,173.77768586561243
EK202310182864,133.72312565904065
EK202310192331,143.43125542129363
EK202310164774,144.36310914720966
EK202310156817,167.46769139546743
EK202310237151,152.7881631221715
EK202310234802,135.5277789383072
EK202310210106,160.56318330302037
EK202310195014,141.32931719287907
EK202310147893,157.2777407137802
EK202310113010,133.27075183657468
EK202310183485,148.2280790911058
EK202310123549,138.20315581919016
EK202310215820,140.24778390122822
EK202310174861,141.57152595126067
EK202310170243,127.60586609887784
EK202310139779,125.03690087334616
EK202310226387,142.18466594594037
EK202310126951,125.89296788560301
EK202310122461,118.19377408632695
EK202310137617,152.80523051485443
EK202310232607,148.8701012068275
EK202310188917,154.36683962828204
EK202310230010,120.23830170770276
EK202320007620,147.0417591793396
EK202310179514,125.28737572361555
EK202310200726,129.15472250946675
EK202310145542,128.2612486818917
EK202310140934,161.10177663160485
EK202310141993,130.91913860102426
EK202310202052,129.16530933030697
EK202310206128,144.8826809318429
EK202310129191,161.52368477256633
EK202310132531,136.5797545349996
EK202310145895,147.4041527912541
EK202310150717,155.64175470757135
EK202310238478,133.48217537866182
EK202310215961,142.46510778983418
EK202310140355,153.40624862945796
EK202310107109,136.37716163968457
EK202310245704,128.0788165348913
EK202310140078,143.17312848323587
EK202310201205,158.47094654668166
EK202310105811,130.14385759347527
EK202310213056,147.41026712535924
EK202310218710,141.5552078720079
EK202310212505,144.70885899825635
EK202310222413,130.21027302911713
EK202310172293,135.00509290001048
EK202310109647,128.56739334823095
EK202310188891,143.32538418900148
EK202310137965,144.04462943072056
EK202310107117,137.09538481279458
EK202310207869,142.24119355939322
EK202310169495,156.4387173246454
EK202310114538,152.74960177128688
EK202310165920,125.5580593373893
EK202310130807,141.86053884704322
EK202310170628,148.55034243190633
EK202310117370,137.21524833730086
EK202310239420,143.0403230288125
EK202310108908,138.7754414323472
EK202310124380,134.03867446643554
EK202310114384,150.4218755601296
EK202310176015,163.34335721134667
EK202310213032,137.00388350612585
EK202310191795,138.48354524832962
EK202310203571,147.54493123440483
EK202310138185,123.8001566722265
EK202310182667,140.4343735480686
EK202310178540,162.6561192040834
EK202310173419,147.0562937086783
EK202310171759,139.85011663259047
EK202310230057,145.35062755934635
EK202310239289,136.77815797985576
EK202310203690,160.60937776934034
EK202310109021,135.28416935462056
EK202310126805,154.98921469201665
EK202310213809,126.81990573194497
EK202310174863,168.36051075236455
EK202310221636,132.2493465484516
EK202310171548,127.43203953312593
EK202310194319,154.98787687144284
EK202310233853,166.7332025465333
EK202310158671,156.82228362014862
EK202310230596,129.51056520853086
EK202310221893,120.59784231661294
EK202310227172,144.70102242968562
EK202310231306,133.61081051966627
EK202310158074,140.99101729812608
EK202310104860,154.8660121555307
EK202310216640,145.24299871571614
EK202310200103,143.74981382044686
EK202310141785,140.6787085751923
EK202310145978,117.74037137222979
EK202310004077,171.0542187305623
EK202310133888,147.12959855001688
EK202310125723,138.85293260602563
EK202310136090,173.89705685143437
EK202310246571,135.0111313958416
EK202310243027,131.99312494352714
EK202310109649,146.47674286047308
EK202310176461,130.72519506363025
EK202310122952,147.3151428074565
EK202310243326,144.50370253948637
EK202310135058,171.31612504718143
EK202310200094,136.62491547022114
EK202310146558,126.56626546973945
EK202310121295,144.19541349142833
EK202310214783,159.2554971737234
EK202310172681,126.81596065548624
EK202310241971,121.47547369732935
EK202310188843,152.91822235025856
EK202310136447,142.45004378356555
EK202310231662,136.09005698284446
EK202310157790,146.1271527696288
EK202310120107,164.04285020602723
EK202310225152,157.8430935296952
EK202310200264,164.5141243340328
EK202310134521,138.36440747344972
EK202310173584,142.58647279437096
EK202310196666,144.20616073313874
EK202310164106,116.61286131646517
EK202310138379,155.24401797312987
EK202310228204,127.26242264817847
EK202310125152,154.41771490564668
EK202310216720,142.04451579409144
EK202310228063,146.23169499291993
EK202310169786,146.26188148942904
EK202310176342,148.1593026254169
EK202310163187,152.59303134100017
EK202310124025,157.87969655915037
EK202310171872,152.29274908389323
EK202310137265,137.33169558154043
EK202310209292,149.700229352814
EK202310137925,136.3111878442805
EK202310199295,137.0939460495228
EK202310152826,169.49804329423498
EK202310104368,119.81064031972856
EK202310187730,135.68177829145162
EK202310181862,149.07184212167678
EK202310165938,137.50449427991373
EK202310183431,151.95189228118906
EK202310236615,136.63282595411405
EK202310189593,127.44339866261429
EK202310221069,140.6466377998541
EK202310205373,148.46679436396818
EK202310142031,151.95066413220144
EK202310128716,139.0336679632767
EK202310202961,159.02438924923922
EK202310205295,137.8404765362946
EK202310116568,136.89030829445468
EK202310209928,141.33749846306188
EK202320005639,153.56679703345046
EK202310133603,171.00207925494976
EK202310196192,177.99048733616993
EK202310133688,162.99216795739744
EK202310107855,153.15198461325434
EK202310138935,149.99837456526305
EK202310204089,148.5876291952948
EK202310219313,139.6566336155882
EK202310189726,132.95037904110217
EK202310152282,148.70832516180792
EK202310180251,138.08214016265438
EK202310165981,156.1060594034851
EK202310137451,126.81012679877844
EK202310126122,150.92308055266918
EK202310243998,128.47396779237025
EK202310184231,153.1429090067005
EK202310228417,144.58401087362034
EK202310241091,136.51114400719257
EK202310190393,158.44657164112368
EK202310211537,135.52043013047358
EK202310147678,140.4280219318453
EK202310242270,136.680374323035
EK202310149069,161.60477740655932
EK202310163921,155.12676998847542
EK202310133083,123.05782878764845
EK202310224140,146.65687064971428
EK202310152867,144.15889451111508
EK202310203736,118.64213536169186
EK202310165596,133.37335895753222
EK202310214453,139.41724364387488
EK202310164740,144.87827393938116
EK202310214137,176.7711447987679
EK202310146679,145.35960710571987
EK202310104097,135.68904669551128
EK202310200834,156.69724022638223
EK202310163017,147.7643864078501
EK202310165977,151.57480711114337
EK202310243475,133.31049903910753
EK202310241365,160.8382018625744
EK202310244319,155.0073331129223
EK202310120396,142.74856241356184
EK202310241624,142.01172839995664
EK202310198761,175.8791605780824
EK202310150943,135.7326173487029
EK202310248679,146.75053387880823
EK202310215685,151.52399932322643
EK202310104356,138.4438834349172
EK202310206239,125.84704911207672
EK202310157180,126.75310327993137
EK202310131514,143.71834582762884
EK202310244801,160.3151848640614
EK202310116569,140.40010090144742
EK202310123027,128.81596386723254
EK202310223311,142.22545705391158
EK202310174904,134.23179495307684
EK202310133194,153.6185072794052
EK202310184130,131.20737795338073
EK202310194455,160.69924704063004
EK202310106381,143.7364280383483
EK202310227001,146.77447285899876
EK202310153912,147.42339555596305
EK202310193865,132.18054064836633
EK202310232459,127.01968070305361
EK202310198400,131.9557510071289
EK202310182607,148.31604560591595
EK202310225129,133.83350254319174
EK202310197516,141.33405063038123
EK202310131801,168.66831503365444
EK202310212554,156.05933391360807
EK202310227543,145.53015000680742
EK202310130530,134.28384283958127
EK202310193825,153.4133072708939
EK202310211045,151.38816374443303
EK202310129373,154.2258964227419
EK202310147392,146.0515175590697
EK202310187904,155.3193909735172
EK202310208503,136.2664481021153
EK202310110837,146.7346903643172
EK202310229225,129.96437328375822
EK202310164336,136.13040511253823
EK202310195313,155.84512694355448
EK202320006926,157.6825258000735
EK202310174594,132.3348470514137
EK202310187599,159.32910319685112
EK202310198391,135.89373841225813
EK202310224871,136.53439777975893
EK202310128469,137.17900399186203
EK202310108118,144.62248181520818
EK202310164855,140.70395736512972
EK202310157619,155.88800662593388
EK202310212148,131.45061284357547
EK202310241888,148.5082805044621
EK202310200720,157.48145434542
EK202310178703,167.25238256652415
EK202310208199,144.74547925908558
EK202310200707,148.60615877830585
EK202310222186,154.0775381995929
EK202310235687,150.19748205210277
EK202310169723,152.87752627295615
EK202310242395,144.7668333345524
EK202310202866,159.70240445281019
EK202310137258,135.71525796672145
EK202310209819,150.5214270741716
EK202310111291,140.16779289099475
EK202310210190,137.51577673591666
EK202310181968,150.822574261383
EK202310173847,145.2939766459982
EK202310170341,131.76501594023742
EK202310112839,149.37867360505294
EK202310207240,143.79679816587918
EK202310122514,135.26643315204333
EK202310190722,135.90916651076006
EK202310186422,136.56439676367128
EK202310154379,168.3093546407962
EK202310245323,149.24538804797905
EK202310122299,133.03139321191767
EK202310125100,133.02846596590607
EK202310118253,130.51147835882148
EK202310238969,152.08707758267747
EK202310168188,164.19859646582432
EK202310160206,162.52302122907972
EK202310222871,152.92660435214808
EK202310209611,143.33726016087778
EK202310212974,139.9475617695497
EK202310128407,128.3391366326885
EK202310222412,130.94424943614803
EK202310200939,132.31175228009698
EK202310003959,127.49736848917125
EK202310190302,161.21460399041675
EK202310186405,173.71970408041184
EK202310138957,134.0466342805516
EK202310105023,120.5257471791443
EK202310236632,123.18502566167368
EK202310162662,148.70942304448977
EK202310198218,150.20587149793784
EK202310186500,138.14121024014358
EK202310138863,141.2861312599015
EK202310241224,157.20300896309527
EK202310171644,150.58595493299168
EK202310239875,134.7622825591948
EK202310187156,154.13212130847873
EK202310174507,147.1133636368604
EK202310139245,158.18911262666512
EK202310161355,152.08758451740334
EK202310131302,128.60758857614385
EK202310106366,137.155700307527
EK202310180236,161.025391365003
EK202310146739,137.67421993366392
EK202310122526,140.2238526524037
EK202310171449,122.13259561284758
EK202310158382,146.05533907927202
EK202310003648,136.434522320449
EK202310203626,124.0649627906896
EK202310105539,124.91887298231805
EK202310172856,150.40073594438473
EK202310247114,164.1520992326513
EK202310169299,161.85906781405754
EK202310216048,158.34735198155994
EK202320007664,147.0875101448742
EK202310106821,131.1608663046924
EK202310201424,131.6998768153718
EK202310177794,144.45947969463413
EK202310225174,137.69741214752955
EK202310236955,124.45136988311614
EK202310216158,125.52994372921367
EK202310176370,134.52662235209132
EK202310139805,125.05397313153019
EK202310129688,129.91747745846172
EK202310114179,145.6522205824012
EK202310004734,142.41533132415157
EK202310153706,168.22296741301642
EK202310159985,137.4808429023116
EK202310207436,163.53188630638738
EK202310172357,146.31754158153117
EK202310137540,143.88973109229173
EK202310246082,136.49538482888252
EK202310231504,122.5974699086085
EK202310180342,168.43389472779526
EK202310149538,150.35912313997753
EK202310236300,139.37977006991494
EK202310184866,148.8718251950309
EK202310236107,150.7669548750186
EK202310177453,134.44540779313016
EK202310171178,148.46936353591684
EK202310146756,136.1393112570995
EK202310147896,154.04708222043445
EK202310167599,151.60030326229494
EK202310165277,125.36765887845787
EK202310213182,150.47595697899135
EK202310231983,136.210202473869
EK202310119961,131.26483500638855
EK202310168921,148.42265585066895
EK202310152986,140.39396135576908
EK202310222123,137.44578748041735
EK202310165121,138.15855755842125
EK202320006143,165.16294881764594
EK202310136406,141.81351705451755
EK202310113171,150.6691616680888
EK202310178750,168.53237713834324
EK202310184720,138.5094299828883
EK202310135947,134.92160805367786
EK202310106555,149.75943254112653
EK202310147773,144.90222275722294
EK202310166654,134.15982115267593
EK202310231220,132.2120741156043
EK202310179554,148.78246192359202
EK202310121805,125.52953155705691
EK202310221539,136.89949381604043
EK202310109095,138.94283321912334
EK202310228094,155.22795363531185
EK202310128632,136.60014214070358
EK202310168239,157.6913356845702
EK202310229923,145.8986673046919
EK202310182545,153.89886247507778
EK202310111819,146.3550533105328
EK202320007299,156.93820332547193
EK202310113423,129.58053819556383
EK202310141017,149.9441217433438
EK202310236316,139.1643405206363
EK202310108216,140.0247751565063
EK202310192703,153.20988442494044
EK202310123050,127.33835643907929
EK202310221659,131.9815080529297
EK202310195354,160.26843150999753
EK202310218205,150.75576268731118
EK202310142204,141.8021595411509
EK202310169069,147.48848798022559
EK202310110164,132.06933593641273
EK202310242272,135.04469896586545
EK202310171541,166.7387804087612
EK202310164252,165.21418657859397
EK202310230378,124.39824067145905
EK202310162807,147.72980912416853
EK202310125970,146.73786680329414
EK202310232037,131.0586532953206
EK202310179302,144.50797739686104
EK202310113416,140.20403804286173
EK202310120907,138.5642590502465
EK202310131914,123.42625647319964
EK202310246477,153.45770515795272
EK202310210578,131.57791535779134
EK202310224656,159.01212515901906
EK202310134643,128.82911608025384
EK202310165344,145.34238067228472
EK202310128094,141.83591649786953
EK202310212344,145.01992737503767
EK202310163429,122.39114459698013
EK202310142109,135.79570853196512
EK202310148011,156.5131184173166
EK202310177720,131.72039647652196
EK202310130679,153.8392531801141
EK202310128185,170.6439763668469
EK202310157906,142.49152970559715
EK202310219715,135.2546858800363
EK202310107586,116.0344378915001
EK202310236962,134.94072198461367
EK202310133594,168.6691272253891
EK202310124136,134.44579157571454
EK202310147276,155.55124405129874
EK202310209860,157.85897200823578
EK202310170014,139.29724879720177
EK202310125838,127.28112475129433
EK202310176810,136.2741064782979
EK202310104451,151.05502271570356
EK202310181648,153.9965311466954
EK202310148857,138.23503148651997
EK202310161540,174.30770574867955
EK202310109347,145.9882394039507
EK202310143168,146.2369000075898
EK202310182799,142.09623612363384
EK202310183847,144.40554627893076
EK202310231882,140.64556063233061
EK202310236483,109.54299673376146
EK202320007850,143.24474853248583
EK202310171115,118.17776699598394
EK202310138799,153.6496559937821
EK202310229790,145.88488233544572
EK202310120135,137.6067518997906
EK202310165362,153.8790091403125
EK202310160759,137.65209459144097
EK202310128908,153.55766528184972
EK202310126950,135.81534643178134
EK202310210878,138.29105149921776
EK202310144127,136.84857320973921
EK202310103769,148.05088735881975
EK202310224658,153.8892186990614
EK202310158660,148.23620730740706
EK202310115044,142.8061532261589
EK202310225928,135.60733497951963
EK202310131183,148.72904845669248
EK202310191329,126.67470858650353
EK202310247806,152.20721395595825
EK202310128359,132.56430515171877
EK202310158015,136.17069776043243
EK202310216742,143.21242200640145
EK202310180156,115.20918664142854
EK202310156742,165.52368348456415
EK202310206889,145.49571119235296
EK202310141595,149.48711348357392
EK202310213331,143.5607383871461
EK202310110177,126.2159351511106
EK202310177752,163.20231229975474
EK202310143528,137.96687221478115
EK202310121245,127.61657857386868
EK202310121730,142.03164670711033
EK202310166696,164.34014033846697
EK202310139416,129.45378445673734
EK202310137350,152.08818454218965
EK202310173056,143.77286734615691
EK202310183242,147.42953978018878
EK202310181856,132.38507999542193
EK202310187043,147.96056017804042
EK202310146563,127.8451072995397
EK202310210145,146.68622580553597
EK202310149292,152.07756987663157
EK202310219306,137.17764092103212
EK202310180670,140.49958934123708
EK202310154730,141.27719979715172
EK202310220947,134.4419485605768
EK202310202735,140.27875588961072
EK202310123527,124.80862908329955
EK202310120644,140.6763592488551
EK202310129017,162.0922327080581
EK202310162431,164.16022899176008
EK202310150024,146.09349754405773
EK202310237610,136.99167308044397
EK202310228863,141.28316704882707
EK202310114239,146.42584935726936
EK202310111704,145.8303062568342
EK202310175377,129.3522014488751
EK202310128857,133.30309656910367
EK202310141561,142.65393898344345
EK202310133921,133.35291972691073
EK202310143422,129.92067970647344
EK202310222897,130.4534004114104
EK202310127138,146.52124405079033
EK202310185976,145.78880928270257
EK202310118702,151.23140627195042
EK202310112998,154.1162894879843
EK202310134460,164.3887519321148
EK202310198419,143.61444304571924
EK202310116533,136.16255754702695
EK202310152035,151.30193365522828
EK202310186167,146.84931432200193
EK202310174777,139.40540755055915
EK202310241957,148.57404540792194
EK202310194759,147.77754794488305
EK202310209627,141.80799262991468
EK202310110386,144.40333537607356
EK202310183168,128.501470995095
EK202310230042,147.95565926859967
EK202310173070,143.3146339737223
EK202310118014,142.28892065860705
EK202310201071,123.65890848838649
EK202310151104,109.2973898882125
EK202310150451,148.36670549621036
EK202310185662,167.99975319704066
EK202310152420,143.5285116304742
EK202310004807,138.02860986972112
EK202310123731,136.3987641729781
EK202320007290,157.35720545688162
EK202310159273,157.88434145345937
EK202310241776,149.4161226528019
EK202310240911,129.69935983309733
EK202310128834,140.69844977730438
EK202310128400,140.31465851320482
EK202310233118,152.41835052364755
EK202310234404,133.19575809520478
EK202310158169,162.57918211081804
EK202310168826,133.95151147915084
EK202310223636,162.85480467948625
EK202310228740,167.31153083069998
EK202310115835,135.00136496386452
EK202310131407,121.90837550705125
EK202310150935,142.9157053213247
EK202310225345,164.82454469482474
EK202310146990,157.13221538269283
EK202310227539,148.51573914593376
EK202310145038,120.62451687994258
EK202310134905,147.5909946080571
EK202310176247,150.34631615559846
EK202310238587,153.6037941856322
EK202310208338,141.1665635037692
EK202310202600,153.48074329669066
EK202310244941,139.45548804008808
EK202310121341,158.86668194728077
EK202310142598,170.9172514388885
EK202310198678,145.20627924430815
EK202310243034,140.2761491934821
EK202310188200,149.1780407388201
EK202310248513,117.51767236634376
EK202310247587,138.71544832943152
EK202310175167,137.69910539085464
EK202310248135,142.46038171011642
EK202310116341,142.9651145949745
EK202310187249,159.6141668649422
EK202310117946,148.6241335013296
EK202310120013,130.12948165370878
EK202310168464,138.93079033106002
EK202310188127,137.0316099056168
EK202310234954,139.6957293391526
EK202310240694,149.27815423086165
EK202310156774,148.29745106695526
EK202310242931,141.90993167021736
EK202310120909,137.03028671388392
EK202310213600,131.156129359567
EK202310185790,145.28488729385577
EK202310189010,140.2622475623609
EK202310198849,122.42164871305339
EK202310110578,141.74790029164078
EK202310197754,155.61956877784
EK202310224146,130.04011073387977
EK202310174258,133.44722163840802
EK202310190295,141.16409635098168
EK202310215366,144.9900274075326
EK202310236141,141.40309842746393
EK202310235081,141.17072755401082
EK202310113404,133.71945412685093
EK202310147836,171.83466998885072
EK202310119847,150.56996380068475
EK202320006154,162.22061068906734
EK202310181606,147.1607923273212
EK202310108458,149.56438366356454
EK202310191692,163.86222747207063
EK202310137028,138.2782907449992
EK202310186568,155.8065522160318
EK202310193659,152.46379480681506
EK202310201443,141.19342153321915
EK202310171284,152.46758264811882
EK202310162022,144.71445338280895
EK202310124310,140.32777109927505
EK202310150577,137.9401713624013
EK202310180293,165.6794639164608
EK202310233601,152.45100217383913
EK202310218244,140.44411148616106
EK202310147274,149.15440091374373
EK202310144827,145.85752554586514
EK202310188705,125.51595832004443
EK202310171879,141.27902337130857
EK202310004380,155.90974890238505
EK202310124117,137.27572812125672
EK202310139515,158.09247045494374
EK202310223076,138.7979973237909
EK202310189237,141.17869238507203
EK202310158900,157.5591361867603
EK202310172965,136.6539212021643
EK202310133331,149.549124725218
EK202310139550,133.76542607882962
EK202310182260,138.0103272798065
EK202310240459,128.7177812465463
EK202310129723,168.92139915428106
EK202310140428,128.73846820250154
EK202310116169,128.15752555777644
EK202310121335,126.41287018075438
EK202310154424,133.09512811364385
EK202310171495,155.44042212729664
EK202310230777,131.66614817628357
EK202310207460,147.43466623286247
EK202310194955,127.99236721270427
EK202310233382,134.5716420867025
EK202310126476,143.157051811855
EK202310112541,133.3497283656656
EK202310211941,157.51529689269356
EK202310160649,147.84962955602276
EK202310147152,144.38218340729685
EK202310226978,143.07712728059713
EK202310156779,138.24471017006243
EK202310160400,154.88680125895698
EK202310113592,130.19605892238357
EK202310173652,150.7224176790697
EK202310159519,140.94161843198017
EK202310124262,139.091067105318
EK202310205506,136.9177231064624
EK202310219097,155.71333922370718
EK202310226057,132.60272765621045
EK202310153736,124.56384963920665
EK202310180775,129.38126553291212
EK202310169348,168.27851757853279
EK202310131502,150.08004266219285
EK202310121729,112.76610493491447
EK202310159565,146.14764791769753
EK202310204448,137.78848945636068
EK202310153462,145.95172850949385
EK202310144316,142.0688088221085
EK202310135075,171.25082550434323
EK202310221375,144.96096723050377
EK202310163745,158.05912364027765
EK202310128307,153.72631573875694
EK202310117545,170.61918231597824
EK202310135049,173.75346682631815
EK202310168241,153.47929341875405
EK202310212910,136.53636247038435
EK202310201819,158.34024415297117
EK202310159317,155.28667095648842
EK202310205644,136.73659939939392
EK202310154083,134.1521492520892
EK202310229522,136.89977980845362
EK202310110884,157.5212507584578
EK202310157913,135.916276794774
EK202310178487,172.0548325633137
EK202310159316,157.94637049817584
EK202310109379,150.3898807518649
EK202310188031,127.87776445833612
EK202310198040,156.00602125293096
EK202310175083,156.61089725251566
EK202310155364,138.40641130626366
EK202310204163,149.24647812361027
EK202310199502,136.02284037197148
EK202310204489,157.31779347846071
EK202310179081,138.41650658993123
EK202310233796,129.51132984479972
EK202310166659,154.93104710785684
EK202310160108,145.57679874307811
EK202310189609,156.98217956090514
EK202310104591,144.6731925660655
EK202310241388,128.47225612079725
EK202310141772,145.3492229916597
EK202310193970,147.09834012992104
EK202310115247,126.58454555686083
EK202310205518,148.2702650667868
EK202310169284,144.63043466525465
EK202310148744,147.37059432409717
EK202310190361,135.29236795804914
EK202310174521,170.5094873433264
EK202320005722,166.11617906426375
EK202310223637,144.4662245844912
EK202310206779,145.6264639124889
EK202310205588,146.7249588281045
EK202310173304,142.1683863625674
EK202310168176,150.50953898853427
EK202310213786,146.72598375918994
EK202310193979,148.46233137162477
EK202310126924,122.54289610456854
EK202310130529,146.98500938386164
EK202310119471,140.7845065749092
EK202310196749,141.36096711855288
EK202310113250,156.3951527342431
EK202310155906,142.68148729483343
EK202310105766,120.45946294496096
EK202310201584,160.21031952260216
EK202310106175,133.4531342055166
EK202310178826,162.01463317122014
EK202310184322,130.5435216138323
EK202310106188,134.20650842263944
EK202310124482,133.63135785672947
EK202310186934,135.2259611603202
EK202310190559,148.22600055518552
EK202310247940,128.9284684916767
EK202310161261,151.81921866340795
EK202310167492,131.8776439841327
EK202310117822,128.7545011830594
EK202310185255,145.56564671481212
EK202310209656,127.13023974072371
EK202310161945,148.90267848156748
EK202310214665,155.6795358977147
EK202310146073,142.60857564612834
EK202310160721,167.02399606810584
EK202310245095,147.6058475730634
EK202310239697,140.72041705899974
EK202310196401,152.394374134675
EK202310245200,152.20529766968485
EK202310151874,164.10798852134937
EK202310127590,153.15783030617084
EK202310172784,120.89628147162576
EK202310217741,139.60905701318836
EK202310118696,149.14694307387717
EK202310175680,155.32373611157865
EK202310248407,131.52263414024515
EK202310116779,135.37264306726252
EK202310230914,133.0693928535487
EK202310121682,137.9686379626377
EK202310124137,132.80193633582687
EK202310138758,131.8268120780375
EK202310115217,162.84172522804408
EK202310165227,134.83057307105062
EK202310198606,144.92917736457787
EK202310139887,148.75814922539712
EK202310235696,136.97203002899235
EK202310140862,137.94762658621227
EK202310245296,145.446828336249
EK202310178643,151.65871839457594
EK202310109769,134.46236853507622
EK202310168383,134.84146616601436
EK202310173293,150.41387328829396
EK202310199278,156.36344367240773
EK202310188364,175.57708357753285
EK202310226539,127.28736687100863
EK202310104626,152.64334975783558
EK202310113611,150.9427504043844
EK202310155381,127.34476414930744
EK202310207381,162.7173092437477
EK202310232919,152.33228282498382
EK202310239683,140.71094714527777
EK202310131225,126.2066111943846
EK202310173001,138.14438587894298
EK202310194749,133.20693509185224
EK202310103766,137.1385739395997
EK202310173848,142.21111664361672
EK202310134143,126.90324419276939
EK202310233093,144.4331674386213
EK202310184337,147.23646147089835
EK202310129410,139.0278048551735
EK202310118391,122.00732726571732
EK202310222008,135.85248296050403
EK202310172498,129.1783064537884
EK202310187928,141.93228491851139
EK202310159483,119.65768005065473
EK202310110871,151.27181625219586
EK202310146779,141.5710206523594
EK202310155616,128.35262243558282
EK202310137460,144.72337656550306
EK202310209877,132.1784426442983
EK202310140666,146.20776058440106
EK202310122918,145.96967115667653
EK202310170046,144.69495712426973
EK202310143434,152.67493348927118
EK202310140495,143.3165288270262
EK202310174705,163.57019980757374
EK202310228168,145.63932065637135
EK202310127824,141.84642889818878
EK202310235975,127.09642679186409
EK202310190602,144.79454525739456
EK202310106408,133.78765545970816
EK202310233717,145.5468274879524
EK202310203927,139.69934633777962
EK202310106512,128.31048458839635
EK202310208972,142.47487640480327
EK202310156588,161.69007470724196
EK202310242168,133.9197265856807
EK202310123091,142.803014095906
EK202310199389,150.56474361558884
EK202310154978,140.66267817764822
EK202310158716,133.40781724057956
EK202310159396,152.7382455490591
EK202320005678,167.6081107437247
EK202310110183,116.55171580910189
EK202310225959,133.99773788850618
EK202310225303,133.2465805659931
EK202310108877,146.97405259979078
EK202310237629,146.85910356105498
EK202310211593,119.7697906087446
EK202310151540,162.80473689185786
EK202310149041,147.3737167509999
EK202310147417,158.93930586755724
EK202310229267,129.35061943673514
EK202310194169,131.54120208812986
EK202310130855,144.9237374705306
EK202310218381,141.15513680206598
EK202310131759,153.69351073220224
EK202310159130,166.51363578699036
EK202310181380,146.15558651360962
EK202310154840,154.5722632290493
EK202310155113,147.59431854918057
EK202310190213,122.34175092540036
EK202310125761,162.22298111346015
EK202310228436,144.871497985367
EK202310245583,146.12907959325676
EK202310138440,152.97601328229345
EK202310153292,136.0707691855493
EK202310114994,122.21505670652749
EK202310172366,142.9741645740458
EK202310124479,148.45015699402876
EK202310184003,171.2672448238749
EK202310179734,133.44494944286268
EK202310185315,141.10016804928475
EK202310247954,153.47199945245146
EK202310146620,145.22728918378724
EK202310171244,159.66002862819823
EK202310134666,146.72211582824303
EK202310220005,145.91914961153557
EK202310156110,140.72636108052242
EK202310207825,170.99889845124113
EK202310168883,142.89140717923024
EK202310136483,130.37093694004616
EK202310196952,166.64887655973732
EK202310196373,129.31359699119523
EK202310118816,135.97747820108216
EK202310165110,138.09852739330236
EK202310142607,157.00480239978336
EK202310168946,136.71492615526674
EK202310105295,149.5431485286105
EK202310106334,126.48219755242016
EK202310105612,136.1966280017694
EK202310119938,149.13501192739565
EK202310192361,154.25533598345856
EK202310195020,148.74257983136923
EK202310129686,132.06417773790986
EK202320005926,168.77452435008902
EK202310210500,135.10058399400953
EK202310139090,149.65808907536237
EK202310138528,150.1733160994465
EK202310201466,132.8909997634067
EK202310230750,133.19193581994875
EK202310148719,138.03572568059028
EK202310150803,141.0051060609415
EK202310216988,140.9476914187605
EK202310111431,125.09323497521149
EK202310185972,148.57262647326738
EK202310195667,166.90235427411798
EK202310140854,154.53646164391216
EK202310210882,146.02723324425122
EK202310233837,129.37609690153747
EK202320006073,171.730388720303
EK202310196309,161.70308396662506
EK202310206916,156.1029470578472
EK202310226122,137.40878733585038
EK202320006289,164.48702753011756
EK202310226436,142.74575915366074
EK202310169442,154.7712297308907
EK202310241543,138.0726913894405
EK202310217591,127.18078770430166
EK202310140276,125.40183512027359
EK202320007784,145.28848265102667
EK202310149529,141.38106522097456
EK202320007633,149.0306930347187
EK202310119859,144.0259002166121
EK202310230599,119.5263467466119
EK202310140256,129.79619572276363
EK202310155491,129.19884998389762
EK202310132167,157.43204972830443
EK202310224240,164.80433416943538
EK202310110704,133.5391398949042
EK202310140659,111.87700621451613
EK202310209654,145.50555384478233
EK202310210751,136.3180798489161
EK202310114252,132.77920214225577
EK202310131050,138.8215288784081
EK202310176400,134.41825156653806
EK202310225146,136.95977740688323
EK202310218218,140.8876720660065
EK202310199879,146.24311550583383
EK202310233661,136.46098391829878
EK202310225646,115.59219989422097
EK202310141379,139.48083210336654
EK202320006182,145.39555958924268
EK202310173692,125.3391124092808
EK202310177607,136.48400779420766
EK202310233946,131.36598982507152
EK202310126324,123.5584038364124
EK202310191584,147.55866636648497
EK202310162051,151.97746659257103
EK202310217086,140.60925543861882
EK202310175283,129.79371339697244
EK202310161464,162.97996218807026
EK202310175429,154.47079126898868
EK202310162548,157.72752677451666
EK202310124184,136.02037629276614
EK202310175929,155.89569241130957
EK202310162414,142.62494617720156
EK202310243129,118.80138618933074
EK202310157428,170.64838970927286
EK202310155573,138.38537135157483
EK202310163052,140.70077649623036
EK202310206064,143.87859595960444
EK202310248323,136.56147316846088
EK202310168056,168.8942444403488
EK202310128927,159.46339099168893
EK202310139485,158.54007728592367
EK202310242735,133.309985670428
EK202310134082,121.63480574703048
EK202310104455,121.83891821160258
EK202310159631,151.10934362101042
EK202310212803,145.9506637073614
EK202310104486,146.13269265943333
EK202310194508,131.4158739996469
EK202310147608,155.59489356534166
EK202310150343,137.6105703187102
EK202310231361,134.23988982578507
EK202310170149,158.47402999886793
EK202320005932,168.1962534120745
EK202310211081,136.57739317124603
EK202310164819,154.4374656316674
EK202310182415,145.04171964642524
EK202310129406,146.8405622398032
EK202310186466,122.12798214853305
EK202310116340,137.4023333140974
EK202310177218,148.437883552253
EK202310207532,144.76528905579414
EK202310222391,133.68825317188035
EK202310176449,162.0539131489901
EK202310245955,144.4361045319775
EK202310193130,140.4883895886229
EK202310158757,124.48473216714788
EK202310227627,125.5313442856783
EK202310136426,141.69385029868275
EK202310130279,169.5701368529119
EK202310140320,148.01905843244168
EK202310208976,140.36204386124822
EK202310140233,147.61932189537984
EK202310111236,147.22513610449948
EK202310106947,158.08125811942696
EK202310225392,135.46147721382525
EK202310156828,152.02669827724637
EK202310169518,123.16318323956665
EK202310112332,144.14291448717793
EK202310157079,170.1738638547505
EK202310113908,133.00662420959125
EK202310228518,126.37947552829401
EK202310162931,131.57330293978137
EK202310209191,129.84946692400774
EK202310170787,149.7272983448681
EK202310123235,136.60053540468124
EK202310155678,132.42607997422365
EK202310164712,133.90113497400077
EK202310124306,142.35220485434937
EK202310209118,142.43130373792226
EK202310198258,132.9334274161102
EK202310234831,137.19965758771923
EK202310226914,147.0579550033949
EK202310202181,140.12564803809906
EK202310181074,118.96276247296723
EK202310231524,126.66355703839643
EK202310159999,152.59481006022799
EK202310214159,161.47048291302823
EK202310104655,134.12978723500805
EK202310191665,153.34155359646684
EK202310226912,131.10455997196837
EK202310229568,128.8406865886885
EK202320006366,160.63114060458508
EK202310158803,134.79842635576108
EK202310218310,126.63223243034629
EK202310204232,140.8060867086558
EK202310186641,152.38771956463677
EK202310145275,139.58535374987275
EK202310215048,156.24479839967987
EK202310155714,132.66513046943837
EK202310154842,144.44737962312215
EK202310131202,139.52047456695735
EK202310166844,151.2621519839909
EK202310209974,137.31803054422042
EK202310111411,138.01507947789526
EK202310208383,134.44449910135907
EK202310228239,145.15454587007503
EK202310220185,126.90677303468644
EK202310177863,134.6311120011974
EK202310191386,157.72624465685908
EK202310176540,146.01832269007238
EK202310128361,136.71848855019326
EK202310127737,151.2510448475841
EK202310205567,161.96198692936952
EK202310110038,120.59279221829726
EK202310135018,175.3603896158165
EK202310152829,166.10096720095143
EK202310106061,142.23308109378252
EK202310234328,153.65211226912004
EK202310179105,154.07152849155696
EK202310106635,138.51679062463126
EK202310133437,130.85781592266045
EK202310163497,138.4186396676596
EK202310170389,123.36559617191782
EK202310176900,144.04632507929117
EK202310218778,145.07951835743313
EK202310188856,156.945277822666
EK202310195987,172.22416591138676
EK202310139386,147.0405239681732
EK202310220080,145.55596938241175
EK202310132718,139.97616322199275
EK202310184630,167.202175529004
EK202310175811,120.14822160656837
EK202310109074,125.8303700695064
EK202310237543,134.74990610481234
EK202310229949,134.99595263631366
EK202310174243,123.03760124326507
EK202310185313,141.34374794506837
EK202310150933,154.56707064853788
EK202310114721,137.16488441648687
EK202310168635,132.1277475319605
EK202310188341,146.5689675342578
EK202310213705,149.21807435002594
EK202310239073,117.97848454530906
EK202310163500,120.51500886084841
EK202310208351,131.89428907064433
EK202310106450,139.19447809906166
EK202310115408,135.20635258412221
EK202310223788,139.13821335078808
EK202310243905,134.55783810145903
EK202310173232,125.86256531554173
EK202310147240,167.97930302322078
EK202310170514,151.05614433333153
EK202310150951,115.69471955747696
EK202310116493,140.74722443030646
EK202310195983,156.46856221790514
EK202310152131,125.34301494437969
EK202310104754,145.03941849751254
EK202310205406,149.95759777871268
EK202310160153,154.66533096013626
EK202310221221,128.3630186028532
EK202310160257,160.30960387432043
EK202310137708,145.29227219782408
EK202310115489,144.33994858109466
EK202310137151,142.756239232009
EK202310227780,126.07166851607779
EK202310214472,151.3039098181866
EK202310133088,165.10905766280325
EK202310239663,149.6537434302432
EK202310215474,139.5343116564119
EK202310183236,140.06874102851785
EK202310214837,139.36922246418237
EK202310187923,141.5323415210744
EK202310197935,155.5220646624248
EK202310140273,142.99762185192938
EK202310117788,122.68541339651165
EK202310170592,140.75763127818843
EK202310156315,142.03107689258422
EK202310166296,148.0651063345014
EK202310156678,145.7714828511424
EK202310197364,149.83923686710838
EK202310004739,139.32555261129627
EK202310133626,144.53211433756783
EK202310199623,145.630060715688
EK202310159296,172.50347579108785
EK202310192767,151.11013982508018
EK202310148778,147.47011626511195
EK202310156041,133.53741323024892
EK202310186950,149.68112244147306
EK202310236558,136.99246355763233
EK202310213585,136.3441426373781
EK202310184418,136.9161007164536
EK202310140115,148.9859942339571
EK202310163224,125.59962566248387
EK202310228835,136.99294272063338
EK202310162030,145.49144256085225
EK202310168987,132.0718754047633
EK202310221729,156.39341285033888
EK202310181909,145.81077669267435
EK202310149566,154.8572617838809
EK202310149852,138.72860431614467
EK202310246189,141.00714120083308
EK202310173822,145.66021176671558
EK202320006684,167.22807305378188
EK202310151342,149.64140000607966
EK202310004964,151.23194572830735
EK202310167966,133.39314950999037
EK202310184397,123.40447103639727
EK202310200638,136.7911954537314
EK202310181195,146.84811854444783
EK202310149384,138.19268607893235
EK202310192111,154.08707611623174
EK202310119248,145.98053132657935
EK202310150757,141.74196611230482
EK202310105899,114.95008205390556
EK202310109147,137.89772467797656
EK202310003890,145.19023302189942
EK202310136861,141.69925468922528
EK202310209403,135.32117176666134
EK202310143496,129.24506631507373
EK202310171668,133.71254264673723
EK202310168536,131.26229324093634
EK202310216195,148.592178361348
EK202310117347,150.8952314075384
EK202310208923,142.2979494304681
EK202310239643,143.44952977732166
EK202310206445,141.47069334422943
EK202310104049,141.22327286680323
EK202310228180,142.25954719231055
EK202310116347,135.93102515733892
EK202310205059,137.2925797719362
EK202310248120,131.25181289548527
EK202310171398,152.39739267378263
EK202310161887,141.76093231939748
EK202310208795,147.47926992236808
EK202310211198,141.2476192591101
EK202310175547,149.65292830945666
EK202310168520,153.0751916907703
EK202310212595,135.08510229374767
EK202310116251,139.6072239333186
EK202320007851,150.76482810829918
EK202310106764,140.63724803086268
EK202310187318,117.95584768521792
EK202310158705,151.61017899481493
EK202310185110,151.5025131147833
EK202310170152,142.20281835486188
EK202310195607,156.866839035743
EK202310111449,124.08128208207256
EK202310153841,162.8408309993184
EK202310167617,168.00142087611408
EK202310114265,141.23339748383455
EK202310133143,156.63675576975876
EK202310158293,154.912093960781
EK202310181702,141.32909627142342
EK202310212416,140.5699403782159
EK202310231600,132.183778482608
EK202310230507,125.58766422463196
EK202310223031,130.23224258314653
EK202310180391,127.29666528321641
EK202310177543,151.8157863158039
EK202310218831,149.47859256927117
EK202310223265,142.8974838357714
EK202310109405,139.41267578072816
EK202310138084,141.09772403025397
EK202310144834,136.08520670274797
EK202310119130,145.89211402230433
EK202310241445,139.21651201382306
EK202310187813,120.8256663894993
EK202310233825,152.7912051774028
EK202310163582,133.71037150845177
EK202310152391,128.1009814702277
EK202310236241,144.51367998543427
EK202310179557,147.91651248181313
EK202310004239,158.1501979100163
EK202310218905,124.03009358887786
EK202310132305,129.1155525326743
EK202310230005,130.31068100720208
EK202310210560,143.14495811985083
EK202310216882,155.35721953282686
EK202310176911,150.34712169694734
EK202310136229,130.62361285376758
EK202310106054,141.6572024709128
EK202310195370,140.8687435362346
EK202310173198,134.62188943599068
EK202310173224,148.46916945271056
EK202310192049,152.50855696957254
EK202310119480,130.5628948366637
EK202310173031,140.9147566288243
EK202310141972,164.17625409877775
EK202310146369,151.04404820062834
EK202310242801,129.3281090001927
EK202310206809,152.14936754869538
EK202310185734,111.19369309043117
EK202310139207,164.8172064312295
EK202310210887,131.79847637327111
EK202310105956,150.034138130271
EK202310163503,138.58143846419244
EK202310123765,132.8249549663289
EK202310232619,149.84927853132297
EK202310205867,135.31641969870122
EK202310158665,154.26350842191448
EK202310236631,140.45358309354737
EK202310190792,146.01570137969432
EK202310210386,141.12870777925664
EK202310200450,137.60654361806883
EK202310174140,134.31792286460288
EK202310138770,143.03783051701956
EK202310237110,130.44007121180422
EK202310164459,147.90305111675082
EK202310132579,117.11547422638134
EK202310196378,126.58832365422766
EK202310193320,148.71034158680874
EK202310232595,165.17716416275684
EK202310130509,139.44685309398554
EK202310109357,161.43065464515036
EK202310231395,140.51387722269013
EK202310193035,170.77702428098695
EK202310213027,148.53831355370588
EK202310138622,131.02560967687083
EK202310193234,149.75030183600919
EK202310185497,139.32726362341646
EK202310228201,139.27505078075302
EK202310230916,138.0855878879275
EK202310219136,131.0226093262206
EK202310229694,140.83785156380287
EK202310242998,143.48377974630066
EK202310118461,152.15761888056207
EK202310147273,130.47510614916362
EK202310112383,150.219658370171
EK202310161078,167.45955594813591
EK202310164392,153.17453894881442
EK202310111127,130.3095746867073
EK202310169688,117.14228904898411
EK202310111033,142.71936761494416
EK202310118526,134.97558277922417
EK202310190143,157.44507961838
EK202310232739,144.38852560969102
EK202310199403,146.31707043220968
EK202310168879,162.01293039812649
EK202310140593,134.83644402662344
EK202310003734,145.91227102473968
EK202310234646,129.00765122018916
EK202310133170,138.21653596890116
EK202310181389,126.75864220215554
EK202310173177,153.58840930985662
EK202310164882,131.77913650419077
EK202310191760,155.04238936705065
EK202310234933,154.9573795270203
EK202310164012,128.9630483425689
EK202310207434,148.17979291749216
EK202310198243,126.49701641984802
EK202310162062,150.7444181938099
EK202310124086,145.56799574525297
EK202310159310,148.37170644021
EK202310241058,142.11739314164498
EK202310179083,137.9020739570834
EK202310175051,133.58362300191587
EK202310149452,151.74427199809045
EK202310230416,131.47230904760318
EK202310187500,159.71006322252458
EK202310183313,152.26160329610315
EK202310237296,147.8922965022953
EK202310214789,152.2814732816259
EK202310180222,147.49652450977587
EK202310122939,158.8252633578159
EK202310181965,147.29432029593733
EK202310228380,152.56769809062786
EK202310159058,121.82624189245163
EK202310188976,142.63014682023515
EK202310172452,140.69375691092134
EK202310215052,149.14577404776725
EK202310247517,156.05090761675214
EK202310156349,146.26659243955572
EK202310242723,142.2078065076273
EK202310107972,141.03511055168084
EK202310153284,123.13793963541919
EK202310142419,150.93701707853114
EK202310202260,142.31455256597624
EK202310169840,161.93516555072387
EK202310229959,140.92032536546736
EK202310112101,151.28030965521953
EK202310170405,136.12044095014517
EK202310187604,140.28430232695314
EK202310226938,149.39009372675494
EK202310170407,132.30713356071305
EK202310188787,139.2791679847934
EK202310157751,141.47045767735216
EK202310110049,141.42980775577323
EK202310171605,144.16935073113487
EK202310225647,140.5440630384102
EK202310160034,135.5995456992657
EK202310104086,142.24516364726185
EK202310133846,132.34881555190088
EK202310149687,146.7683629409218
EK202310237643,146.7345557403208
EK202310240693,139.6504788844422
EK202310209107,149.59677637580842
EK202310152954,141.48290545892587
EK202310107042,137.43371238295632
EK202310147766,133.1802735635393
EK202310157864,136.82371322250756
EK202310132609,149.76167451557885
EK202310198224,141.48613339440365
EK202310181372,155.0445154845881
EK202310107536,139.53680759433632
EK202310107339,115.06860646830665
EK202310231880,159.07406856152542
EK202310121562,134.32493320916393
EK202310219911,119.09753490953047
EK202310111456,144.47177795918347
EK202310230174,135.0081140783649
EK202310123273,139.85400547735938
EK202310130394,135.23320198394305
EK202310125858,139.92135175375157
EK202310148270,151.85919787987888
EK202310158632,131.01435912021924
EK202310131026,126.28586583728416
EK202310204177,148.98744793845023
EK202310116255,149.20838099603182
EK202310149497,150.02764256419272
EK202310105304,154.3407617970992
EK202310188432,131.47784982112097
EK202310153241,156.38184068950306
EK202310143739,152.09884776480308
EK202310157045,140.20473569791852
EK202310221281,137.80541347064243
EK202310183812,152.12833221523056
EK202310237731,123.37430216643213
EK202310157369,139.1493687971365
EK202310162985,156.29180443025788
EK202310120645,148.5861714367233
EK202310222168,130.86059964601446
EK202310185855,151.7329103404424
EK202310208538,155.4378459880064
EK202310176660,150.8063006757285
EK202310004357,149.4858828032853
EK202310131180,153.07414149746705
EK202310239429,154.16137037443897
EK202310143219,140.74161593551224
EK202310117261,135.81534600493188
EK202310185385,149.9239826881639
EK202320006967,163.4793894026918
EK202310133649,153.9689197498995
EK202310124686,148.70563105187216
EK202310158040,138.1262474923558
EK202310196688,138.00807437968166
EK202310191616,143.72386568541384
EK202310115678,122.87104580351291
EK202310147246,148.92432622711644
EK202310143506,139.81914078930342
EK202310151678,127.66052483239679
EK202310154413,153.4956955739969
EK202310140205,132.91330541740632
EK202310220100,145.20058654327752
EK202310125163,140.64675291815024
EK202310220961,126.23090419843197
EK202310230382,127.23153008183473
EK202310235095,130.06307309542623
EK202310161057,151.34866566629015
EK202310118114,141.79989572056328
EK202310170808,132.23600647908464
EK202310134456,151.1342335757049
EK202310200301,143.6994381555114
EK202310159200,162.78123440769028
EK202310238472,134.59675460605803
EK202310128987,133.5521961053506
EK202310108858,143.4618257409301
EK202310226102,136.1699758501759
EK202310113124,121.30567287249505
EK202310225235,140.2452020897211
EK202310179343,139.1112695087671
EK202310178389,145.674083153555
EK202310119599,115.72374670393374
EK202310244023,130.5249028695378
EK202310156102,134.89464828138864
EK202310130216,163.4571587265759
EK202310234897,140.8011293966802
EK202310187102,133.19330502231665
EK202310239290,116.2091855165526
EK202310136586,134.953457624008
EK202310108466,145.46106833256258
EK202310230613,135.32069224314392
EK202310152593,152.18500364112205
EK202310196010,158.92104212688093
EK202310226253,123.37813638333952
EK202310203216,141.71124793065584
EK202310166883,137.5303475256904
EK202310129487,147.2958425708143
EK202310105043,148.55185813987225
EK202310138902,137.03096292093932
EK202310202724,148.8617484223264
EK202310201811,163.0876674361773
EK202310175242,137.0781381819864
EK202310114269,124.50424725671688
EK202310231260,130.43461349013756
EK202310104135,151.14587780245205
EK202310157818,135.8950438825324
EK202310182339,151.45362641717617
EK202310147937,141.0604343560781
EK202310200292,134.6769974061799
EK202310230177,130.50524557434005
EK202310162469,135.35310522175848
EK202310204330,142.30417616853953
EK202310139204,151.7779571343793
EK202310130100,139.25918434826968
EK202310155710,148.3160112930423
EK202310233995,136.54897378926353
EK202310184497,150.2314352140384
EK202310164378,138.860645594393
EK202310219862,149.62183144150438
EK202310125493,134.90894432012544
EK202310154947,152.13262018073112
EK202310177743,143.68285304138053
EK202310183365,113.8713249927543
EK202310195017,146.54451197023644
EK202310111369,148.24714620168504
EK202310225082,171.2124746006493
EK202310155429,133.18733140173825
EK202310226852,140.39029147586396
EK202310180504,156.76197282244127
EK202310181743,166.21396920062898
EK202310003997,152.75792797955538
EK202310205645,147.77929845225805
EK202310115820,140.0930109795153
EK202310162941,149.51067580306602
EK202310180586,137.05002140267766
EK202310220916,128.82957640265766
EK202310202555,158.23800344154364
EK202310149995,139.3938797813613
EK202310119295,161.89415244348993
EK202310187858,147.97513052721217
EK202310237992,151.09980117584803
EK202310213952,152.8355677373548
EK202310123029,133.20125905640995
EK202310147096,153.6178920470148
EK202310223097,126.67231603574619
EK202310166215,133.8514346064217
EK202310004720,155.81952885746563
EK202310163572,123.40680872439212
EK202310162607,139.06220749466817
EK202310126965,157.07073766207216
EK202310140141,137.6756252613735
EK202310177046,146.31068754593815
EK202310197851,156.48353422011056
EK202310117189,139.3893808623251
EK202310210540,139.71723934843592
EK202310177596,132.55465220280115
EK202310155696,145.01496790665615
EK202310175690,154.62646083384087
EK202310219739,135.8336233267559
EK202310003649,130.94800801129253
EK202310175576,150.4494939807323
EK202310178878,149.86132768539102
EK202310211266,125.0277043625739
EK202310141670,145.83638363947955
EK202310159615,156.00950155721438
EK202310234233,141.97404007978133
EK202310229461,140.962478512914
EK202310205036,146.56273849804145
EK202310225181,139.53581955861023
EK202310191452,150.19763779917955
EK202310146939,139.8596816004242
EK202310182164,156.30655974426293
EK202310170225,165.31122406205972
EK202310194220,145.46920381237032
EK202310197061,157.99810283831346
EK202310173373,135.9337677171138
EK202310209119,143.62634793658611
EK202320006628,171.72273884930647
EK202310136886,120.25995814677714
EK202310159668,124.10184107866786
EK202310204891,144.08681913925858
EK202310246209,156.02352187150834
EK202310198151,142.44395803033026
EK202310111528,136.77065786650522
EK202310181657,135.37146926619602
EK202310110692,133.8275360274663
EK202310187777,168.34549551027345
EK202310180038,121.49503674326948
EK202310107931,126.63975008017273
EK202310186808,141.32718931520333
EK202310229289,143.6538556501546
EK202310223469,136.81126116591258
EK202310124329,136.73253441821763
EK202310181534,143.2756363004024
EK202310132729,144.65046187198135
EK202310121382,137.6766819474874
EK202320006815,171.3432640542454
EK202310199820,158.80270944064125
EK202310148775,152.26344979112275
EK202310160487,127.40161016124267
EK202310225148,171.18888367930393
EK202310144291,152.4930866594238
EK202310177549,150.06040780350017
EK202310195485,135.30523273238427
EK202310183864,163.65149882171752
EK202310120532,120.65039850304863
EK202310170076,127.78499991884166
EK202310195740,144.39675345124783
EK202310179595,136.18287918160334
EK202320007837,146.3235893042565
EK202310184046,140.6589491800277
EK202310171869,139.59757985960826
EK202310223256,136.55583356236275
EK202310233904,136.3766671151434
EK202310247327,166.9634774141649
EK202310127761,153.67333013020726
EK202310131174,142.49357114999205
EK202310112799,144.12090302411912
EK202310121242,143.10487576022712
EK202310220124,143.44464783179222
EK202310118386,144.15398275532496
EK202310111074,152.57444583734872
EK202310182197,144.11078686857059
EK202310138009,139.32543333181704
EK202310205273,162.6102249941036
EK202310118039,146.9385025178102
EK202310126134,159.309651976749
EK202310130337,135.70165463130311
EK202310106788,131.46496270158468
EK202310167682,147.03510847811435
EK202310146264,137.2751957389504
EK202310138461,110.30275255459964
EK202310218689,128.40814982048377
EK202310176319,163.5450418463253
EK202310118958,132.29848081923276
EK202310167604,157.10744364675327
EK202310205793,128.0206321514902
EK202310104740,139.29465614452758
EK202310166561,135.22381155924913
EK202310110675,128.27639545312726
EK202310201775,143.540568499893
EK202310188302,175.25027453912787
EK202310167994,147.0296792474879
EK202310135487,149.2727004777375
EK202310168143,139.4671721676233
EK202310204808,145.10714454605053
EK202310151944,160.70156999650752
EK202310224341,142.82752278520198
EK202310111538,169.12006949639803
EK202310122316,131.35882189521146
EK202310178272,149.07453738684475
EK202310174655,143.3507971053802
EK202320006786,168.06053962674974
EK202310170761,151.97785440335494
EK202310117836,141.89359221793998
EK202310197808,154.84157831973974
EK202310236038,173.18810990952943
EK202310147177,151.52673802754512
EK202310226210,141.0841223909451
EK202310128001,136.44730211931335
EK202310150524,161.42742344009335
EK202310128526,148.5973557872777
EK202310126204,133.29844691494543
EK202310117271,143.52879523054378
EK202310176809,133.717905847586
EK202310169896,156.1193551732692
EK202310241503,120.08633856711216
EK202310159411,160.1701950740894
EK202310168543,160.6621206165957
EK202310196558,152.94107762517461
EK202310163150,155.05484816769925
EK202310235581,138.4324294139538
EK202310233161,137.9545453615253
EK202310190473,155.7148103266224
EK202310196173,126.03059707055235
EK202310208613,138.46600336236133
EK202310177724,121.8656837270925
EK202310175056,144.08225724368657
EK202310111228,139.47417549002583
EK202310234828,124.07676417211233
EK202310121915,150.20657775116908
EK202310220373,143.0162664149668
EK202310145989,148.44990582912192
EK202310246664,153.80225636528672
EK202310239676,143.08626591945335
EK202310223963,142.90804980089027
EK202310210083,150.91742930009246
EK202310165601,129.4870789676212
EK202310211271,149.16190893243186
EK202310179038,136.00269966456645
EK202310112961,149.43865324912142
EK202310141004,148.81674522038904
EK202310150784,164.00439325776958
EK202310174865,148.14898884003426
EK202310123688,122.02215871084549
EK202310190962,147.5376512557387
EK202310192255,133.59168705576212
EK202310192265,145.58174194830167
EK202310193019,149.14941705689577
EK202310114602,134.82822593485804
EK202310110286,126.76603524727904
EK202310163569,127.50822144697582
EK202310174927,173.80095924849056
EK202310204027,155.74973805481423
EK202310197637,131.7932697354644
EK202310190376,130.01384954586288
EK202310146945,135.68533772898348
EK202310149841,125.3980347404378
EK202310170965,163.41068508790156
EK202310107183,144.57848764691576
EK202310163517,135.92964717033087
EK202310203286,159.73328863951227
EK202310146022,142.37552470851236
EK202310111432,133.95441900885257
EK202310202147,161.18308261099332
EK202310139521,163.8884038899044
EK202310214439,159.52632695266868
EK202310178903,144.99072889582806
EK202310123729,133.08873097820123
EK202310199058,148.73496478934754
EK202310136770,141.72165618311737
EK202310226727,150.47708834012099
EK202310223073,123.39443582955857
EK202310200813,149.6839890218361
EK202310123891,133.0451075731926
EK202310122410,144.41155817334962
EK202310213591,134.71798172178202
EK202310247671,165.8045984080036
EK202310168753,133.63756261096643
EK202310227492,142.38839582233538
EK202310121230,135.28777738320406
EK202310162300,152.3950729870394
EK202310138673,144.56125206887663
EK202310177419,143.37250036753488
EK202310221047,134.04413890347615
EK202310199069,138.25781980946996
EK202310124433,146.69166389414832
EK202310152193,168.78634118089903
EK202310221750,136.0160181884762
EK202310111508,143.4867457579435
EK202310225858,134.1283160612532
EK202310244419,168.95751368390495
EK202310139413,156.9414423249868
EK202310156930,134.95765651974364
EK202310160323,165.79170517453187
EK202310140167,144.7645009622949
EK202310106834,139.26111443355356
EK202310116024,135.46221929649158
EK202310221867,134.6554051170793
EK202310158833,154.99425912335278
EK202310123702,138.44356967095862
EK202310192686,130.8329799292707
EK202310210956,153.12851774823153
EK202310142282,161.0265526829687
EK202310138282,147.47087395164144
EK202310224531,133.02058082512713
EK202310165971,134.6892926340906
EK202310161662,146.46069101375997
EK202310109830,135.74534600431025
EK202310149086,157.1821173852565
EK202310128457,155.20620901865098
EK202310146894,144.86186143578885
EK202310153536,126.79477846755391
EK202310137317,140.37520273710157
EK202310109096,141.6942187668169
EK202310188535,142.75833611370552
EK202310193279,136.8989095378495
EK202310229951,145.44236139843954
EK202310110507,125.57275613357298
EK202310158912,145.9555882843662
EK202310121939,153.6283273887031
EK202310133006,156.84498746215462
EK202310123534,133.6141014950144
EK202310116590,142.07073473764086
EK202310225727,137.19560741200038
EK202310121585,132.69538969169892
EK202310204778,144.17274870818625
EK202310185473,157.6764888653988
EK202310210130,142.30508769995106
EK202310148836,152.72146340386934
EK202310119653,145.60433928378012
EK202310198898,125.68760468005755
EK202310248089,156.8335232394569
EK202310139296,144.82979267457472
EK202310179982,174.14165624280864
EK202310237915,138.2985932065059
EK202310158701,143.2824568629647
EK202310200383,141.7637148989665
EK202310123263,133.9650509089698
EK202310120640,144.90172140096644
EK202310164686,156.55598500434698
EK202310172560,145.65608006010672
EK202310112120,147.8788870010696
EK202310111450,126.20085582272384
EK202310127176,173.9269001756339
EK202310155228,136.2545003962626
EK202310122785,166.74142880128719
EK202310129726,166.61443478036466
EK202310202138,146.86048978322512
EK202310174059,127.70611565221398
EK202310241322,150.13493524144843
EK202310240201,144.62308875750577
EK202310152861,160.99889286973715
EK202310190128,164.05898941780126
EK202310142222,148.72801921710618
EK202310239282,142.49150917932047
EK202310123815,126.00101802992381
EK202310135342,147.84488073063497
EK202310165056,140.48183600915178
EK202310197918,130.38742110353203
EK202310152287,145.62403185191215
EK202310118776,154.860040972406
EK202310204594,142.9478945623767
EK202310207755,124.29553613835533
EK202310202942,137.47220632804874
EK202310115468,137.38143343378965
EK202310196078,162.93828717439098
EK202310208592,153.575706202034
EK202310138579,132.82366581543928
EK202310221870,128.04576858628917
EK202310104365,150.228496982561
EK202310240461,147.38930358924017
EK202310189760,135.05895993876254
EK202310190187,144.57140407155984
EK202310221590,161.69993853186116
EK202310195095,127.34286791734075
EK202310209962,139.13176631930284
EK202310236666,131.33764099063765
EK202310163532,135.07900308132713
EK202310200231,129.68165518972106
EK202310166801,134.0228092941868
EK202310137829,129.7807486618231
EK202310178645,138.38186861098146
EK202310132257,127.32384485899232
EK202310116109,136.08203665955423
EK202310170340,144.59527160827804
EK202320005685,150.9608108115107
EK202310110254,127.41792980418869
EK202310142286,149.75718686966385
EK202310113972,140.5836930266368
EK202310173627,176.90714521918937
EK202310161526,163.73273740390442
EK202310199255,139.5330817411178
EK202310127635,143.66650700600377
EK202310230652,136.65323413331268
EK202310162047,148.35106648127135
EK202310187427,145.3514370518963
EK202310183777,164.2460974614324
EK202310209587,144.77717584149886
EK202310206498,143.8559762083891
EK202310212354,128.34325230786007
EK202310124840,138.1012421516919
EK202310120474,135.91525175365632
EK202310145470,127.05078951444958
EK202310193235,143.91579843354089
EK202310173946,133.78916910561964
EK202310139407,135.01036117568887
EK202310172298,128.79566465411196
EK202310172477,161.10798554490142
EK202310136836,124.83002509424543
EK202310153000,149.36850136773006
EK202310227011,131.80842287522316
EK202310116524,133.1908707169457
EK202310182080,148.7029929946945
EK202310172447,156.51310080793368
EK202310202778,130.85329083961204
EK202310173634,135.46903847519107
EK202310233498,155.05850733859225
EK202310147033,144.3508836531904
EK202310229276,137.45112923388788
EK202310149539,154.30430472703515
EK202310169898,155.5085385998849
EK202310140444,145.9562368651003
EK202310148794,143.69342996743896
EK202310168225,152.7630401848419
EK202310122509,136.23372587070887
EK202310200433,158.41277128669145
EK202310147275,148.55521131181644
EK202310173524,149.02196659660365
EK202310172383,138.1397718121098
EK202310162443,151.9237373844176
EK202310136680,155.7523743944436
EK202310145392,131.80292706784982
EK202310128822,146.7847046500642
EK202310178947,125.59303056987096
EK202310161017,131.77882813366432
EK202310117154,136.86446735261876
EK202310191847,144.15619380394006
EK202310235861,155.9021627351671
EK202310144219,139.7195376807682
EK202310163279,148.23050593208575
EK202310123158,122.38688470615303
EK202310130523,155.81695672227238
EK202310149646,149.1034861895805
EK202310135587,134.70772390714893
EK202310206712,164.18085053115897
EK202310114144,141.0233952996393
EK202310143984,134.7317690566017
EK202310247715,137.69314467651574
EK202310166729,149.96531681925842
EK202310166588,154.37072939599273
EK202310104103,144.0702228687603
EK202310180245,167.58568518806513
EK202310147372,158.99982436739438
EK202310153045,140.81971125855605
EK202310218342,138.34141535025486
EK202310178452,137.5533020396388
EK202310215610,156.5741276163352
EK202310125820,151.66818671975628
EK202310145000,149.5056480204093
EK202310123565,132.11685899563133
EK202310119232,133.58655470509413
EK202310121655,127.67130236226207
EK202310220009,149.61436000087596
EK202310108478,166.99498126914617
EK202320006810,159.98271034783772
EK202310164302,135.27338779222617
EK202310127527,143.5637182545525
EK202310158421,145.9836345355949
EK202310130473,128.39445738017844
EK202310191209,144.43976344145528
EK202310151031,131.37149118014264
EK202310242418,131.8029570168246
EK202310117038,148.80529826873754
EK202310169468,158.93640936485752
EK202310155518,131.7765257991877
EK202310160439,146.27236257013064
EK202310137675,144.7768186287499
EK202310129243,140.96394949440062
EK202310161476,155.5455757284736
EK202310117393,135.83838024339457
EK202310183468,151.13366673661557
EK202310136137,132.90530349501205
EK202310186954,159.3516335011158
EK202310149506,159.21271406236716
EK202310138751,154.0132635816476
EK202310210563,150.03323719233995
EK202310153823,163.3555494501521
EK202310109991,153.45871703946062
EK202310163957,166.89534881622635
EK202310213655,141.26219960732212
EK202310200962,161.28308168203597
EK202310161409,165.68934891276365
EK202310153656,153.14125669303846
EK202310135461,113.53914822637559
EK202310192428,147.48270892261087
EK202310125512,142.47605310526092
EK202310217273,152.82384765094378
EK202310154096,153.66222478393485
EK202310230788,123.56021779766138
EK202310178884,114.91080166800803
EK202310172461,161.88224836111647
EK202320007592,141.81985179389127
EK202310199895,140.8481471489552
EK202310239443,133.76529413453616
EK202310123294,125.83274563842737
EK202310177951,142.59384813773514
EK202310203901,167.05224512184822
EK202310133270,152.92191733953504
EK202310150003,147.92604851009295
EK202310173535,145.10013038588008
EK202310177996,137.21405207468936
EK202310177998,142.31058946850962
EK202310105111,137.08639918934514
EK202310132782,143.52953452218136
EK202310147465,157.30592324472906
EK202310189373,146.08355061053678
EK202310212915,145.1534527832169
EK202310192950,135.6305685059378
EK202310116860,131.1734702735348
EK202310219235,130.0500934388024
EK202310159602,168.31108232402624
EK202310004247,135.29746534624581
EK202310108971,139.68010071926685
EK202310188852,148.48118721467034
EK202310139403,140.18986611814205
EK202310234630,139.84584427537337
EK202310003419,133.45198376382422
EK202310240718,138.2165322454517
EK202310139149,154.6565204088252
EK202310191432,161.48343539810924
EK202310150654,186.02111418966865
EK202310106818,147.55623322495555
EK202310238168,127.34354093602236
EK202310164496,129.4435572675186
EK202310187495,160.23437470476898
EK202310103974,147.88031864601777
EK202310109251,137.39144900286647
EK202310120857,114.58080947772513
EK202310170330,151.3446500691675
EK202310173297,144.39550854399874
EK202310140255,137.90046572541527
EK202310139229,141.77284960631502
EK202310174339,150.72794795595894
EK202310241642,156.21628339805636
EK202310124888,145.22198313966368
EK202310182131,136.98972218412086
EK202310204239,138.06308417092006
EK202310168111,136.8778909569376
EK202310121789,133.89673727468184
EK202310140719,144.7109491499668
EK202310192995,140.45201327874813
EK202310117846,126.06377251539365
EK202310116879,142.12535560550432
EK202310146348,129.62172046482482
EK202310161368,162.5831820521043
EK202310176187,155.97091600493977
EK202310003798,140.60788643049813
EK202310147169,152.14030373251816
EK202310130622,135.1938378558877
EK202310246544,163.41987542155667
EK202310153051,154.63705726593338
EK202310185995,148.3125676641357
EK202310110814,137.39634850308676
EK202310151121,134.25686148583225
EK202310219095,127.72255250101708
EK202310110404,143.95030063444443
EK202310144409,149.58921891612647
EK202310187391,131.78731041369232
EK202310149764,145.3007353171011
EK202310201310,156.12150495181749
EK202310236862,128.039745611395
EK202310137394,151.5243205176928
EK202310141967,147.27921399352914
EK202310116050,123.80270133738495
EK202310207103,130.86082663587655
EK202310004907,144.22768269608443
EK202310151090,143.78974435678091
EK202310172058,156.61679429809257
EK202310115937,131.21881419637262
EK202310200500,135.24940558170647
EK202310197265,156.21356936846644
EK202310156808,147.48862281962357
EK202310210778,149.0521886508956
EK202310178848,138.0540103807066
EK202310189222,149.1244341193255
EK202310245286,157.23652015919305
EK202310201625,136.194657110211
EK202310245649,141.52201136209786
EK202310149643,142.17450178660914
EK202310136510,135.92027141558776
EK202310122753,143.75260663800077
EK202310246817,152.33680421238432
EK202310210226,136.65843182941302
EK202310172695,142.08080470612293
EK202310170665,167.30199212209567
EK202310142911,145.49629104240094
EK202310169874,141.05575505093125
EK202310198233,160.91216032770586
EK202310207245,144.33383254610249
EK202310123010,160.2698052729542
EK202310237178,130.57122529531156
EK202310199794,135.96102813765447
EK202310150744,144.57529602007185
EK202310230791,127.88170862570745
EK202310219009,138.7861851880095
EK202310156827,153.39048045104693
EK202310128134,158.3261587010464
EK202310106985,128.52071591468277
EK202310169339,165.4329785906767
EK202310235910,150.03286930046949
EK202310234586,142.11483715561954
EK202310225660,134.03942308229512
EK202310004833,137.9661060371327
EK202310197506,143.87189977504377
EK202310165175,152.51076764905645
EK202310133623,160.97256440615934
EK202310188944,139.98712317688276
EK202310195388,158.71590147270138
EK202310136775,148.82826169499037
EK202310123115,122.4801926009259
EK202310236860,143.24031969759136
EK202310144494,140.0771867366583
EK202310229026,139.76062432137593
EK202310135882,143.68138126223786
EK202310212362,137.149801577278
EK202310159458,131.68068324002238
EK202310208432,135.9247995773688
EK202310157240,123.8924224790284
EK202310209343,151.41101594591026
EK202310214206,143.03504596350786
EK202310178372,149.6281891988686
EK202310243735,140.44409992471964
EK202310148264,139.82218565128753
EK202310137796,154.01783993153782
EK202310124924,143.8492865490463
EK202310236432,133.66325858691545
EK202310175676,139.9895771043198
EK202310235955,143.12831765611136
EK202310198947,145.64397274101847
EK202310134055,142.07159352278973
EK202310174001,139.03367810024864
EK202310115167,147.17574312532273
EK202310127593,143.43762107125454
EK202310158302,162.09988114188656
EK202310212755,154.12812478506794
EK202310240947,127.9275483405149
EK202310149996,135.76750980968566
EK202310150238,119.93435640555086
EK202310235315,151.04331922994635
EK202310112303,135.10297304158607
EK202310162832,145.92946991110423
EK202310168734,141.67929589630262
EK202310144612,130.25526386595345
EK202310141463,142.95557448237912
EK202310186157,137.81021942810546
EK202310196629,176.1414266533222
EK202310177781,128.50674039252996
EK202310214576,158.11070643055433
EK202310213457,133.05837100762363
EK202310109319,124.9278395975279
EK202310140409,153.56570518084308
EK202310159595,140.171236423683
EK202310221635,135.93301021152973
EK202310156425,146.7073796134912
EK202310151139,109.8496314008593
EK202310122849,137.00595433536236
EK202310149074,151.82735919056674
EK202310242259,145.35414228819872
EK202310164229,165.16997577114594
EK202310193843,158.96138867492303
EK202310206163,134.0183431388056
EK202310226035,137.88047665515177
EK202310152221,152.48424898754234
EK202310105803,127.42720998415103
EK202310226363,128.1125685473835
EK202310154688,149.21559936907207
EK202310176650,127.38603272707778
EK202310145747,128.69794986837638
EK202310211584,133.33523214936764
EK202310220442,134.4792355528861
EK202310205364,143.4474360079578
EK202310247943,146.66119549566443
EK202310211494,133.09956593318208
EK202310223193,137.70305402683672
EK202310192188,163.80565596969194
EK202310182827,143.86357697089653
EK202310232562,154.83409241612958
EK202310133290,121.69584980000609
EK202310158696,133.47269050699035
EK202310217289,137.66824968163775
EK202310160255,155.88202748621316
EK202310153931,134.315459439221
EK202310152474,125.6746656988968
EK202310202098,155.66675491064984
EK202310222372,157.54485603037307
EK202310122551,138.62255085801894
EK202310189977,161.253820651298
EK202310235124,157.00511755329563
EK202310230811,146.02006170690615
EK202310139101,155.59273285916134
EK202310172491,139.32478272814976
EK202310217910,124.71880727561415
EK202310111343,133.26265677894025
EK202310003655,140.0359410415241
EK202310143114,135.2379547742867
EK202310199189,129.3274992865158
EK202310216615,134.7274137953527
EK202310191841,141.26090617976135
EK202310125751,131.41554990216954
EK202310138803,156.25247265282422
EK202310164581,144.54491247614365
EK202310208664,160.74253219232588
EK202310110520,133.516375864913
EK202310121702,150.71916852547574
EK202310217544,132.13910286536262
EK202310230128,139.7011998657899
EK202310143116,148.37762948577497
EK202310240904,115.7212484128168
EK202310119417,157.5107470878821
EK202310140166,143.00576135303245
EK202310173685,141.24091421474319
EK202310183555,145.22614929752282
EK202310184119,142.47599064921465
EK202310107937,149.656520490231
EK202310212966,141.5336619931271
EK202310161552,159.52539773812444
EK202310176844,139.61068269512222
EK202310106215,125.40639099440472
EK202310114075,141.3123540221712
EK202310130063,154.21556156970203
EK202310205703,139.4031763537142
EK202310197515,135.27510657579947
EK202310211815,125.43512954213124
EK202310201003,148.84132873661963
EK202310230991,126.34962072474826
EK202310117518,149.17470777227334
EK202310197246,154.99324236806928
EK202310172663,130.71615558762693
EK202310139483,149.8564457050731
EK202310129316,164.67559210420077
EK202310152009,151.92393532937558
EK202310202611,137.00044233346134
EK202310226354,137.12274125185314
EK202310117193,142.22028181612717
EK202310118713,146.6573723137392
EK202310172411,167.40417067454297
EK202310219644,129.16353105411787
EK202310213531,142.87278345851774
EK202310242803,133.41092275670928
EK202310152661,153.40935547079135
EK202310152241,138.87477539249525
EK202310229787,149.1426755074075
EK202310242437,139.09288936945444
EK202310108706,150.198360523134
EK202310185541,146.18428831641842
EK202310164254,153.12254933885697
EK202310169434,136.7946766084764
EK202310140161,134.49567192206592
EK202310140926,164.08870009408164
EK202310144378,142.95552526681962
EK202310207675,130.10114158666983
EK202310176041,128.57769317129174
EK202310179507,156.2646475902261
EK202310217262,133.15241048643816
EK202310212384,136.25739411927935
EK202310236809,135.74787408193117
EK202310210937,129.7234915866875
EK202310146509,143.3919385320128
EK202310208359,147.21723468133376
EK202310196964,159.65400499551313
EK202310121297,138.57447990968137
EK202310125054,143.55747180143652
EK202310150801,136.93439141691505
EK202310124068,148.39276522553996
EK202310217152,148.8973229927705
EK202310213127,138.15242429256026
EK202310138002,144.7919533927929
EK202310137999,144.11120926430334
EK202310120368,148.0692012557005
EK202310139442,141.4772712418652
EK202310130726,129.4836918978988
EK202310227013,139.66899991413882
EK202310120427,144.5922259360537
EK202310178312,145.92288022597526
EK202310174421,136.29808654263334
EK202310152720,165.44283944055115
EK202310244641,144.59881773193635
EK202310207759,132.85939582504284
EK202310150664,144.93739700148063
EK202310130175,166.82774254274284
EK202310218396,129.78491614488118
EK202310200848,144.00327469544425
EK202310169858,134.95706310275386
EK202310167529,155.21325270746624
EK202310105681,134.64901776915784
EK202310120146,137.59661175645894
EK202310119589,152.45608774258656
EK202310116721,144.2612639197305
EK202310167292,141.7571991017538
EK202310184949,158.08760410536343
EK202310114495,137.75464190082604
EK202310196817,145.18294370183207
EK202310247795,125.26597100798332
EK202310182295,151.03685363409053
EK202310104403,144.17207821478908
EK202310145319,144.62813860526305
EK202310180791,159.5259946331898
EK202320006323,148.03758022911228
EK202310240533,146.7827646146601
EK202310127909,160.00534719846974
EK202310127901,149.58564832194023
EK202310152050,128.51203905572885
EK202310129455,138.15997415835156
EK202310109106,157.38385040379876
EK202310131756,144.76330027766377
EK202310237136,141.80835724291103
EK202310120314,152.1982458757128
EK202310148251,144.00775726003235
EK202310138226,136.92474866270555
EK202310109018,146.18492705758214
EK202310208749,141.64902673896094
EK202310003722,148.8866612909883
EK202310231839,137.0821451474372
EK202310221232,129.78611092991682
EK202310216059,114.99686956205366
EK202310225575,148.50689571783028
EK202310106813,151.08676855998948
EK202310165461,137.88984760070068
EK202310233667,142.66699568821332
EK202310155049,138.74369772598754
EK202310114377,151.16483158916367
EK202310231905,128.2891797357106
EK202310205554,133.8662950808404
EK202310158652,123.85616770316555
EK202310178116,121.81605846926524
EK202310206509,153.88443530644977
EK202310203355,165.06657840268932
EK202310242205,152.18965908198996
EK202310133154,122.03133123947259
EK202310227076,134.1751589050816
EK202310138977,146.6003576168971
EK202310227762,132.39140420644748
EK202310176853,133.8014604067239
EK202310162306,133.1546119723788
EK202310210652,139.03745866412746
EK202310231471,123.39322967857305
EK202310198811,151.7490043297677
EK202310194755,139.65463160786592
EK202310213637,134.6695125066718
EK202310216935,164.83221507700662
EK202310148553,168.62972296242015
EK202310118079,128.38694790330365
EK202320006148,171.9045111775188
EK202310169315,148.82989395726517
EK202310215478,132.31098054707314
EK202310193163,158.50265886326997
EK202310166480,160.48800346821594
EK202310121860,136.895921871384
EK202310229325,133.5332562752131
EK202310178140,140.78833397351713
EK202310217881,142.86847929782496
EK202310172603,149.53015088519166
EK202310172232,133.90502457025732
EK202310215413,146.0357502533079
EK202310200194,151.2431843473741
EK202310212870,140.20106425294964
EK202310152587,155.55232178840103
EK202310138105,145.28692707241638
EK202310184620,146.58569060551383
EK202310120222,136.9317655846352
EK202310181510,148.79890630062587
EK202310209297,138.68614352395025
EK202310114316,128.96356468027946
EK202310122992,146.24997953691877
EK202310169594,130.26498932986968
EK202310130080,125.25550401836439
EK202310133522,144.25805098998688
EK202310248335,144.62195521050873
EK202310146609,136.90058182011313
EK202310125379,132.87802673550024
EK202310138254,145.17724944436128
EK202310148644,136.0782802057256
EK202310142229,152.55254267934586
EK202310179390,163.18558003228156
EK202310122502,131.60323932320438
EK202310132067,145.36518905596694
EK202310139033,147.24819792788884
EK202310174868,157.99129981755806
EK202310135426,144.45364168180768
EK202310159611,130.6901659163705
EK202310201750,149.04359826232155
EK202310182771,147.18465784084444
EK202310168375,137.55971128083007
EK202310238925,152.96252889776525
EK202310220283,137.52311137763624
EK202310141586,148.789352819223
EK202310121160,134.4382428759835
EK202310231913,143.158241260667
EK202310180283,130.97201471231426
EK202310131842,169.20276263694126
EK202310188406,144.13795815198225
EK202310154032,157.18584878120345
EK202310108823,164.2408226342687
EK202310120117,145.82778795824794
EK202310247965,163.32780089417673
EK202310229128,165.9434869271107
EK202310150441,142.0118929390517
EK202310211128,144.40048894765005
EK202310185601,143.63076327157106
EK202310160008,146.68211920738
EK202310229066,136.16056881036926
EK202310180392,119.78132556069482
EK202310119754,146.76121515367691
EK202310156284,136.68084549113843
EK202310202853,147.69571418788158
EK202310122376,161.8428514950561
EK202310233034,157.2558922787634
EK202310201718,131.67530187593528
EK202310195404,127.67914369830653
EK202320006623,172.67980931605376
EK202310172346,124.20770331150237
EK202310220369,158.42861016450738
EK202310133576,156.62654745801714
EK202310203386,170.56805905670268
EK202310125524,135.68852764951018
EK202310183338,124.79535345630416
EK202310199400,161.3913297579692
EK202310232929,117.60755015951094
EK202310144777,155.76870605728578
EK202310206148,143.06508423409872
EK202310163892,135.64233075166177
EK202310226194,133.93400690554157
EK202310229083,138.4092415242011
EK202310242355,138.68547365997105
EK202310153019,127.79826189541681
EK202310133725,169.27906386856262
EK202310237397,134.65229988077456
EK202310108761,139.83418179430646
EK202310202125,132.1469057420466
EK202310223149,146.94528784496552
EK202310211064,146.23020127361363
EK202310206726,170.2279320217122
EK202310239457,130.44165773447844
EK202310131359,131.37038662041564
EK202310225966,174.1839626877979
EK202310162670,144.0673703699288
EK202310112377,156.46155430168508
EK202310161138,120.91882228137462
EK202310143575,121.15876800726701
EK202310140582,139.7721426608973
EK202310106691,156.9987368486223
EK202310106388,129.40562615780507
EK202310132651,132.36286038493762
EK202310235986,148.18128539926374
EK202310116284,147.21448019769872
EK202310243775,171.46575644532322
EK202310129332,152.0168503557369
EK202310004513,120.03870360914658
EK202310148366,127.45065934087427
EK202310127277,151.08041610308356
EK202310197024,149.36035651840447
EK202310132043,124.55620999462789
EK202310109603,127.5288361757059
EK202310119816,147.01301170184115
EK202310183299,145.11229778817642
EK202310157782,144.18278425860788
EK202310240073,143.74482605305016
EK202310124263,147.69812905833686
EK202310118878,131.94963109569403
EK202310159933,135.09719110582517
EK202310235851,139.65109702472208
EK202310199705,166.8470988118226
EK202310121857,144.7809541906256
EK202310135337,162.45248948987413
EK202310116218,142.28280304737493
EK202310247152,140.3265734521247
EK202310213364,158.2040371131645
EK202310117331,141.7005844649558
EK202310220060,156.55818240515129
EK202310113433,160.84904437995772
EK202310200316,142.4020036412164
EK202310204117,150.03919133593962
EK202310142962,145.97759368693582
EK202310149474,156.1641168448811
EK202310156319,143.2381459724648
EK202310111297,133.61988216032867
EK202310149401,158.48743323781488
EK202310141738,135.33292662253632
EK202310219293,138.84573415074786
EK202310228805,137.4171777785652
EK202310232975,130.54314339379107
EK202310238431,140.0722929293926
EK202310191477,149.58776528948354
EK202310107521,153.26449743738328
EK202310126862,155.50475658419398
EK202310116842,148.09187052625302
EK202310220332,139.7304062024007
EK202310191222,148.11220354891697
EK202310142584,137.0150728771576
EK202310181821,135.7065714353301
EK202310193376,128.07480364769822
EK202310220744,141.24698476678788
EK202310146397,130.24328860064168
EK202310168910,137.34457300097029
EK202310230593,139.98046564530546
EK202310228617,136.95524756823522
EK202310155826,151.45396339072948
EK202310211936,143.00609933015502
EK202310210374,145.08093299158872
EK202310143369,148.90525031905742
EK202310226681,144.0468303723234
EK202310222110,147.89623033359834
EK202310237461,150.3742982193984
EK202310004906,135.10219428595843
EK202310242700,136.88558442058914
EK202310205947,127.09294283068479
EK202310178378,149.40401947933387
EK202310165711,163.25265573011902
EK202310169499,141.7669225480356
EK202310146580,149.04337822250812
EK202310213522,125.11621922964167
EK202310236119,160.3922636021649
EK202310223991,138.32375479290897
EK202310121767,146.2133355706459
EK202310188210,145.40475957362582
EK202310160523,140.45710966449212
EK202310109762,149.15217327807355
EK202310171055,135.74298851609936
EK202320006726,153.94330739067934
EK202310210705,132.5264456964583
EK202310152215,145.52047842820872
EK202310125726,137.89766210610554
EK202310172100,140.21947773976356
EK202310003880,135.7560894233318
EK202310128330,148.46769287662605
EK202310112999,137.682490216824
EK202310201791,156.6215816968648
EK202310124897,135.63535032814866
EK202310218886,154.55875351737706
EK202310166286,149.79850885446908
EK202310214269,135.86867411317536
EK202310131160,151.81590296855242
EK202310189137,126.63333106315558
EK202310118145,138.6311485525839
EK202310182255,137.8843422272466
EK202310177007,148.97143816845403
EK202310205755,142.70482697429676
EK202310135629,131.36896214381352
EK202310232047,126.78945457861214
EK202310171967,146.74885091414708
EK202310184827,169.16000975531827
EK202310131897,167.1183990680492
EK202310152600,164.1281570683023
EK202310184315,154.36506643924423
EK202310106757,139.04696304654416
EK202310145774,136.61286357396497
EK202310134477,140.26508458881253
EK202310221434,135.3242572640856
EK202310183603,139.5950959918943
EK202310191157,147.54547521328564
EK202310182657,124.57121089851063
EK202310174889,163.60693045346244
EK202310118138,140.89135723456653
EK202310157349,138.7602455388785
EK202310143539,136.71397727035475
EK202310106752,136.69501269634657
EK202310163158,161.03806550997678
EK202310132302,138.50739136642457
EK202310198764,172.21644345993926
EK202310237390,130.88261154811877
EK202320006875,160.09080983408654
EK202310144420,129.92703754081327
EK202310238324,132.63750877937068
EK202310199756,154.19546331673396
EK202310226741,124.43253780170582
EK202310207205,161.9965756697799
EK202310180418,136.0626930626857
EK202310110312,129.77021091661007
EK202310119768,149.83009975656535
EK202310225430,147.3738196346417
EK202310217204,149.38332451614477
EK202320005824,160.53340199873583
EK202310199269,145.98708884963878
EK202310199501,139.69275740249762
EK202310158676,150.00893421389114
EK202310224293,140.97927628393276
EK202310232892,142.5052756885781
EK202310225252,155.39337536028637
EK202310113567,138.78112690807993
EK202310224840,134.2905764940515
EK202310109292,137.40272756100498
EK202310226200,141.93452274949604
EK202310239680,126.38263070179187
EK202310173548,145.61276582303717
EK202310235032,139.08595356138147
EK202310153501,130.12638091953718
EK202310124943,153.35799717153103
EK202310164539,135.70640347052387
EK202310230792,116.95512575434726
EK202310218099,141.20270233052435
EK202310229998,137.9869310181347
EK202310157394,141.81987163840358
EK202310226677,135.03218146371643
EK202310165785,134.6253881496276
EK202310148800,159.47983399309808
EK202310140528,150.30341607918265
EK202310110007,134.78618894947087
EK202310218212,128.4290053948505
EK202310237319,135.27153089532928
EK202310113425,128.12828411614066
EK202310193343,151.58447547218495
EK202310111647,144.47260666386507
EK202310219959,139.07432472221976
EK202310171010,166.78767707462123
EK202310113418,132.4893923830297
EK202310220109,136.0686000119978
EK202310231986,136.96019300712652
EK202310163423,135.27168117322418
EK202310155174,131.8461168625808
EK202310184525,149.95947164953918
EK202310229347,151.5335034744627
EK202310142923,149.22469738508974
EK202310210269,126.44663300140904
EK202310196636,132.77047246200254
EK202310158355,131.7162838501452
EK202310150025,163.8310171287133
EK202310208520,163.41355949262373
EK202310144006,144.47386493345422
EK202310142308,140.02755121129343
EK202310205760,144.47480700771757
EK202310237299,129.58223595083837
EK202310163552,138.28766483640126
EK202310221189,141.67618896287493
EK202310129583,149.3052307283352
EK202320007854,152.37921831995553
EK202310177946,140.49055791524407
EK202310184968,146.44992409420124
EK202310146300,147.6216643309971
EK202310104019,122.06215250470461
EK202310197813,147.24802200699446
EK202310175869,141.43923852338017
EK202310179266,140.45297756454184
EK202310167362,133.89880235915285
EK202310104210,129.02898207432585
EK202310202549,153.68589338990017
EK202310191743,149.57036951916226
EK202310166413,139.64393904368853
EK202310203749,133.06049555432836
EK202310165306,146.25080834131413
EK202310216846,148.40412540055038
EK202310198888,132.52905150217342
EK202310229697,129.6975878493413
EK202310105578,143.5880956689788
EK202310214588,162.15310041349426
EK202310201136,164.47802173672605
EK202310228123,139.21517370490545
EK202310110127,134.63715016043253
EK202310247206,156.42348242434778
EK202310121901,146.45675771933287
EK202310166880,155.90876270499774
EK202310118097,130.27243336778474
EK202310142606,150.15268603989762
EK202310181131,138.4862614376871
EK202310211240,127.4246638659772
EK202310240803,147.37906671028298
EK202310188331,141.46468594581003
EK202310190398,144.6271568641419
EK202310192965,138.84932175553314
EK202310238010,148.33889659968395
EK202310184509,158.29231320020403
EK202310156014,137.71171717473084
EK202310175583,162.28813535671685
EK202310155000,141.44311658948553
EK202310243443,149.6058174900677
EK202310218044,126.98036906568416
EK202310170653,157.06279478151498
EK202310182360,152.9515399338847
EK202310170068,125.90900765535082
EK202310217301,131.87060136729
EK202310227388,138.28233335785163
EK202310168221,153.30532214790412
EK202310182297,128.97702585865161
EK202310222399,130.00587312536092
EK202310231989,131.69858460753366
EK202310170400,127.15674109626875
EK202310192873,153.92908156757912
EK202310227069,125.30169925283639
EK202310167053,137.94813683094984
EK202310127994,148.35697903772555
EK202310158796,162.85487219362452
EK202310185789,131.96975820313406
EK202310111478,149.18127658227823
EK202310175233,163.71377096967615
EK202310129973,130.75359913688698
EK202310172495,141.85371001093515
EK202310107866,148.58935828431166
EK202310124298,128.29699233147016
EK202310225001,122.26523822539482
EK202310124145,121.91494831058492
EK202310127463,135.2376498936514
EK202310136106,178.3377158400582
EK202310105453,136.5837863939192
EK202310175015,142.29052202784996
EK202310230922,141.55227465382188
EK202310238898,172.9668711837359
EK202310208522,158.2010894743264
EK202310178681,167.8622961557861
EK202310141116,148.5159429492032
EK202310004001,155.81554290747192
EK202310191798,139.5045955970422
EK202310201918,134.5440744404723
EK202310108606,148.12420700510214
EK202310220064,142.48315175938853
EK202310120614,114.4978737045968
EK202310131340,129.19632577639803
EK202310151419,167.4985440400991
EK202310221165,138.885579498186
EK202310192641,149.4626094628956
EK202310191435,145.20932622371436
EK202310232224,129.95963218931232
EK202310224387,126.42995604688208
EK202310145906,141.34487384692807
EK202310230764,131.23546816111607
EK202310236583,133.07333999624313
EK202310157601,125.16870922019314
EK202310166668,146.37935996147127
EK202310244790,142.31239742090344
EK202310127133,149.50171897304006
EK202310004413,163.21929707389788
EK202310238475,138.87708019435462
EK202310136559,129.120474567044
EK202310152026,146.38059609083192
EK202310180741,138.9736038006483
EK202310221752,149.51774022689366
EK202310228294,118.86109105634567
EK202310231601,143.43223799713255
EK202310238106,138.21539343286858
EK202310175909,142.9648242941848
EK202310165153,113.65184533587289
EK202310105565,133.23176872232347
EK202310185347,152.94739737726425
EK202310184004,162.5832559414402
EK202310183138,136.25773840360324
EK202310113152,134.6829494640486
EK202310199569,158.8728869905536
EK202310151037,157.9390922689714
EK202310106219,128.15719385774514
EK202310106185,141.71704628650818
EK202310164530,149.86063865235238
EK202310166239,146.99605457986812
EK202310108760,158.11936252195056
EK202310108861,139.2506946319728
EK202310177413,159.16215069436313
EK202310211129,119.96876125505148
EK202310229184,146.39377082086102
EK202310209428,161.7323645535563
EK202310228583,145.51781259508684
EK202310120692,161.91713218742964
EK202310137642,131.1800519928065
EK202310245435,140.77465375485144
EK202310159599,142.93668438123137
EK202310148010,154.71917161413035
EK202310129728,158.71417566928662
EK202310114201,143.89160841786895
EK202310207474,164.6224932819441
EK202310158602,160.8890870758314
EK202310197691,161.06506612556845
EK202310235040,146.01034278567542
EK202310129119,155.6491327908106
EK202310142174,153.13584085335918
EK202310191253,136.2579441421857
EK202310241141,138.23324096649557
EK202310144017,143.22649956794865
EK202310182852,138.66077620243826
EK202310243301,140.05374902299565
EK202310176307,153.35369550157367
EK202310209283,146.97719706221596
EK202310216003,138.64791365804456
EK202310246200,137.75171296396897
EK202310173196,126.25575225051855
EK202310122833,134.1779796691805
EK202310118540,141.67522698988515
EK202310168622,152.4373501267729
EK202310174271,137.47059319184766
EK202310201560,162.14535106253237
EK202310113325,128.0271613936591
EK202310172664,133.3534133958076
EK202310192162,158.7656992573566
EK202310134544,129.77998719401455
EK202310222337,161.61361455887416
EK202310199226,145.42635534675117
EK202310214101,167.39045241898367
EK202310188611,152.62601181379648
EK202310220799,138.47177849461193
EK202310184861,146.6430087052996
EK202310106782,134.04090352586365
EK202310232084,130.786365658193
EK202310178435,150.14386862358714
EK202310165952,148.90893574819557
EK202310141382,149.22567965370138
EK202310163439,148.80023917707865
EK202310205428,124.08085156641275
EK202310178086,132.13276237227342
EK202310004022,161.1992683761346
EK202310114303,148.2240851149652
EK202310104436,137.6048115998248
EK202310240015,154.26399751158107
EK202310202741,150.86465779054365
EK202310226747,144.31189277760774
EK202310148639,133.52913016199412
EK202310117683,129.07665744713867
EK202310232945,122.21456611272035
EK202310220108,165.1141618135167
EK202310172683,138.37187835081193
EK202310104609,123.51172582932551
EK202310182165,138.98805661818787
EK202310112029,145.1143193273223
EK202310157969,150.4899204163999
EK202310120703,126.73838884246922
EK202310191410,136.25468295749613
EK202310156166,135.676389342096
EK202310248074,155.23278667163925
EK202310175176,128.0106227422746
EK202310194239,148.02779188163146
EK202310162582,136.37710965950686
EK202310218787,134.95825244637834
EK202310228638,124.3758136498613
EK202310139489,168.46062644536403
EK202310210571,137.55471924457865
EK202310143902,130.42362674474114
EK202310198163,145.56451540394806
EK202310166041,166.54112725041512
EK202310242789,161.3346206447354
EK202310202040,161.58661176620916
EK202310194102,141.08268563061432
EK202310210845,132.19151109005497
EK202310193409,162.997726443526
EK202310241561,144.5221711808129
EK202310129327,149.94938304810944
EK202310145599,167.32450344616407
EK202310155246,153.7817687780543
EK202310204706,128.62532910412165
EK202310218784,150.90255848804728
EK202310243990,154.7899911892124
EK202310137899,132.93708431393014
EK202310175650,132.5418080691805
EK202310234991,147.94899300683196
EK202310221501,136.07698382538084
EK202310117760,123.69382385648672
EK202310209924,125.65055204984367
EK202310158508,140.92104536993943
EK202310188607,147.8077243128658
EK202310176707,152.53828972235374
EK202310241804,150.22193957463801
EK202310130229,151.5292655240864
EK202310196748,137.11759314454204
EK202310226961,135.03528688401116
EK202310126275,125.9626780698592
EK202310182346,163.9049795259572
EK202310215287,148.37661492608675
EK202310186469,171.84520104721045
EK202310147351,135.7826156529803
EK202310227063,145.70773450582303
EK202310239630,132.17634449422047
EK202310202315,146.4476839106032
EK202310151573,133.7725324681949
EK202310229182,136.73570262686655
EK202310197801,135.244823163307
EK202310247336,176.00885090125738
EK202310183064,130.4535753713887
EK202310200957,160.1896322435056
EK202310112953,144.74218970789778
EK202310185221,140.0750770171581
EK202310176129,162.552637115673
EK202310171777,127.50736288039145
EK202310186071,132.6115199698427
EK202310206123,139.00177987967035
EK202310217431,154.91951814771073
EK202310171470,112.42895794553121
EK202310246028,149.80369197373304
EK202310145970,138.2315714763308
EK202310234938,123.85703290731152
EK202310156116,126.64961191162976
EK202310116714,134.3966794202067
EK202310212797,138.9443746376629
EK202310138938,150.36960051630223
EK202310148128,142.6169214502493
EK202310175673,135.43201608472182
EK202310238664,137.51357017773893
EK202310190836,143.26893610542615
EK202310196156,138.9826076051566
EK202310132459,139.76830729706924
EK202310159062,134.4632270361486
EK202310147832,164.49725972114254
EK202310116029,145.2709981129483
EK202310203822,143.3085801465332
EK202310223388,150.37498557599648
EK202310208656,151.74302462262978
EK202310003650,120.54536709062486
EK202310163159,136.27798699436238
EK202310188703,147.00004040983194
EK202310144864,132.45043079783423
EK202310156884,144.67500861798527
EK202310216506,145.80464759511503
EK202310220197,142.1316399008403
EK202310234667,138.9962173497258
EK202310203255,147.0535242217853
EK202310105960,132.33907720102152
EK202310115804,139.79985185172387
EK202310246112,138.9224164300372
EK202310168025,157.18854530772956
EK202310178472,135.17927804680326
EK202310181975,146.07360955974278
EK202310132905,142.5141974196872
EK202310113841,134.13165405560574
EK202320007828,161.58413355275815
EK202310192867,150.19415665911018
EK202310109054,133.42078321319747
EK202310236216,138.0603515004497
EK202310170777,138.66069137268408
EK202310166144,129.631283517144
EK202310201844,147.56424219007198
EK202310123470,131.93479313738382
EK202310224526,121.66153020706618
EK202310151158,130.59332202013672
EK202310184295,142.052767000507
EK202310124272,146.72061127487635
EK202310162944,151.91305589819672
EK202310224817,128.38991558648328
EK202310172859,153.249391862027
EK202310137191,126.29092271614095
EK202310140281,141.04879512822626
EK202310114907,142.72581992462656
EK202310122165,138.12623992852284
EK202310215454,134.41939272253035
EK202310243142,128.19397970913013
EK202310164187,139.6942358266012
EK202310225253,133.30973000143922
EK202310174458,174.66737433588165
EK202310176969,153.15219864376718
EK202310219479,115.78874011382754
EK202310119494,150.80474294487732
EK202310123405,135.82128508686586
EK202310231534,116.26683288986182
EK202310222489,141.00634505861672
EK202310111149,150.81019042155282
EK202310184714,129.80431459399261
EK202310196844,141.53764252536453
EK202310232521,133.20111726162003
EK202310184622,173.49328395755427
EK202310118852,141.7419191217734
EK202310168516,162.82388898579728
EK202310178071,130.08870076576932
EK202310149839,139.3373152794191
EK202310184305,167.29598104833875
EK202310222961,134.35544526524566
EK202310197108,150.04275153127998
EK202310244680,131.92123556385312
EK202310164685,152.48440967462292
EK202310153568,152.82290261844895
EK202310204533,142.99427837466277
EK202310243304,143.59043708727043
EK202310122606,141.52233001248575
EK202310107843,146.3627288025762
EK202310195481,141.04897769530902
EK202310195622,137.47805780701
EK202310185200,136.8453383450749
EK202310127597,141.70267067415216
EK202310145627,131.38868541037417
EK202310157400,126.88483711201485
EK202310226857,143.4602252077459
EK202310127964,145.80529627130758
EK202310179573,158.08170352119026
EK202310212013,146.08827389724243
EK202310226545,137.07580370614465
EK202310166825,134.9834894261185
EK202310163867,161.82373969933897
EK202310196745,143.38269231685712
EK202310109208,144.58788780018477
EK202310205143,147.42025320842558
EK202310136525,150.20879299036466
EK202310159137,137.9368319119322
EK202310238980,141.7915434749619
EK202310121185,143.3881006438526
EK202310142061,151.87584192158187
EK202310198507,141.64346141561813
EK202310184870,150.8690844164497
EK202310155208,140.69344556141817
EK202310124725,118.44841252447789
EK202310103880,145.13833672018512
EK202310246880,140.89352166459997
EK202310190191,125.5839973809232
EK202310241383,136.59627340345023
EK202310109761,148.0898211363352
EK202310218045,153.1698861768701
EK202310208985,136.4312390226971
EK202310126092,132.25776151162395
EK202310247678,157.04905703146005
EK202310137747,144.44660576607987
EK202310201825,154.34954603751473
EK202310130845,135.07289678749288
EK202310239295,132.6339048031941
EK202310166294,150.51238078262776
EK202310211671,140.9579992999287
EK202310248376,131.63710454826702
EK202310188903,155.95041769402727
EK202320006661,175.4310395874664
EK202310157204,149.20273274279594
EK202310222542,127.8355573906106
EK202310182598,143.2891920777785
EK202310128634,161.3528393296325
EK202310137926,141.09774169806468
EK202310197018,132.2780653694217
EK202310184643,167.34580871276836
EK202310217014,145.17556847401752
EK202310200280,139.6838084000572
EK202310183028,132.98062763576118
EK202310106142,120.17208631278372
EK202310103822,144.4290741297173
EK202310157052,139.99471281784182
EK202310122614,136.41088500052814
EK202310155664,143.23261410595674
EK202310165913,127.41867214479507
EK202310191203,145.85591503719007
EK202310119226,131.6952491557007
EK202310234080,152.53448373430084
EK202310196735,138.63890258178824
EK202310149314,141.22633655589422
EK202310155188,134.56180643408976
EK202310114860,146.0801390386086
EK202310118865,151.83247225388646
EK202310160832,137.81738588008318
EK202320006619,163.05201248952102
EK202310127739,136.9175694977918
EK202310115501,134.60265344843216
EK202310166491,171.64037696495043
EK202310197828,161.74265833261705
EK202310242137,132.73283401031694
EK202310235787,141.14340090733197
EK202310220464,148.81972602729047
EK202310112649,136.98963266898986
EK202310110214,121.17973981308327
EK202310164835,141.9856680137414
EK202310204462,125.26752386065543
EK202310187862,163.98297144696124
EK202310131273,135.10699122359452
EK202310128020,149.7046619233756
EK202310204211,161.4789729901056
EK202310208246,132.1046532539492
EK202310166450,144.958743393793
EK202310171141,146.9433207023245
EK202310159355,148.11689911233137
EK202310194303,159.36013759599888
EK202310214928,137.4614108189909
EK202310122215,149.15010443747002
EK202310175732,155.29479655221482
EK202310195150,145.54932728739175
EK202310160826,139.44540319067266
EK202310159966,153.36004924720078
EK202310158608,137.96433796006238
EK202310243112,149.19894177060047
EK202310109607,154.7708900979432
EK202310149652,143.894757666279
EK202310110860,139.09941190619486
EK202310232156,142.00326634574697
EK202310178087,132.34561186369356
EK202310196125,146.28886620158275
EK202310178589,140.05524177215798
EK202310146655,138.3612124551556
EK202310176638,148.82252562082763
EK202310183451,142.81307286509434
EK202310238783,123.59145584093108
EK202310180591,140.63375117624824
EK202310180161,159.47545152045075
EK202310160060,154.09588113001152
EK202310234699,129.54683468998692
EK202310113916,143.04412838135147
EK202310227268,134.61632831863702
EK202310237635,151.06503711580567
EK202310182258,137.75421528773305
EK202310193859,147.59884655247777
EK202310153659,153.9813152409196
EK202310203955,142.6226056472639
EK202310236094,148.61876177585992
EK202310187734,167.2414123778683
EK202310216149,145.04199518914865
EK202310168413,147.96736075121044
EK202310116401,136.44521620715375
EK202310201191,170.18714729533158
EK202310190480,129.25906743437207
EK202310161074,167.51861735737194
EK202310140353,151.7721747963608
EK202310173633,145.74694619956017
EK202310158068,138.47168459904273
EK202310154103,136.59186415286715
EK202310113546,138.71399288010542
EK202310204238,121.4308993277247
EK202310104944,135.66776195554732
EK202310234535,130.1419214164002
EK202310126859,168.94677806095075
EK202310117542,145.61798355013158
EK202310210903,129.49679479983507
EK202310157130,145.71276354769876
EK202310145116,134.35516006709156
EK202310208124,141.42201803242838
EK202310245982,156.4692553611742
EK202310133043,153.8158989855351
EK202310149054,146.25107909922676
EK202310190190,145.14108525003272
EK202320006047,149.50394468338067
EK202310134850,121.33374849809222
EK202310202384,135.9353807001857
EK202310154117,144.39097074746653
EK202310133365,140.7375810548469
EK202310108193,148.858352107793
EK202310203056,158.58311300389283
EK202310149046,147.78643574262583
EK202310165578,163.4015117024943
EK202310186659,161.58532327111118
EK202310196955,157.8822991221429
EK202310197552,167.4737526859054
EK202310212202,135.81597584195123
EK202310224513,129.2991905441031
EK202310004468,161.4948341467151
EK202310216094,138.18052318522243
EK202310230966,115.17470611424412
EK202310118412,142.4292220280739
EK202310247101,128.89846228447104
EK202310178117,150.2401519508465
EK202310219876,139.47845779005632
EK202310215307,153.9466633862355
EK202310218134,152.57906727226018
EK202310221530,134.45630869699824
EK202310154982,147.72324193024787
EK202310182970,131.5107356762605
EK202310214235,161.77846060926646
EK202310220158,126.93706680769543
EK202310104394,140.47696070269046
EK202310111159,118.32160259715992
EK202310158577,131.9968821924251
EK202310110382,130.92452797722135
EK202310133639,126.9622930915806
EK202310246509,160.01008285989576
EK202310149660,148.14303211066175
EK202310168884,131.67993702796088
EK202310243940,142.85779689009118
EK202310191906,139.03654543692045
EK202310127477,139.09461946751063
EK202310225432,137.65099062271415
EK202310233319,140.27526233227894
EK202310162668,154.69221671036988
EK202310148695,173.39267292627835
EK202310178807,168.09708014249185
EK202310106771,133.01710711960618
EK202310155396,150.91634768177
EK202310189899,159.41319090713364
EK202310106717,155.22001489311805
EK202310232588,137.5737383917638
EK202310226348,142.01199949284754
EK202310109931,144.32850913440467
EK202310226884,151.22837866236537
EK202310213466,140.60194612644466
EK202310121691,128.73408938939423
EK202310198701,177.06185501515276
EK202310131737,143.71186695427477
EK202310166136,158.75038147247403
EK202310116855,148.95163676827858
EK202310138351,146.82928437839604
EK202310191381,158.19262684262128
EK202310003663,139.10590989438333
EK202310172884,173.8779752580382
EK202310185550,145.51638363875745
EK202310148380,140.67548754929612
EK202310149387,177.12418982529118
EK202310236333,130.500922084265
EK202310199352,155.84931060520054
EK202310137894,151.2042179238423
EK202310133727,164.81412855884471
EK202310178526,154.53294999171183
EK202310189610,152.55558933427474
EK202310109350,144.16791324061714
EK202310218617,128.66599199079747
EK202310109125,171.85718891849461
EK202310163826,143.5209205460232
EK202310130248,175.37155231589193
EK202310221541,145.9112122481847
EK202320006518,152.03259772303778
EK202310229391,135.08118802151606
EK202310211450,143.0594867378375
EK202310193482,149.91309992710902
EK202310198828,149.4518842163637
EK202310183006,127.79083614460458
EK202310003501,138.7661957978977
EK202310121041,136.1167253047423
EK202310211350,121.84598318809556
EK202310246075,148.82703603271904
EK202310127204,144.67690756182606
EK202310234563,134.09494230429198
EK202310139042,138.8010625205147
EK202310171256,156.02940605699936
EK202310139647,134.9529069428573
EK202310122462,134.04500300508582
EK202310144293,137.18611344691905
EK202310168436,129.53722378443905
EK202310120536,137.55683338184923
EK202310166379,156.10349995397235
EK202310180256,138.26634961274735
EK202310246761,156.50906145011052
EK202310219864,154.6139026379283
EK202310190068,171.48921564151283
EK202310181556,142.7487055924874
EK202310230597,123.36685164976652
EK202310130866,155.74947614965106
EK202310205037,153.25695890621637
EK202310209585,144.2011265523948
EK202310185564,153.57413415834503
EK202310176944,145.3478036420637
EK202310176381,131.01423048371063
EK202310141448,148.76226416151974
EK202310148056,152.5881516812648
EK202310182965,136.56818294781553
EK202310135422,147.60065175083008
EK202310122191,140.4664385935546
EK202310145667,162.3183851863601
EK202310202035,131.19559656574037
EK202310136887,124.42664654188951
EK202310200020,129.48508333051944
EK202310184127,161.0282026659554
EK202310107122,124.74044083451994
EK202310134379,138.25745935669926
EK202310211319,136.5881816513132
EK202310212855,144.94004315248765
EK202310242461,157.41465613122534
EK202310200853,136.34300293337256
EK202310200401,166.73716687169025
EK202310189295,169.08399015452255
EK202310105500,140.1702205303541
EK202310128584,150.35929826692384
EK202310209825,150.70913190697874
EK202310204586,145.72214393053426
EK202310179426,170.36632382441942
EK202310180912,144.4903478035107
EK202310173571,146.61172581829865
EK202310112070,144.82053901791465
EK202310199038,145.88559399588988
EK202310126021,139.85532604504522
EK202310155509,137.70922406855988
EK202310197401,129.24395181789197
EK202310107626,150.337006304049
EK202310105142,152.50515959521232
EK202310243059,130.76952626652687
EK202310174039,133.04834269148228
EK202310201047,156.8353899276907
EK202310204579,149.19217496363657
EK202310187739,144.3767800333957
EK202310181773,142.23552944537843
EK202310128097,150.10955607304783
EK202310222975,155.24824906228264
EK202310132503,152.57802976987887
EK202310188182,164.15734356517632
EK202310133046,152.06144913580349
EK202310176947,153.42744518363182
EK202310167628,130.34152668321696
EK202310134899,124.62295067129575
EK202310115714,124.81459133573539
EK202310225258,119.60958038057217
EK202310181522,146.79425192892273
EK202310190839,156.0496847393181
EK202310217264,140.24766843750746
EK202310123146,158.99272362234595
EK202310142906,138.90261912763364
EK202310165063,137.924549421116
EK202310004149,157.31397420015512
EK202310222025,119.5963108695799
EK202310201396,153.9041904792994
EK202310140521,160.36232111559693
EK202310190410,149.92227068735932
EK202310237623,122.7751291107378
EK202310207648,137.96555560195534
EK202310150068,152.6500883570188
EK202310199516,145.320039130761
EK202310214499,159.08045322119753
EK202310193968,149.33965796572812
EK202310199178,125.4527497730115
EK202310226312,138.74317826687806
EK202310171202,143.11813467730204
EK202310136385,157.47045078477322
EK202310240675,160.09281788693863
EK202310131075,147.21776987110178
EK202310213481,123.15578640997367
EK202310212831,151.9478873667991
EK202310163142,147.70118788182003
EK202310107446,128.76754736402168
EK202310157890,147.92706110016667
EK202310214663,139.07993584254402
EK202310163666,133.47698517658088
EK202310117353,142.58387665977
EK202310209794,123.05187092714223
EK202310123734,146.07846498624738
EK202310224602,137.47702767167684
EK202310218073,152.8788988453555
EK202310247816,152.16739591239184
EK202310234711,128.40435730692028
EK202310145443,149.83505557788718
EK202310246298,160.8322688031942
EK202310110010,145.0468053493657
EK202310159895,163.36197237631902
EK202310111143,139.88982976282878
EK202310209834,140.67508329889327
EK202310209444,145.2765033904803
EK202310192938,138.24240508499267
EK202310132559,121.8445738055146
EK202310152101,154.65217519471395
EK202310180196,128.37826569582043
EK202310194423,119.06807156445805
EK202310200390,150.83756695606564
EK202310180474,143.77538716193078
EK202310116603,146.7793201475468
EK202310171924,129.85337977635362
EK202310212746,151.19866697675832
EK202310146529,147.25171526292937
EK202310215859,149.28558935652555
EK202310141533,138.31963336890738
EK202310233067,141.1147569182971
EK202310214675,153.6438580869207
EK202310148386,155.71816131271171
EK202310168758,149.51341791635653
EK202310222971,137.1743601843608
EK202310109333,152.23363105983327
EK202310243241,149.75022797751438
EK202310146985,147.21314619774768
EK202310232878,175.69116719047494
EK202310234120,130.47287048134473
EK202310162882,166.04637877774246
EK202310190206,128.98176910185083
EK202310159348,166.44971634398365
EK202310201231,153.02139192675463
EK202310178530,161.09129226380605
EK202310189794,148.20444838609095
EK202310236784,134.45270506087402
EK202310175553,131.23632282718373
EK202310241797,144.028072108774
EK202310114344,154.43757124426094
EK202310239590,150.23344684240848
EK202310227224,165.94420202486657
EK202310121744,135.94836101654658
EK202310003715,146.57711241078604
EK202310116073,135.9624880196105
EK202310197067,138.1101693711064
EK202310115532,143.22844707218252
EK202310217365,152.25346092836807
EK202310148754,156.3580342882893
EK202310109024,143.2964830164073
EK202310004073,134.62984129149044
EK202310198767,141.99132314865506
EK202310125904,133.98932272144847
EK202310189747,140.3778270731985
EK202310121824,156.419599202578
EK202310183939,144.72533181792517
EK202310207963,136.73027835097216
EK202310004477,118.21879638075214
EK202310184855,141.3374253002695
EK202310121710,133.26333071418694
EK202310155103,135.9424537108146
EK202310127606,151.9938920161498
EK202310237460,116.15781284141981
EK202310189005,126.79879512818158
EK202310163144,171.7862203302742
EK202310195358,165.6849766376685
EK202310114203,110.169564896468
EK202310200907,152.49527503277474
EK202310149290,154.559767725747
EK202310186674,148.57566383239944
EK202310219434,135.2967035580727
EK202310113939,135.7408508053189
EK202310144604,139.1717662005603
EK202310202520,149.17119094330124
EK202310199251,145.55287288877776
EK202310171909,144.29835134991663
EK202310197493,150.7883195023784
EK202310200738,163.57342309150388
EK202310242193,157.85620911251553
EK202310166469,146.6826366650444
EK202310179577,155.6350420531753
EK202310199333,141.44061809437258
EK202310208438,132.35825222784578
EK202310243666,144.70609614166193
EK202310113305,136.35254544223997
EK202310189666,174.29883013156447
EK202310233041,132.95287390205146
EK202310127498,156.08136349063165
EK202310208207,131.50783087760945
EK202310161596,138.86122269223287
EK202310175979,153.23969151827598
EK202310222437,136.2508618897059
EK202310139352,157.58239517355682
EK202310120360,136.36708307630275
EK202310183484,147.09923556181323
EK202310206451,133.10482827926356
EK202310163448,160.90649577632308
EK202310113067,148.44590614599505
EK202310217739,110.85930328975542
EK202310120891,131.58028810069192
EK202310144456,144.9502291853452
EK202310243976,145.35560693960093
EK202310126697,136.20780455720782
EK202310221562,129.01265460565216
EK202310245501,129.6963339277298
EK202310227085,142.55768699579934
EK202310124539,136.62537278617594
EK202310113359,149.3990060715927
EK202310127238,150.80235909266185
EK202310186281,170.73709682922345
EK202310231780,127.50318028606446
EK202310218693,130.99707081233416
EK202310166062,133.9308322976648
EK202310194807,156.05109388899464
EK202310145164,145.73974353242502
EK202310139520,137.59313194718055
EK202310202232,155.48257058635426
EK202310106234,132.36457857441175
EK202310150099,127.80339191761433
EK202310148854,136.9174110326971
EK202310207751,147.85873162582902
EK202310119385,159.35413764372805
EK202310247407,128.85949831228868
EK202310187815,149.004296154148
EK202310180649,143.15770041877332
EK202310169614,125.82994659484714
EK202320007494,156.17455809559482
EK202310123604,125.6515039570848
EK202310115115,143.7175315851135
EK202310247203,139.9075623133349
EK202310128939,131.88371889808326
EK202310151766,162.72061667371494
EK202310154684,140.91437029981307
EK202310147564,145.43607376478639
EK202310217040,144.08067213915214
EK202310219269,122.38069840138675
EK202310177587,134.48284201875214
EK202310172628,136.79769935251076
EK202310193264,163.55362466736977
EK202310204129,141.1844061884886
EK202310227714,134.35834008123933
EK202310174368,158.79954447599246
EK202310115514,132.2508824640604
EK202310114314,144.86199724628597
EK202320007053,156.5496807086133
EK202310196358,151.2883808736686
EK202310223590,130.66406857724817
EK202310186191,143.7785332717438
EK202310169460,159.2827818216796
EK202310206652,167.37705369037533
EK202310176776,155.64055057580478
EK202310112945,135.5109196619506
EK202310243798,146.17450772206033
EK202310173522,125.98787513584713
EK202310147691,138.85425776422142
EK202310221131,133.5736910164964
EK202310193542,135.74041641567666
EK202310110806,134.5926936647474
EK202310140872,141.1424945389377
EK202310115723,125.5367075665637
EK202310227673,139.01042926598763
EK202310104188,146.1639556140679
EK202310176128,139.91030331840943
EK202310179757,156.7851984850968
EK202310217690,129.65802712967007
EK202310114918,145.79017048501345
EK202310160022,160.492765598399
EK202310117222,139.23608015548453
EK202310181651,147.2869530023536
EK202310202302,145.08721569063275
EK202310141935,139.30047751550407
EK202310166006,144.18055331613482
EK202310141835,161.50557220075257
EK202310113039,151.71326925055416
EK202310171526,137.03289632397204
EK202310231390,143.35245731493518
EK202310111326,126.2234371390803
EK202310104950,131.72356385503429
EK202310234139,135.63541404916685
EK202310207302,150.22444842052218
EK202310202018,118.5695034861831
EK202310205260,158.21331250220612
EK202310221441,169.85768363169421
EK202310174816,141.68591784779233
EK202310138649,153.07458819384078
EK202310208013,159.23104080070334
EK202310181493,154.48777120545589
EK202310243648,142.815601429205
EK202310113262,144.6549821141889
EK202310171352,145.26529117624665
EK202310189555,126.08241675112399
EK202310154506,146.46887346197747
EK202310227922,137.81778828836525
EK202310243180,152.35761391887368
EK202310145403,133.24589971241713
EK202310229261,133.42669657708456
EK202310125086,136.54044011710366
EK202310188059,125.64428870556682
EK202310175935,162.55905638767695
EK202310104930,131.60845676297546
EK202310207696,141.50453156675064
EK202310176769,143.3753318054674
EK202310241580,135.56540576523312
EK202310128189,133.42904081799665
EK202310116358,126.74513775728349
EK202310203206,143.00111793969197
EK202310224617,122.74400470292375
EK202310216139,122.92167119793163
EK202310175157,133.0191710509835
EK202310148792,143.78325529264742
EK202310127748,132.76270096657456
EK202310183427,144.3584296510537
EK202310151784,139.8130703887513
EK202310202141,153.35509540540878
EK202310211204,155.384583320601
EK202310230323,124.34070248673261
EK202310109892,144.99922069651603
EK202310187574,143.01407672870383
EK202310174395,141.50895039862928
EK202310205384,151.76743898999334
EK202310139355,132.5891045055244
EK202310161479,157.64442563313398
EK202310135561,129.94716228845846
EK202310165218,146.50446040450208
EK202310183022,152.254712065744
EK202310125772,117.2338470021865
EK202310105325,142.34104137722602
EK202310205291,146.11711330005375
EK202310183115,138.88574393227515
EK202310142673,140.96690758188362
EK202310144959,125.35490607689187
EK202310156704,123.80060545694573
EK202310132122,129.62350806611323
EK202310174428,160.7294295354248
EK202310238510,137.2218330486198
EK202310004299,143.36441940557987
EK202310225687,149.20271942481605
EK202310152553,151.85646773076755
EK202310180231,154.29457605573015
EK202310189895,165.12141624932434
EK202310115789,129.79754958447904
EK202310107016,149.8504446829198
EK202310174702,129.86925924842726
EK202310184083,132.44305229260252
EK202310193580,165.6770453967599
EK202310217608,154.96379266089792
EK202310143791,134.82580821149008
EK202310171379,152.49173633188167
EK202310151018,138.5450602464488
EK202310167547,138.09389824793564
EK202310113875,157.19967614798082
EK202310242027,151.21338727782387
EK202310236948,136.62068209227164
EK202310241638,119.8749121715036
EK202320006399,133.3104730436811
EK202310155475,139.43269948235357
EK202310183498,146.95555510552444
EK202310175183,139.2843390263677
EK202310212112,139.47574054467393
EK202310219895,140.51773180943417
EK202310136160,169.77471417060838
EK202310237484,131.8988322907858
EK202310165481,128.5742051025387
EK202310240928,116.42005831368206
EK202310103807,134.24284945743284
EK202310138400,147.14571965898187
EK202310206371,126.537240808622
EK202310194193,160.74488306546993
EK202310148048,151.06699395181167
EK202310215728,142.419642536717
EK202310131760,152.05659913879262
EK202310123574,140.31610250027603
EK202310141515,140.73064725867388
EK202310237561,159.27743423283792
EK202310217955,127.57929884426424
EK202310208062,142.92945923185925
EK202310163578,129.81248857113752
EK202310116460,148.44186261437554
EK202310181932,170.55524784021404
EK202310190411,158.38544654822655
EK202310229861,145.57365744138673
EK202310246656,139.43615507409703
EK202310118260,139.87645475780712
EK202310115843,137.85729415104745
EK202310170542,150.0309754368452
EK202310189836,169.07326203391216
EK202310176951,146.05021315837018
EK202310116213,162.9589574437212
EK202310128876,131.2892446476697
EK202310210854,135.22205632038782
EK202310217897,140.13219070867302
EK202310213279,149.12281525860732
EK202310203346,138.46106746306106
EK202310111168,151.7165676178395
EK202310205607,139.49246575122646
EK202310181632,173.45505097237583
EK202310163875,146.2305693126526
EK202310106796,149.8861538243183
EK202310172056,173.89863290326824
EK202310195599,140.9080231802355
EK202310140727,136.98799796939977
EK202310208341,142.80659354393183
EK202310129380,134.48610703285541
EK202310140408,158.08197845989156
EK202310196671,164.35611386072762
EK202310164630,137.6432763682897
EK202310147505,150.5699084854231
EK202310110408,148.2095511743987
EK202310189343,155.39332033875613
EK202310232277,144.6689046843735
EK202310113134,136.3543785016473
EK202310154457,149.29950277215303
EK202310192875,144.78405810387903
EK202310116376,132.3970917933022
EK202310198131,131.9090209543302
EK202310200171,146.1503036140977
EK202310200642,149.89508835530313
EK202310123172,164.164414926022
EK202310182386,152.68774858746414
EK202310148751,160.25274330374086
EK202310109301,133.85846924691353
EK202320007005,154.21323135383383
EK202310118442,139.70337498838478
EK202310132586,132.4938750146107
EK202310137853,138.71606964457283
EK202310175957,140.77105070216712
EK202310137878,149.766418977532
EK202310141392,151.80383206763648
EK202310150895,138.24023876182798
EK202310234943,115.4731513359571
EK202310180019,158.36628285619744
EK202310118936,145.6006966833247
EK202310140493,146.0864346507648
EK202310175748,136.31263918843484
EK202310139140,141.12238674234885
EK202310194407,137.32853890270977
EK202310174235,139.63908535533673
EK202310171740,134.4690632020341
EK202310135496,161.84192931195702
EK202310219315,130.94350292799342
EK202310209481,153.15834853608388
EK202310142378,162.3977096645672
EK202310213131,136.85523768272355
EK202310126847,149.48549957717444
EK202310139757,141.16216093804317
EK202310166582,166.21096483391608
EK202310177776,148.23202472598456
EK202310179499,157.99558357172404
EK202310243445,127.71024775808436
EK202310176421,143.548067851574
EK202310219058,139.73569238817444
EK202310108023,125.07146154805774
EK202310140417,161.5684586892952
EK202310130436,165.5996840003333
EK202320006321,170.8915002810977
EK202310220044,142.14913820173737
EK202310131037,141.55492501384944
EK202310248111,135.97991957229698
EK202310106861,131.54766974133747
EK202310110253,139.02460626962113
EK202310201245,154.92980256436954
EK202310138402,119.91862927099794
EK202310233866,178.61741716585618
EK202310003560,136.9399219943525
EK202310120345,128.45717899002426
EK202310201242,133.79310398365627
EK202310190427,151.0072132762774
EK202310148725,124.01807351292658
EK202320006763,155.77587783449613
EK202310196906,154.47277660235778
EK202310241763,145.59720743174654
EK202310204305,154.47897312276245
EK202310190705,161.48785509794922
EK202310107647,125.29223035616022
EK202310178205,151.61706813394068
EK202310226329,125.6321323788266
EK202310155075,157.86777679214316
EK202310161375,158.77803743226045
EK202310184194,158.372833066071
EK202310146287,144.89529446519276
EK202310151428,167.82135184445053
EK202310169581,118.34316356199187
EK202310159986,138.7902043647679
EK202310235054,137.29570724582112
EK202310232794,149.7233816127849
EK202310237245,131.09376863312568
EK202310159951,169.38092725103832
EK202310137689,138.09541664344667
EK202310104122,122.31055647335005
EK202310237215,139.58906447470304
EK202310224167,150.76189448469432
EK202310165353,147.54778404139412
EK202310003464,142.73979168589085
EK202310146423,149.2156768592241
EK202310175125,129.61452153621337
EK202310229556,151.27486514837076
EK202310227408,138.3031543016714
EK202310243062,140.4908175861039
EK202310213464,138.45660993640325
EK202310111472,146.3258083696291
EK202310108233,140.52200666403678
EK202310223065,130.82024635768093
EK202310230558,142.03484073813712
EK202320006897,159.48894500513714
EK202310200032,138.52159816477757
EK202310187191,158.76017873665288
EK202310161900,147.64737529953894
EK202310121241,136.56196594584824
EK202310225448,140.10274797782836
EK202310227739,143.4528715569038
EK202310216508,148.05485168139913
EK202310233619,141.3362079369261
EK202310233918,141.67158402792592
EK202310202411,129.2938023654354
EK202310186765,157.28005020747503
EK202310241519,135.04774554929955
EK202310203547,149.9959705136891
EK202310186570,166.3143764192949
EK202310146153,114.48201077501326
EK202310226412,141.44031321358594
EK202310214773,162.2878521847542
EK202310141684,153.22670636937255
EK202310149333,139.93813862342333
EK202310144706,136.27173988629372
EK202310104027,141.3222643324145
EK202310109413,154.47979414334188
EK202310193755,141.4804237142401
EK202310166019,153.0001424829981
EK202310203410,150.38277394681222
EK202310211531,135.79934293129529
EK202310196157,149.64545322438508
EK202310244349,150.4167590694413
EK202310145494,129.95395933490028
EK202310212588,142.97952061098843
EK202310139780,139.31508111042137
EK202310240088,149.05545484802278
EK202310111166,153.2212870037781
EK202310188435,125.72594144398144
EK202310177633,140.7967170789643
EK202310112926,146.40745578266936
EK202310234867,125.10190573156008
EK202310185802,135.295040824035
EK202310162594,169.8627819700066
EK202310180089,155.0166932812106
EK202310217336,123.98182375531803
EK202310192546,155.8422449276462
EK202310214169,135.53634684196444
EK202310140770,162.54079609590738
EK202310133498,160.0358631000952
EK202310118801,156.12475325428056
EK202310142404,159.43759726835992
EK202310147891,150.61642839310198
EK202310210538,133.14322438103716
EK202320007456,143.19518286506488
EK202310144587,138.5802729439163
EK202310124235,129.03467625633346
EK202310158438,145.60454636061633
EK202310215490,128.68578153345547
EK202310174451,150.97846352016214
EK202310212066,135.3538725149379
EK202310222526,134.94852011409097
EK202310188934,113.24809460767932
EK202310227893,129.80142472359876
EK202310181260,144.27279217697043
EK202310202577,140.06548752040715
EK202310120212,151.51792159553037
EK202310149119,158.49638849792197
EK202310154393,178.40546607579984
EK202310152225,118.09523423745304
EK202310105646,133.52196741597913
EK202310119351,124.35860597126589
EK202310148657,141.76971185791257
EK202310196509,139.56249919179507
EK202310194902,149.8208518411346
EK202310148288,132.12401083475459
EK202310215542,149.94547497336467
EK202310167939,149.2646273215523
EK202310167455,159.40298146524034
EK202310117792,125.41221420105181
EK202310173362,144.21282771211216
EK202310124739,177.00463094767724
EK202310175587,151.80355594115022
EK202310213185,137.03231913916593
EK202310152468,146.82384342122512
EK202310131120,155.55788518383164
EK202310124976,142.11074145924306
EK202310112499,157.22363075687284
EK202310195528,129.40048907524405
EK202310239210,143.10343910104348
EK202310142674,155.2246913437679
EK202310243104,145.35951174143295
EK202310237267,145.86861429352027
EK202310169374,139.65609707507232
EK202310234090,128.05706481644143
EK202310233816,149.52830594249986
EK202310196376,162.0257128029608
EK202310148225,153.25019255956124
EK202310228837,119.11400909196573
EK202310181830,143.54284259204317
EK202310191899,143.6470803860831
EK202310229263,137.27777587223616
EK202310141990,142.4659884031438
EK202310169654,149.64337616846655
EK202310123584,138.6122508908774
EK202310109674,140.84589195273625
EK202310106658,142.51050797917594
EK202310237324,122.21274666632021
EK202310133847,162.1587632865042
EK202310177544,127.96805626441373
EK202310123823,146.62116042466693
EK202310240866,123.47080898497256
EK202310200799,152.40099607551343
EK202310004956,123.48627365076837
EK202310109116,159.72360139478718
EK202310181159,149.00951425785144
EK202310128546,154.1527518302159
EK202310206764,136.46373458261453
EK202310203787,129.8776458807031
EK202310193227,137.82131978609536
EK202310157337,172.61650155924036
EK202310190691,161.07198827819357
EK202310126193,138.34522974314947
EK202310223219,128.96224268998165
EK202310161546,156.21735799476065
EK202310220676,145.30796386717827
EK202310142344,134.7586040610435
EK202310182666,122.48559534220968
EK202310217828,135.12600416552613
EK202310240257,131.61359128976926
EK202310125068,130.26014559739468
EK202310166358,154.36243822441
EK202310177216,168.58734008683427
EK202310146952,134.72776523000704
EK202310199886,165.86504271645939
EK202310147741,153.59728799346064
EK202310143091,150.5041112243329
EK202310199575,140.36661143246508
EK202310187305,159.79046390106683
EK202310222496,152.6422506565775
EK202310216424,140.29425090434776
EK202310104377,154.69323630198102
EK202310227219,124.77516816864295
EK202310140922,148.61780047424259
EK202310165008,162.99883571804475
EK202310135583,148.4075791992765
EK202310171535,127.54193688376638
EK202310219272,146.56814480484135
EK202310120647,147.493462042485
EK202310140490,146.7973339620762
EK202310173840,139.21589891501023
EK202310208109,131.8637686860347
EK202310175605,141.2952573173807
EK202310194297,143.7092650751959
EK202310116012,121.14414403759136
EK202310133738,122.46619552666832
EK202310003422,143.6802646329054
EK202310186980,163.04602355563551
EK202310157421,137.86891882392857
EK202310145922,123.36318928731741
EK202310203349,144.92227400226503
EK202310230457,172.7229944103618
EK202310230009,127.20712236098055
EK202310144393,162.43731317860608
EK202310155684,136.7573745651804
EK202310243499,136.64783429351212
EK202310148155,129.70022861945358
EK202310162141,142.38230492971735
EK202310202043,145.49938602751092
EK202310165608,137.06597432461948
EK202310193544,125.48492489760923
EK202310164222,135.35402062346225
EK202310154530,150.23676800063464
EK202310185022,140.907369676509
EK202310167516,157.1050083439996
EK202310165006,129.23940266361512
EK202310138314,168.79696479207362
EK202310213702,133.58266598392478
EK202310223111,162.4967838357042
EK202310183009,125.85749037244123
EK202310175427,139.61329966114405
EK202310198303,128.44016771968077
EK202310142355,158.87844426890132
EK202310190847,154.76770595674387
EK202310165750,165.43979156856625
EK202310163376,136.59623763633587
EK202310146237,158.54246093452574
EK202310228171,142.28929708232667
EK202310222340,151.54523771331043
EK202310119317,133.97702031322123
EK202310209759,151.19556892261028
EK202310188992,144.41609219766556
EK202310236787,134.50235970554354
EK202310235111,145.31916797311476
EK202310192259,143.74254444977876
EK202320005738,164.8591868539204
EK202310143173,160.75989745268265
EK202310188740,149.1338669222194
EK202310106354,136.77241562323934
EK202310235348,149.83141595421444
EK202310234038,159.7795082659915
EK202310172622,173.86868506024766
EK202310172486,150.0581845967417
EK202310121194,121.99903440126359
EK202310221290,149.38257915182902
EK202310207879,144.59644994515762
EK202310114510,133.67873465712057
EK202310179068,146.57742787804779
EK202310163368,140.38754184485452
EK202310232807,136.85511467343056
EK202310120523,115.20264041808677
EK202310103969,146.43507388060868
EK202310004188,148.27836952115416
EK202310170648,160.6768896588062
EK202310139767,144.83413912436197
EK202310138473,163.32153172083085
EK202310235505,138.17127703039014
EK202310178729,124.71362618615416
EK202310246801,138.13320629525623
EK202310120603,136.23848350906556
EK202310114895,147.06617456979433
EK202310223798,137.50558801838903
EK202310128963,127.21686443038375
EK202310133013,131.72872329491165
EK202310180731,168.88907873889084
EK202310113860,133.11639268636225
EK202310201583,115.97181087829809
EK202310137449,143.6187240644981
EK202310149678,157.86469269861757
EK202310199061,145.4410746210277
EK202310206139,133.39986636051825
EK202310178048,148.79849296867957
EK202310206902,153.08984124245734
EK202310135879,148.83074924249397
EK202310118974,136.08566452313195
EK202310240661,157.22939323933952
EK202310247702,118.08686898935537
EK202310108959,149.59790327483046
EK202310139148,141.0987277906626
EK202310213608,133.4869434899982
EK202310200833,150.05783667923
EK202310205491,146.5008189061042
EK202310151833,162.47814565597614
EK202310170507,127.43046402544468
EK202310204695,149.84490062514155
EK202310190993,148.87632717547513
EK202310181846,142.91751533643574
EK202310191614,156.51533826133803
EK202310146281,151.86335993981348
EK202310239715,149.9658970736119
EK202310224583,122.88845546083552
EK202310225752,139.24538637450908
EK202310004050,149.2351612949136
EK202310112334,113.1954213521653
EK202310178782,123.47265246651541
EK202310162090,149.96557083280663
EK202310221447,152.05194294478616
EK202310219812,154.97339344047865
EK202310161855,154.389266378911
EK202310127861,144.8302483376254
EK202310114282,149.4637106507485
EK202310105617,131.0374263281134
EK202310209302,144.9314890674732
EK202310115118,163.4653738781065
EK202310003916,141.76647651170407
EK202310153698,158.10402559308017
EK202310229027,135.44629885343045
EK202310125705,144.8871663476217
EK202310123526,137.0283076091805
EK202310226530,145.19318458645748
EK202310136267,133.7354067602863
EK202310126875,148.89793406638915
EK202310219223,120.71550037006028
EK202310169669,138.7169891811239
EK202310136907,131.52584397922956
EK202310167168,134.0449765787603
EK202310225793,133.72937786654896
EK202310178640,163.40300516519022
EK202310130165,131.4416208674512
EK202310154261,145.59386777220817
EK202310220444,151.87812424331423
EK202310237028,149.53021428251503
EK202310165818,139.61233976018895
EK202310122598,139.49042748418535
EK202310220372,149.8181137838032
EK202310137417,139.68570010780402
EK202310143378,160.45302510426632
EK202310175009,148.45363445436834
EK202310211432,138.5379474258228
EK202310207842,145.6411838276998
EK202310180149,134.60228971738906
EK202310190554,150.2335934767408
EK202310223988,128.8091534987489
EK202310130954,139.84179874795635
EK202310116904,143.3074005307159
EK202310161528,159.51230454583336
EK202310148911,129.76706142370543
EK202310153873,150.83623041339843
EK202310144622,142.8415974118618
EK202320007179,168.23333163166362
EK202310213291,136.6501801853863
EK202310248459,140.95621697473555
EK202310129665,131.02430719848087
EK202310105584,119.95024627478492
EK202310223037,120.25495724873298
EK202310173189,131.11921650661736
EK202310174998,163.05622214736363
EK202310128550,126.57157567307493
EK202310192354,123.57341192717601
EK202310118760,122.97254231893521
EK202310131373,136.44832256558604
EK202310168865,137.4020940511527
EK202310105103,155.76773651902042
EK202310242757,136.74061462004093
EK202310164146,174.1650628694986
EK202310165707,159.48192737482157
EK202310157341,161.12322736547213
EK202310161673,167.10357466007264
EK202310203730,126.86314064343878
EK202310165334,147.05241161602328
EK202310149964,148.70115947490882
EK202310109435,140.49583755559806
EK202310105784,143.23216418321837
EK202310004512,124.15817038585328
EK202310129345,157.15636701083554
EK202310168741,130.01650022012862
EK202310225441,141.36506945469165
EK202310189863,129.31234446400907
EK202310181790,152.84415977214695
EK202310223107,142.54770642865842
EK202310117337,134.56661535233533
EK202310247125,151.73236618107873
EK202310146172,145.62919321219715
EK202310229871,140.0664395147719
EK202310167352,157.1537657976126
EK202310197659,172.46450796554848
EK202310237148,146.11963760182408
EK202310204685,156.14212212341397
EK202310241003,141.69571140379082
EK202310148969,139.32094918357876
EK202310217817,148.68413311881815
EK202310154285,146.0371910997378
EK202310241422,144.16827111007677
EK202310238083,147.2766688299151
EK202310177368,160.80745872623137
EK202310161506,149.11563969688504
EK202310159694,133.11346965602078
EK202310233873,137.75439203995114
EK202310159627,129.98835901370086
EK202310204809,142.10619241799242
EK202310221148,144.08883938577034
EK202310203840,134.65374406283908
EK202310175485,150.29064053925856
EK202310157943,155.02239392807903
EK202310166246,148.5469021937289
EK202310104784,137.30973265373606
EK202310123376,134.6343978097719
EK202310204029,165.79181709220202
EK202310185358,155.3884203238718
EK202310108669,147.45595548958516
EK202310236018,152.95690142951025
EK202310238742,146.3610904653945
EK202310111453,139.89411461847382
EK202310113005,136.71530646539043
EK202310234668,142.55227450946307
EK202310231883,134.04912495855953
EK202310170221,157.01087735253992
EK202310004896,135.75483630996348
EK202310161173,150.25994632768007
EK202310145172,125.42809362518051
EK202310173181,127.30445423977667
EK202310188825,148.2520323135264
EK202310179888,153.40394581586213
EK202310232212,126.5757424626042
EK202310162487,146.89156018806935
EK202310136794,151.09172252320616
EK202310169969,138.62086398074354
EK202310165477,135.94126310637253
EK202310177712,147.2534196445702
EK202310129186,132.74465648928475
EK202310127134,153.32487709314665
EK202310228641,130.55416694894893
EK202310195004,128.48936318379472
EK202310196656,141.7349790753753
EK202310129468,153.7246987493062
EK202320007200,150.41949606447986
EK202310153589,148.33698188617078
EK202310212764,167.5054927028101
EK202310205885,165.96706895063335
EK202310198505,127.52713184119602
EK202310222811,138.08167435561197
EK202310168127,150.75898687500649
EK202310143599,144.6338736374378
EK202310227359,137.58571629300397
EK202310135358,138.4088605184951
EK202310171217,164.18595187976132
EK202310191424,148.53704331278362
EK202310149689,173.8461526356954
EK202310195376,157.11037423534768
EK202310178299,149.29591355811243
EK202310210228,144.4189342741752
EK202310107326,126.3660728401754
EK202310152535,145.51829822615878
EK202310154473,137.290633677568
EK202310174554,138.06436660621543
EK202310163286,140.29350226876886
EK202310111638,154.5480977520271
EK202310196108,164.28358151331406
EK202310212686,138.97236332939727
EK202310231718,142.41525063958946
EK202310137776,154.37487692110355
EK202310178405,158.18539402222964
EK202310117455,134.08607744631274
EK202310118568,150.07749938696415
EK202310222315,146.2157638732058
EK202310160822,147.7755946162665
EK202310118020,128.00113542633073
EK202310194677,171.28331938836067
EK202320006977,158.39686982815218
EK202310214502,166.96363901866232
EK202310146297,138.32619632240053
EK202320005953,171.41698462501694
EK202310200023,139.51637053933
EK202310147399,151.5478338283985
EK202310110181,128.64484392972054
EK202310225409,178.6845420328675
EK202310107374,142.89882789987905
EK202310235775,131.19657674161542
EK202310154935,151.07704950871877
EK202310160129,150.90412526923228
EK202310136819,156.7175423615093
EK202310212339,130.64937970193705
EK202310186377,159.5817521784873
EK202310149686,167.32492083011977
EK202310137146,152.7864065864824
EK202310219413,121.44613475739487
EK202310224119,133.84594847094752
EK202310124397,138.5558984334471
EK202310118844,156.35593788875028
EK202310178888,131.53503458204875
EK202310203695,143.0036261125576
EK202310215102,132.2390957214223
EK202310116309,136.03843320988634
EK202310177340,158.41048889306174
EK202310155692,137.7207399329669
EK202310209761,119.82150184464369
EK202310192459,146.68885671178552
EK202310166094,135.94483371220414
EK202310106639,134.60883889653576
EK202310122597,129.9609490126378
EK202310176641,151.9083142801114
EK202310128106,133.99109323268095
EK202310164373,144.92939122130701
EK202310172650,140.80481543994654
EK202310161760,144.39880169206154
EK202310175173,136.37023215168514
EK202310220355,137.07058140737453
EK202310134340,124.84694415766658
EK202310200856,169.9885725410243
EK202310198775,174.98656552934963
EK202310237814,162.5476900828413
EK202310144745,147.10763913367563
EK202310116937,149.97917446266098
EK202310180183,149.5726555169362
EK202310123116,142.830568002614
EK202310111360,139.43078296578375
EK202310218124,149.738837097229
EK202310146929,158.01283652249296
EK202310144079,172.2220402346031
EK202310212540,164.81206024461022
EK202310206504,167.42424821445871
EK202310126991,130.31638538277798
EK202310159652,136.27059937775775
EK202310132965,143.88329815456763
EK202310203675,150.6295052450948
EK202310003467,136.37437183204574
EK202310178560,119.64141517197349
EK202310115094,137.67772182516848
EK202310127215,140.4417255818518
EK202310116379,138.86929005420234
EK202310121118,139.7967911052292
EK202310196670,134.23074686941123
EK202310159655,117.5393406307226
EK202310201991,133.79692711703916
EK202310173068,148.82481459106353
EK202310117260,140.7800865361045
EK202310130209,143.71915032493516
EK202310183122,127.73728280364449
EK202310216257,122.65704304006002
EK202310176511,153.81426708649022
EK202310187962,158.3601994211211
EK202310245277,153.92750628150253
EK202310181710,135.2847014423717
EK202310227487,129.41322642615984
EK202310210107,163.3338099822738
EK202310175757,140.59941450747834
EK202310229135,148.34708353521648
EK202310150766,137.6501040651129
EK202310164086,138.67930937053458
EK202310121488,142.12892994596322
EK202310122656,132.37328593592034
EK202310176310,148.36362029920835
EK202310207786,127.95554770219708
EK202310116196,137.75470479521564
EK202310166658,148.1111409352444
EK202320007269,175.53056167542812
EK202310240222,158.75150919339012
EK202310233074,127.18102886030239
EK202310003785,144.45997309841036
EK202310218333,133.33635879412526
EK202310199829,153.41041634633584
EK202310141201,128.42083651104537
EK202310152509,151.7412789548353
EK202310213008,143.1367335065696
EK202310234244,146.31075646240208
EK202310185496,143.27109687942837
EK202310123939,141.69212304843055
EK202310245118,141.35380325231495
EK202310126945,145.02098301299236
EK202310192940,141.63371893986843
EK202310154479,142.65748818459457
EK202310238968,138.90248646517307
EK202310220804,145.73702171505482
EK202310121547,135.1922202808386
EK202310156977,146.1890050688865
EK202310220913,124.9667207494302
EK202310153791,162.1203476490337
EK202310231371,128.59418735741465
EK202310155012,151.31126733272757
EK202310106729,145.58709874904116
EK202310121458,119.36432638177212
EK202310129298,142.3361816621095
EK202310185168,163.76026462810722
EK202310171342,166.88021523965273
EK202310182043,140.99751898791726
EK202310159692,166.06341063318743
EK202310198219,126.68775339970445
EK202310186486,160.95298701515722
EK202310194185,134.15672520039655
EK202310135060,171.16494620843798
EK202310151875,149.49488664911783
EK202310148212,133.22410073321836
EK202310158337,146.0657475608529
EK202310160093,145.68977671761422
EK202310176986,152.28386680676545
EK202310142751,170.85663005073454
EK202310186987,138.19835734707667
EK202310213398,132.6343019840661
EK202310227507,164.5532939211539
EK202310230539,134.2523573539543
EK202310233022,136.30646713602127
EK202310112067,138.7125500600082
EK202310191571,158.40991095700184
EK202310128575,153.32268728836698
EK202310116429,161.71584661671088
EK202310222260,131.52935783880483
EK202310167112,142.91590355020233
EK202310197671,136.88880415461423
EK202310133983,142.90877901418975
EK202310125081,144.10351556177696
EK202310165303,135.92612868962374
EK202310245022,139.53360543551824
EK202310168737,145.50466421676012
EK202310224066,144.06738504322993
EK202310112653,137.55060136912007
EK202310163794,134.09390376672533
EK202310177672,144.15057837565612
EK202310113138,128.61748057694538
EK202310198082,140.26319872280666
EK202310186324,149.79142823310673
EK202310245063,128.74208427413748
EK202310162008,146.16164218178162
EK202310187033,146.34398151388538
EK202310165002,142.208204972178
EK202310179112,135.0883219309502
EK202310136261,140.61515362467165
EK202310107886,135.6078675262183
EK202310178081,158.90966124680278
EK202310107978,145.55452717660552
EK202310186291,170.98685326112562
EK202320006194,161.49651072331284
EK202310162147,131.478841558434
EK202310145820,136.25095775980628
EK202310208270,137.50206071972912
EK202310244610,139.53784505812288
EK202310115965,124.81856423042443
EK202310173325,133.6615994034658
EK202310200487,141.485600769775
EK202310151600,171.84281019056647
EK202310174873,137.60307241586392
EK202310154656,146.84383682330883
EK202310186158,165.89385071179657
EK202310159695,154.91802200596774
EK202310153171,162.5416386942058
EK202310116138,153.62779423683344
EK202310241920,108.43841056596571
EK202310172803,133.1565292887559
EK202310003408,127.85233988676063
EK202310113293,135.29318120061106
EK202310199063,140.73685112958395
EK202310151401,159.72610040851086
EK202310154601,126.29347042147697
EK202310111616,152.4349059229836
EK202310135809,138.33680510326866
EK202310123689,131.08052732599245
EK202310125344,125.33911250871434
EK202310204834,129.55745515867778
EK202310154600,133.1846232361551
EK202310171105,135.54220580098698
EK202310192374,145.82345483489036
EK202310137424,149.06905745125977
EK202310004414,134.11747450142158
EK202310157406,141.2723071424071
EK202310194870,156.3390850320194
EK202310184853,151.27627108275652
EK202310176587,139.90205527648445
EK202310211243,125.80854713310379
EK202310116843,147.46153079596303
EK202310167978,132.62405750503606
EK202310199028,154.811136054637
EK202310178842,133.9348035643807
EK202310003563,157.19255653399878
EK202310113491,141.65479755024947
EK202310202425,139.7005979481328
EK202310156026,154.2864431239781
EK202310235868,125.12751032432121
EK202310129923,137.46744114070518
EK202310115347,138.35561554940733
EK202310136092,165.8967410108149
EK202310212411,125.60753339863629
EK202310198783,173.8645401710558
EK202310154295,138.37914252908908
EK202310132080,138.6560691883445
EK202310115510,134.2994024294749
EK202310186713,124.04122972911928
EK202310246486,122.62444369509222
EK202310220909,138.07764736763934
EK202310133930,146.67807965566698
EK202310230327,172.78343473398388
EK202310227578,148.87730824192968
EK202310147328,169.63929116594812
EK202310174500,119.55952177239479
EK202310121141,136.5935493507643
EK202310218136,153.245841487978
EK202310187497,154.84471463560658
EK202310219497,138.09949138037695
EK202310158430,155.02940546918074
EK202310232072,140.72763701414712
EK202310161910,156.780966148815
EK202310232257,140.71747608181323
EK202310109324,137.6878016639983
EK202310117586,134.22213609376288
EK202310145201,147.03731904007813
EK202310191458,141.19772344379737
EK202310163905,146.78176819144304
EK202310200681,142.24039652347287
EK202310190561,132.09455131624955
EK202310144363,146.53020210985864
EK202310196397,148.56926361159006
EK202310168831,146.65647091050405
EK202320007357,169.37917182627012
EK202310125955,142.72339227843236
EK202310210692,140.67337301887864
EK202310202677,148.43901381253792
EK202310212296,147.76649762427093
EK202310228282,127.96032115615719
EK202310198392,145.96878703828773
EK202310189017,148.70743764855555
EK202310184070,153.72600384120167
EK202320006398,158.98813293750723
EK202310221409,160.65660930347644
EK202310229971,135.46445060948255
EK202310202941,144.71004305866285
EK202310131905,133.282980724733
EK202310112775,148.81023284699
EK202310209245,129.84605187492136
EK202310185710,154.44893614580417
EK202310155827,122.54192763073497
EK202310158156,167.05304505761094
EK202310143080,150.44230241913544
EK202310217821,124.93164565186028
EK202310205060,142.02919658981787
EK202310152230,148.3151347155685
EK202310215647,134.40840798768153
EK202310216568,148.33872007340477
EK202310173496,135.28626045414882
EK202310132220,133.57221698296027
EK202310229606,134.55562881037451
EK202310197847,136.7548502074845
EK202310114444,137.10844906450598
EK202310212587,142.3294382052033
EK202310128678,134.32450475869427
EK202310129009,159.50453094950765
EK202310135868,140.30070701682132
EK202310004655,136.7852493428226
EK202310004666,119.31272412711034
EK202310172312,129.32096077939053
EK202310212324,138.81437793883148
EK202310234071,147.48445147852647
EK202310237714,136.57025463424836
EK202310227143,126.90622997342057
EK202310106080,153.51833937764403
EK202310115972,148.63992453560596
EK202310223416,142.23854553964577
EK202310185745,146.83417667561886
EK202310108584,153.6935525583928
EK202310244398,142.1665116371754
EK202310104476,148.69817129785295
EK202310243111,144.05761872118913
EK202310182118,142.5490375392023
EK202310231776,130.51923224155723
EK202310114793,133.8573837092529
EK202310107506,127.73466856191209
EK202310203271,149.65111707506594
EK202310206441,151.97271906718427
EK202310197006,128.46640262574516
EK202310213977,133.57304548178718
EK202310174608,150.51998212749217
EK202310126126,134.3269513698089
EK202310230545,141.51863745759246
EK202310103903,133.04611339656256
EK202310234105,159.40674307064907
EK202310165010,148.86017875694472
EK202310181940,147.79991543212492
EK202310118673,137.47962675396766
EK202310188868,152.0572901004961
EK202310170989,160.1377468452377
EK202310213961,146.0031913752658
EK202310236748,135.3585180879114
EK202310128144,146.09872862336923
EK202310131032,125.32335067442735
EK202310199927,139.90921012823472
EK202310228569,133.59030564513276
EK202310137099,149.24864271434797
EK202310216503,153.70235644348375
EK202310225348,133.27780869579627
EK202310188082,144.23665075047043
EK202310107466,152.45966796822364
EK202310119468,162.8040746124289
EK202310177435,125.84921729046825
EK202310226065,174.5077246903163
EK202310238474,135.8170405488292
EK202310178935,143.12709634327965
EK202310111288,151.12736343797266
EK202310231278,141.25864095042613
EK202310195743,150.8002566382291
EK202310177642,143.6789584938828
EK202310159731,156.83035836327468
EK202310233199,152.10443861203362
EK202310164963,141.98712541524532
EK202310108728,128.32875380687537
EK202310241516,133.82513586295488
EK202310114502,134.39835312489208
EK202310163597,135.79738593647497
EK202310194099,151.8845304574715
EK202310191390,152.13375804488274
EK202310136653,146.77155055468126
EK202310132780,155.23288617362238
EK202310192296,131.928714994063
EK202310210820,127.90454731275399
EK202310157545,158.61007812863286
EK202310117978,136.55352918589966
EK202310128805,129.91046747055512
EK202310239206,138.16670450634282
EK202310184728,149.73077421567257
EK202310188346,141.28220383284406
EK202310115220,120.17714101254433
EK202310136091,176.20464567659556
EK202310187000,151.96710523891485
EK202310004481,141.50285693121893
EK202310142481,126.8225126283288
EK202310241665,141.5386891970458
EK202310172530,122.3481016796289
EK202310242247,148.59358927218483
EK202310201108,145.6290344813183
EK202310157151,146.986312977577
EK202310248777,139.20174577437504
EK202310234150,139.76404985295122
EK202310245991,133.21137880376125
EK202310196183,141.62647328584114
EK202310112151,149.387914021908
EK202310240040,151.91561983545233
EK202310122111,141.33149333260533
EK202310237646,141.69111870016326
EK202310236751,143.20233110343466
EK202310110678,119.78980422561311
EK202310175472,142.73792451074092
EK202310104032,143.02185106933948
EK202310130367,130.16572522710808
EK202310218178,166.78031331502334
EK202310190059,172.7968330950352
EK202310154040,127.78432823075633
EK202310104704,133.42481977666347
EK202310234675,137.51212019510038
EK202320007076,148.9370111829861
EK202310117416,144.36850497829303
EK202310106592,155.42400543288983
EK202310218855,134.71018130240697
EK202310112951,154.65057265020224
EK202310198510,145.75509790084905
EK202310170591,125.87578373669226
EK202310171607,136.57862676746117
EK202310188047,164.2274032201955
EK202310106176,130.4863869689991
EK202310139729,142.29197976968692
EK202310188177,153.72046466394613
EK202310216551,131.15220927311157
EK202310190746,156.0612431939648
EK202310198445,167.11920356459433
EK202310167557,139.44054259539706
EK202310232345,132.11049812358928
EK202310205089,159.37472177023793
EK202310200704,140.83385015894018
EK202310168328,176.50183296151127
EK202310117660,124.8541590715673
EK202310241204,147.40737278688803
EK202310219555,141.23022000570506
EK202310108822,152.0007456873698
EK202310178261,147.52801002407568
EK202310170803,147.14245894287865
EK202310180578,145.57775233363196
EK202310183233,156.94319872889835
EK202310214067,173.8650673475179
EK202310177910,148.08048968271066
EK202310184628,169.87065187376905
EK202310236640,127.9167485891329
EK202310189443,156.41773387685035
EK202310219770,129.9003701524609
EK202310188035,152.73347149062678
EK202310110194,149.42664014651407
EK202310244334,138.89075437630132
EK202310196346,157.33922511924874
EK202310239240,138.8624731178062
EK202310190697,157.5903933742609
EK202310183845,148.44791814716112
EK202310173568,148.25187291894898
EK202310122648,136.72639986703393
EK202310138573,140.14336363085997
EK202310107238,153.44863661969114
EK202310123716,146.12861886030268
EK202310222719,134.71525800097297
EK202310119574,141.0072327276176
EK202310106379,140.7368220898323
EK202310179487,163.21753325129194
EK202310204316,142.3601368694871
EK202310112072,148.06787530400308
EK202310103891,155.76054805891548
EK202310121527,149.0955523881726
EK202310147901,155.8967960976927
EK202310129747,165.66714991191884
EK202310216313,141.87274410729972
EK202310138904,151.99980856544033
EK202310148441,144.10521646070987
EK202310153870,129.4375204592466
EK202310108732,131.6076388059183
EK202310180949,145.43096231075313
EK202310108710,138.158100843855
EK202310198670,139.1113494537689
EK202310150197,168.80165847641774
EK202310213492,136.0590016765618
EK202310136448,147.29551339572456
EK202310131230,154.64621680092537
EK202310231399,136.48722192741687
EK202310121599,149.2811895999005
EK202310179738,158.94949795071733
EK202310167476,162.95466876747685
EK202310131623,154.74053873000253
EK202310140730,149.41012579527762
EK202310144389,157.97141592594977
EK202310245102,144.4953440067147
EK202310132691,131.53159232770514
EK202310106449,132.56887195393534
EK202310167353,134.2023318897169
EK202310236989,123.5801591015024
EK202310111119,131.63263435297918
EK202310186689,163.47417575944533
EK202310209031,150.3899361488643
EK202310139037,148.76501920933273
EK202310158574,143.1379763273388
EK202310235776,131.48594456205814
EK202310149594,149.41912480410082
EK202310106989,144.67731662983422
EK202310207828,159.65518403083635
EK202310129283,142.58873843545248
EK202310103761,149.8137029410057
EK202310117820,117.52214949794255
EK202310170386,141.8313293746231
EK202310200918,154.261671931991
EK202310104618,131.83266682414234
EK202310211311,134.79537563112567
EK202310217151,149.22791724462297
EK202310197688,160.02353233029584
EK202310141161,122.36758996085837
EK202310200723,131.01338761124123
EK202310192613,148.0409045344865
EK202310231385,139.42022758516984
EK202310161421,135.54198736645696
EK202310185090,142.5796572932995
EK202310118323,139.26168652279395
EK202310179435,146.75595104578116
EK202310246748,158.18272531525588
EK202310203308,128.53605248224184
EK202310166549,150.1785460059777
EK202310231043,144.10244590241678
EK202310144171,138.97012304688323
EK202310171076,152.64168433179213
EK202310234671,137.91557328419697
EK202310178258,146.65973101517324
EK202310123111,127.64484362875075
EK202310105273,149.2146160197016
EK202310232779,109.52341938354866
EK202310245923,129.77878845173547
EK202310232934,134.23662483820993
EK202310206444,150.46019097361702
EK202310199292,153.55661712050673
EK202310172407,142.12852441892284
EK202310110982,122.930778651341
EK202310136670,156.45465212768752
EK202310196416,164.2303886742549
EK202310147370,154.680392328477
EK202310203187,135.4585624870069
EK202310127574,151.4362286518106
EK202310223109,141.332024411701
EK202310210815,133.01462349774374
EK202310132728,166.67541398825557
EK202310195728,135.27941730979836
EK202310162562,166.41268295711774
EK202310122166,145.25666539362024
EK202310133502,160.7336780050705
EK202310176748,130.21979454732048
EK202310149681,139.2724427933506
EK202310133367,153.14685745524616
EK202310233308,138.091456820569
EK202310111956,149.3283388243651
EK202310213087,117.82548094244083
EK202310163861,141.50426582215374
EK202310183017,122.81051315376185
EK202310148049,141.91420557697174
EK202310159587,144.25912892549795
EK202310120104,161.9071169803669
EK202310173791,136.48607463651888
EK202310120609,117.76733414236205
EK202310120220,144.11888504221093
EK202310164643,141.64635239252956
EK202310242480,134.62103302715477
EK202310237393,123.3197581419912
EK202310110258,130.86016152365457
EK202310203310,155.96282163056506
EK202310244388,122.76260142433856
EK202310142420,158.06659901473213
EK202310127247,159.19903782887326
EK202310245410,141.8013794726876
EK202310198231,152.12292993697434
EK202310224714,131.4185791476567
EK202310112152,140.20587310621164
EK202310219634,146.03928975952178
EK202310120507,141.97750222808702
EK202310121024,161.17366494983182
EK202310162609,150.58059933566233
EK202310198139,137.29103280012313
EK202310115733,139.62903532908052
EK202310197648,175.98634944668405
EK202310152061,157.5852351844938
EK202310246184,139.57929037872321
EK202310175646,143.3684627977487
EK202310195357,157.2284920422196
EK202310180995,156.11924074732525
EK202320007602,158.80893906312252
EK202310125780,142.303122144176
EK202310141209,132.15623354617517
EK202310241145,155.39212067421116
EK202310214473,169.249756811573
EK202310104412,130.5749601786896
EK202310145300,144.7350253693962
EK202310178546,129.44637151352313
EK202310222192,132.48566097283583
EK202310003791,128.17546645547486
EK202310164084,135.8940288993657
EK202310247625,130.20522449411664
EK202310179777,134.13406037076274
EK202310204086,124.62706549290908
EK202310199051,153.91730781701852
EK202310199503,133.92951340600914
EK202310124201,143.4813613002234
EK202310111462,144.47711383808922
EK202310149507,156.35092135517343
EK202310149626,150.32686938973413
EK202310196221,141.50896703956977
EK202310241259,154.41543666547935
EK202310110599,137.93127040481096
EK202310234816,141.50747265517236
EK202310179926,142.5792870528004
EK202310158821,146.4156694887854
EK202310203000,145.06444760057144
EK202310162317,137.6127886473481
EK202310125499,138.08179411241383
EK202310171521,147.2846603167781
EK202310155121,134.47837082406605
EK202310246662,145.1292775682453
EK202310222404,122.11449818682625
EK202310119271,151.3894941075475
EK202310179293,135.5513131012037
EK202310162370,140.40260229127978
EK202310185317,161.8898760228783
EK202310192836,166.65517095107157
EK202310197187,157.89679785875427
EK202310119438,132.12679214407206
EK202310154800,141.20813427595937
EK202310162887,140.394243930195
EK202310114407,149.2628237611164
EK202310107541,162.3545043238845
EK202310165391,142.57004289487153
EK202310114222,144.2481622958118
EK202310108463,148.79365200015076
EK202310160505,141.7870873962183
EK202310175819,123.05273709984547
EK202310224211,142.25508413083188
EK202310181094,159.06165939529245
EK202310209683,143.97483127834968
EK202310144068,163.93547328807733
EK202310185016,156.70177463441024
EK202310242866,126.91631187655463
EK202310136700,137.099110714966
EK202310129667,135.42642484449948
EK202310185490,152.31832573856548
EK202310180615,140.79837300806642
EK202310106120,132.13388924751715
EK202310139529,124.9928895751913
EK202310208712,155.51616826428625
EK202310202493,148.60100011100175
EK202310127493,157.06543864378241
EK202310185646,143.3298261717034
EK202310236048,116.95669655691182
EK202310215422,135.28851925827732
EK202310154768,153.31141250648682
EK202310156660,138.59771236207953
EK202310215522,131.0806219261493
EK202310191431,158.8368544919262
EK202310219661,141.9917364434532
EK202310111217,105.31049888684059
EK202310142283,157.11106740404233
EK202310152451,163.31985507328636
EK202310131900,149.2362764069271
EK202310118813,145.73302422181683
EK202310158474,151.14942149408324
EK202310206038,177.7903197232159
EK202310140824,137.49364706173452
EK202310193053,133.7568127984509
EK202310239738,129.66291261673217
EK202310183514,167.45028198771158
EK202310228473,140.98961430167157
EK202310187727,139.09796256637216
EK202310208678,136.94891181168603
EK202310151445,144.00912651230578
EK202310129744,141.49752498796087
EK202310242221,137.24633504002196
EK202310140908,141.9110315969649
EK202310213034,146.52793876961752
EK202310162066,144.12924784709014
EK202310166091,136.75277266166407
EK202310168349,116.0154317288854
EK202310204830,137.77383874738456
EK202310119237,130.88049092726573
EK202310177687,136.3067032107518
EK202310194046,141.30301562888428
EK202310120099,126.00877226369005
EK202310139982,166.99268830506514
EK202310172126,130.6151906657898
EK202310225892,125.21532572318856
EK202310204605,146.52982620918843
EK202310166382,147.40949521284892
EK202310164816,147.9785974987854
EK202310118373,123.04517782871545
EK202310141696,145.0504125209293
EK202310229964,148.71561684616447
EK202310127949,147.69207422120797
EK202310239375,166.99138031437494
EK202310173625,146.69017330741445
EK202310141849,162.1099428332314
EK202310115485,134.59849557020829
EK202310129234,163.1812920165977
EK202310105793,133.76698380119092
EK202310158046,136.5834512702379
EK202310192078,143.69410276728075
EK202310211785,139.96582070110097
EK202310194018,160.37387393700956
EK202310223067,133.1804304282281
EK202310131851,164.3330008362611
EK202310146819,130.72177362809256
EK202310240643,148.13187526969813
EK202310156305,141.79169265356208
EK202310207011,124.76764388801837
EK202310225288,136.96204066040002
EK202310246090,151.24650463710987
EK202310159743,143.10548647821588
EK202310160951,161.2239964098257
EK202310164394,151.30769462963627
EK202310172687,132.06088535188147
EK202310157664,133.24212688242653
EK202310186799,150.8977191418414
EK202310177813,153.24232946264144
EK202310135564,150.37768555011328
EK202310109869,133.89311469273616
EK202310232529,138.44115582942555
EK202310190796,134.33775128576536
EK202310157371,144.78090082869446
EK202310248440,143.78060698115075
EK202310236433,136.59570463352327
EK202310155362,148.62386418797036
EK202310178291,146.12118063770228
EK202310236912,149.78930805752734
EK202310104076,125.82346744320542
EK202310192380,127.12636719715093
EK202310138804,151.54797995836554
EK202310151241,142.93799999464517
EK202310199540,135.31221960143404
EK202310173988,121.57215109883879
EK202310173002,134.08023668552391
EK202310243625,145.84256865188055
EK202310193531,138.4243496608342
EK202310114242,138.4621133270099
EK202310138736,141.56840056279836
EK202310190347,136.00213376412157
EK202310236408,138.48721161476115
EK202310120734,174.99305555905218
EK202310199091,150.07746990782266
EK202310163422,134.92003682375773
EK202310204728,136.95027286173502
EK202310130979,148.43853717392838
EK202310183928,140.49471298512228
EK202310149172,154.3725523682083
EK202310112222,154.5172371442631
EK202310135593,170.8176793258081
EK202310116248,133.22814545836675
EK202310139060,164.01902403651766
EK202310119677,164.8681819260619
EK202310158107,134.42201635692263
EK202310132346,149.64209173830383
EK202310134894,142.50579950098688
EK202310136486,143.54833766548376
EK202310129929,174.64585850475078
EK202310105561,143.0843451792642
EK202310154663,130.01160910503768
EK202310170691,156.08239878549685
EK202310129385,142.02562742917516
EK202310201900,156.34712481600468
EK202310167771,143.5881776813141
EK202310157806,149.9165397700849
EK202310149813,179.53605572665603
EK202310176321,142.31880642842174
EK202310114996,140.29220687922174
EK202310190897,151.02283388992862
EK202310166461,134.13138430406963
EK202310137821,138.364680296265
EK202310112150,149.7426207096683
EK202310192173,131.6606653213895
EK202310173654,155.826164848528
EK202310220329,148.21135346977817
EK202310202774,161.64474771013752
EK202310150939,139.34629120307852
EK202310155941,142.27090812439718
EK202310185382,159.56577673629454
EK202310237219,139.1111385572438
EK202310244185,141.67878285448947
EK202310221987,123.03405434176956
EK202310193216,146.4284074239318
EK202310145019,139.97056186940327
EK202310193312,149.7592309499464
EK202310121038,153.8176731301686
EK202310210609,152.17570766920545
EK202310198874,146.78493067907883
EK202310144516,151.69001689591624
EK202310110453,130.73936804720975
EK202310135805,139.47388891053947
EK202310128896,128.15250845951232
EK202310183544,141.68576820040454
EK202310181264,148.49707640660608
EK202310204958,152.18710206050682
EK202310168271,139.4234703601963
EK202310219179,120.56892287155335
EK202310224962,145.87633937501312
EK202310210604,138.51226422062416
EK202310159739,168.82947767348182
EK202310132707,136.3604144165369
EK202310105567,146.14896583251252
EK202310226814,149.90303393812496
EK202310217907,133.82426773790718
EK202310199396,147.299702193011
EK202310105066,150.34199813067482
EK202310200675,133.20972130699334
EK202310237294,147.54304732105527
EK202310157377,131.45649165403648
EK202310229136,139.19313020934678
EK202310186430,137.6719913795822
EK202310163802,122.57703858973932
EK202310142202,161.34537789242185
EK202310195256,145.99518237406372
EK202310004248,147.21126145625308
EK202310195944,138.42210886365578
EK202310152129,151.58391266574375
EK202310235567,150.5259065943016
EK202310239108,164.16223711120804
EK202320007089,149.63885931432677
EK202310188372,160.35097474752664
EK202310177026,147.68724961996577
EK202310130893,137.09216884434758
EK202310145973,141.66581305804738
EK202310168876,123.54701398228973
EK202320005981,170.40399965500106
EK202310158643,147.81695214512771
EK202310186188,152.03986292387336
EK202310134495,130.17576679243973
EK202310247686,143.25482326060646
EK202310150624,135.68570748273103
EK202310205684,125.54070330619804
EK202310130971,143.88160855037225
EK202310109938,155.0753800972565
EK202310157726,142.00990607652273
EK202310217250,141.3676559927397
EK202310232228,132.75737470084192
EK202310212931,141.75349542941947
EK202310224251,138.3557956508246
EK202310177088,134.8554548534618
EK202310178114,119.23886151924192
EK202310133902,152.2519237526596
EK202310243447,136.41509159915455
EK202310203833,139.63158931743206
EK202310205106,165.25226631972316
EK202310244839,155.31300595378983
EK202310153612,171.1441938425885
EK202310168129,120.31878704835172
EK202310210315,122.11772031852286
EK202310221450,133.2606843139608
EK202310229011,132.1545773170713
EK202310109445,126.72119655263309
EK202310172449,131.6127940773899
EK202310173624,125.5245470801862
EK202320007778,150.71934765639543
EK202310191821,134.21604952146393
EK202310163402,143.72022713285423
EK202310198726,174.968944988721
EK202310235035,135.9840191237468
EK202310190400,127.22857779750848
EK202310223143,135.270648879274
EK202310134393,169.42180048518787
EK202310190107,152.649741917251
EK202310199104,139.07871916195214
EK202310198171,134.75278287774978
EK202310126236,140.50855638391613
EK202310110975,121.6435349028685
EK202310163529,123.84372669196581
EK202310208517,134.35837237738636
EK202310229161,110.41178031642565
EK202310224145,139.2329426005567
EK202310245526,140.14437593851957
EK202310105925,131.4540510646419
EK202310241775,120.02743309136447
EK202310131256,133.27575793852793
EK202310167720,140.0418048377701
EK202310128585,148.91481227008086
EK202310171250,141.8635549639367
EK202310136309,152.63289573831355
EK202310159794,142.9755755343942
EK202310147802,178.3639630610823
EK202310217371,142.34575212642557
EK202310142272,135.32830555623482
EK202310192020,143.16078719982193
EK202310121935,147.6742169872098
EK202320007881,165.03287169723401
EK202310144741,143.13805504687315
EK202310237080,150.70604784223195
EK202310121787,122.66182692180634
EK202310157606,136.15688705202697
EK202310171437,157.2794680430691
EK202310108122,136.53462171804213
EK202310151362,127.81895606011659
EK202310115777,139.2308056938453
EK202310239193,150.8694820886885
EK202310233042,132.21834986818345
EK202310202833,169.1356050468413
EK202310113174,142.92705485321378
EK202310167499,144.8581997297751
EK202310126289,137.34488129465421
EK202310129491,136.54088745574353
EK202320005784,160.58718203954996
EK202310170372,134.2908005492766
EK202310213906,136.7387981552935
EK202310199476,154.6541866962368
EK202310247011,146.41020733903213
EK202310195117,148.16151830601686
EK202310120294,153.85883640561025
EK202320007259,154.71243228622592
EK202310188597,147.29770178124048
EK202310165978,146.89997355834882
EK202310115867,128.29957827792813
EK202310193317,170.26382729700046
EK202310203873,127.68214404924518
EK202310205284,129.901231784849
EK202310111575,115.83325254114563
EK202310225817,136.2170447224873
EK202310231254,123.97137789519003
EK202310183664,160.53408999920916
EK202310104179,128.90177810888875
EK202310230497,126.95110395766076
EK202310193284,140.6775107400192
EK202310147738,155.30848053068075
EK202310241264,156.33110435349965
EK202310199094,151.3631075147681
EK202310128153,154.8160329298159
EK202310177426,149.58369863365883
EK202310106407,141.38590228530313
EK202310224168,157.07525786337055
EK202310182894,143.88070356818227
EK202310196624,165.43913314127462
EK202310174799,146.3618791897404
EK202310244287,147.35576256692318
EK202310158225,141.65131481815968
EK202310158700,171.07059334585182
EK202310194647,130.54164660780123
EK202310176945,139.75416296638613
EK202310242585,133.64248467900683
EK202310168424,141.28024483548415
EK202310155163,151.5903669141588
EK202310124200,132.27138892022217
EK202310167074,159.07754225712515
EK202310227610,168.5239114187005
EK202310172440,159.08392031336206
EK202310224828,126.14345930166564
EK202310125087,137.03677508282624
EK202310172624,136.33238358521743
EK202310212981,138.75979573882856
EK202310212038,129.769288165511
EK202310181888,144.7109851255564
EK202310151373,151.25430943394392
EK202310151400,174.25773406821705
EK202310129480,148.98006056611763
EK202310105531,153.5297268805739
EK202310168802,152.52002230587556
EK202310143364,148.20604481478404
EK202310124872,123.91240433942696
EK202310204355,142.2358490503972
EK202310151111,171.60617286641772
EK202310208992,126.40203409097616
EK202310214546,150.99053168599522
EK202310149411,126.37629894527993
EK202310142260,133.64175801591824
EK202310164059,141.7000718896608
EK202310109215,153.26028930121748
EK202310199582,148.26109407030924
EK202310127468,130.96531896013286
EK202310142858,134.97012592939888
EK202310203332,149.68751900821783
EK202310158565,160.4274819724582
EK202310172619,144.22128379025412
EK202310107206,145.5371860027815
EK202310211213,129.9150636654153
EK202310172337,131.78949929905443
EK202310220668,133.4008762533538
EK202310153800,140.5033290687472
EK202310211090,115.95297090553743
EK202310189907,141.3209612458826
EK202310187277,130.57292947195705
EK202310196375,149.9705849800128
EK202310133091,149.87762397521536
EK202310126566,126.54592002396893
EK202310157696,126.62252017572172
EK202310170462,127.21172034249602
EK202310187255,157.64962485624798
EK202310123459,139.74092574099413
EK202310145959,140.93900555479408
EK202310220363,144.99192440533983
EK202310139815,119.82366053266063
EK202310181913,145.2939928454081
EK202310109098,127.24549120952959
EK202310132727,169.76755347492426
EK202310122252,153.8907367214371
EK202310167093,166.8364980539858
EK202310139661,139.1709649656569
EK202310174818,174.33691150776332
EK202310166691,135.25860152884098
EK202310003691,167.09276630102792
EK202310237525,130.86335431250745
EK202310117373,141.78904013895834
EK202310179546,145.51399233491205
EK202310126077,134.14682372415575
EK202310184499,170.78120389375943
EK202310186109,154.73911376798034
EK202310106103,151.65717911929323
EK202310112500,141.13197711839337
EK202310133741,137.60784677067986
EK202310109783,144.16556209937977
EK202310117249,136.0971178477956
EK202310203878,136.2989221256785
EK202310196452,137.71355973226173
EK202310181760,146.87135860192672
EK202310112276,150.51917891795586
EK202310190428,146.18040683441617
EK202310217583,156.3842150656078
EK202320005844,155.21498425787433
EK202310206265,144.68649197449056
EK202310221855,132.96852214683267
EK202310152502,153.53792850044076
EK202310119997,129.79321468483045
EK202310234516,131.5643913379222
EK202310109706,171.32864141769696
EK202310148105,133.74090490648837
EK202310154560,125.8153091844377
EK202310236829,128.17419108635772
EK202310167010,141.59420511600644
EK202310240372,144.19359951037077
EK202310129679,145.93200751148018
EK202310213367,136.4410436551193
EK202310198361,147.29609341933337
EK202310154494,129.02506737993477
EK202310247393,164.5842323165834
EK202310233217,126.1943675953714
EK202310147827,171.96658991230115
EK202310115117,149.43023686010156
EK202310148420,139.9192104189929
EK202310190832,158.1649773640912
EK202310134924,130.34454037074184
EK202310188986,153.54042752340982
EK202310129065,163.93103596611547
EK202310191867,124.3325095016759
EK202310134983,148.25091747256548
EK202310113731,145.06846780852896
EK202310201726,133.77224606460277
EK202310230201,161.46567348243013
EK202310168525,150.65942585894402
EK202310244486,133.23313461737087
EK202310189155,159.93197844584668
EK202310140440,148.39406216697887
EK202310106749,119.22830398779456
EK202310179762,145.3200359202272
EK202310129836,139.30998972792554
EK202310220701,134.49039090866668
EK202310186360,136.24933182908995
EK202310109349,163.0797440106101
EK202310201338,156.15064443984127
EK202310212253,123.16162469342866
EK202310155921,148.46804883926214
EK202310205532,169.29205120489584
EK202310128471,153.53620993741424
EK202310201094,134.17845390645186
EK202310190383,142.08981189549507
EK202310110189,133.47938961167364
EK202310147602,139.6546191392138
EK202310198097,130.0042866737103
EK202310216064,124.1899317488759
EK202310211013,150.11372233088224
EK202310160719,157.12165755098565
EK202310176494,137.6582372080848
EK202310145249,150.0376337383966
EK202310235596,129.58168817353
EK202310110412,156.27377850129147
EK202310200832,156.07159913013953
EK202310204509,146.43162657926337
EK202310149049,162.03736402851575
EK202310183661,150.4581959115828
EK202310216447,138.2419958248033
EK202310200320,148.59767493792035
EK202310161067,124.90253512336521
EK202310207130,136.0507234396324
EK202310145591,160.7997020561164
EK202310127977,149.32696370275204
EK202310161518,162.64916557310494
EK202310138156,120.96786130542655
EK202310244709,139.03178668904468
EK202310142566,139.8277014906812
EK202310124071,125.50388990970583
EK202310152858,169.2874635986089
EK202310190782,134.3608835858534
EK202310167544,137.63603765591176
EK202310192845,135.3618923314217
EK202310160817,129.31882076313053
EK202310196420,159.49724264549764
EK202310004827,150.95368253771127
EK202310227825,145.21729117331765
EK202310194467,148.43920049335657
EK202310113608,152.60074765740288
EK202310103781,131.0159404227101
EK202310221275,145.39769133958552
EK202310169673,131.36164001716057
EK202310190005,144.8018584816899
EK202310188898,152.3780190265214
EK202310183079,163.30795106600945
EK202310166912,145.02211212822937
EK202310142437,150.28876514512362
EK202310212298,145.8308552680256
EK202310109551,135.24789275875406
EK202310222094,132.9806788704619
EK202310202049,151.20980771766156
EK202310212471,146.78664808099566
EK202310187583,158.0035447033103
EK202310188837,138.70294550564182
EK202310220895,126.84512262553355
EK202310108270,142.5682595756887
EK202310186872,154.08246840325265
EK202310156937,151.16095308595618
EK202310242846,146.09742274240747
EK202310186481,123.49182568276007
EK202310221455,137.0509309052964
EK202310180574,138.97876548244372
EK202310168049,149.69065899137937
EK202310133898,161.48226815455317
EK202310168746,139.87792716812464
EK202310212474,139.96532278096078
EK202310161742,139.72315707577917
EK202310181202,155.75407940420718
EK202310200036,121.97172158315429
EK202310184172,146.44353032753776
EK202310239220,125.30327270359192
EK202310165958,129.64775466161444
EK202310212102,138.76727214211803
EK202310218823,161.33974338503612
EK202310151307,121.7225220679531
EK202310204250,162.45034822789165
EK202310183865,153.24649418279688
EK202310149510,152.08062138320412
EK202320006769,161.15585326059926
EK202310227796,137.44648364783492
EK202310248710,136.59763212222308
EK202310198205,137.71661572385077
EK202310135989,132.68297156534112
EK202310124456,130.24134626322916
EK202310221007,124.99597875703327
EK202310126207,153.6103618177161
EK202310181795,151.73820245589732
EK202310168767,147.14473273999639
EK202310119332,122.02159347779862
EK202310135427,139.44593645605832
EK202310206685,140.14176266728572
EK202310241653,132.75329824943233
EK202310196379,135.85039661790506
EK202310120248,150.18898538688296
EK202310172212,138.5924572735751
EK202310181585,163.27994880182857
EK202320006780,169.93263720705556
EK202310133161,118.18909856963103
EK202310109841,143.57451278179383
EK202310152371,172.76072048569046
EK202310125316,124.67400323346254
EK202310127854,137.14895397629752
EK202310208551,151.71698297098195
EK202310172019,122.40449715529456
EK202320005655,163.35556218930975
EK202310117833,121.84861959696278
EK202310110950,126.16334074551588
EK202310244018,138.03416734577561
EK202310234592,135.98509691945847
EK202310136966,129.27726832948167
EK202310185914,150.76343146255482
EK202310236175,124.8110577550587
EK202310187917,139.22123486961775
EK202310004461,150.55217403989022
EK202310131974,150.8328916088336
EK202310184967,147.00106011288315
EK202310185067,150.0931940266822
EK202310236069,130.34880775668242
EK202310186869,139.44302999961877
EK202310149914,143.1685354632291
EK202310154439,130.49041102913796
EK202310117130,141.21474536743887
EK202310192819,152.93957403627073
EK202310158666,158.65106118055365
EK202310197005,123.56835522834137
EK202310203581,134.2108971767578
EK202310178102,128.38548396828088
EK202310224457,131.48438638959496
EK202310118618,136.3679791603387
EK202310185500,146.2721475102357
EK202310213431,132.1813280906675
EK202310201151,155.40679223735427
EK202310228224,136.69932459746514
EK202310148041,148.34475327727608
EK202310178742,165.6675106793988
EK202310227550,135.00223311600743
EK202310119869,145.19808486002324
EK202310146474,155.55500410318834
EK202310123299,120.24226528465746
EK202310187842,150.49892073056668
EK202310155425,129.82839725697593
EK202310210739,141.84016396373474
EK202310177302,153.58519390823196
EK202310202123,150.10450703926227
EK202310104749,151.93957466607125
EK202310185079,127.93802602472034
EK202310132781,123.50495048610013
EK202310193932,142.5143189873163
EK202310189612,119.22092059685835
EK202310201902,159.8886700253846
EK202310208534,147.06969993250937
EK202310189130,154.75709192415383
EK202310215684,130.26850092525802
EK202310160446,142.92037476781843
EK202310133958,160.5791534831942
EK202310176688,159.0082299134896
EK202310211793,123.00534953393813
EK202310210111,129.83621355506244
EK202310232666,120.48869853336501
EK202310128743,147.46762452421075
EK202310130719,110.34580609771008
EK202310004334,142.66848068999954
EK202310126855,144.30278346832318
EK202310152426,144.59099903558172
EK202310188746,132.25543328762728
EK202310236429,132.6363643032397
EK202310170500,140.88054112594054
EK202310124582,136.74292719643557
EK202310181729,165.3255347252348
EK202310224787,126.8568164048676
EK202310108930,148.25319513816774
EK202310104434,117.33837351282716
EK202310115530,136.6326645307835
EK202310184629,167.68103914241757
EK202310217615,130.76679906693448
EK202310228010,115.44518070245365
EK202310199351,155.840849763475
EK202310231067,139.68744572087238
EK202310215633,130.83254116204478
EK202310142323,171.76210933233153
EK202310244740,139.30011795128914
EK202310173913,152.84722076713697
EK202310218786,124.22199885128464
EK202310215448,138.23556343039076
EK202310114357,144.38805129137532
EK202310197601,147.91872215623553
EK202310247322,151.32011781173304
EK202310231270,140.87328576635994
EK202310142374,121.48082873953248
EK202310117138,133.37228739634708
EK202310176849,133.23386812433242
EK202310109114,142.37396663330017
EK202310182696,158.75274295098583
EK202310135900,145.46496855594884
EK202310123905,155.87711277337112
EK202310130761,127.36053921215604
EK202310122276,144.15290290233753
EK202310121513,150.8730079404706
EK202310168032,159.88255765571657
EK202310213827,140.45047829278622
EK202310115189,130.6001511238088
EK202310138716,138.90684193001061
EK202310246376,138.08117751279772
EK202310227795,126.80511404030065
EK202310138696,140.30386763930292
EK202310194234,131.98347505614527
EK202310184761,167.8730895579501
EK202310162543,157.04012881398498
EK202310236480,126.27165714143683
EK202310209507,132.99912066953073
EK202310136499,145.34376356951597
EK202310204660,135.5824883118868
EK202310111522,151.4569612587489
EK202310105606,127.31357918795815
EK202320007453,149.39043911671175
EK202310232384,127.89121352231061
EK202310206748,126.21116623562007
EK202310241912,160.1810922850691
EK202310124064,139.90765278327063
EK202310122759,145.35868381795927
EK202310190369,161.3881900780752
EK202310186879,151.78863885127288
EK202310149694,120.0399036779921
EK202310223534,135.0757566171638
EK202310159550,140.17664531310012
EK202310221243,139.07743311043646
EK202310244635,135.1328190366014
EK202310198162,108.72973686280992
EK202310125552,127.00670645016142
EK202310132850,117.486316602136
EK202320005964,163.91033404181812
EK202310126781,169.9539959693957
EK202310147128,160.4711512732492
EK202310226818,137.67119876906767
EK202310124338,142.2788190969665
EK202310225790,125.00714617163037
EK202310144382,151.90898895267273
EK202310160141,156.72733887185558
EK202310177663,135.5302661678296
EK202310231419,126.88156947682234
EK202310141307,136.4763833672666
EK202310119017,155.00911892061177
EK202310219691,137.27625012631748
EK202310114034,138.39988583514926
EK202310207177,160.65142359923425
EK202310120353,141.74640141404967
EK202310003709,124.52181083711781
EK202310208102,157.41780162266653
EK202310117194,151.14559918849744
EK202310160414,146.17941905475615
EK202310128750,127.86106343886107
EK202310236926,149.2787931384033
EK202310230067,146.2888390056675
EK202310209445,147.49630610580022
EK202310237314,152.50031063958687
EK202310232234,128.5064727927805
EK202310150354,148.89019828776244
EK202310196951,155.79972615956856
EK202310194465,157.3322896102546
EK202310193016,156.42149687277384
EK202310151083,124.82200245829303
EK202310184367,142.12151047699803
EK202310112469,159.18567686474867
EK202310192489,135.1033254171698
EK202310224546,133.35079530076018
EK202310247421,160.45083388276842
EK202310194417,145.66716123059416
EK202310121339,142.3911099236792
EK202310190360,139.9375208274646
EK202310226836,149.9620529336435
EK202310168945,137.1103784814198
EK202310227078,144.8514922929423
EK202310232895,127.3798329335821
EK202310230495,139.9694849434649
EK202310246097,141.68094485821337
EK202310202842,123.83239315667639
EK202310220262,121.69129761178998
EK202310134200,139.3371673002023
EK202310203601,154.02524284404097
EK202310190558,133.43258561121235
EK202310232949,127.64081097758076
EK202310195423,153.14175069068594
EK202310164136,139.7246598942548
EK202310111473,153.54913502720808
EK202310194752,143.96944667724415
EK202310139201,160.320152466238
EK202310215712,126.75561895596162
EK202310126580,136.8169741635281
EK202310143206,155.0281974221415
EK202310222539,126.7022700144167
EK202310239797,128.42599503637118
EK202310157767,149.35851472362685
EK202310237925,138.54778390896666
EK202310227346,142.0701785850683
EK202310222227,133.98013288648846
EK202310231460,129.33629049872826
EK202310105762,142.52719283285094
EK202310149701,142.85176257580767
EK202310231185,126.1727543462819
EK202310187011,145.0310344919273
EK202310188048,146.11730164417676
EK202310147979,153.19097160504626
EK202310136963,162.59784511005012
EK202310223233,137.33583684850322
EK202310147717,133.29666717005844
EK202310235875,147.18617023409865
EK202310146872,134.97302682193444
EK202310114622,144.28482022664454
EK202310127235,145.19063128691866
EK202310170129,123.88695000211644
EK202310174462,150.22574276434054
EK202310239145,141.59334202732595
EK202310103947,148.58272722660118
EK202310118725,152.20911705150283
EK202310181241,151.91509410377805
EK202310215016,155.39266912594346
EK202310197863,145.15376831253255
EK202310162387,126.49245800727854
EK202310108126,142.70972975639464
EK202310207445,146.924612299012
EK202310003781,138.3127068858622
EK202310153594,139.9753125969945
EK202310234731,139.30071449875763
EK202310112047,140.14726002058543
EK202310246932,145.65522770736897
EK202310218014,126.9204918622334
EK202310159032,135.6751009599321
EK202310108938,146.89947753703785
EK202310126068,144.30464452143664
EK202310146294,151.48153326566822
EK202310197490,148.47626835360197
EK202310235805,163.9636660142625
EK202310244213,128.08707354217321
EK202310169974,135.68685149763652
EK202310180762,148.42321453180077
EK202310117588,134.32312634809915
EK202310146489,147.3095562533334
EK202310242008,138.5457671828819
EK202310175256,149.90907182682162
EK202310183438,150.15028718887578
EK202310216482,145.17422211752253
EK202310150432,148.6759593655713
EK202310224664,142.2094808865883
EK202310182573,153.01027015389877
EK202310227828,140.35952386611518
EK202310183759,159.89554469462868
EK202310168521,151.638161290227
EK202310183715,141.47185244106657
EK202310142868,133.07479469531347
EK202310202199,153.8423124860876
EK202310167759,139.34794517362644
EK202310229275,129.06952876254877
EK202310229628,131.81193678314767
EK202310190352,144.67733986898784
EK202310234142,140.36132546404826
EK202310141693,132.92942028353906
EK202310133997,124.97644300310091
EK202310180676,134.3942329318935
EK202310127990,156.50410447925702
EK202310194053,166.09840527151397
EK202310240865,143.70822716299435
EK202310238191,137.29180826148453
EK202310218152,146.99617630085154
EK202310192642,136.9223921274287
EK202310113518,141.29473257454327
EK202310177048,157.1848008509594
EK202310003870,127.90096419901879
EK202310184101,135.42144058663135
EK202310123625,150.00376089861425
EK202310105534,140.89155093426206
EK202310130598,155.23798427001216
EK202310183150,155.5191590501116
EK202310223939,135.0472424834436
EK202310151237,145.0085215809263
EK202310150186,136.53568104299308
EK202310119286,158.29708355543306
EK202310147962,137.12024720675922
EK202310195618,142.89014950811625
EK202310146717,138.28212011844823
EK202310226225,129.5737186378733
EK202310108305,150.94311587446583
EK202310132381,122.90110128856603
EK202310130474,127.6068102431055
EK202310123530,127.14245046252199
EK202310207610,153.92983839704195
EK202310142942,150.15203363170522
EK202310181486,150.388821927809
EK202310227391,137.39240312494277
EK202310219674,143.8019135157397
EK202310231118,136.52457951238821
EK202310156122,140.15479429562092
EK202310168356,151.1131043919368
EK202310152965,156.27605395447569
EK202310240478,153.11145362669617
EK202310220260,133.79163412815774
EK202310166323,146.7402430630557
EK202310130108,163.20569394406425
EK202310139786,148.71664141157433
EK202310163761,146.82552390065936
EK202310221197,143.86360705484694
EK202310194216,153.61508895352523
EK202310209659,134.59679230643903
EK202310214603,177.29313318917642
EK202310108794,157.77168705853828
EK202310152434,164.36718727815125
EK202310134754,142.76154403834184
EK202310236812,140.05914941746073
EK202310167567,147.92880871222937
EK202310203493,155.93587421605696
EK202310175040,138.92860695218755
EK202310205734,159.10122004996006
EK202310104881,149.63653644042597
EK202310188034,159.92100677810288
EK202320007581,152.8626893972675
EK202310004300,127.02940170890702
EK202310126491,127.16107239617043
EK202310236882,136.66104504582037
EK202310151164,127.93277101248937
EK202310106280,148.8597889659569
EK202310163693,142.05184078938908
EK202310168683,137.33102856752603
EK202310189719,171.40572862304646
EK202310233687,146.80266927615173
EK202310201579,155.444445905142
EK202310202351,139.95171245512637
EK202310180846,146.35199251687627
EK202310170131,136.3903106102969
EK202310113992,150.26602943809172
EK202310225909,144.5854137558899
EK202310118201,142.0026527515816
EK202310184100,153.80132904772466
EK202310169994,145.16524552985243
EK202310186322,134.06888795110788
EK202310187689,127.82926586908597
EK202310241609,132.3664956581252
EK202310112492,119.21047197058935
EK202310216335,137.42952617770973
EK202310207022,160.88166920704498
EK202310125948,145.71153971537547
EK202310127865,145.4040800564823
EK202310174681,143.2937233934328
EK202310233071,140.63095117503065
EK202310193133,154.64994683654712
EK202310132000,132.49251410974645
EK202310103983,159.711068032694
EK202310191233,150.68580529403295
EK202310231154,129.15517165051116
EK202310116716,141.43922870443535
EK202310179545,140.52618565368616
EK202310206643,131.51185470828673
EK202310134367,177.59803454962065
EK202310176122,160.3540213021625
EK202310214013,147.17598024945556
EK202310134741,146.23381453360395
EK202310174213,137.00724541785576
EK202310141096,166.90313705885512
EK202310206920,162.0990628736664
EK202310194809,162.5374598149885
EK202310202514,143.7383953317048
EK202310110026,141.17304078790204
EK202310104374,149.753702324312
EK202310120332,139.10590751260938
EK202310157554,137.9143106045984
EK202310204383,123.10895275725004
EK202310208398,128.15332874953592
EK202310118265,139.6846493242404
EK202310231010,119.3653899950466
EK202310213437,123.80265932103468
EK202310146583,130.93948661829037
EK202310195386,142.50537588397455
EK202310228443,138.14636725618402
EK202310123135,139.98902950003338
EK202310142556,149.7404588680386
EK202310245462,130.88605887704458
EK202310234824,132.25723619398852
EK202310197141,152.90270381478788
EK202310229145,132.22219936866497
EK202310209147,135.64260442008688
EK202310214152,168.44552676695955
EK202310164947,136.44848867511843
EK202310222842,134.33913018074878
EK202310211770,123.2123043027065
EK202310004960,141.33783550896334
EK202310239260,131.51474498872358
EK202310115431,146.2936842876815
EK202310202893,125.96199053213266
EK202310205187,130.3548649985077
EK202310202065,150.8175378711458
EK202310127001,130.41990524573725
EK202310181721,179.28465722842074
EK202310161325,149.77587085702464
EK202310140540,163.55258929517714
EK202310167097,146.65823526703474
EK202310140718,151.65008940937463
EK202310149480,126.20453590617254
EK202310183531,142.75685026353105
EK202310148864,151.51873304034797
EK202310003701,151.05546154876595
EK202310144900,131.86012600910666
EK202310144750,154.2615367006234
EK202310162709,139.71042282108792
EK202310186895,142.63646355083628
EK202310226408,135.1543157861659
EK202320007110,173.9247255883601
EK202310162496,161.61400256529566
EK202310212196,140.00234919994244
EK202310239361,134.13047166386912
EK202310125997,128.76663443078903
EK202310246168,134.1840721223621
EK202310193381,163.42884954627192
EK202310190604,138.5508577963208
EK202310111954,142.44202430828756
EK202310176791,143.98460200242474
EK202310141476,143.17419774688426
EK202310221421,167.00991427225566
EK202310129409,146.87397641742203
EK202310122129,127.98209448596961
EK202310149924,174.69044093104478
EK202310179998,141.41411405362314
EK202310195558,163.09385982651085
EK202310112050,153.82156810813908
EK202310136298,153.2737542270845
EK202310146636,138.36166494737344
EK202310239762,148.32560598688872
EK202310200996,145.55989859207276
EK202310223066,130.46730070622874
EK202310167187,135.23234334357
EK202310124533,149.5250675547964
EK202310143956,163.46103755790944
EK202310178323,150.3141665264971
EK202310224950,147.78069132027733
EK202310179276,129.29532256780044
EK202310246017,142.83304694917805
EK202320006428,168.3931549565045
EK202310241114,130.23201182042675
EK202310217472,134.20806699085796
EK202310162260,146.46132515064906
EK202310240436,145.00036335864095
EK202310198123,132.74443243178453
EK202310156200,137.44293665227616
EK202310141977,155.92777205299427
EK202310223019,130.56146007059414
EK202310193508,151.56194050660855
EK202310222293,145.7738649687633
EK202310156492,161.43376489368288
EK202310180531,129.78106653262643
EK202310225433,119.4327640360107
EK202310127891,132.91052421948757
EK202310228056,131.08509865866677
EK202310106710,151.9110324793707
EK202310183113,131.52874807888787
EK202310180843,145.20874361508174
EK202310204705,140.72955859161868
EK202310140212,155.4261226534902
EK202310179669,143.95951052957622
EK202310212869,142.0161224256901
EK202310203115,163.42367761461617
EK202310131490,147.38272557794386
EK202310109872,146.8681351286687
EK202310150034,174.57193206062402
EK202310174047,142.29069771397337
EK202310247649,151.11675739213734
EK202310217502,157.28613433244078
EK202310133755,130.04627673166974
EK202310169961,138.14343227011145
EK202310188670,148.43715499688312
EK202310238912,159.72363964574316
EK202310113770,146.98693504063831
EK202310146729,122.81115034508875
EK202310185503,153.59414702105087
EK202310245764,140.06426671106476
EK202310242449,147.62245327433698
EK202310206998,135.8301572349243
EK202310215872,137.86036867195173
EK202310130322,163.08605383387714
EK202310107786,164.66405261190906
EK202310201622,141.676956266527
EK202310125291,141.25413332733967
EK202320007483,161.90645818326172
EK202310232956,136.61757905110755
EK202310134707,157.35296548457993
EK202320007480,164.94721121935174
EK202310203884,128.6293961520363
EK202310209390,141.51609056584022
EK202310105328,134.8012063383542
EK202310144128,138.57459007236073
EK202310115260,154.21005422458546
EK202310136404,130.89333496896214
EK202310200686,157.63822602906995
EK202310149205,128.71182481693188
EK202310224673,140.24272556414135
EK202310233927,138.36392560440126
EK202310231452,126.01546376958126
EK202310147484,144.32927160010942
EK202310227688,141.32651527921837
EK202310119870,145.09397389628634
EK202310230862,129.91211699636003
EK202310124325,145.96889175066008
EK202310174689,131.81236994137979
EK202310241097,127.67839251328101
EK202310201197,157.51971466329542
EK202310133296,154.3339052519374
EK202310233451,153.00729461217006
EK202310135940,129.28521647860362
EK202310107985,144.13799639494266
EK202310157602,147.08283190535255
EK202310139763,140.70985349038486
EK202310238145,163.882978655967
EK202310168639,165.87743565825215
EK202310219394,151.7962812827261
EK202310216358,119.33736098046839
EK202310127032,139.93607440757376
EK202310148206,148.50596462620967
EK202310227757,157.64328454213896
EK202310112688,147.02172178047022
EK202310214245,152.2532147806284
EK202310124215,134.91070515975383
EK202310132325,142.56056952958787
EK202310245630,130.3640080408539
EK202310159135,124.17020837581104
EK202310153895,136.7938099294426
EK202310211988,135.0301285289628
EK202310185598,142.6191191082624
EK202310192392,142.37802857958403
EK202310242881,156.68429973475904
EK202310153163,159.0533876757539
EK202310179601,145.4677926234004
EK202310241826,154.24089051584602
EK202310125720,133.1581627599436
EK202310106591,156.09744515060066
EK202310162420,151.15595472954482
EK202310133893,143.12178339952163
EK202310168619,163.87538443031727
EK202310142512,155.003359108598
EK202310197943,139.21696509478207
EK202310176141,146.7970391196688
EK202310149618,146.39957784280287
EK202310226109,140.92677504847697
EK202310122228,150.468404835053
EK202310176047,173.37787907624298
EK202310198997,154.95278485210582
EK202310232656,135.94391813719943
EK202310182446,132.75464611812643
EK202310139943,139.30423685729735
EK202310165615,133.9243157269313
EK202310142885,132.17154180017832
EK202310193296,154.31096668929058
EK202310121667,117.66252372953552
EK202310223883,143.20754633237982
EK202310143204,146.77825904402388
EK202310205226,146.25527452585453
EK202310119065,135.18808027794122
EK202310213461,146.20243578519145
EK202310120362,134.02600719733715
EK202310194154,148.54398830158567
EK202310107601,154.31194300189833
EK202310204833,139.0588430748854
EK202310176205,153.5832121691361
EK202310154960,144.31260828059342
EK202310130425,154.89542048257067
EK202310126003,138.62167113709975
EK202310192656,147.51508161931747
EK202310213037,145.2006743854031
EK202310243222,148.2506106990774
EK202310132202,108.64213962229628
EK202310235252,136.17193214768074
EK202310160890,137.13787054141076
EK202310198189,133.9575378330261
EK202310119695,139.46919275102883
EK202310172550,151.85104923157027
EK202310229494,147.80635860209944
EK202310004450,121.13830780406104
EK202310146462,145.77887260507214
EK202310113248,138.87403157272132
EK202310221078,126.62047174844312
EK202310124198,145.8500839904174
EK202310212260,117.70292937600449
EK202310134794,136.77018764169867
EK202310221523,130.36791076548346
EK202310219960,135.6959776950489
EK202310121234,151.41556281585713
EK202310233970,136.19478268109464
EK202310188001,142.82531855982853
EK202310163334,143.35568780328282
EK202310208205,138.97633850225472
EK202310130304,139.2319620291003
EK202310154503,149.20600593526265
EK202310170798,139.63280361891867
EK202310152846,166.12695382671404
EK202310130702,148.68696450017055
EK202310203151,152.76936175720252
EK202310217313,139.2448590759058
EK202310233757,127.8205210301425
EK202310138726,157.4371750399943
EK202310156939,153.46415869260454
EK202310129985,151.00097724884316
EK202310190426,138.02307585093547
EK202310171121,134.3521153318573
EK202310214542,142.8684226901596
EK202310168552,135.09261366507715
EK202310183003,144.80764372104593
EK202310123726,152.13581449565672
EK202310181506,160.25204035990532
EK202310237990,123.11045084129029
EK202310162825,158.01919539345147
EK202310224013,118.97877974637531
EK202310158873,130.63443055816757
EK202310137354,141.81037699926668
EK202310123420,127.03769082188441
EK202310225576,133.25092119519357
EK202310229941,141.6724465530522
EK202310229623,133.4861261831403
EK202310107612,148.31721970745036
EK202310246113,141.08348474550982
EK202310144693,129.30765742391458
EK202310116502,142.1210970901953
EK202310139421,127.13733138685413
EK202310112631,144.57339741320487
EK202310106168,128.7287615619675
EK202310207682,142.96285403586558
EK202310157085,168.89005537869767
EK202310245691,136.89184778571772
EK202310200879,122.88501557407838
EK202310131443,147.2733223972937
EK202310196154,149.25181656917943
EK202310231226,146.56223727234632
EK202310210056,126.33859136075998
EK202310114898,129.17744380937464
EK202310203643,155.93290076435179
EK202310160283,149.02869803245778
EK202320005966,154.4517556002458
EK202310167009,150.71418477334905
EK202310191878,135.30724010310348
EK202310152713,169.43126047216793
EK202310179861,158.16086160495865
EK202310153872,132.05050859636424
EK202310106053,155.91414777792838
EK202310189085,125.85194947065911
EK202310212320,133.95254529096036
EK202310147327,154.5553126615586
EK202320006343,143.8760217346604
EK202310178068,152.38255300759914
EK202310216051,136.01463809825646
EK202310120390,140.3410223350657
EK202310150611,149.52786121669772
EK202310170657,160.0232291068798
EK202310132614,140.1285154554403
EK202310130044,147.1631788416049
EK202310230130,126.03721735265634
EK202310142200,138.96855268591793
EK202310142024,170.38202555818802
EK202310199015,141.42615609783212
EK202310129011,141.277692269244
EK202310162645,160.20369381274827
EK202310165075,145.02457604643436
EK202310242200,146.6473932594967
EK202310216319,140.89459736424686
EK202310168191,137.78482976001894
EK202310173505,125.32449950086234
EK202310197116,152.9572577102473
EK202310196993,163.40378521611092
EK202310190097,149.87519685973948
EK202310243824,145.44274915714178
EK202310185884,159.38097222451142
EK202310115378,132.86758943760773
EK202310203204,159.1163819808026
EK202310118547,140.6704104451894
EK202310228351,134.74935942131066
EK202310243844,145.60785322713033
EK202310169224,120.30488625179666
EK202310173833,170.44208781833063
EK202310182027,144.58776600280606
EK202310128404,129.8241262712955
EK202310221581,170.31593209179755
EK202310202028,126.23127261151494
EK202310140548,115.95415448817036
EK202310134135,129.21669174230271
EK202310192158,154.9732273357099
EK202310112502,139.18407433829776
EK202310113790,150.91594196608284
EK202310218316,118.96915871433298
EK202310188343,158.14506410569936
EK202310176251,141.0001095563702
EK202310201210,159.59256236946624
EK202310231157,140.16426926654538
EK202310195345,154.9045977058625
EK202310151257,132.43235103086857
EK202310156988,132.49333922136117
EK202310225915,160.59234945397836
EK202310239080,145.5524129710332
EK202310210523,131.72045469865986
EK202310130378,139.22062588212248
EK202310152365,137.8265184652132
EK202320005984,164.11632620508064
EK202310228471,135.88305171744017
EK202310121673,121.42589020584056
EK202310239395,150.78836008666718
EK202310198842,148.88376477356155
EK202310241420,133.7767862781254
EK202310231742,138.43607443517666
EK202310131099,154.1647759769117
EK202310188446,134.2035883765922
EK202310190252,136.33136106748336
EK202310236866,138.11016835092954
EK202310207108,143.59217112977132
EK202310184757,164.2181035093835
EK202310104389,142.56766568408432
EK202310217076,127.93161549296222
EK202310106797,137.96548541160695
EK202310216511,146.69774259842472
EK202310209342,149.47448906908096
EK202310183200,149.4895925111482
EK202310145433,165.901547623052
EK202310140014,138.85787017758838
EK202310125223,127.66941571996155
EK202310140119,146.13815152792242
EK202320005700,165.34179541695215
EK202310194061,147.14569729208387
EK202310195873,150.12168716391403
EK202310220232,137.9098619384457
EK202310216119,134.01354622231884
EK202310134968,157.70764689812506
EK202310174540,125.48962094279295
EK202310185424,127.64714290558874
EK202310125685,126.22055373060974
EK202310234710,133.93780226052664
EK202310214117,169.52658072429298
EK202320006910,148.49852836834924
EK202310231049,137.13634006500175
EK202310195331,169.14096271512113
EK202310194304,144.51903697741773
EK202310171159,145.01306063715006
EK202310138049,149.04620810189206
EK202310198003,142.29734288733897
EK202310159099,166.92795839818768
EK202310216629,135.50941160518863
EK202310191293,148.00492040274958
EK202310174065,148.2108373339112
EK202310191081,159.9100118498797
EK202310122728,124.78732554489164
EK202310244744,136.93046047555893
EK202310226033,125.59424594360124
EK202310232759,151.80077021801898
EK202310196945,146.25849121977285
EK202310223385,142.9407626291266
EK202310219176,140.93245010099028
EK202310131076,153.44532891177428
EK202310204889,132.0335445735639
EK202310125633,164.42897633370382
EK202310153304,158.14500615448546
EK202310138923,123.36286935866963
EK202310110215,154.90348775736416
EK202310212666,135.49881547142883
EK202310219342,125.04771091414023
EK202310161803,135.01255665756554
EK202310120553,133.91321229518633
EK202310230584,132.20422627974503
EK202310224579,138.78286333852668
EK202310171422,140.9268554105915
EK202310106867,140.05810124935954
EK202310121769,139.2222076123468
EK202310215792,134.42855101256816
EK202310138205,122.72621849534593
EK202310189070,144.94095508906042
EK202310151230,143.9047554872871
EK202310108779,145.54489864677075
EK202310167488,152.47389444748563
EK202310243336,119.05484221339691
EK202310124223,138.76545662434475
EK202310240547,140.05224077891762
EK202310191562,151.60572802015696
EK202310140508,138.92885519503136
EK202310119457,149.9280589898944
EK202310179610,114.60690280931821
EK202310146453,150.71845090631163
EK202310163261,180.03287776677993
EK202310214487,165.98777577060298
EK202310195013,147.79373664259705
EK202310129643,134.02730956125882
EK202310106761,143.42228861760458
EK202310132636,142.0383733675372
EK202310205792,136.78836677742572
EK202310176096,153.51600163624806
EK202310132675,137.23738924229363
EK202310203792,120.8319129525865
EK202310188904,151.24925310502385
EK202310233751,138.8477493927226
EK202310105923,131.3047645066773
EK202310176082,156.89815526735765
EK202310231901,142.37229585206063
EK202310117263,136.2628804532978
EK202310189853,159.24873399276711
EK202310161443,163.11735161434203
EK202310245106,153.2627874793974
EK202310203080,141.30891659152812
EK202310229771,140.33580666262512
EK202310178345,131.90108864455306
EK202310212555,147.55267698997673
EK202310183797,150.7041109719553
EK202310247956,123.54899460255142
EK202310137158,139.02430082933887
EK202310121175,145.14678770849787
EK202310142530,129.431073623373
EK202310145622,154.4303685334519
EK202310110044,135.3021322169465
EK202310141565,142.35543000684862
EK202310203553,151.76504197888477
EK202310186294,147.74367292933357
EK202310232455,139.4249954010039
EK202310234707,120.4373914131211
EK202310190127,150.96119603098526
EK202310116984,142.5868645031387
EK202310113225,146.3154269010866
EK202310153087,149.11219852102585
EK202310162145,133.6489563210165
EK202310241242,149.82752756126862
EK202310199480,136.5926907030262
EK202310133097,143.15506524521513
EK202310148951,153.18543149996407
EK202310164526,159.21018170217684
EK202310157028,141.93783674937566
EK202310174361,142.48100948121635
EK202310186033,142.8811739516719
EK202310218703,133.9204005217861
EK202310179140,128.24494278817554
EK202310185393,144.9149386833236
EK202310109267,120.84433238832804
EK202310188479,131.67381543083394
EK202310132207,161.339617608494
EK202320007399,167.72274600163755
EK202310118229,130.81477132873087
EK202310125154,136.42101730516285
EK202310140377,144.14049854404348
EK202310198868,144.9551782123327
EK202310209658,126.24987674730082
EK202310241949,150.30335859042813
EK202310179752,166.94182728551746
EK202310117086,132.54571664221447
EK202310166263,151.4126550036758
EK202310203482,151.02128260928333
EK202310164665,149.34919348836817
EK202310168393,159.76277497761345
EK202310131582,137.69565442787672
EK202310150017,144.82359453929044
EK202310150912,127.59824571896482
EK202310117341,149.43769719995498
EK202310181073,129.94540774544924
EK202310172053,142.43829596098035
EK202310239963,151.79505356197535
EK202310132072,148.42038306948714
EK202310192876,143.915385946149
EK202310152121,146.4358930661451
EK202310213403,135.20054195221257
EK202310239334,129.4587000538231
EK202310148570,152.1382107149187
EK202310155053,129.58200589878132
EK202310132986,139.6111509595543
EK202310110729,152.73754342951048
EK202310174910,162.88160326472888
EK202310187690,133.55885960942487
EK202310127998,143.11806715413962
EK202310137683,131.0290261675963
EK202310108081,116.09559981660465
EK202310239262,156.9227344869264
EK202310182783,123.5845141770241
EK202310204488,140.43664209350584
EK202310199126,162.32879316612673
EK202310107243,142.1375053760784
EK202310105267,138.62920040757973
EK202310152097,161.85593707899181
EK202310125739,130.97927202812338
EK202310170277,155.39019164442885
EK202310237606,141.69290678386776
EK202310234522,127.03045745644984
EK202310161698,135.16967304139317
EK202310165822,129.71279519879
EK202310248288,145.2915023203356
EK202310136063,165.13840263525753
EK202310117203,149.08429848887891
EK202310154981,148.133236164131
EK202310232175,141.83425733176176
EK202310144896,123.29530027074227
EK202310142768,134.79452246232006
EK202310160960,125.75118417622903
EK202310163131,137.73260717034853
EK202310239813,129.77280571310683
EK202310144375,144.19571235253844
EK202310175307,169.26770473708584
EK202310227665,143.59848641207319
EK202310132201,153.41518942881356
EK202310143654,155.95451903096895
EK202310197398,124.12101537758576
EK202310247650,128.26601205299755
EK202310218583,146.33997465089038
EK202310185132,131.771903269716
EK202310166220,142.51774848287934
EK202310183470,149.737795672979
EK202310193070,146.64596722538394
EK202310127467,137.73050411786218
EK202310208200,146.91688526588362
EK202310230712,133.99091818553327
EK202310137427,136.95102310433958
EK202310140112,149.98791899903966
EK202310223686,128.6807553691822
EK202310176982,152.73196479243725
EK202310118244,130.27193708617068
EK202310151713,134.9987155275012
EK202310212261,137.7145385669027
EK202310134611,134.75984572264156
EK202310120945,147.20363861302485
EK202310151019,147.02145617495896
EK202310141095,155.50880225123336
EK202310137745,132.11865544185275
EK202310225567,150.72047322967012
EK202310216872,150.28954832249667
EK202310212300,142.6827751333828
EK202310225881,154.46770210333761
EK202310151821,122.62010294737865
EK202310129868,139.9229356426459
EK202310156170,148.33528353673034
EK202320006992,151.60567174569968
EK202310173073,149.35392574415434
EK202310240592,132.43357776416468
EK202310128981,123.00924456927645
EK202310225347,155.34118108801465
EK202310107505,141.7436878090104
EK202310004769,126.35505738536253
EK202310192529,146.94839309751953
EK202310205344,155.35282526136012
EK202310241518,133.80508187798645
EK202310188554,157.02863653482729
EK202310185562,165.9631985129298
EK202310154855,133.8753451116999
EK202310175481,163.1726475329357
EK202310157901,149.3760203732614
EK202310221152,156.38804652175602
EK202310200465,160.62883994443786
EK202310183211,123.0532521910894
EK202310194651,135.26510177518975
EK202310116691,145.06663999312468
EK202310219488,140.25218203398956
EK202310155631,150.70578086015442
EK202310168504,121.35743602342114
EK202310199253,134.73696576094866
EK202310221668,139.30574775259194
EK202310212285,126.62214794118617
EK202310172945,152.35232451488673
EK202310186658,129.96019664984595
EK202310222256,137.9355649014112
EK202310224152,132.13006681270252
EK202310128793,134.74794146827162
EK202310120896,131.2341214771045
EK202310120399,140.3028737103609
EK202310169743,141.39107979317805
EK202310248477,142.5273020671655
EK202310116273,132.0851107148051
EK202310247694,145.92607836458888
EK202310215708,124.12039063271106
EK202310236946,135.72497729666196
EK202310200762,158.55021989480574
EK202310178415,152.57985975846597
EK202310144132,156.80721487410824
EK202310225926,138.2432833662229
EK202310148881,152.60196841927774
EK202310177347,158.41744698167668
EK202310213539,135.56413549942323
EK202310208401,143.64823005187162
EK202310238371,138.0446960872931
EK202310234534,143.46037572487595
EK202310136323,151.86708899281666
EK202310135243,147.421139425705
EK202310202317,132.21559457361823
EK202310226279,138.98143919709813
EK202310203743,138.6397514840844
EK202310205749,156.60184288722292
EK202310004277,153.6307857236596
EK202310113847,131.65075215389763
EK202310194210,161.9069082162145
EK202310183278,142.13474018626528
EK202310145260,138.34940550243758
EK202310239730,137.36942674227774
EK202310228304,138.66387430485838
EK202310152088,141.06976255372666
EK202310154058,133.351644642559
EK202310136681,147.72218570741512
EK202310117313,134.34668168827153
EK202310233274,138.17189385682326
EK202310179794,133.79886726387838
EK202310135084,174.92851584595866
EK202310206633,141.314119535714
EK202310234183,126.068915685354
EK202310143964,135.63994435015928
EK202310158947,149.9574053542485
EK202310137263,145.28764734830372
EK202310203360,155.63225295658086
EK202310004905,150.42660657951055
EK202310140955,150.44995627282282
EK202310214327,158.574275394538
EK202310222556,128.2141141474671
EK202310128510,160.9944366639086
EK202310119821,146.85974175927115
EK202310120108,142.25356115566544
EK202310212000,133.6015349483289
EK202310105271,156.64673809771716
EK202310229500,126.29384430509744
EK202310110970,126.07494272011263
EK202310105364,155.05924021099582
EK202310108637,137.12527561220682
EK202310164376,163.00988368254093
EK202310230032,142.93012538832383
EK202310236376,134.9068370208115
EK202310181052,126.55069699228471
EK202310203281,148.89033351698316
EK202310181885,151.24273875300875
EK202310138885,135.97805350619623
EK202310121415,137.29162686236214
EK202310186231,137.5173736431501
EK202310212814,160.2545591172386
EK202310233197,134.12242338953757
EK202310184928,151.1901323357607
EK202310109218,145.71751970251387
EK202310189923,142.54463470618478
EK202310212951,133.6560323994199
EK202310166071,158.6254381930158
EK202310151335,123.42398126652165
EK202310106930,128.5341243452327
EK202310146184,156.9876771599981
EK202310178125,138.40951510358553
EK202310167170,145.07365676947012
EK202310144047,167.778550537179
EK202310161545,172.31586350163303
EK202310110114,144.41214190416247
EK202310197034,132.09395902896068
EK202310125522,135.86810848658072
EK202310239777,144.20956381984118
EK202310183013,153.76056637781986
EK202310201498,162.05765102758343
EK202310233357,136.86904709808508
EK202310193361,137.66686365923874
EK202310160811,142.3351992601804
EK202310167037,163.46423317176385
EK202310209597,135.63971238000735
EK202310196969,160.91370622002106
EK202310123103,125.62070260086753
EK202310122187,157.55900786583368
EK202310197780,161.02412165003494
EK202310217861,135.17052012755852
EK202310239177,151.36730030480638
EK202310184410,146.65415486196616
EK202310198476,141.11652993147558
EK202310145712,150.42715612777505
EK202310125391,141.60402988129442
EK202310162973,139.95994192622274
EK202320007481,159.83647067132694
EK202310211032,160.12735410301684
EK202310184725,153.39502000959104
EK202310121942,145.1845461790038
EK202310146503,143.338294606736
EK202310186497,143.74053925188838
EK202310141946,145.92196842883646
EK202310188222,152.04397040461467
EK202310237766,141.26015513179462
EK202310224087,136.9537577010984
EK202310245643,141.19152027653382
EK202310153868,140.81995920495925
EK202310117630,132.58436122358816
EK202310150168,133.51294566838993
EK202310104804,151.22593990602013
EK202310227586,129.59478673438707
EK202310226962,160.7269406283323
EK202310204684,126.78463798260758
EK202310106991,136.143071293222
EK202310219834,159.91891559071692
EK202310240450,140.12555690960642
EK202310214713,141.8198419368036
EK202310153479,136.71551182041557
EK202320006589,173.6546194174699
EK202310151125,165.07221162657552
EK202310170205,142.90044009903875
EK202310174684,129.61068377919267
EK202310145286,151.91904186361992
EK202310174584,131.610523451574
EK202310183058,151.78717837511323
EK202310233099,131.61062202835677
EK202310144550,159.84687741739964
EK202310207112,138.5695550862532
EK202310232978,140.11277566463542
EK202310115348,141.56886372605697
EK202310183741,161.6822178869688
EK202310144742,143.17331544607896
EK202310178484,162.574487958343
EK202310151424,168.8504203034027
EK202310223346,141.64104385397158
EK202310138234,165.23435195175918
EK202310190044,161.71253910863715
EK202310210164,149.49075161402112
EK202310175594,155.10318107179967
EK202310139802,151.37455484786346
EK202310133593,164.18021282779264
EK202310236059,125.80999512119035
EK202310247892,134.1633499691274
EK202310228841,138.86432026273093
EK202310142116,159.21216393774114
EK202310139752,140.11803736808082
EK202310247535,165.6152204798887
EK202310204858,137.2585730008063
EK202310127198,160.71282034361087
EK202310212663,133.95807344330987
EK202310133054,120.0183751020144
EK202310116254,153.08176191000376
EK202310140288,149.95708240726867
EK202310242550,137.10922845247495
EK202310208841,140.27938844956978
EK202310167295,157.69226691707314
EK202310109419,148.44675845062483
EK202310233386,144.51565601361995
EK202310214181,159.42347518869013
EK202310180240,148.90606840814527
EK202310181535,141.2090602801738
EK202310191715,154.19728465477775
EK202310157953,166.75769359978705
EK202310234893,134.84527125981793
EK202310160253,160.08558321428916
EK202310141553,131.16353524669154
EK202310207337,175.73687486104555
EK202310131278,130.92391640737253
EK202310178817,168.4895819377039
EK202310106002,136.79921952663483
EK202310166631,127.00273491302596
EK202310107493,130.82973588704368
EK202310194394,153.19571682752363
EK202310222252,142.43179119076828
EK202310247371,153.9572092101911
EK202310160792,131.44359334662812
EK202310225122,156.20141688282678
EK202310214184,158.94102644578086
EK202310191751,133.7586937736404
EK202310237163,134.9285522369996
EK202310225188,144.46149270787052
EK202310202616,156.20064702262016
EK202310143696,142.83231581153697
EK202310132352,152.99787363920365
EK202310214086,131.54708563713967
EK202310137011,182.0454428459093
EK202310248717,141.82119315971664
EK202310200235,135.70972110995731
EK202310144103,146.87587171113634
EK202310111910,140.19074662100448
EK202310225339,152.7217183932237
EK202310246108,137.1087511734738
EK202310180876,138.33688312495724
EK202310237122,134.35216277606867
EK202310112441,131.79927460523086
EK202310179395,145.16336772758393
EK202310157137,150.5652924805603
EK202310136914,162.57161783338512
EK202310127925,121.04974852957058
EK202310210485,133.74818961736176
EK202310215065,141.24195705732635
EK202310113641,138.56316782333099
EK202310204283,135.99253724101553
EK202310150194,140.1006803115498
EK202310118749,123.7759884599073
EK202310186678,147.5246629694375
EK202310110316,127.87698757740368
EK202310190151,121.89595585165623
EK202310119041,133.9399276605709
EK202310140703,142.714614446643
EK202310236754,139.34322493262633
EK202310200936,134.21088986399297
EK202310200923,150.47034183144962
EK202320005983,149.47967948106702
EK202310173120,156.31587756767846
EK202310131266,134.8362162442397
EK202310182913,133.74462340050508
EK202310126468,137.10532055180417
EK202310240681,129.89611177811616
EK202310163541,138.13419285429455
EK202310133063,140.51437644009943
EK202310187205,138.3287775689256
EK202310176435,140.40268052901723
EK202310113625,147.02255890077268
EK202310153932,131.06231273101855
EK202310216429,152.02146813115337
EK202310124022,148.24509444625673
EK202310187335,176.93806066100356
EK202310227041,155.0137086403534
EK202310173817,141.81229631984328
EK202310131798,172.2687594961189
EK202310225142,135.2112375391487
EK202310180166,129.57900381572142
EK202310119416,142.1603332330083
EK202310200200,127.87416679012182
EK202310150439,150.70330779948446
EK202310130027,144.0949713292528
EK202310179043,144.34892186622758
EK202310183695,137.01779807608432
EK202310175077,148.1271039835843
EK202310112086,156.59315342311575
EK202310225730,134.55037336842116
EK202310215244,151.52397067565963
EK202310191753,152.83888909386897
EK202310174965,151.89794934692213
EK202310157557,155.15444313206416
EK202310159970,154.765227147334
EK202310129081,168.84162666703347
EK202310107248,135.46483819356655
EK202310180853,152.8408228862641
EK202310181698,163.34487244393625
EK202310222641,136.4044057277593
EK202310189633,165.30871716075467
EK202310105178,144.80396446138965
EK202310109844,122.52647749134553
EK202310239039,163.92377592136523
EK202310114472,129.59130307978515
EK202310179622,133.3536933238192
EK202310115407,148.7627130553556
EK202310106728,130.47520732229947
EK202310206467,129.92732610442806
EK202310169318,120.84976359115367
EK202310113553,146.97037889581208
EK202310148432,140.525862215613
EK202310224899,141.79377344322927
EK202310218411,115.68855242224728
EK202310108919,143.81513086799745
EK202310175334,133.95390837138416
EK202310225062,135.7049659997689
EK202310158879,146.59868416443953
EK202310226440,131.21923373766865
EK202310224115,120.92480331971143
EK202310148638,140.10261343466667
EK202310233064,154.25471454715864
EK202310158419,147.27715774534275
EK202310241484,143.39184139196453
EK202310163712,139.96292676167096
EK202310186217,150.97983533540034
EK202310142453,162.9510825443623
EK202310137405,137.19349921801077
EK202310185670,146.98112827518165
EK202310150583,121.50096764422075
EK202310227556,131.42510410110748
EK202310234889,136.06846046784983
EK202310111783,140.61460457264616
EK202310127384,139.12225943139316
EK202310113072,149.34407086282502
EK202310160328,135.26246330018034
EK202310188693,168.64990854364888
EK202310104466,149.16043970430758
EK202310143296,163.46241660906043
EK202310212529,158.96788308014152
EK202310207081,157.85237660904477
EK202310239036,142.9795786503828
EK202310114317,130.62956904786475
EK202310004599,147.27136784219792
EK202310165205,124.35881433104596
EK202310162068,171.568941569229
EK202310109742,144.74570672982472
EK202310151519,168.5078649314249
EK202310164727,111.97909030595764
EK202310193975,157.72613472111206
EK202310176843,133.6157489881233
EK202310238118,143.43245138998796
EK202310231683,136.62453880954516
EK202310170288,150.64430909064305
EK202310233487,128.79443971057376
EK202310144532,135.1798376344321
EK202310118690,138.5976408399951
EK202310236135,160.57180957548658
EK202310220057,150.84860572412964
EK202310136020,168.55554616889086
EK202310120718,138.69768707089688
EK202310205363,141.28410019554218
EK202310110765,138.7228767463352
EK202310130164,167.03789789359536
EK202310170195,131.57758215182645
EK202310131195,138.2928822216808
EK202310197794,162.09611797209257
EK202310189698,163.44210068112204
EK202310180559,129.84882076922693
EK202310193333,164.52156987583487
EK202310164974,137.9696480087075
EK202310126083,142.14574238068687
EK202310189770,146.3530781674376
EK202310123085,163.59831141544578
EK202310130001,133.50961047202486
EK202310141464,150.1259119890614
EK202310116699,141.79549382439563
EK202310126001,118.52657828971707
EK202310153591,131.91928644985765
EK202310110843,148.19429840586446
EK202310234696,131.2891898335449
EK202310218654,134.51683811924622
EK202310160361,132.26975186267694
EK202310232799,148.30644491967794
EK202310172223,136.11546585520344
EK202310107432,139.03337069374385
EK202310115124,149.6940356189389
EK202310240700,142.3770625233604
EK202310166544,129.3315857949402
EK202310116517,142.1718852692989
EK202310209466,133.96682461280483
EK202310115034,149.9114120606685
EK202320007112,152.16325260805195
EK202310155572,148.25059875375706
EK202310184647,170.66296091664697
EK202310237715,130.21885838989624
EK202310140880,139.77081320157492
EK202310171935,152.08818354158493
EK202310110649,135.8983754351303
EK202310235243,155.3361373025933
EK202310222984,154.17480690154596
EK202310103848,131.19865561293386
EK202310200981,142.85185195292084
EK202310138670,153.48442253883724
EK202310116342,139.3916045991629
EK202310148866,146.2873500743947
EK202310136555,123.88572137170806
EK202310155446,166.27631145127268
EK202310147661,147.19810833428784
EK202310168674,137.85068019580743
EK202310142524,147.86062852669912
EK202310248385,138.7197512578535
EK202310165956,130.256050751084
EK202310120604,130.8362507989134
EK202310158534,150.7894626175013
EK202310138524,157.92014062804807
EK202310231297,141.23100917154346
EK202310231319,131.01378984598094
EK202310133278,131.57607695927956
EK202310142657,155.08100465431605
EK202310114071,136.0323930774719
EK202310116075,125.63395069084754
EK202310139321,141.92193429431978
EK202310232658,135.4480608165773
EK202310185531,137.27468086615818
EK202310231623,138.60356876532947
EK202310183491,151.555456192777
EK202310171783,152.0971253119851
EK202310116076,129.7528666077124
EK202310200347,148.24908393769152
EK202310189649,152.7239746079293
EK202310135957,130.66977609880314
EK202310245361,151.92678664428385
EK202310138713,141.4671694304232
EK202310169366,175.0212915165443
EK202310246917,157.5133094660774
EK202310183943,156.62186820616924
EK202310110540,136.0999974234916
EK202310170711,118.35239084579052
EK202310246548,158.51098040834864
EK202310174376,140.2173716805897
EK202310180261,147.39497825861707
EK202310232346,111.26361957261493
EK202310237154,147.09623231021843
EK202310171359,143.68015216709514
EK202310136595,150.36524318894777
EK202310144015,141.18835908735065
EK202310209121,139.7765178687898
EK202310222216,124.60105611060203
EK202310107905,125.71281851912165
EK202310188461,117.73451140446493
EK202310222800,127.64014024480878
EK202310217737,124.26234168561568
EK202310218371,135.96772457210818
EK202310208739,114.61380016355801
EK202310219741,156.14623533492679
EK202310211457,144.16305487244352
EK202310182740,148.34414732999917
EK202310163470,143.78459080779146
EK202310245687,143.0665576766738
EK202310168480,140.3618651045689
EK202310185027,167.04395490774175
EK202310194951,136.8875075632809
EK202310190588,147.4012954579348
EK202310177991,144.2853692884663
EK202310162069,146.46940786623816
EK202310125865,146.74171073339235
EK202310220126,144.18157976399948
EK202310158441,144.912547037177
EK202310145659,150.92540140100294
EK202310129542,117.83328359262819
EK202310151845,141.6116365821064
EK202310230263,128.36285889570834
EK202310111108,143.0677044904404
EK202310171363,156.13011253278512
EK202310127866,152.97030812389448
EK202310129063,137.5315071468837
EK202310144099,140.46419816441298
EK202310140594,152.86807373067964
EK202310154125,161.88139945204983
EK202310131342,131.1816913659551
EK202310203912,132.8174066985186
EK202310118762,140.28642038567756
EK202310131877,177.92594524507902
EK202310106187,148.50704618169624
EK202310120319,134.8129838438699
EK202310209664,127.62773146825728
EK202320007072,160.80924711472343
EK202310121959,139.52711734651544
EK202310153089,143.8079644573502
EK202310151971,147.14116245289176
EK202310151896,156.69925743552602
EK202310135751,130.8539040635409
EK202320005711,168.56097389440168
EK202310134604,162.02122500150463
EK202310130128,155.72144940538502
EK202310241667,151.19666086210378
EK202310140220,148.23986983580838
EK202310190478,149.21567197317916
EK202310162552,149.26197610009828
EK202310169398,134.58401775066218
EK202310110027,129.2672725346661
EK202310242977,137.8606938501609
EK202310182314,132.5209257475582
EK202310147967,156.6900255789478
EK202310107549,166.03361642418864
EK202310209315,157.49441772881636
EK202310216226,149.32910095462222
EK202310172171,169.2497407194573
EK202310198531,148.6328836343195
EK202310108550,129.52261351160033
EK202310201297,159.0328733646134
EK202310168808,146.0777556546298
EK202310212662,133.1730793529392
EK202310244470,133.4407133898605
EK202310111112,146.7471970468708
EK202310212061,151.37201187088868
EK202310131027,143.50763693749866
EK202310168347,138.97435172101748
EK202310138779,167.337977476899
EK202310228854,133.83409268608645
EK202310156047,152.47927298916585
EK202310209290,141.8575711603822
EK202310121347,127.09056193557815
EK202310171158,144.02253995980843
EK202310233104,147.39533088750247
EK202310155615,128.5435409591623
EK202310179680,139.15652825598607
EK202310125362,139.54479201777252
EK202310107378,130.52937676081737
EK202310206995,157.84740510682676
EK202310205548,135.63349660435077
EK202310181487,161.8819050155522
EK202310165214,154.10334045546384
EK202310243818,140.98721245537817
EK202310139297,151.76793969018837
EK202310176765,142.32186023541993
EK202320006044,164.36178842789332
EK202310226154,130.02176214047398
EK202310246712,150.8018579372206
EK202310190930,144.13624445225912
EK202310216412,161.76004717758698
EK202310123615,136.77240121885583
EK202310155164,140.5176046426497
EK202310193422,159.67645949095237
EK202310183961,135.0724847354443
EK202310181902,150.2945788463351
EK202310123760,149.83525732806714
EK202310147302,148.8040825074571
EK202310210787,145.60356087103074
EK202310132847,125.67008333912118
EK202310126696,138.17610385383736
EK202310232230,131.34065770318716
EK202310223850,145.0009174031714
EK202310237551,135.22255073577503
EK202310188279,135.5535345375146
EK202310152561,144.51397550424872
EK202310197741,125.92008855663858
EK202310241557,150.20320067124533
EK202320005587,163.20069180182398
EK202310173993,122.3606023810573
EK202310139298,155.30851830093394
EK202310226418,134.21216230267413
EK202310120554,148.6471134297275
EK202310210326,130.20360472476696
EK202310124646,115.92390588362086
EK202310243187,134.22300749658092
EK202310111546,156.87228895831956
EK202310225889,137.8612887322189
EK202310239244,128.0917483491939
EK202310226952,128.03474669679375
EK202310154546,140.3610611980809
EK202310209747,130.29853165165434
EK202310208437,132.73835351599521
EK202310217996,148.5691337855933
EK202310154333,144.7548475782199
EK202310199044,152.85799194536565
EK202310193652,156.01903277829655
EK202310199108,146.0910366733283
EK202310138541,142.5575863391083
EK202310109275,154.48425793374977
EK202310241877,157.6286443167472
EK202310247060,140.3909660542114
EK202310233675,138.4451172460845
EK202310127980,150.59040525252985
EK202310216345,129.61255839718012
EK202310124692,143.258959513181
EK202310214703,150.08237716568237
EK202310125176,145.11074274737192
EK202310230402,137.8523717471868
EK202310204376,126.67302318840832
EK202310003738,141.91526839398767
EK202310177361,158.17995095979748
EK202310142175,144.14708288944746
EK202310121737,120.0150129875873
EK202310231332,141.04729757933555
EK202310126428,134.12984722489247
EK202310208151,142.62504443577365
EK202310160932,156.63256031722517
EK202310201461,150.33659564761612
EK202310190429,141.49978995248782
EK202310180683,156.26867234249133
EK202310216976,157.36516649213917
EK202310125226,135.5794466270774
EK202310201559,139.42419453099282
EK202310201026,149.02419346640903
EK202310241612,118.32807910577033
EK202310159055,135.3446144208304
EK202310128633,152.99657470577847
EK202310241584,143.06993782790846
EK202310124066,136.75410426388882
EK202310143999,135.84448553428084
EK202310127055,119.77417328956778
EK202310109477,136.5149604389455
EK202310142422,125.99335726733746
EK202310170493,149.24391805770773
EK202310245660,129.00247404385775
EK202310174604,138.62930662935318
EK202310145956,137.4414057502932
EK202310170744,141.75774413741968
EK202310137459,143.24765093604543
EK202310205343,136.3434036998757
EK202310113624,149.59185673879907
EK202310230917,132.66337278079308
EK202310131938,136.74485793298763
EK202310192653,153.76929542174148
EK202310233709,144.62697942295534
EK202310125722,148.35359828437112
EK202310167315,142.6599558294801
EK202310155548,145.48921921526104
EK202310143279,133.65566142272326
EK202310150075,146.39272508750363
EK202310122318,136.067544161926
EK202310126189,144.70104579988532
EK202310226757,140.1173576015926
EK202310243030,144.70206992355804
EK202310130445,152.64111327597033
EK202310243191,143.88555652352815
EK202310203273,134.95862048420338
EK202310188485,139.76839487260426
EK202310230409,128.45352849297402
EK202310183553,132.06442729286238
EK202310220994,137.86238622517573
EK202310207037,127.3293731628987
EK202310165758,131.2834589456519
EK202310106826,141.92419864381662
EK202310120683,145.96917668778806
EK202310134934,141.3364796572465
EK202310165051,135.5468830985116
EK202310189221,122.28490626562164
EK202310157513,158.66799679344976
EK202310190280,155.429923379215
EK202310123034,132.28524190720213
EK202310206344,161.54088586984287
EK202310135546,157.3535074731583
EK202310246417,118.60340300170223
EK202310220955,136.12871476499876
EK202310109848,128.11258441528645
EK202310154849,149.40608316309843
EK202310110348,146.50487583079828
EK202310167034,162.08291553606063
EK202310113223,126.18847860365429
EK202310165666,133.30663801673467
EK202310235856,152.56688149724854
EK202320005842,145.47627014096025
EK202310154000,140.7309998626971
EK202310142071,155.74676880807044
EK202310209033,150.1560700782763
EK202310196340,141.4265896523411
EK202310216529,148.9400647252554
EK202310164553,149.99948560035665
EK202310104021,141.719058953453
EK202310239632,130.5643448955404
EK202310225277,156.23221854850004
EK202310175861,146.18012392955725
EK202310129169,155.8935656525316
EK202310122145,142.90714019990452
EK202310227448,123.8543273131298
EK202310177969,140.10385396470406
EK202310193062,147.63693157165847
EK202310182763,151.21964470845575
EK202310235087,134.93370188596987
EK202310121651,136.31653088550783
EK202310212604,129.44633912875338
EK202310226694,111.12525988624859
EK202310004579,151.61495824125367
EK202310159373,135.33858937852943
EK202310177799,142.14642824633376
EK202310119324,121.10930249993204
EK202310129405,146.47021562191338
EK202310237885,147.63690814001302
EK202310135421,143.35004975060482
EK202310175226,151.18280007493362
EK202310173605,171.6274930371671
EK202310111658,122.38817627257913
EK202310185671,159.23822122336261
EK202310196715,125.99246447333854
EK202310196589,137.97306514001633
EK202310199584,145.7805041658337
EK202310143146,142.67775367990262
EK202310121051,143.32062062037556
EK202310231042,124.80801844905497
EK202310194606,135.40241473998523
EK202310212236,128.03539168315612
EK202310153083,151.810217665213
EK202310141649,141.70625343146565
EK202310192808,148.76112859878384
EK202310169365,148.97131417393598
EK202310189768,142.7927148881983
EK202310233720,132.56505125969238
EK202310247878,155.69663675875384
EK202310178488,135.45198656310225
EK202310151955,158.64246855217988
EK202310104506,135.70134463427314
EK202310205228,132.0465857738151
EK202310116841,135.48216596905303
EK202310105208,165.2477060750657
EK202310168242,149.14901360106506
EK202310172150,162.52801124771528
EK202310199656,171.64107928320598
EK202310202819,135.6679011938094
EK202310118069,121.09623199425761
EK202310226761,129.99635801475597
EK202310158901,156.59904674108157
EK202310221031,147.50466055257792
EK202310204076,140.60513186614804
EK202310146995,147.33279142557888
EK202310126768,137.20875230676756
EK202310167991,147.81386085455742
EK202310142215,132.9360712009318
EK202310128249,140.24269239704552
EK202310168392,156.20910943115194
EK202310241392,114.20523988021915
EK202310167654,135.32388185253305
EK202310124170,129.84856781730713
EK202310211894,142.06717322574016
EK202310213128,139.45571647123933
EK202310223813,139.51458917348225
EK202310106169,149.75694864143358
EK202310110167,151.911286228208
EK202310237365,147.59285820864264
EK202310153054,153.2976866170001
EK202310138889,149.36086451293446
EK202310136676,124.54373824676642
EK202310177777,143.7944397694459
EK202310183311,174.29327995620457
EK202310192034,141.03613797516056
EK202310161294,155.79365954208959
EK202310215386,146.85050797261172
EK202310237862,141.61242462460186
EK202310124110,138.705957431172
EK202310105757,141.25464695414408
EK202310131681,135.2716932624371
EK202310122852,134.7664670397029
EK202310106485,118.88259920102061
EK202310182695,124.06548968871545
EK202310238540,129.76050388482696
EK202310104101,134.89752823622115
EK202310121381,144.74079220232917
EK202310200186,145.4911829840197
EK202310190609,132.9179310682224
EK202310230288,127.1951406167959
EK202310166620,161.01382829674645
EK202310147442,154.30296634716717
EK202310137943,133.21988618636112
EK202310208851,142.5945496752948
EK202310128623,113.51697391313917
EK202310179932,137.08741893350017
EK202310191123,144.16746088887626
EK202310222467,140.10412507762263
EK202310120128,136.92984755409375
EK202310143211,110.6130310068755
EK202310158431,158.09845560348464
EK202310200191,145.13219654088542
EK202310121797,130.5743699936173
EK202310246836,128.06266699268934
EK202310122588,133.74816959688917
EK202310212376,131.70016756379127
EK202310202020,135.95878280521535
EK202310003990,158.4533564343063
EK202310195950,156.26240904443696
EK202310215709,147.89170919223398
EK202310140933,136.4525335813386
EK202310135948,134.8685083158716
EK202310156397,169.8248571631187
EK202310160468,123.32442123684821
EK202310181061,171.7761683560049
EK202310165217,149.97416151531118
EK202310221056,132.40556198983796
EK202310168493,127.37231366013995
EK202310136547,117.55388065026513
EK202310247972,134.0852580108167
EK202310167486,142.8250120227856
EK202310240744,146.24432010947032
EK202310148632,144.19328807089312
EK202310199792,150.1345247987606
EK202310200958,155.62375346592395
EK202310171502,158.53034837266148
EK202310164924,137.5875275533622
EK202310175724,118.1907740657538
EK202310139433,144.63369038674415
EK202310217068,155.80934216536653
EK202310110561,129.59557963567323
EK202310248008,155.26438861360072
EK202310157048,143.3045661111298
EK202310141117,135.78177127698592
EK202310195935,144.72817621181238
EK202310168643,134.43756478783743
EK202310004252,128.23340429857006
EK202310151231,148.44616078847804
EK202310221120,130.45871488990227
EK202310115802,140.14770929990215
EK202310217669,142.66989243204029
EK202310179308,142.15603552064434
EK202310190511,149.49807036976253
EK202310189661,129.46059983770007
EK202310218561,128.61218168809975
EK202310216544,148.00099429309043
EK202310130093,143.4613563389486
EK202310227470,141.96449279751462
EK202310149720,151.1918540074946
EK202310123936,147.94630667949613
EK202310185139,144.54570211850793
EK202310164969,121.39160016948274
EK202310159566,159.23003704401668
EK202310153493,129.14479600970589
EK202320007009,167.50764555504898
EK202310149916,151.22414415669144
EK202310195613,119.71470213673695
EK202310234039,138.00955366845582
EK202310109288,126.29089574891056
EK202310212808,123.04007101402537
EK202310234197,127.17724686429514
EK202310157802,147.78044670790675
EK202310207417,144.12150712537968
EK202310245686,136.0882563776287
EK202310159054,149.9155338213698
EK202310183850,139.77796732173582
EK202310118502,167.9936714094693
EK202310128627,156.11973120400242
EK202310220287,151.11845481142507
EK202310199273,142.06633774783782
EK202310142033,150.2007527073981
EK202310229082,134.89094710457107
EK202310143807,133.3049990692344
EK202310206645,129.72039052312326
EK202310211819,141.26672211285907
EK202310197690,152.9389181108091
EK202310197678,127.49277795927661
EK202310234454,117.60523791483442
EK202310120882,150.11080233550067
EK202310169899,153.24224947032184
EK202310202826,134.95377967623693
EK202310161402,167.5581098905948
EK202310121220,116.6713228377952
EK202310125862,125.53330192442431
EK202310197968,124.53298106386089
EK202310237174,121.95350143968028
EK202310134475,146.78887954902527
EK202310247308,159.24525105394747
EK202320007435,144.73184064655942
EK202310164160,127.65676411654144
EK202310122449,168.46467545885133
EK202310139591,142.77629916084223
EK202310141624,143.07713073055507
EK202310138255,145.06085701929186
EK202310193958,142.74535888778422
EK202310222645,129.20321414089096
EK202310105689,139.05973641886726
EK202310219882,145.11277780019037
EK202310178757,161.15886924706592
EK202310241650,131.75616357171253
EK202310246447,128.36923688853733
EK202310217078,161.13491923966683
EK202310139978,148.21328620596967
EK202310241716,144.97618169572357
EK202310133093,136.59268187899747
EK202310243929,141.52530157580935
EK202310140929,159.2292769077165
EK202310191115,144.87300111963663
EK202310207003,135.24862991588628
EK202310145248,155.89327156061148
EK202310239401,152.42599355188193
EK202310155225,149.5971715030623
EK202310151560,134.72763049735795
EK202310177641,137.89283654279282
EK202310222696,129.03300714570858
EK202310150293,146.9403382751202
EK202310195144,145.85108106484637
EK202310243924,133.26058448724478
EK202310178439,141.2607791728215
EK202310195750,130.8464000664909
EK202310166551,140.12158176550005
EK202310217145,168.10560124719342
EK202310240066,150.42484201381325
EK202310199715,165.57704280339516
EK202310132904,141.35896636571763
EK202310154841,162.1180485048631
EK202310234469,123.02031693610088
EK202310114515,132.49744704339116
EK202310117966,148.39400282883307
EK202310137867,134.99429166553506
EK202310205349,157.1137083521332
EK202310112816,144.14959508751312
EK202310168065,155.99183783897658
EK202310169737,159.91215712056447
EK202310148917,137.69665687583796
EK202310196463,145.89263605341765
EK202310231207,126.96707370513971
EK202310128533,135.62382487234768
EK202310197226,122.07004947956688
EK202310154933,151.5419010845584
EK202310117103,143.15222452863952
EK202310165309,152.47760728810752
EK202310104246,146.41897103960133
EK202310105130,137.88453448428396
EK202310216979,130.89343021974616
EK202310193989,127.29094217798433
EK202310147207,144.4406752460919
EK202310135301,162.619449558802
EK202310180058,145.7413414050855
EK202310150495,153.8055562213998
EK202310184503,157.1161998008848
EK202310107823,141.27756570717756
EK202310241936,149.1505646407561
EK202310186182,141.98541898880745
EK202310003976,135.33511952966597
EK202310156046,138.81683954686437
EK202310129628,171.63691737206668
EK202310142854,135.7757973163539
EK202310241326,159.75053512457052
EK202310160722,151.77121889954282
EK202310143237,129.14708933489243
EK202310107245,152.0355671063162
EK202310114305,144.8764343283502
EK202310134035,141.86322683113485
EK202310199912,137.00820129027895
EK202310140410,149.8576993334211
EK202310183615,156.22295824648788
EK202310147371,149.2213654935658
EK202310111631,136.8644180888611
EK202310139777,139.42545675904347
EK202310176357,133.96745260167688
EK202310105349,150.97410339073426
EK202310238051,148.77456691240792
EK202310123087,131.1042896157811
EK202310199824,138.77701970454675
EK202310225713,130.0937612283845
EK202310156653,142.73839464511053
EK202310238527,150.99898521887107
EK202310148824,173.26219535147297
EK202310186203,157.3862375054721
EK202310105194,141.37830460503102
EK202310141266,142.96508731271575
EK202310126789,169.9215050961599
EK202310135067,177.28901147270344
EK202310222780,121.42071099649905
EK202310191104,150.53707997743456
EK202310244171,170.82313726316912
EK202310166225,149.24554312715046
EK202310217237,131.2169926433437
EK202310225459,131.21438239498676
EK202310109489,141.51852337090867
EK202310167581,147.8547508547672
EK202310127053,122.10169840021403
EK202310158488,145.57537000242493
EK202310134328,133.86152206460164
EK202310155326,146.91518576289278
EK202310181981,152.50003954968034
EK202310237066,130.8021378132327
EK202310123955,152.69256256303095
EK202310228593,135.00867402834902
EK202310190125,165.8196854405537
EK202310115548,143.2989178800678
EK202310111782,149.51935281544635
EK202310243482,158.9244501085135
EK202310163452,135.75988388630725
EK202310123894,145.2819864037481
EK202310154308,126.32926161592498
EK202310125766,130.38583227438752
EK202310176942,142.99786835151153
EK202310127476,153.3765899100092
EK202310158246,152.23626948402082
EK202310194016,149.00810512944165
EK202310227342,140.7326550239695
EK202310134667,149.01444573217844
EK202310123740,133.71265833308354
EK202310105769,137.02275733001133
EK202310228947,139.676887627864
EK202310169454,157.34910285624292
EK202310104666,131.76496677528255
EK202310151168,128.4101134042504
EK202310233283,145.58445322864358
EK202310172969,139.1957266514454
EK202310209511,146.69576178496632
EK202310185148,147.36775584570458
EK202310181055,150.9362230075122
EK202310153153,154.61273676569334
EK202310187550,165.24636198477535
EK202310107176,140.3935778691196
EK202310144598,121.18948757478626
EK202310139318,131.4551691785553
EK202310160272,168.26093755270847
EK202310195091,145.73001374138676
EK202310186267,128.19295298277476
EK202310204034,135.6358561930468
EK202310128110,137.82712548967086
EK202310119313,142.06832787948937
EK202310157152,135.2581919412481
EK202310189194,166.1269183331825
EK202310115332,153.3145513038468
EK202310213972,136.74510674907017
EK202310174634,157.0502796227298
EK202310141976,144.89209214458853
EK202310217725,132.22740450142703
EK202310240779,145.24527586096278
EK202310133212,161.94602786663933
EK202310198208,143.17464718179076
EK202310185889,155.15032776864732
EK202310189206,148.28302165943538
EK202310177011,148.77147997132084
EK202310179732,145.71927532132415
EK202310224354,132.10620261989757
EK202310163111,131.47944357863446
EK202310194747,124.46929178182963
EK202310166854,136.44042223460326
EK202310242694,149.5849190784062
EK202310141362,133.7842948880831
EK202310183977,157.55757764311917
EK202310179207,134.69224094041758
EK202310247546,151.85775363242556
EK202310140989,144.75538411858793
EK202310196104,138.95171142667394
EK202310004793,143.22647667108924
EK202310185123,144.9991265659994
EK202310160604,146.65527868489838
EK202320005906,171.0732945109975
EK202310216868,138.54613215868363
EK202310164383,168.52220762685099
EK202310135531,148.39136952941817
EK202310225232,132.7905156328365
EK202310152968,145.1747934716634
EK202310193329,155.77549467647196
EK202310208494,132.92493297694205
EK202310120865,133.00338695898364
EK202310160731,131.3670003817466
EK202310143803,168.49039988661278
EK202310216607,142.16839223169205
EK202310183415,146.72651037765428
EK202310200013,125.31372441341779
EK202310104115,157.1642430222722
EK202310133379,137.71337496887853
EK202310131060,167.56330719873574
EK202310149753,145.68667677143577
EK202310148087,140.5874368859005
EK202310172156,168.319848256886
EK202310118569,116.36618888184927
EK202310204670,131.4326778015742
EK202310234858,139.30641406273804
EK202310203722,138.21470181094708
EK202310232168,139.37021448020866
EK202310213536,137.3578830952817
EK202310113341,160.65389999986678
EK202310134517,147.69358146108507
EK202310175096,146.8207676068722
EK202310118503,130.5360835514863
EK202310206791,136.5324421838874
EK202310133225,133.21830872538268
EK202310139427,126.4973181422101
EK202310242973,141.33636635768693
EK202310230311,122.46378497534096
EK202310192098,143.75798402565977
EK202310139654,149.10278853689354
EK202310104039,150.04484338716472
EK202310218808,146.7896184834323
EK202310112932,148.34917784637722
EK202310139942,148.02544307721521
EK202310155659,144.1507816314482
EK202310225247,154.92283624410737
EK202310126309,142.95497168129157
EK202310132111,167.39456995569628
EK202310242286,155.6684250534788
EK202310123840,131.96147087630678
EK202310210407,133.31396890128704
EK202310144692,162.5607039118853
EK202310132665,163.00579188140873
EK202310142951,167.90389246345248
EK202310239672,139.7760881987624
EK202310228540,125.55451214082396
EK202310134450,133.59201383206002
EK202310202201,156.79613104816747
EK202310237145,139.62489672226573
EK202310248506,140.21240891674822
EK202310181213,144.19374726573662
EK202310197495,147.58276709924868
EK202320006060,165.15854570484464
EK202310240535,146.544253172614
EK202310238367,148.63262710182144
EK202310105848,119.95467287316728
EK202310153010,130.43271051680992
EK202310245093,134.52103986436185
EK202310133381,133.61789235815206
EK202310132940,142.60372906774938
EK202320007659,156.03429520916728
EK202310125644,155.0587488108726
EK202310141453,141.48433767180435
EK202310217985,107.62135971567147
EK202310105477,149.55633419091802
EK202320005870,168.01102570416666
EK202310148401,158.05522447962022
EK202310218056,128.60613275772275
EK202310104777,150.16186838186064
EK202310136506,125.56068300864185
EK202310243986,152.6053542635694
EK202310217742,152.58454355841934
EK202310149440,144.94458969924855
EK202310176195,115.93179249071575
EK202310147405,143.11118892383325
EK202310210916,139.5299523944419
EK202310136871,143.74789054459634
EK202310204028,135.3620591307128
EK202310236173,141.67605541319244
EK202310144792,120.6043488819032
EK202310199783,141.33670740144643
EK202310115630,114.47965071948741
EK202310171734,151.92842948953026
EK202310219359,141.7408848221064
EK202310136081,173.87254980024386
EK202310238195,137.38010135597915
EK202310168013,155.57963769438453
EK202310171083,155.2216734055482
EK202310211010,133.8971693169956
EK202310212579,136.09287805266314
EK202310129157,152.52185768290465
EK202310123465,145.25781728694398
EK202310192944,146.487483351958
EK202310104057,132.0715027021404
EK202310140551,163.98385749533335
EK202310243448,135.81363528178844
EK202310238701,130.40110373526218
EK202310243934,137.20818699282924
EK202310225403,144.59003959142345
EK202310194134,144.47886455534572
EK202310223407,131.67780164276832
EK202310164382,135.20595095219653
EK202310136103,180.81746697212822
EK202310208188,141.72117179363235
EK202310145816,136.7634596918662
EK202310214812,143.77839197811713
EK202310202835,158.88894963743107
EK202310125645,142.04354697975043
EK202310121206,139.44547759434963
EK202320006076,132.51439551296406
EK202310184640,163.97241486690385
EK202310141217,141.39234121786393
EK202310150527,130.1123967958542
EK202310125769,136.88830530118744
EK202310197697,144.0659031543497
EK202310206446,153.69384482357583
EK202310151327,131.56922304458462
EK202310175105,140.12850856035502
EK202310139134,159.8900157954046
EK202310119006,154.45615108231274
EK202310109789,133.1417059733788
EK202310205096,147.53057214565268
EK202310118587,148.52809963644904
EK202310171349,165.99468254511848
EK202310212106,132.33609418528155
EK202310191242,141.4839928190334
EK202310200352,147.75624508137432
EK202310128949,126.31525999361611
EK202310122161,145.89631892175046
EK202310201553,152.65777286331502
EK202310139788,150.48286458436513
EK202310244144,137.42435157315703
EK202310003717,173.10172746493714
EK202310130693,135.15769012149138
EK202310183999,171.9821424609004
EK202310172800,141.3115276095278
EK202310161242,155.14421020784528
EK202310146441,140.82870912056833
EK202310117631,121.79680039584902
EK202310212373,142.51528536714645
EK202310113819,135.74743571081945
EK202310210848,134.27063720828363
EK202310158047,147.0069971103874
EK202310144950,142.74503829149134
EK202310229677,137.85687228676738
EK202310128529,142.50790036725093
EK202310224957,159.323643921588
EK202310111880,148.91270822845837
EK202310104750,143.10136624742023
EK202310230949,120.83397334153757
EK202310123557,157.17781086721342
EK202310235606,130.30204079525944
EK202310198394,136.59526772686144
EK202310161777,150.72418529806785
EK202310134912,151.95576579895993
EK202310118238,125.6661271782249
EK202310154314,149.39928457027463
EK202310195062,136.15771002124617
EK202310144785,138.92035837078265
EK202310225938,129.61139830235405
EK202310145864,127.15672614701285
EK202310219409,134.49478347187778
EK202310140726,156.68879444256655
EK202310132055,143.48096435717494
EK202310176826,137.7398944572309
EK202310136603,142.62331185797797
EK202310131597,146.05548806703274
EK202310246396,154.9598882012175
EK202310238453,140.97972533387468
EK202310210356,154.78308044195262
EK202310238874,164.35847858498764
EK202310243980,164.11497456890893
EK202310130204,156.3247975463737
EK202310232972,149.8864920532397
EK202310132480,154.9876225514933
EK202310123064,170.34033389702932
EK202310116125,137.0143376649795
EK202310216605,141.02767039796737
EK202310135031,175.04257011977091
EK202310119678,146.31990502075644
EK202310156982,175.8783816401719
EK202310181434,159.7059413561654
EK202310160699,153.86908967946044
EK202310206737,145.16687870342398
EK202310179993,144.12644910650508
EK202310141387,152.20934122074198
EK202310210766,135.54770777496412
EK202310109069,158.47643451559583
EK202310183082,143.89332242069182
EK202310184893,151.4139214914258
EK202310246516,139.6169406397888
EK202310229143,148.3947465514231
EK202310131062,159.57170820168272
EK202310185681,155.54136316652344
EK202310185540,141.9910944936506
EK202310114449,155.66367705285384
EK202310165928,156.53784390414634
EK202310107191,153.62980692578165
EK202310228437,128.48579377328554
EK202310143843,154.01517890299152
EK202310180377,163.62624398147415
EK202310241530,141.23498171706515
EK202310162708,175.47723581194163
EK202310138305,148.6635743903577
EK202310103875,135.83653139291036
EK202310125471,127.93233338544077
EK202310152377,118.57038656660515
EK202310113683,153.8858410032124
EK202310181927,149.5597149665386
EK202310176699,155.40467737005764
EK202310179246,126.96528120855055
EK202310218837,136.78676958063852
EK202310156548,164.72369425800434
EK202310169871,135.20459631611223
EK202310183587,180.3974836548008
EK202310223255,140.5065902897223
EK202310174418,131.5627682876656
EK202320007116,163.5126770077527
EK202310224284,147.3055433815882
EK202310174549,138.74096285409564
EK202310161579,166.9870610253381
EK202310147194,153.7138764985868
EK202310112625,134.1522478096843
EK202310142795,133.10455082265278
EK202310187355,127.98570361211912
EK202310166085,162.36614101297556
EK202310173662,157.43583967539846
EK202310179128,143.2273010535406
EK202310178324,142.08514189701347
EK202310141982,126.3898927439089
EK202310200610,154.91507927135603
EK202310116989,150.8477375374102
EK202310148385,155.37728193073917
EK202310003411,132.83730235682077
EK202310247578,115.30522444403458
EK202310244685,163.48528798297082
EK202310129901,144.25275271882066
EK202310200914,135.24003846209985
EK202310129257,141.41283369423604
EK202310240699,142.03953808726314
EK202310216215,152.33375814803495
EK202310156174,138.08223166093302
EK202310221194,143.1414834668476
EK202310103999,152.11761326406148
EK202310192191,127.42897948754926
EK202310140596,146.411696513069
EK202310143276,131.2057813244395
EK202310234844,145.33136002166407
EK202310187581,137.61585731459448
EK202310140028,158.8707299557938
EK202310246026,127.43211363780193
EK202310227430,154.27805924044236
EK202310132042,144.75346941164173
EK202310177593,142.1697989090873
EK202310141118,140.49218106731
EK202310247138,155.40220162591544
EK202310130201,155.55646146551754
EK202310131399,147.12828114484233
EK202310175507,141.8299985875339
EK202310216063,155.22831413446397
EK202310247001,145.63211707581922
EK202310003515,136.21335831457552
EK202310174264,133.82403327623598
EK202310169815,143.11827181439696
EK202310110931,138.42591472259878
EK202310116115,144.7893315390281
EK202310124245,141.05797696023237
EK202310201777,145.86620468575362
EK202310166287,149.26093296942327
EK202310212681,157.81899590046388
EK202320006340,164.56141662780928
EK202310155270,134.49830590835037
EK202310115765,134.5872056521169
EK202310179416,129.87387270590867
EK202310115011,126.93688207122905
EK202310159851,156.1460609972624
EK202310185875,145.43087681065646
EK202310195751,152.7583326696887
EK202310212496,144.6639080862372
EK202310134077,127.0138198406963
EK202310125764,133.89148527760324
EK202310219281,128.8581910626833
EK202310138192,123.85414819031396
EK202310227717,131.89471933804683
EK202310178143,143.0896404265887
EK202310137761,152.08360361431173
EK202310239906,128.72168000509538
EK202310190459,155.8712035193525
EK202310115727,128.27223329158318
EK202310244833,151.45904664324573
EK202310107229,129.47499792769102
EK202310224274,151.946096243618
EK202310194396,162.46193674536926
EK202310134831,129.09319593977824
EK202320007479,152.68870480794914
EK202310170018,146.8028487473507
EK202310177337,165.23270899630666
EK202310119476,144.34264174980726
EK202310213475,141.53545739782118
EK202310206650,146.4164796497959
EK202310231785,133.4901826993185
EK202310222833,141.06926511563287
EK202310187301,138.52883368006158
EK202310111784,136.199362700309
EK202310227788,137.00124010546068
EK202310150141,149.09640777818677
EK202310161536,157.9104319208976
EK202310137661,136.40318247934673
EK202310226163,121.1548485175424
EK202310223040,123.2708690810162
EK202310111512,154.51239384078812
EK202310211220,144.67486099710402
EK202310122194,153.36330744383764
EK202310182104,139.94317879857192
EK202310179334,167.66264148430207
EK202310179331,161.94738382648177
EK202310145350,133.0708646962247
EK202310201986,123.8847586212132
EK202310196946,139.40622477115977
EK202310217855,118.07106879017257
EK202310236350,124.98795235878556
EK202310229165,129.36784442531223
EK202310171617,140.20329658552382
EK202310115459,150.40504142685063
EK202310196848,143.16542193475297
EK202310127398,137.7132962477835
EK202310205390,147.15290816231177
EK202310142325,153.38020635578684
EK202310196201,160.94010651773996
EK202310238646,142.34754113585305
EK202310230272,165.45156641593005
EK202310241132,136.57397520153037
EK202310212259,138.75155273814082
EK202310228514,139.91933130054198
EK202310238485,149.12776792038798
EK202310158861,150.47817351230162
EK202310227360,131.3783009433386
EK202310136436,144.5218083874853
EK202310231528,125.23136776681335
EK202310221158,154.19575527846936
EK202310211507,145.60233435913798
EK202310190845,147.8633469418135
EK202310157714,147.6727556816242
EK202310135990,130.8888524880569
EK202310164365,154.0087958466786
EK202310153926,157.19388197992976
EK202310150008,141.1916489265448
EK202310141032,142.21397421650735
EK202310193812,149.00077469310375
EK202310137931,146.87147242049886
EK202310156495,170.82557688320767
EK202310122480,146.86326171327212
EK202310216486,137.96817957043277
EK202310222820,150.68510386299894
EK202310111196,149.2542527945526
EK202310150248,135.52009353945877
EK202310136916,145.0550048927822
EK202310107139,134.09045521073904
EK202310181412,155.30376998938507
EK202310206211,133.76060435835763
EK202310109768,142.53804058653694
EK202310206447,151.95339055524357
EK202310211977,128.9597695901344
EK202310235013,127.88882601313951
EK202320007348,148.8653744702945
EK202310128131,146.17702647821358
EK202310107501,155.6465026896147
EK202310247682,137.72165288402408
EK202310227429,161.84862543973878
EK202310204611,141.48695139556634
EK202310133183,135.47288979884428
EK202310218119,125.39608508691407
EK202310183206,144.14621770041154
EK202310232942,129.0345487470361
EK202310205411,145.7064400103931
EK202310166033,160.74323475136833
EK202310134596,177.73036576875893
EK202310136873,170.47814588953128
EK202310203514,148.986248229833
EK202310126038,130.76173658468772
EK202310191150,141.43618556428012
EK202310129389,145.04697440555918
EK202310222819,150.14403811803098
EK202310152891,168.56841236875488
EK202310157272,147.17227985529271
EK202310135873,154.2403448515866
EK202310197559,163.03105794704481
EK202310169845,164.19815818968684
EK202310165585,152.94117489670356
EK202310159036,144.25571298951087
EK202320007295,164.44969137254998
EK202310133662,136.85558738792372
EK202310189827,139.95492374386734
EK202310148841,157.5263808412117
EK202310146896,144.73023087747316
EK202310235090,133.31266558221142
EK202310119567,129.87740893311812
EK202310172433,162.958726956658
EK202310247849,159.905697328685
EK202310207306,135.48001487949003
EK202310183094,138.8770323532085
EK202310216955,162.33338495765292
EK202310192760,169.64237161080177
EK202310164280,135.5273672200436
EK202310203989,162.71629075746876
EK202310239786,133.66220147638856
EK202310105979,152.51095762979605
EK202310003640,143.56901861843915
EK202310240750,142.13726972920537
EK202310179109,136.04621508690167
EK202310150944,134.8384733507297
EK202310201413,147.8551061436187
EK202320007436,154.9627842099579
EK202310113726,145.6676747173454
EK202310122262,120.12901386509424
EK202310224480,131.65616753418578
EK202310194020,137.70699251727413
EK202310183018,162.96326289817725
EK202310181414,161.029919730283
EK202310113303,139.39982887539983
EK202310108976,146.43282468767444
EK202310160184,137.38273038574602
EK202310210774,125.32786447952657
EK202310161905,153.37840305036605
EK202310142271,149.9182447694845
EK202310172860,140.42478332214588
EK202310145464,126.16321241652504
EK202310004728,153.08873948730098
EK202310166310,155.84715968840388
EK202310105822,120.63436786361618
EK202310147953,143.15462224945136
EK202310108291,161.8304537702935
EK202310240186,147.85531353341355
EK202310136365,135.1647622888698
EK202310221390,152.39705518246228
EK202310229925,125.37991971837677
EK202310141278,128.19646874427943
EK202310246624,155.99383956574044
EK202310220360,127.71141453454364
EK202310224653,137.76458929006122
EK202310160368,136.0854900556951
EK202310126911,148.0232905353956
EK202310222925,145.27933914218593
EK202310200594,135.40713232832172
EK202310150819,134.58329444933625
EK202310129913,157.54410426564957
EK202310187155,163.31939009708756
EK202310221177,129.53392129599612
EK202310117855,150.75740483673948
EK202310114109,146.84618558858247
EK202310212056,146.01370089406046
EK202310235416,133.62109280862356
EK202310119909,150.05122142617495
EK202310234670,133.28217184819954
EK202310191663,168.8989976515771
EK202310157791,125.46441852027539
EK202310232045,128.77938773533276
EK202310177127,149.58545816833097
EK202310175989,131.92003804131258
EK202310127307,159.91257112084367
EK202310105741,149.48668975074182
EK202310174633,138.94487499195898
EK202310114332,135.3901029137771
EK202310176623,141.74404006371392
EK202310157384,143.00314091712028
EK202310230266,137.66127837371934
EK202310178822,162.47618322345227
EK202310174964,149.0010676795344
EK202310149670,135.44800395040366
EK202310189731,150.3833433550635
EK202310134729,170.34842268514902
EK202310198042,132.48474913483034
EK202310231499,124.41925502605604
EK202310155095,145.13813596850005
EK202310180485,139.24511116860012
EK202310198871,114.53602258818627
EK202310004386,146.33111644074495
EK202310165308,126.54649799277746
EK202310131429,127.18494387075268
EK202310141545,149.4033576342309
EK202310184517,146.51062100112063
EK202310199293,126.56945459615612
EK202310152428,152.81696894500038
EK202310148889,179.31589869218521
EK202310187273,141.06820271595325
EK202310179239,165.14975079761533
EK202310235514,133.48533931610262
EK202310169287,150.10998643029177
EK202310240454,173.8122852171955
EK202310206328,148.83341344351663
EK202310108495,139.8874399001814
EK202310213966,138.55905887952986
EK202310196327,138.91996612893197
EK202310167665,163.02174589535218
EK202310171391,152.1858877498416
EK202310183683,119.76812922241794
EK202310157793,142.60125492068428
EK202310156197,141.40029103891987
EK202310198098,136.1159127051076
EK202310146704,129.1054525054926
EK202310218935,136.60623158835918
EK202320007401,163.2669895915718
EK202310137190,141.77310627505727
EK202310154815,148.3960362846544
EK202310126612,127.98291633946664
EK202310120357,156.1388284327364
EK202310165826,154.0661315706179
EK202310214388,156.71113569860185
EK202310204549,152.5864724227092
EK202310209491,145.0172862760381
EK202310208295,148.1956657450077
EK202310196248,128.0070636106774
EK202310242787,156.7052450898139
EK202310225423,153.67803588842816
EK202310110863,139.41715062634532
EK202310117182,144.9064127004753
EK202310217191,155.03949258298204
EK202310193055,141.1055323048265
EK202310212058,141.659067691175
EK202310103911,151.18420885317784
EK202310213355,121.14719184662877
EK202310175342,161.18418579537317
EK202310237346,133.51093671537805
EK202310186492,146.59320852593586
EK202310147951,148.16556377514064
EK202310191447,146.94632453108423
EK202310215972,138.64044324809714
EK202310199031,145.6668842719233
EK202310152507,152.67337365729256
EK202310143892,123.40383825981678
EK202310129112,156.14467456613073
EK202310152184,133.64352545384628
EK202310227166,120.27884607459166
EK202310182576,144.83575155516718
EK202310004383,136.1062875248989
EK202320005865,171.8730236582099
EK202310199455,149.97214009009986
EK202310230815,121.12932148945674
EK202310209305,140.63103492323853
EK202310138624,155.0512275633168
EK202310126039,129.6925072642125
EK202310131814,144.40217869564268
EK202310184163,156.4949580563325
EK202310118608,130.54690472443565
EK202310227117,136.5626035920693
EK202310152007,147.90522683561952
EK202310229187,134.35888572268456
EK202310139035,147.58293629132984
EK202310175328,154.96100421000284
EK202310159155,139.0973353397573
EK202310239122,137.54352185422945
EK202310167140,151.80049094840751
EK202310186155,148.66713377418452
EK202310193982,145.94653449003815
EK202310138270,155.47313023830068
EK202310117049,137.18593888000743
EK202310142284,139.8546653283145
EK202310164426,143.38279657199047
EK202310176396,149.45568777606334
EK202310201189,167.69202613049123
EK202310004591,134.72547500019812
EK202320005991,153.21326918066978
EK202310231608,127.991116735172
EK202310136139,148.9054748652843
EK202310113238,157.6253674345708
EK202310158141,168.7010888756621
EK202310126316,129.448515753445
EK202310123281,164.75541711697767
EK202310167569,155.34504646664678
EK202310174151,154.8262372455579
EK202310116527,134.0460437209258
EK202310193916,138.33540868276273
EK202310227923,143.83926174727347
EK202310240783,151.95963275556917
EK202310143752,124.25851419407824
EK202310106162,146.47124192052547
EK202310107199,136.24239492882384
EK202310213671,125.42122274942454
EK202310208384,139.9963523427517
EK202310196006,157.74288391895163
EK202310134465,168.11749899220302
EK202310151047,136.64738953676482
EK202310124565,135.72309430039385
EK202310183135,150.81264677642937
EK202310213685,149.0826103400384
EK202310143407,152.98889508942966
EK202310210115,161.0954838004127
EK202310110851,156.55189111734921
EK202310229392,149.16917020796566
EK202310204386,137.4925271404483
EK202310235968,147.1361717685159
EK202310199913,142.7021403005348
EK202310138545,126.01958690030592
EK202310116537,146.37298004070965
EK202310134658,159.45323171961994
EK202310224022,168.50276068690147
EK202310234186,121.86655532173279
EK202310163888,145.09313144260284
EK202310212249,136.27275393844428
EK202310140225,149.76710599000072
EK202310140896,158.45097206753698
EK202310186538,131.90628146651795
EK202310136216,152.11522642435452
EK202310108888,152.08373067097426
EK202310182062,146.7058455861066
EK202310163277,145.4311267925251
EK202310107567,136.19404448327077
EK202310120960,165.76223101725117
EK202310180719,141.42105432622589
EK202310131600,142.2382345865892
EK202310177372,154.3751154444742
EK202310126121,150.34614450315155
EK202310162878,146.3669299830522
EK202310201167,167.39412505468474
EK202310160968,152.85147847409098
EK202310197271,135.01857155077636
EK202310181868,154.77343725780102
EK202310151314,139.26367540266028
EK202310164572,159.07950732654643
EK202310205777,145.5363191001152
EK202310138104,147.30136051783566
EK202310167840,139.07022660955457
EK202310226831,142.22423370880122
EK202310147830,151.39523533305842
EK202310197709,128.4659595227754
EK202310213022,152.7341185311704
EK202310193283,148.2003882651923
EK202310205081,125.13952811083485
EK202310122178,145.3748373015034
EK202320006555,169.22021440478187
EK202310237774,135.03938216940068
EK202310124965,141.2801529839679
EK202310186156,139.2446516651672
EK202310117980,140.49994228584515
EK202310125951,152.19311109749754
EK202310151873,142.80825356231765
EK202310207092,137.55259837737853
EK202310117489,154.9494223946985
EK202310216348,169.84808682300155
EK202310220010,150.01920743846225
EK202310214618,161.0227729303162
EK202310206863,139.16758393898283
EK202310109000,158.02303667015252
EK202310188574,169.89865639231772
EK202310165717,169.9450277665062
EK202310128017,145.74146171985214
EK202310165060,142.00636339763918
EK202310200674,135.1168677015582
EK202310221350,135.34599555550514
EK202310235065,139.7179533045707
EK202310163335,171.49965834507555
EK202310120881,137.71330182153986
EK202310137678,135.19727796123405
EK202310128015,142.33108906931125
EK202310234830,122.79939059552595
EK202310167377,147.28256028037748
EK202310164502,157.0786862137459
EK202310127391,146.16920293242725
EK202310179523,153.24958918501923
EK202310223246,127.3612833389394
EK202310108837,148.73707676009394
EK202310200232,135.53020518097208
EK202310204659,160.04326552211995
EK202310189046,161.21623348262935
EK202310137247,146.45679522639963
EK202310132734,141.356898192403
EK202310136878,125.77926923265805
EK202310236360,133.44025125044726
EK202310228358,132.11199667205472
EK202310134060,157.937239334849
EK202310165565,133.14435345328556
EK202310226873,139.8167920331293
EK202310189864,130.54008017645836
EK202310119822,153.6659352917782
EK202310139438,154.38759549366398
EK202310190768,139.89456123558335
EK202310165094,155.2428971807089
EK202310138047,140.4174372061829
EK202310166258,152.65124748174736
EK202310229510,154.268318024474
EK202310226767,143.79927945905692
EK202310141133,150.56894094859035
EK202310109811,135.29046896718162
EK202310150474,178.5618397938947
EK202310179190,125.73016516055773
EK202310196236,139.34203540134257
EK202310209246,146.4630193077236
EK202310197990,151.9885773736613
EK202310207124,130.24756873035443
EK202310212257,134.47097285257473
EK202310108488,151.57185716937707
EK202310103709,120.87773535041826
EK202310232504,137.52085582181945
EK202310134238,153.77034937390752
EK202310123117,125.26979784807429
EK202310121605,158.16801348584116
EK202310173315,160.4313000838295
EK202310121739,131.54854972335113
EK202310208354,144.0946442720726
EK202310161392,140.3363722266774
EK202310234724,121.65244675803635
EK202310111484,143.0267993356049
EK202310187014,140.83909786217893
EK202310104426,117.06089153281567
EK202310145898,136.7987218946721
EK202320006067,170.25707612751205
EK202310188463,166.24203244808564
EK202310140762,144.8069282301385
EK202310218714,158.88380639305197
EK202310243661,132.3035257473711
EK202310177326,143.73463751328057
EK202310234236,137.41732676864422
EK202310227958,136.44002751250628
EK202310118900,141.7018137025918
EK202310165267,151.49979296099482
EK202310230827,144.09373331330548
EK202310171222,152.98712140354792
EK202310162860,149.65365234421625
EK202310235544,157.99846467408852
EK202310161220,144.31343896781468
EK202310121708,164.73370854813123
EK202310179835,136.45335687163418
EK202310239604,130.09700190288814
EK202310219818,126.70134905196028
EK202310161568,156.30612996108118
EK202310160061,156.83914454956005
EK202310110380,140.33190944040683
EK202310246413,133.8750530066513
EK202310235850,147.5357984651974
EK202310165684,134.09326054381003
EK202310104090,133.55532391590947
EK202310243966,132.3005477309454
EK202310228270,133.1863919105941
EK202310110387,149.57672832654825
EK202310152984,144.60287796773636
EK202310223888,135.4347811397085
EK202310204934,143.37427089960295
EK202310162381,153.1994608824383
EK202310197868,142.55487290016487
EK202310107186,134.72688657960384
EK202310163263,122.84361875265685
EK202310198200,138.91910388740658
EK202310211345,148.51592613430395
EK202310226051,143.85143514444917
EK202310123297,157.83696725436158
EK202310140795,142.9021129391921
EK202310207289,134.53287774128069
EK202310225168,134.1862827278256
EK202310183349,112.78645202061507
EK202310105114,137.14611801091183
EK202310176080,161.90273203186035
EK202310179405,157.08589738159836
EK202310190274,157.3209546493551
EK202310132186,142.63598535823678
EK202310146444,148.83903117244503
EK202310225702,147.79876556810362
EK202310218239,133.2333845525373
EK202310147577,140.55703144086695
EK202310183811,170.03802548260262
EK202310162937,130.69829010696697
EK202310157881,160.90240383313562
EK202310207952,131.63719135251074
EK202310141225,143.8040320557265
EK202310193030,154.7444339193611
EK202310122847,128.13467539418917
EK202310165669,133.95539623231022
EK202310114924,150.52866980947908
EK202310218309,157.21303793498976
EK202310208489,159.9900174634008
EK202310179997,141.83214173983382
EK202310147027,148.222785273817
EK202310004319,138.20015884139275
EK202310175632,120.74185512201981
EK202310189340,166.84794880752605
EK202310177526,157.59112478433929
EK202310207611,166.67372518913152
EK202310194660,141.5864001209918
EK202310229979,143.9202964757843
EK202310240147,162.94391237414882
EK202310211637,133.61031370843892
EK202310149224,139.05135156197724
EK202310177662,141.965946295805
EK202310179984,162.4543428058552
EK202310228864,159.90188272251336
EK202310180524,167.54658628599415
EK202310229356,169.1874906929836
EK202310149225,126.30229171629884
EK202310188850,151.20821893999806
EK202310237876,150.8298183036771
EK202310219004,136.2867266640961
EK202310125299,119.56859243619677
EK202310156188,134.69288432188696
EK202310238230,142.51251031991322
EK202310187694,134.2674663247537
EK202310158043,140.89646000945166
EK202310214647,149.36111603694394
EK202310221207,121.64722519635711
EK202310173575,167.07663445478096
EK202310113008,149.45912801006529
EK202310239053,136.73498967176928
EK202310104640,133.9499250981657
EK202310241514,129.95171005727732
EK202310004700,169.43107625684956
EK202310162482,133.52522247533304
EK202310119906,136.76915983591596
EK202310153205,144.68410834604538
EK202310114919,138.5291610936328
EK202310235152,135.77375237126998
EK202310203791,131.1175355208763
EK202310123842,150.62800574550135
EK202310141447,163.02200527196445
EK202310192629,151.01713184357456
EK202310244491,152.120525565765
EK202310216050,117.752902695553
EK202320007061,155.52532409329163
EK202310217253,148.68194611211564
EK202310187351,163.63184083601337
EK202310247064,138.23125236177484
EK202310215396,145.80309761137053
EK202310109791,154.20211136585374
EK202310238972,140.87460590936115
EK202310210241,147.3279880547321
EK202310138585,166.59408351714092
EK202310215255,151.09571877259265
EK202310181801,157.95207509347162
EK202310124314,133.03644745535962
EK202310175289,155.91894879024355
EK202310198498,147.05715511325573
EK202310154216,156.98948978703405
EK202310226242,149.19995460935422
EK202310127354,152.62177356209315
EK202310179264,146.24336413968132
EK202310139507,156.9973346223168
EK202310129883,152.4832011481079
EK202310232951,149.06242494749296
EK202310233288,131.20963958665354
EK202310121403,142.21712531369997
EK202310158908,151.49835763269363
EK202310147431,139.75716141782948
EK202310138917,142.9832449274964
EK202310149611,137.271515541859
EK202310221612,152.45847339351755
EK202310143554,141.73420820130613
EK202310172722,126.22456509198933
EK202310199773,132.7767303221531
EK202310127375,143.40302348664468
EK202310225978,140.58222894828342
EK202310227248,145.2464912114343
EK202310116384,154.1371109586572
EK202310180690,160.7183926879174
EK202310122858,119.04505969004167
EK202310226310,130.96610468443367
EK202310195569,154.03361825864596
EK202310198823,139.76911982771026
EK202310121439,152.0780931236596
EK202310161947,146.6744044830662
EK202310232604,130.42541963788304
EK202310149617,144.24481731256017
EK202310146783,125.93837548277781
EK202310176164,150.5110408548055
EK202310135912,139.20500583120477
EK202310229257,167.06826918030868
EK202310235094,128.91352778237825
EK202310118246,146.28464004685188
EK202310185828,144.34526038855694
EK202310106494,144.0771353209361
EK202310146544,151.09881081890205
EK202310227579,134.3427156650635
EK202310248311,141.1788642343253
EK202310204884,140.38610597027838
EK202310117059,144.91092526833629
EK202310231772,125.53559120644644
EK202310139447,132.5047305589307
EK202310189968,160.02124453892765
EK202310185749,139.58892947473893
EK202310110703,119.30571750955848
EK202310237233,135.13854706772858
EK202310240881,155.78934668911504
EK202310125013,160.48379104060987
EK202310128536,131.66911064282795
EK202310153537,162.52322009586717
EK202310190471,152.40616873190302
EK202310151841,145.68433744976286
EK202310202685,122.27667390706658
EK202310105765,146.56464491034205
EK202310136470,121.78591781906366
EK202310202012,134.89269208916335
EK202310125711,158.70643991084285
EK202310157673,115.61644134756182
EK202310164027,144.98525662101747
EK202310151517,161.30693250666732
EK202310180147,134.17320237472447
EK202310198373,155.45222171475433
EK202310204349,154.49385238142673
EK202310219251,129.89260214720173
EK202310172594,139.07282817875813
EK202310179118,137.5381361609695
EK202310150133,144.13655467535213
EK202310165331,155.29132952736958
EK202310163772,145.1533153739616
EK202310126377,129.00350600969148
EK202310145984,147.9725392527932
EK202310246976,133.32365006597684
EK202310113703,147.01471849405894
EK202310232392,152.90552155493256
EK202310236403,120.66682082704516
EK202310139475,144.696773452493
EK202310192609,148.78389368720093
EK202310224294,154.21789353783626
EK202310152213,138.18934001208385
EK202310108540,157.86318561550348
EK202310210085,162.95465798426503
EK202310226804,143.61395781593384
EK202310137397,145.7640328593155
EK202310117951,130.45878449196465
EK202310193300,161.91362772176512
EK202310106304,139.21492951493036
EK202310129954,151.71551131599827
EK202310215057,157.32821586286317
EK202310139115,147.2501386470141
EK202310212736,165.95626842402277
EK202310135023,150.42640572402163
EK202310139581,156.29492339830898
EK202310199274,131.27671505464917
EK202310211965,118.83659542002395
EK202310246061,132.04827005843097
EK202310203442,145.73170355010848
EK202310181526,151.8655614273383
EK202310193412,133.61210177121814
EK202310139031,134.3897501350787
EK202310221231,137.18653584251237
EK202310134998,176.5191907551507
EK202310141687,163.5689909053334
EK202310197304,155.63162366486284
EK202310201782,145.0020670810862
EK202310135431,171.51164067297512
EK202310208259,133.8327015618525
EK202310161380,117.05184625066647
EK202310186230,156.7000389097604
EK202310152403,145.7151537562961
EK202310116913,131.16916097024384
EK202310244061,122.0310674874638
EK202310135475,154.30200198602273
EK202310165270,144.23352169100735
EK202310138939,132.43035460972075
EK202310141892,140.2262667973693
EK202310124993,143.08437000968937
EK202310170388,136.87147221485947
EK202310157255,131.57655139472237
EK202310133503,166.6197524581364
EK202310175284,135.14692668804585
EK202310241462,136.3180536982028
EK202310154232,135.93562668398732
EK202310163615,168.96486046999652
EK202310197907,153.7189489888996
EK202310186389,134.5819502200311
EK202310245749,133.2635807791912
EK202310219676,143.99357400714584
EK202310190121,154.0552777080374
EK202310209264,139.98506561353565
EK202310210983,135.1601792215815
EK202310187936,147.06682548789846
EK202310133895,131.29630304454676
EK202310186472,168.1090482553067
EK202310206380,153.36536043354204
EK202310193643,151.91971260483288
EK202310225084,153.58978498953837
EK202310220518,145.78774367297785
EK202310169406,134.85011356448538
EK202310237549,136.19960479670715
EK202310109909,174.27660048845482
EK202310212592,128.8641046357606
EK202310179751,116.20595484278957
EK202310112820,144.65951447748975
EK202310195293,128.15184151892953
EK202310236702,127.10016061013414
EK202310145993,140.3345813694787
EK202310222902,138.648495891532
EK202310189301,161.85023434634917
EK202310205807,153.98135140984286
EK202310163101,140.54528523714305
EK202310203688,148.47631071349582
EK202310174439,167.96259461994012
EK202310156353,161.47723794494607
EK202310162723,141.18723364062018
EK202310212065,131.70711977062246
EK202310004255,143.6933428192987
EK202310222006,123.38476990858746
EK202310194790,143.3316070479253
EK202310106043,139.48376912117607
EK202310242730,139.8927479417901
EK202310242586,154.6597749464022
EK202310176604,157.96999825381795
EK202310109635,142.2790344195474
EK202310216117,126.18706163727558
EK202310116981,160.64005588606474
EK202310221657,135.34576585278865
EK202310144341,136.4907099421501
EK202310228428,131.36038037514942
EK202310146265,133.09361939143244
EK202310209443,137.8643515008833
EK202310218588,139.56009786109993
EK202310108618,149.16298829129832
EK202310121760,129.08323305202595
EK202310107369,137.08445577884166
EK202310115437,147.73433062109552
EK202310187394,154.55267911442678
EK202310165757,132.79008440386906
EK202310195111,151.21162229382867
EK202310188262,163.650424502476
EK202310124663,138.34680626339292
EK202310143110,141.16663336579307
EK202310211384,147.73468920600226
EK202310118553,142.24573160715602
EK202310149358,172.7752933161621
EK202310164859,145.08800475595254
EK202310207799,143.9924450891582
EK202310172115,134.72243955450153
EK202310215359,145.7805174836383
EK202310161036,145.06727840961918
EK202310223447,138.5172306324383
EK202310181639,121.3074077309938
EK202310204435,149.71863810133294
EK202310104184,142.8492544794841
EK202310160295,152.78875908290266
EK202310192033,144.26234792361726
EK202310168110,150.6705668274447
EK202310189097,130.10437653485303
EK202310167385,132.67155858570587
EK202310109968,146.35484074920396
EK202310198949,150.710341765422
EK202310197617,163.9989485593079
EK202310108360,144.83660414328585
EK202310159270,153.55046839729928
EK202310145269,141.14920507642327
EK202310188812,115.18535387729239
EK202310125988,136.96534365618453
EK202310112939,129.40016588308475
EK202310247895,132.06918033929696
EK202310131311,130.70389189815972
EK202310183854,146.33998217990302
EK202310219712,127.27656882333633
EK202310160911,149.6163617275784
EK202310231162,141.2866720417288
EK202310135041,176.47444354148192
EK202310212037,136.2961634838322
EK202310226698,144.2174130190599
EK202310134750,137.64067086685841
EK202310148234,153.37860792696418
EK202310174532,151.33469448114872
EK202310109167,119.11006851904894
EK202310197750,164.36934504647422
EK202310164476,132.82764650315175
EK202310233270,165.26441043009993
EK202310135322,157.55550062481166
EK202310209231,134.49404204151588
EK202310202820,143.36434715953186
EK202310174302,151.04054132280783
EK202310125602,131.93939304440852
EK202310158386,146.26775138602736
EK202310242062,140.5288106970402
EK202310141111,136.60168331156456
EK202310136233,144.56635311570435
EK202310236818,134.927189966617
EK202310184555,129.71463339719048
EK202310198830,141.53866381149433
EK202310151478,168.06018510233335
EK202310231437,126.56299901637247
EK202310150468,150.7356429802465
EK202310241943,152.82310231033304
EK202310231053,131.6440587694467
EK202310154428,151.6410829156463
EK202310192603,163.85245049870636
EK202310161912,134.43981533539312
EK202310130902,122.87360928931928
EK202310183672,147.3213366565503
EK202310227046,166.7362325857714
EK202310166255,141.68725491973117
EK202310137864,127.92067973014508
EK202310116959,151.01175993639012
EK202310238412,139.10513692654473
EK202310171649,158.25710819671468
EK202310193766,145.4612680971945
EK202310123847,168.53523648780427
EK202310146498,135.58864541449682
EK202310239626,139.56605570324842
EK202310195302,134.96432909818014
EK202310212103,137.71961109683264
EK202310192877,122.67175988608317
EK202310111009,135.0502823325613
EK202310136743,136.8021482402223
EK202310195641,143.4386919738941
EK202310227516,155.42575121626962
EK202310115577,139.78550667718721
EK202310215165,137.016096331273
EK202310138284,172.32308523405092
EK202310126665,130.09293780929852
EK202310239150,128.1035696186589
EK202310203149,148.74401863036698
EK202310193960,124.1021423948269
EK202310171451,128.67396330594852
EK202310121337,117.23726236815989
EK202310117375,136.53294813963342
EK202310220920,139.73519028227165
EK202310115368,148.09805699211304
EK202310156865,162.8222401739246
EK202310185189,149.91665595442478
EK202310122055,139.22902631933903
EK202310215356,167.31396786177302
EK202310147958,143.29963775100038
EK202310121750,116.82716464213125
EK202310173060,138.2220290449691
EK202310163776,128.20370293487898
EK202310220192,137.26360347150347
EK202310218549,155.9873435950843
EK202310157001,172.97894889252655
EK202310225119,140.0838257001604
EK202310204051,148.35152844188852
EK202310122949,127.11294878005174
EK202310121503,119.41706942552416
EK202310131147,147.0582982755885
EK202310108909,148.98329746073878
EK202310151114,131.96087005528895
EK202310233392,135.48872970169677
EK202320007141,154.00686836462893
EK202310164522,148.92185255479782
EK202310177297,151.88327694034422
EK202310210546,145.02969919377998
EK202310184589,142.66957972924314
EK202310212117,142.4425328701784
EK202310133272,135.7954950377932
EK202310205158,146.64222974201286
EK202310174636,150.22512461853256
EK202310140946,151.23396991754495
EK202310117042,137.3927203235794
EK202310134320,129.55692270549696
EK202310229429,141.79052997711975
EK202310106153,140.80331313110352
EK202310247761,165.35390602121268
EK202310227271,128.7026044325377
EK202310239428,118.28563151283264
EK202310215784,133.77737893397696
EK202310210318,126.6789391041725
EK202310141900,152.01269591895561
EK202310184802,176.4648247331683
EK202310165235,148.92409640994188
EK202310171404,124.20707469085596
EK202310210573,136.0278964941568
EK202310210122,149.4901521675809
EK202310150189,142.90852168582813
EK202310156048,147.97576239789365
EK202310172500,164.56434149337065
EK202310132244,128.5621262564025
EK202310245342,141.28863523096854
EK202310139313,142.3058984682118
EK202310207856,147.85787135813052
EK202310116311,129.61507182561834
EK202310208589,148.2380251130956
EK202310136325,141.04241896754027
EK202310248759,119.30373058082323
EK202310198653,149.49456162130485
EK202310195491,161.24898138163283
EK202310103816,132.3654823095582
EK202310207373,147.32744951954376
EK202310227064,139.06971430266114
EK202310138546,145.74015710833157
EK202310205952,127.7895802549539
EK202310212677,145.61839213427785
EK202310228148,131.91454018707242
EK202310107729,144.0705618681516
EK202310211277,151.6795745359185
EK202310195545,140.44558115713545
EK202310116564,146.62410791057394
EK202310184823,149.87753699381435
EK202310170543,163.06260761005285
EK202310193619,133.60215551390112
EK202310239035,159.5766908205579
EK202310133171,135.6324372357301
EK202310227136,137.69191919113635
EK202310142625,124.44992322768616
EK202310244169,133.9311772102737
EK202310246581,145.4594119555299
EK202310165380,154.4247020406785
EK202310193395,132.6279379594094
EK202310109332,143.67028182845766
EK202310163291,171.31066657083923
EK202310124290,149.0003256131007
EK202310215739,141.7374581005101
EK202310241146,141.92769077684616
EK202310124580,139.1107311758788
EK202310211475,136.95038546529332
EK202310004503,147.68086675128552
EK202310143151,136.97155275887283
EK202310136531,151.28738143199772
EK202310119568,133.92013918185575
EK202310107515,131.15113165981518
EK202310189886,150.02046889566782
EK202310124398,143.90550458208952
EK202310125848,132.57955386121753
EK202310211088,128.72709938839745
EK202310156421,161.80054502179874
EK202310157177,152.6801460305868
EK202310211323,144.41208667427043
EK202310202592,137.50007695036686
EK202310194894,142.51816613152624
EK202310215071,152.67689674049802
EK202310202956,148.3515362772718
EK202310234488,140.43529561333565
EK202310187089,128.41276254330782
EK202310227517,157.65998969338628
EK202310170551,158.3459514104176
EK202310189993,141.83225021577834
EK202310149202,145.5141600771102
EK202310229780,128.5460187775213
EK202310245465,133.45579325975652
EK202310218891,146.88193599768064
EK202310124812,173.5365616076675
EK202310208935,139.15832887493863
EK202310140658,127.44647381749546
EK202310183874,156.18678878073442
EK202310107413,130.97699794699753
EK202310194042,141.78938403575444
EK202310157446,137.80398486721404
EK202310199004,129.89659058763306
EK202310135601,122.5436471839619
EK202310201970,151.36353858315397
EK202310139356,140.3208542832812
EK202310134175,143.02371214576806
EK202310108539,150.73396179787127
EK202310177643,136.22647383777655
EK202310103821,134.91405714745787
EK202310206740,157.1185831198133
EK202310131433,143.45093583339388
EK202310204350,139.68629731008954
EK202310225071,133.34196768125636
EK202310211718,136.9139678824443
EK202310131849,149.4963100702839
EK202310153172,155.88245159121487
EK202310132642,136.01904531778584
EK202310112845,144.59719754449796
EK202310177008,147.60229962900092
EK202310130444,149.00141626612785
EK202310147078,148.35351887219593
EK202310208564,144.79774066108732
EK202310194298,139.6517016116272
EK202310228548,140.48704580611994
EK202310187217,139.1064458852065
EK202310171794,133.262556659284
EK202310174423,130.9433643483336
EK202310186521,143.4677414246334
EK202310189274,161.52186650903155
EK202310128594,122.83193224190191
EK202310213657,126.1681381927805
EK202310136140,126.2957687806497
EK202310144986,130.7230853413934
EK202310117312,141.06424921345865
EK202310165610,180.05316993663325
EK202310130595,141.1661775588193
EK202310004575,126.83094307785112
EK202310119145,146.75384927641764
EK202310179788,127.91379082284965
EK202310247106,143.85946792300058
EK202310118131,136.91048921969414
EK202310144354,134.91705242210088
EK202310192108,140.72896995439905
EK202310169582,136.26305658890476
EK202310227386,131.5763982048261
EK202310174182,140.29744800993743
EK202310222783,127.15692311258931
EK202310178639,143.0756405318089
EK202310245259,114.83561024041865
EK202310167257,142.01856064035138
EK202310162914,116.72877775857923
EK202310004463,145.52089672466326
EK202310207893,155.89310474393045
EK202310148230,144.205224255622
EK202310116055,136.81824328588843
EK202310224157,150.44519326614721
EK202310114888,143.1659549430446
EK202310195337,163.18875652168737
EK202310216934,166.87723891328486
EK202310216677,158.51524075794364
EK202310188580,139.38256451349616
EK202310219727,144.0351071188589
EK202310166001,141.58898504607444
EK202310229705,132.99728437691442
EK202310209871,142.22788365797425
EK202310196361,144.75181564857425
EK202310234245,137.79246090437806
EK202310138920,141.46069656122495
EK202310122618,127.84755893068787
EK202310175727,159.8341797285734
EK202310155478,140.38455376813704
EK202320005560,142.0469235504795
EK202310110719,155.29899629393927
EK202310136240,152.60318129768342
EK202310186251,169.7579098318812
EK202310216248,141.49194869438367
EK202310205301,145.8192767755139
EK202310211409,129.30588178923847
EK202310154889,136.08140967074058
EK202310133167,152.22803267479236
EK202310190742,144.21081240015232
EK202310181049,144.56682821705675
EK202310190345,157.85721657498183
EK202310223134,168.29570649077613
EK202310248510,149.63149401156576
EK202310177287,156.58254788297725
EK202310127550,131.0785368818697
EK202310118313,137.98428995870805
EK202310222760,138.56339338578158
EK202310112189,139.14325952141826
EK202310141089,137.53822378581822
EK202310132200,163.9722717839421
EK202310221040,142.2125370215734
EK202310111716,152.18195993467373
EK202310206062,109.47529191665956
EK202310209855,146.88553836869926
EK202310104428,140.77352394528526
EK202310177723,144.52262455523723
EK202310003367,122.12649219036561
EK202310182125,147.5226580528355
EK202310194084,153.56948026214386
EK202310211789,139.34634961710742
EK202310132488,152.31852717609135
EK202310142803,128.6500857515935
EK202310181723,162.59103815028445
EK202310103735,131.45693387644656
EK202310219083,143.11762292749748
EK202310215988,140.22032746233464
EK202310234414,111.07707926645534
EK202310203900,128.70407442044964
EK202310137717,130.6559374726302
EK202310112769,147.57173121021148
EK202310160354,126.0258410333571
EK202310105028,143.90589024300775
EK202310128626,147.35684199954576
EK202310206626,151.38356307811688
EK202310247911,126.47828937610433
EK202310156966,142.60622206648958
EK202310111774,139.69633878323006
EK202310141388,137.9955798351836
EK202310105367,141.41704077373575
EK202310138470,134.13690814871427
EK202310238177,136.99756521618446
EK202310169946,154.45611129546663
EK202310189158,147.8866031830759
EK202310231981,132.764893971177
EK202310174508,134.87786517843318
EK202310110650,112.14449968617939
EK202310195172,164.0112346915063
EK202310188961,139.04583277756066
EK202310219185,145.4304339754362
EK202310208623,142.90667124813623
EK202310128662,135.8623780249001
EK202310185661,146.9230375314756
EK202310157894,136.5047822414857
EK202310200928,153.26480501384154
EK202310004224,130.4829072930862
EK202310150214,133.0282899733167
EK202310111969,143.98286163262406
EK202310129506,145.22343899100207
EK202310127186,156.28759431351187
EK202310173377,122.85319463094797
EK202310163570,135.62574610080964
EK202310196742,131.0067121050226
EK202310167664,157.20835427277268
EK202310148814,148.76126006420265
EK202310200567,163.75933175586286
EK202310168414,155.29863194875946
EK202310203613,160.12301461561094
EK202310247919,151.99315701633927
EK202310200083,172.7593938955086
EK202310148844,132.77681467143398
EK202310159721,148.41739569510605
EK202310131910,139.82921999356586
EK202310153522,126.10001247347685
EK202310212250,147.3259115258723
EK202310111147,158.2423839991447
EK202310170237,128.48979144251533
EK202310166954,144.39590320639502
EK202310193804,144.65849055813663
EK202310180730,168.9684744269602
EK202310004363,169.39606722182393
EK202310123533,129.8317634399093
EK202310235018,131.20411601633458
EK202310176008,145.58869457012557
EK202310151334,124.05061845308668
EK202320007865,170.014020516127
EK202310236423,137.49620578436745
EK202310130270,163.2548434702984
EK202310220333,136.63728892186637
EK202310196344,140.73589020713916
EK202310218805,149.25426553568946
EK202310116838,142.12417152932466
EK202310185359,140.57494934913757
EK202310150318,149.9175265724364
EK202310121733,130.95368492933252
EK202310242000,150.44451043957443
EK202310193114,124.4579443021285
EK202310171559,128.98123971528537
EK202310122635,134.33513420206367
EK202310167040,158.12257863065875
EK202310166470,135.08347961256445
EK202310195612,146.66255234713765
EK202310233457,142.0015045248452
EK202310185055,140.29951843171148
EK202310177519,155.63390600193122
EK202310247329,161.9022711116436
EK202310195549,158.71084687989423
EK202310144213,135.02728274033507
EK202310135438,153.48029791781525
EK202310226468,140.95661093567927
EK202310105289,142.2314098385434
EK202310120252,146.90630449322833
EK202310176662,140.84174336412235
EK202310114289,142.04974459119177
EK202310126976,133.5328354105733
EK202310207593,159.159263675462
EK202310114272,114.04062788476419
EK202310199080,143.74041660735895
EK202310122669,133.79540063272418
EK202310180804,154.92999011996565
EK202310204732,145.66474557433324
EK202310200464,142.4351361574159
EK202310203808,119.09226057195174
EK202310212010,135.70944125114482
EK202310245942,149.85414828171574
EK202310004694,131.71291817080652
EK202310155200,141.2318489517661
EK202310164369,135.6218219564483
EK202310126268,141.35973659176992
EK202310170105,158.66760586169056
EK202310225963,149.1704641178707
EK202310114547,139.57075433930046
EK202310236239,131.99895025016778
EK202310112862,146.85516731835386
EK202310109972,156.77622183884768
EK202310132643,128.97155195828762
EK202310132419,151.90542046958618
EK202310161002,143.21273949698434
EK202310189189,137.73700428776792
EK202310148790,148.68793561922857
EK202310169154,166.4175054931019
EK202310196747,149.99686561511174
EK202310122266,157.36884499142352
EK202310115421,130.5339726339943
EK202310180521,149.1901343348306
EK202310167786,145.2898681582297
EK202310167076,161.82655770466107
EK202310168839,135.10248812149234
EK202310110674,131.4034326356768
EK202310236684,122.66212254846393
EK202310128770,134.93577653015356
EK202310244917,152.78145729538355
EK202310128367,161.62331715567726
EK202310129004,134.52999669613516
EK202310231478,128.90227503666077
EK202310178172,150.46406634497117
EK202310180564,151.81783296297743
EK202310112326,125.35073275123987
EK202310200330,131.30814197823565
EK202310138725,143.8793579681071
EK202310177009,156.2469510957353
EK202310220598,161.1849823877955
EK202310200436,148.01646651478885
EK202310242674,140.03564875385945
EK202310222668,170.07192111823755
EK202310118184,131.72826170049674
EK202310138203,137.41313884297838
EK202310118829,147.90934196445758
EK202310185969,142.98355988104097
EK202310216351,138.27877027082158
EK202310187284,141.90024937980576
EK202310218216,142.58018685728766
EK202310219259,131.91310054789898
EK202310120929,131.17907180399303
EK202310108093,152.035459555192
EK202310142267,153.31070925234206
EK202310174980,153.17212816823442
EK202310114009,151.22438700678953
EK202310242966,140.6479760140408
EK202310147064,149.7245056443339
EK202310223815,142.34886254084182
EK202310185149,163.8256586560298
EK202310173756,130.89658230488317
EK202310212549,148.4806019559766
EK202310122123,139.48820565801674
EK202310148593,130.35637594842535
EK202310203858,133.14821040133575
EK202310194323,147.83722109915064
EK202310210067,142.82561852834988
EK202310247362,130.95851527340395
EK202310179728,173.79914272274812
EK202310135263,134.52140680493326
EK202310228041,157.92291034847997
EK202310198439,142.52628566037433
EK202310224121,136.38214893635399
EK202310176263,138.77238171637842
EK202310210520,135.98147131822125
EK202310153558,135.8799001641223
EK202310201528,147.080193464013
EK202310204700,137.15975475164754
EK202310199855,158.19570593179503
EK202310133334,150.88922226567476
EK202310125891,137.53727734196193
EK202310149237,140.7186424346721
EK202310207352,135.33219984332328
EK202310143244,168.10902912539711
EK202310173902,160.38289168639574
EK202310204441,123.91488054092169
EK202310154510,160.8928836667373
EK202310197593,148.2244884769396
EK202310139918,147.16030694449393
EK202310143944,143.19641762814052
EK202310182605,133.09094567958041
EK202310113041,136.12678900607224
EK202310108339,145.9032668203136
EK202310177699,142.75334035399754
EK202310158001,164.80907119196075
EK202310243619,129.780503272798
EK202310225367,144.2327831614433
EK202310148561,143.01493528476325
EK202310242689,137.7795432226416
EK202310146006,154.47277653382613
EK202310200037,141.69613062181463
EK202310186473,137.3432456658979
EK202310105390,127.80468954848033
EK202310150556,142.87150394198648
EK202310180347,168.7462134955233
EK202310203230,168.36578154128702
EK202310200016,145.52534560205308
EK202310154269,135.48725029364934
EK202310128087,159.03520386601497
EK202310122816,150.27053295743983
EK202310134877,136.2833454566826
EK202310195490,143.92283668314718
EK202310209715,130.11685933902004
EK202310236837,140.26170790373135
EK202310196435,132.78626899776648
EK202310139068,156.24556576936646
EK202310171012,163.78039478161296
EK202310150360,150.89269452028998
EK202310222353,159.7986159299203
EK202310197842,156.27143140517327
EK202310188412,160.9675344568199
EK202310153874,146.58921576545293
EK202310213199,144.84129434836436
EK202310127730,155.36536601422287
EK202310215194,140.49906608984412
EK202310126576,126.66364069512304
EK202310248182,136.61819001267045
EK202310198801,169.2663866137314
EK202310198160,127.72750858585489
EK202310198294,158.03275210428626
EK202310167705,129.49587748937182
EK202310217704,149.67803037453285
EK202310145831,139.78677760292166
EK202310105308,139.24416614434037
EK202310230902,131.0153195231849
EK202310202412,122.62770066810602
EK202310130126,160.79487987628102
EK202310193563,147.21964046266592
EK202310130811,144.78930399749513
EK202310169126,159.4706661507961
EK202310107052,160.4396790662902
EK202310134315,117.08782239935074
EK202310230590,127.4196729120802
EK202310212377,132.6359395498663
EK202310227080,142.57293806151048
EK202310124256,167.56853938499904
EK202310219252,145.78338187614673
EK202310230033,133.55199493932557
EK202310117668,144.56038736482827
EK202310228344,139.42608458369958
EK202310233855,142.4055813932612
EK202310147814,153.92484828345405
EK202310107881,144.06287293345702
EK202310230203,169.31359622384008
EK202310177383,160.40833634509877
EK202310122567,144.4248835958068
EK202310207619,153.3346260459892
EK202310202333,135.42712434346166
EK202310189380,134.4825130798485
EK202310180057,136.95800156602184
EK202310202234,143.55528734011574
EK202310233426,148.3415145792329
EK202310175207,136.90532987581605
EK202310204631,143.02089644831756
EK202310194398,135.93305647163479
EK202310139820,148.13306951137454
EK202310116562,152.9821293482574
EK202310229058,129.2676396687533
EK202310247161,130.1085996231985
EK202310189860,124.24628277386051
EK202310104099,138.26365183758512
EK202310244738,166.34123359136416
EK202310247933,132.31273603978696
EK202310149446,148.2027651296631
EK202310161930,143.73090265089198
EK202310116286,152.67780591785774
EK202310109850,134.33607557738006
EK202310204890,130.77941356841995
EK202310124176,126.09742993138029
EK202310231512,133.86019672236614
EK202310157031,151.42841128243353
EK202310219683,136.11929977924828
EK202310105922,130.026860846045
EK202310003444,148.23018024639262
EK202310128205,113.56403055525911
EK202310136781,147.5885732505918
EK202310195373,153.11096344119608
EK202310140338,147.8398083105635
EK202310178676,143.65219892617455
EK202310234329,146.3460339821341
EK202310115125,162.63790610988497
EK202310219503,123.82492011089332
EK202310201769,143.5258475116864
EK202310139458,134.00923334506479
EK202310194338,141.97149282276158
EK202310223572,134.83206622294685
EK202310125065,162.05162447406516
EK202310227016,146.74331709647646
EK202310176702,146.1635151335202
EK202310155243,145.9472507726875
EK202310192723,151.97428579259207
EK202310198191,145.21608783238287
EK202310105422,129.30761241765913
EK202310105777,147.3345839315108
EK202310187970,137.3811365053575
EK202310236294,157.7422762489481
EK202310210632,136.51028836498438
EK202310122661,153.80134253193694
EK202310132816,170.3976908116743
EK202310221993,137.6641733015291
EK202310235308,144.0347702609815
EK202310232426,125.84911941420773
EK202310225207,125.04887001941668
EK202310120329,145.1671688678032
EK202310174955,137.35008458636332
EK202310233002,163.4117086860535
EK202310226820,137.97691442063933
EK202310231561,127.62559471440056
EK202310178128,132.04185516662986
EK202310231088,131.24086859024757
EK202310147614,157.90928595118515
EK202310192044,128.0651161350719
EK202310207423,129.59350289432578
EK202310144998,139.8319368550353
EK202310160433,145.53615445568533
EK202310182388,147.8286446223488
EK202310004163,136.8490638015576
EK202310178635,142.41716533855796
EK202310147316,164.4278507843543
EK202310137625,138.14476924980275
EK202310234674,131.1498240765409
EK202310206395,139.4242334388628
EK202310198108,162.54177185354422
EK202310230135,127.04270362250912
EK202310124667,120.81858902574658
EK202310197608,159.450315291998
EK202310239140,146.39521379266208
EK202320006708,157.5768388920926
EK202310141682,130.23125340754044
EK202310173078,139.6189273444118
EK202310180684,162.69521876750275
EK202310168825,145.415412337799
EK202310196603,153.4976925023537
EK202310143301,165.3521913941107
EK202310198024,158.54414848037558
EK202310238866,156.80575353429862
EK202310174309,114.02709255118961
EK202310169127,136.35159970241764
EK202310118888,149.7419195439728
EK202310219211,127.716417977135
EK202310117888,129.83503198043883
EK202310203714,125.86088616440007
EK202310212227,130.13830834864407
EK202310224375,129.6309884808626
EK202310169753,145.06682404929012
EK202310218369,149.60211837156493
EK202310229422,155.1596236427328
EK202310114027,145.95247518728775
EK202310191499,134.16944655521215
EK202310123832,149.47167462668068
EK202310117550,147.00214978910276
EK202310153034,144.84718974237933
EK202310147526,146.64513628165986
EK202310240029,125.77137472748166
EK202310208321,139.53591421537948
EK202310110615,131.4028444386983
EK202310172001,152.46666375583214
EK202310245514,145.3698340118991
EK202310113405,141.83601284971976
EK202310133712,170.13368664743228
EK202310220573,135.28760671010753
EK202310127361,166.1682090702683
EK202310203296,119.875682353013
EK202310205467,132.94299641685367
EK202310182859,147.5829722739794
EK202310116644,137.83609694940805
EK202310143055,145.8462596968365
EK202310137541,148.61984303757706
EK202310240346,151.2537051480115
EK202310231920,141.8229411825736
EK202310003793,141.0598023945195
EK202310179099,141.07860040314867
EK202310182101,148.7773057367922
EK202310180654,135.1845000500142
EK202310203568,153.51933422762133
EK202310201589,155.13274292527
EK202310185227,145.6810487836418
EK202310204045,157.80249049034677
EK202310231962,138.00770762981463
EK202310206237,128.0145968533102
EK202310129023,159.11913088493273
EK202320005658,150.8596829740976
EK202310155013,144.03408455751037
EK202310207955,133.53294544141332
EK202310175039,125.94349754646153
EK202310189095,140.09020223569655
EK202310222588,139.40337772968198
EK202310194826,132.49117829277336
EK202310116127,133.24619752577226
EK202310186036,143.8813067511843
EK202310228425,112.61234564847386
EK202310142709,122.5330181069975
EK202310212132,125.40437650758561
EK202310106890,127.89077656357131
EK202310244866,142.16902960179397
EK202310185150,152.11685043891663
EK202310137324,130.20473538587984
EK202310171191,116.06991876529769
EK202310113505,127.79919726452562
EK202320007023,154.07288188708378
EK202310119257,162.78091918358697
EK202310149918,152.30157754184893
EK202310223014,130.35314753796396
EK202310201000,147.64427299674375
EK202310172203,144.31709332871503
EK202310203943,151.32252032107874
EK202310120010,125.29089835083334
EK202310108002,149.2064659715486
EK202310241637,137.2090776695646
EK202310174800,149.0303365097268
EK202310127377,150.69542210848678
EK202310122799,162.99287178278686
EK202310229843,116.49371115318515
EK202310226129,141.40873918881985
EK202310140081,156.5285530348239
EK202310229999,125.51690845543541
EK202310203546,156.41413290388292
EK202310209757,145.10604399011993
EK202310116016,128.04233513147895
EK202310165012,171.57752134388278
EK202310122837,143.53567366747743
EK202310146822,154.1201719625848
EK202310112044,134.33899765588913
EK202310166309,155.74503376968747
EK202310172353,146.03709607437168
EK202310111013,157.00916422518947
EK202310134532,133.65892454467837
EK202310201623,134.71696681798184
EK202310207833,129.34365522155576
EK202310153627,153.62637494305557
EK202310173741,158.07045886563472
EK202310233377,157.63798842637334
EK202310108336,143.4473203654058
EK202310144097,132.54832731253725
EK202310242026,137.7306811641413
EK202310123987,165.48870117084067
EK202310201556,160.3598823552677
EK202310141802,154.60691034856967
EK202310160116,156.43780253091228
EK202310208420,143.94189101473515
EK202310201286,143.84710552633078
EK202310242784,138.7820965706478
EK202310207678,127.75219707976979
EK202310235367,132.3667915924079
EK202310138835,151.2856165630793
EK202310126496,144.27792900957215
EK202310210203,146.036307730885
EK202310160698,159.717866263211
EK202310131627,147.61744472398797
EK202310192509,139.34123121864548
EK202310237182,144.11708039154257
EK202310195225,152.1438735817467
EK202310209548,141.82867327578256
EK202310170414,129.7796432902534
EK202310178511,129.58529936147488
EK202310169436,158.50606313194743
EK202310163299,136.38978275824036
EK202310197411,130.80627371176635
EK202310208679,142.6580647752669
EK202310178121,128.55732683080493
EK202310126051,140.2812274791464
EK202310158375,142.494640560117
EK202310190778,136.73236803881852
EK202310154851,131.8588529421155
EK202310179709,134.8867478926776
EK202310114702,142.33918105284997
EK202310167850,130.03574374619305
EK202310004729,141.6904497045417
EK202310183539,162.71416906283352
EK202310196615,149.32552149548175
EK202310162856,154.94005140898383
EK202310133076,146.84060920029802
EK202310230396,160.5150173396034
EK202310158633,151.34694472475869
EK202310161117,169.65861091629745
EK202310004351,147.01531530208092
EK202310174767,156.4788476194011
EK202310183707,142.72254820623604
EK202310201085,151.35263104305741
EK202310117365,135.88340981445202
EK202310211525,138.43129371255742
EK202310174033,144.70004968691987
EK202310133029,164.24482283873024
EK202310109257,135.41461436600332
EK202310208465,141.49966236683136
EK202310003437,138.24817051985013
EK202310147849,159.66512002500988
EK202310172875,138.65212909731562
EK202310195261,151.1473334630878
EK202310124700,134.02079324674102
EK202310209462,139.64741298855432
EK202310190370,167.7974510616544
EK202310166689,137.83652190529773
EK202310125440,133.1052151501677
EK202310242447,153.08656128255112
EK202310208224,135.15483980227404
EK202310164938,150.81436709462332
EK202310171017,148.99719126853265
EK202310221295,125.78206518473641
EK202310116789,125.6577134352589
EK202310245230,146.12976660729723
EK202310196239,147.08604652129137
EK202310217020,155.64706967941984
EK202310149091,145.3328694688693
EK202310188633,138.70100042402834
EK202310145175,132.93736886232708
EK202310184944,136.90479714833324
EK202310116881,149.27494094569187
EK202310133865,132.45363443003234
EK202310170575,150.5893432109714
EK202310217837,116.44955813299936
EK202310142127,137.41613879880228
EK202310220280,128.18734462095185
EK202310220011,151.4509014460482
EK202310136446,147.30339893725818
EK202310167400,151.58965628757966
EK202310136757,152.36799289113932
EK202310219947,128.34387168419912
EK202310215446,156.39616429838915
EK202310113390,170.7890559416877
EK202310231430,130.3237198244257
EK202310190750,148.4968787010852
EK202310218203,126.83274865886041
EK202310232673,152.90324574739816
EK202310172719,123.98500696735891
EK202310238088,143.18599191247606
EK202310122490,123.92036635681458
EK202310141767,141.1268565711256
EK202310164189,152.64628567710554
EK202310131789,153.52255790154632
EK202310131787,134.27435220026229
EK202310111463,153.8739900899534
EK202310189888,128.11750863764613
EK202310123502,136.51423464648244
EK202310248489,137.79242465803415
EK202310104974,140.49105316597667
EK202310133434,137.94048430787456
EK202310122152,135.50885962439793
EK202310223645,145.2224907779477
EK202310218467,132.14672407694178
EK202310200984,142.82681068090204
EK202310246962,152.0144988706842
EK202310138658,148.86768820314296
EK202310135971,140.2884140820693
EK202310145071,135.00257699113857
EK202310236227,153.96056109477954
EK202310161820,136.34843053249855
EK202310116560,154.05324357821914
EK202310147855,153.74775210594092
EK202310198848,142.49208358239622
EK202310126318,137.77491313321457
EK202310168761,153.79665701908718
EK202310236060,142.52921734659043
EK202310194911,162.5764176593201
EK202310232213,136.144854763952
EK202310123619,129.28856242247764
EK202310129238,159.4659450862075
EK202310239622,144.8552627690373
EK202310130274,164.03970090866773
EK202310136862,122.57080583604827
EK202310144925,146.34251357007798
EK202310117994,130.6845707394286
EK202310145721,160.06999804249278
EK202310166110,129.24998107763096
EK202310153689,154.43450738575797
EK202310167524,118.27457238208972
EK202310171110,149.2678576176956
EK202310194242,128.01537467454932
EK202310128824,137.3525102915986
EK202310217802,153.37965078048953
EK202310174759,131.8473604594029
EK202310163258,145.77309329690434
EK202320007136,143.6963098964071
EK202310223074,131.8449586226053
EK202310127999,131.73772316220865
EK202310210697,136.7342683421029
EK202310187479,147.13538633337544
EK202310229648,154.96818396805938
EK202310223615,157.74744078934745
EK202310205259,154.85197783574017
EK202310207915,150.28554823760692
EK202310161035,157.2982711256909
EK202310211684,143.62528576377377
EK202310217627,132.69640940303287
EK202310188184,152.08023480570256
EK202310179703,146.89331888902996
EK202310191167,149.77458167534462
EK202310206412,123.93728242991034
EK202310138851,157.02729602831363
EK202320007328,153.08693383453064
EK202310211346,145.16540728065613
EK202310169209,149.15327454542094
EK202310145302,131.2368086221876
EK202310203140,144.55129754503014
EK202310209732,132.23977824201245
EK202310117958,132.9256276825494
EK202310155922,137.60127389765088
EK202310184930,135.69829749620334
EK202310150832,144.15474753072456
EK202310208806,150.6855335019966
EK202310172410,169.5127438233372
EK202310230235,139.73645921013102
EK202310203566,140.32236472791658
EK202310123801,144.11745774327326
EK202310141762,165.0012646907625
EK202310245120,121.66797979152409
EK202310183959,134.14990726127922
EK202310128037,159.27183491177408
EK202310004669,137.24683887179225
EK202310217022,131.8073726733268
EK202310110060,148.12824224769776
EK202310231754,119.10400164381349
EK202310132866,146.25650809300532
EK202310246978,136.05685816302244
EK202310111800,145.16714122326508
EK202310141316,143.34073579694325
EK202310225078,147.61558514003073
EK202310224113,126.37871168750135
EK202310229156,134.22324686250923
EK202310158924,160.49047564994473
EK202310193952,162.14467208269056
EK202310134851,150.93788349518925
EK202310107778,137.97033619385442
EK202310201914,160.39370260771187
EK202310226477,129.11846164985442
EK202310200818,147.8696719207962
EK202310178725,127.8018538670502
EK202310136843,133.8420601975715
EK202310188878,159.29644343217876
EK202310192998,149.48434665634906
EK202310123605,149.45697017010124
EK202310109206,142.92261469322003
EK202310110309,145.70163975231029
EK202310201669,153.8737355083259
EK202310228267,148.67298744871982
EK202310120920,132.53030010288052
EK202310239638,161.6564269340161
EK202310138789,151.05023295152844
EK202310187947,174.30897024061116
EK202310143793,134.4440061742644
EK202310231992,133.87933119982208
EK202310243082,134.47522863600804
EK202310174903,156.4298555991406
EK202310004153,154.880598675447
EK202310211574,138.9967240609989
EK202310133648,133.83749641765857
EK202310145095,142.99864544887146
EK202310180354,171.80617472037852
EK202310111206,130.34503187334107
EK202310182140,144.2260862087043
EK202310202202,146.414154545153
EK202310158892,134.5255026847202
EK202310193967,142.1358912313838
EK202310222297,121.24118987404015
EK202310121931,153.57120959559018
EK202310170526,154.79889426784726
EK202310119454,166.21264319725506
EK202310235204,139.15682884560917
EK202310123917,134.52565813497299
EK202310157703,140.9244277728085
EK202310149315,150.22968460078476
EK202310146815,146.67804757511556
EK202310126049,167.34237495634298
EK202310232396,145.2567248569955
EK202310199056,153.01021943172321
EK202310141228,136.95243368169736
EK202310196032,149.71115439929756
EK202310107291,145.96860072252653
EK202310122690,157.07218131721436
EK202310236528,142.43831648395462
EK202320007677,149.97710550972758
EK202310210488,145.04970183827248
EK202310207172,161.87899146044705
EK202310182902,128.62382620060754
EK202310139806,178.60051421255173
EK202310148583,157.40407020643934
EK202310220644,143.4135522477649
EK202310112733,140.23559358170215
EK202310204401,144.18806450677633
EK202310160356,124.18768666646383
EK202310225435,128.82039781504847
EK202310196076,141.94375797597436
EK202310203598,144.8212829868901
EK202310140544,155.71892383158539
EK202310212327,137.81097965796437
EK202310235705,149.42206560090082
EK202310202376,123.96209594423884
EK202310196089,153.42662136147138
EK202310139122,154.48706370398105
EK202310176023,137.61610862591934
EK202310117387,134.5813828478214
EK202310192216,143.52156688110009
EK202310122067,150.28715092359522
EK202310224886,137.59043648115716
EK202310234937,139.93721138316138
EK202310196488,144.28580156163167
EK202310140986,133.60826319182632
EK202310104819,143.43004822940787
EK202310192016,143.27622720320053
EK202310230705,125.47161436962648
EK202310191079,157.1185693121515
EK202310224030,140.02417505661217
EK202310116108,123.702446802503
EK202310216944,158.28642044421034
EK202310239270,135.23322501051373
EK202310179674,154.7082002729346
EK202310135614,137.34419049144677
EK202310196625,123.7928530857542
EK202310244109,139.97679372161605
EK202310211711,144.82075711495807
EK202310175336,160.53872584206422
EK202310155402,134.35169630823228
EK202310110776,166.53776574240854
EK202310246416,145.47554035606362
EK202310180852,135.48660199263753
EK202310173163,146.54803698981272
EK202310146639,164.06683487505435
EK202320007618,154.36655388414772
EK202310245395,140.90123127824023
EK202310175505,152.91508438187466
EK202310196444,153.42083273472616
EK202310172044,133.1162380209805
EK202310140972,168.5887134632058
EK202310236512,139.58947116315545
EK202310141653,149.67713056377875
EK202310236235,143.3090712961872
EK202310111947,147.3848302676038
EK202310129970,136.20040368512656
EK202310156921,147.56500876023748
EK202310111882,135.26257347680175
EK202310142671,148.12824522387217
EK202310225816,129.0735374320408
EK202310129016,154.676027331911
EK202310216107,138.95452574550774
EK202310192345,131.56364687137778
EK202310115608,140.1857296072803
EK202310218293,137.06846853319752
EK202310105946,134.40728729291607
EK202310194919,142.98852946427587
EK202310138207,126.80708031691009
EK202310199908,139.09560728217073
EK202320006707,159.19119778520022
EK202310162516,155.62115520470732
EK202310121312,119.35473384096125
EK202310240696,145.07976985177706
EK202310124904,151.60591694515642
EK202310238291,136.14198135175585
EK202310127974,141.65659130798872
EK202310136024,163.97972038843406
EK202310187265,143.3756087131663
EK202310108072,126.51980873995073
EK202310240013,144.0640911691681
EK202310212042,145.0460041838873
EK202310237376,135.70003450521745
EK202310220612,127.92613196259117
EK202310194509,146.55132599334542
EK202310209569,143.40507712623875
EK202310114438,151.17683083364267
EK202310132881,154.67605205521264
EK202310175705,138.57423291520453
EK202310004055,148.59326928943935
EK202310175229,154.47101421713154
EK202310174345,149.2784628156062
EK202310212490,129.29541839800592
EK202310136810,143.0548758326702
EK202310157304,136.31736122487905
EK202310169599,123.51536273565195
EK202310107717,152.2509238252996
EK202310105279,138.3064280542803
EK202310110848,137.1975598956603
EK202310178772,168.6803284616146
EK202310245828,127.54487236296883
EK202310219817,157.35283355533133
EK202310200575,144.50422001588893
EK202310105122,143.01391141024936
EK202310162052,146.8043638778981
EK202310150697,156.22356669136016
EK202310158553,151.20705322173413
EK202310210487,128.53097783958077
EK202310219594,129.34810323751557
EK202310234064,168.9173807674741
EK202310147076,156.185607620265
EK202310168891,159.0909788086547
EK202310230477,174.536890495316
EK202310151700,148.9145286383507
EK202310105830,167.16886527238015
EK202310150350,147.93548250089074
EK202310221753,138.83704903528866
EK202310117832,134.4214277205916
EK202310192005,128.44887719600672
EK202310236133,146.60456712556194
EK202310128003,126.67333836797094
EK202310192879,156.59057974799595
EK202310127978,137.09724725081404
EK202310145508,141.06822067129778
EK202310112586,148.7144843020549
EK202310241863,157.40590851738853
EK202310221932,136.34596248099135
EK202310132949,136.15900721437794
EK202310223688,163.61990993173214
EK202310143982,129.15731867012732
EK202320006378,161.66041815677417
EK202310104123,155.58575092682926
EK202310185565,147.65507791828483
EK202310229086,132.0294032217507
EK202310133226,159.65060312784863
EK202310118081,139.96498257311043
EK202310150049,149.85878109642988
EK202310135400,126.36305711175166
EK202310116088,133.8994407058484
EK202310231696,136.70281800223574
EK202310146749,146.01828477801283
EK202310111238,147.91342314619348
EK202310191666,160.62304258840086
EK202310135953,146.63876252304766
EK202310161122,160.02072182208195
EK202310228253,144.87521742524154
EK202310153608,148.5933635275255
EK202310138495,166.4725295177639
EK202310145050,130.8766717995184
EK202310206747,139.01350786690122
EK202310203488,167.1645160247542
EK202310183419,167.3431735853259
EK202310129584,129.68869957806595
EK202310131950,121.87824527559512
EK202320006497,149.796916667844
EK202310158313,150.38387174656182
EK202310156450,130.76006671794963
EK202310206931,166.97215841603332
EK202310224192,140.11150438819536
EK202310181248,147.33713796499833
EK202310139477,132.71124259505638
EK202310106863,136.9295765018426
EK202310113902,145.04737659321268
EK202310177431,145.03753432715607
EK202310189561,154.33809293156844
EK202310206223,119.74749147812435
EK202320005580,167.83445756157664
EK202310240584,136.82076947576266
EK202310193474,133.12738965798707
EK202310106515,144.74188754939163
EK202310134230,146.7794152905108
EK202310184191,140.07534093737993
EK202310120682,134.8916928663186
EK202310169684,140.90109888014607
EK202310119557,140.26916081435363
EK202310126983,136.86858191963864
EK202310167903,148.04057209487368
EK202310133442,136.384221487742
EK202310210959,136.5147441553295
EK202310212306,142.48726170697725
EK202310230307,131.83665281725644
EK202310212565,140.0609867220022
EK202310192899,139.78753868289309
EK202310170190,133.39400914648883
EK202310153027,164.0663000010886
EK202310114380,136.44735088312518
EK202310133567,165.82932904317252
EK202310214756,152.92253578400982
EK202310114168,145.19386128733547
EK202310217065,156.37757551056342
EK202310169361,139.287507239247
EK202310165708,150.42408768173928
EK202310228615,130.47941632552264
EK202310209019,155.90834738134308
EK202310132985,122.58178073877502
EK202310110233,142.12784170852387
EK202310143464,124.57900724444399
EK202310136141,147.8170646893297
EK202310226017,141.84000538853246
EK202310155663,126.0876222583749
EK202310195009,165.56760317287325
EK202310126196,155.9171007864196
EK202310108026,148.17027389925067
EK202310172643,136.59394437832904
EK202310153423,136.2384656657734
EK202310243003,136.0277559949846
EK202310153678,139.16235531027422
EK202310169206,147.75999997268096
EK202310196881,144.85648000685345
EK202310247696,133.36873347474088
EK202310160692,156.57680577642023
EK202310157186,166.14409041571506
EK202310156752,126.51318964006668
EK202310114419,138.17440003418963
EK202310117232,132.88536711239146
EK202310221881,137.85356091016274
EK202310202289,132.5170435976412
EK202310221155,138.45582178962906
EK202310197000,141.18114690265725
EK202310183680,127.15091315043976
EK202310166065,129.7480764795906
EK202310224104,132.3365134833626
EK202310198490,136.50860881313173
EK202310185320,141.271678067667
EK202310112969,142.878099737281
EK202310122531,133.50086262529098
EK202310223294,141.45543343987475
EK202310243257,154.99570608090335
EK202310227369,158.27870462063092
EK202310132379,125.74455146382678
EK202310207889,141.5029987821254
EK202310155220,133.14855638759803
EK202310149989,137.54382022955184
EK202310116304,136.36955448481
EK202310207654,163.2361121113278
EK202310233148,136.37835367171897
EK202310133990,163.11435719348987
EK202310131881,145.34590919603139
EK202310147674,156.2077935915564
EK202310161848,154.7319473944492
EK202310113742,148.0729196170189
EK202310107292,139.29076189582875
EK202310157457,137.61524080038456
EK202310159983,132.48181237883645
EK202310222436,128.13775559465734
EK202310116722,144.26189441478826
EK202310228029,135.7423090062488
EK202310226778,144.31084172045203
EK202310223904,135.81607754707957
EK202310205019,145.38805118911657
EK202310119364,144.2505656005692
EK202310003651,133.8829620776062
EK202310212861,139.89601497814678
EK202310110710,140.56854976800273
EK202310131651,144.2153853302787
EK202310144906,133.28793476182088
EK202310188544,149.4800998603777
EK202310133839,146.32124049529415
EK202310118694,156.2680731666534
EK202310110720,131.0852954724116
EK202310128544,138.74320104287992
EK202310193628,136.99363095462363
EK202310148648,152.77089905243218
EK202310153778,149.15573002787642
EK202310188918,127.346490828452
EK202310126546,134.18306050058044
EK202310214084,166.1558077382691
EK202310191915,155.99051646310306
EK202310230973,138.52950982175628
EK202310220076,127.75155543377925
EK202310198281,122.81736612782305
EK202310210973,131.4055308215002
EK202310116202,142.2238076259459
EK202320007382,162.58288062110358
EK202310140017,133.7793224743473
EK202310235458,129.30142710211237
EK202310224553,133.83633874514265
EK202310131411,135.72215051428515
EK202310172944,151.33838940099793
EK202310187715,138.24137853225895
EK202310117160,139.89878057714768
EK202310223783,139.08064448877934
EK202310208505,135.9741661797051
EK202310177144,146.02438822958948
EK202310141554,126.1341368898637
EK202310153806,157.81610462445965
EK202310178651,136.3771316045424
EK202310207053,138.16758182695668
EK202310121285,132.38405943633438
EK202310129917,132.49072452844186
EK202310178974,134.44478558565723
EK202310139959,151.56293413272263
EK202310240930,136.76907452050125
EK202310184143,155.00261567749968
EK202310141627,141.20387007617305
EK202310248495,134.16223643046672
EK202310210251,137.2384560596329
EK202310181393,135.33542158636203
EK202310203408,150.34819695200414
EK202310210221,138.16117160524044
EK202310153228,150.88974894886596
EK202310181161,148.26219400977055
EK202310122291,150.64254853013108
EK202310219649,141.40117814087134
EK202310108802,148.7267619329928
EK202310147915,154.11679846663208
EK202310219111,134.99924160492492
EK202310004516,126.35223200491968
EK202310187796,152.40595609346903
EK202310152632,157.76084952594454
EK202310234189,123.2830568850775
EK202310248401,132.37387003275416
EK202310198077,134.665401170429
EK202310182281,160.30706423668184
EK202310173305,127.94402492599819
EK202310191194,147.80814724411525
EK202320006641,170.94273886910545
EK202310187839,165.6278797574402
EK202310166786,160.76268932564545
EK202310104248,150.31522841353393
EK202310140808,144.8634569448089
EK202310154881,141.42027326941596
EK202310158734,148.13185382863568
EK202310198034,142.29324684869002
EK202310210288,137.34150262086632
EK202310115555,151.40523748750425
EK202310122253,147.96604663263318
EK202310208001,154.26499818112734
EK202310247301,167.61019395593712
EK202310158412,136.45810362416296
EK202310133516,134.2494288551471
EK202310199724,158.1496417910896
EK202310203434,136.0928647220062
EK202310149601,157.84006272709766
EK202310207662,130.9382559155462
EK202310155823,166.50228663195446
EK202310155070,144.046179351474
EK202310003692,170.92411867928868
EK202310112220,140.90943250887452
EK202310210474,124.44427062121703
EK202310174563,154.3389920455321
EK202310178481,149.05904260720425
EK202310161746,156.43576543362053
EK202310184759,129.70539757563526
EK202310214382,162.25569697074056
EK202310220383,129.3280273197859
EK202310181896,152.44984488415724
EK202310109101,151.49440463246495
EK202310111874,142.54536662018714
EK202310239939,146.7290987930147
EK202310146648,120.71504583221378
EK202310147888,154.32190397739694
EK202310228585,121.34654594439696
EK202320006300,168.12515458151327
EK202310157823,131.8546330367428
EK202310175416,141.4338813765141
EK202310191246,144.05604323339904
EK202310241025,142.005003903819
EK202310175713,123.35180165894499
EK202310165199,139.39045734867133
EK202310229611,136.78154307688666
EK202310167463,152.61775397698108
EK202310125411,134.12708438437434
EK202310247310,148.8406624420625
EK202310131556,152.3893280271048
EK202320007526,165.4907261036675
EK202310109396,165.68150062038214
EK202310243612,140.26775295645928
EK202320006821,161.5406348051219
EK202310191818,147.33204515635848
EK202310206573,121.25888466551619
EK202310176203,163.96875981505178
EK202310113063,151.226121945848
EK202310152411,145.67509275259516
EK202310186297,155.73836820045537
EK202320006177,160.005084504291
EK202310184504,160.99586168424244
EK202310118343,136.2226541233909
EK202310166342,161.0906291239336
EK202310238948,163.41252459105493
EK202310226471,132.0451539720543
EK202310153486,123.06796007360855
EK202310146780,136.9456655372181
EK202310129676,149.8974789027116
EK202310230251,126.62465980527213
EK202310227178,139.05580058162766
EK202310148962,154.232275473046
EK202310235140,157.53395089333702
EK202310158736,163.30225417908588
EK202310208299,143.44858519704178
EK202310205311,136.78622078058382
EK202310140268,135.48246389937557
EK202310158411,139.43033922840362
EK202310120168,142.7049477221738
EK202310120164,141.83261133596616
EK202310191318,141.08097231894538
EK202310124551,143.25534128841252
EK202310133393,112.37527560809926
EK202310244048,137.35676483815672
EK202310209487,155.79329979811487
EK202310130550,133.52296221308902
EK202310134976,168.53080357604372
EK202310113614,136.36227861689275
EK202310237767,147.5373315236519
EK202310120386,146.54404829705132
EK202310190693,156.3274023142948
EK202310158340,138.65624583076203
EK202310185631,147.04669822701018
EK202310193894,136.4407427965998
EK202310232391,130.40821719469463
EK202310129047,143.85461115757408
EK202310187052,147.0799159428738
EK202310174623,152.0409726825197
EK202310149978,142.82437832458072
EK202310238712,136.97893601105437
EK202310172389,170.1233551314868
EK202310187833,127.36458809908649
EK202310238335,167.60584969285148
EK202310232031,133.4684212933313
EK202310224185,136.1140403662861
EK202310166575,134.80071473073525
EK202310119974,128.31754084267274
EK202310195917,129.35662223168515
EK202310174762,151.61420105079938
EK202310237282,125.668315650014
EK202310112142,156.0311036443805
EK202310107661,145.08174042705582
EK202310197179,168.34645740167173
EK202310154174,156.93908333451967
EK202310241892,133.26024752686234
EK202310178171,138.00444188371597
EK202310134220,150.63965743408443
EK202310200711,143.73754717214135
EK202310190031,159.01802257236312
EK202310215938,153.29795550036275
EK202310125861,139.0410273257849
EK202310143873,156.25504737658235
EK202310165035,147.92118578508047
EK202310157391,140.68305213249445
EK202310216624,134.14037522284656
EK202310136516,130.5226392130216
EK202310175267,159.32586087036634
EK202310139527,135.25828609115175
EK202310145890,140.337855171397
EK202310207934,144.27274124709197
EK202310216534,138.93724129087823
EK202310243402,142.93688910601276
EK202310125822,157.86160941314935
EK202310210671,143.7402082370306
EK202310118842,138.99911007690378
EK202310242780,134.8982948166279
EK202310183963,124.86344284145504
EK202310192132,145.48589880473105
EK202310158172,155.45972032863637
EK202310107920,155.96492737512193
EK202310116588,140.34475379630962
EK202310157004,153.4120062950804
EK202310203397,152.48295158509802
EK202310145727,164.74903005883021
EK202310134294,149.04341114922704
EK202310161573,167.8451720870236
EK202310163914,149.80153868299652
EK202320005749,157.36431178068958
EK202310004457,136.24431863125565
EK202310198895,127.41442079168792
EK202310200079,144.4899688706325
EK202310236220,148.78430015792716
EK202310167195,156.33976744678338
EK202310190621,151.82731266079662
EK202310126857,142.70424140294895
EK202310221597,140.2606539851501
EK202310139743,157.5577722217217
EK202310173860,155.55968216630203
EK202310212130,143.19403618388483
EK202310238113,145.40165568944383
EK202310232782,152.0681986256802
EK202310231990,149.02220763742363
EK202310154189,141.56634530371008
EK202310111012,148.30633946180967
EK202310208334,129.7855563415782
EK202310222126,138.23717271228645
EK202310206217,128.8485661833025
EK202310185801,145.83449570911557
EK202310207901,130.5208762957393
EK202310121054,145.9017817127262
EK202310188410,155.54077975250874
EK202310203904,150.61981056107035
EK202310230514,127.32271147656337
EK202320007184,167.69311385914668
EK202310196925,160.95871354518488
EK202310201983,133.7838034310464
EK202310242071,153.6534062728773
EK202310242487,149.98619225847983
EK202310174134,162.64756258484283
EK202310221304,137.49501102095854
EK202310146366,134.3008163896799
EK202310242718,138.23449220113227
EK202310158582,151.18518577798093
EK202310182050,137.9117228007912
EK202310110321,134.15937484781918
EK202310126720,131.66585847314389
EK202310145134,159.76725991537478
EK202310134228,143.99095967115466
EK202310151176,124.00558901159994
EK202310159471,107.14122397920609
EK202310197298,147.1838316397918
EK202310114442,154.81195806554362
EK202310216170,134.70583407563038
EK202310126914,140.07716834505806
EK202310160897,163.87691059685145
EK202310241296,148.17424471160987
EK202310145492,143.2404157941241
EK202310142012,150.5367665481536
EK202310141538,148.76199118059552
EK202310154638,163.0824859754881
EK202310238848,156.9648387208165
EK202310139821,142.7010653607338
EK202310108173,148.72544702957637
EK202310119610,139.41560842494465
EK202310242565,154.43517213053497
EK202310186446,145.50967720345582
EK202310144153,143.9192238444762
EK202310234883,128.61476933930706
EK202310124017,167.8632961372786
EK202310163758,149.3999813684914
EK202310203597,144.5938892884847
EK202310104417,133.20588485447124
EK202310202155,153.41637773675185
EK202310245823,134.66958317725295
EK202310203079,139.85288753452716
EK202310161636,155.2099871058081
EK202310144165,144.76755952218087
EK202310204775,141.94090650780782
EK202310167770,162.1277289929191
EK202310215963,143.92486771194638
EK202310133633,135.66693436403094
EK202310214866,125.115109900818
EK202310180646,151.3736702347704
EK202310167541,144.52024083014123
EK202310136641,161.58024156492257
EK202310148939,148.94347315087424
EK202310103722,153.47339685652318
EK202310179303,143.39683523503226
EK202310200620,156.35403785538944
EK202310125714,128.44712335519225
EK202310204522,146.14369738124722
EK202310150835,153.77505236787144
EK202310130780,141.08843730354016
EK202310105814,134.02037191293448
EK202310172033,144.8801569497963
EK202310201852,153.87716953888594
EK202310148715,150.18962317655178
EK202310221644,118.62592120942875
EK202310114274,145.38772682108186
EK202310178264,150.885692869556
EK202310164025,144.22055470220644
EK202310204651,146.66115428376827
EK202310141344,147.16618785719194
EK202310185886,160.01857297856154
EK202310203443,143.53799238276343
EK202320007693,157.8179279646509
EK202310236673,145.894392588022
EK202310205537,156.9228301240955
EK202310215661,132.42930070664443
EK202310116840,131.8781523129425
EK202310179840,151.43424306784135
EK202310178802,157.22575038992966
EK202310124043,141.4312710093398
EK202310160029,154.02067911250168
EK202310166756,150.13820992968652
EK202310234362,131.26593823754996
EK202310130046,129.1009397281983
EK202310175285,135.72298351714613
EK202310155324,152.03056469152835
EK202310110760,136.1164392723067
EK202310167871,134.6192961038399
EK202310111911,135.83422830573446
EK202310105964,145.7813031760141
EK202310187240,143.62622642650405
EK202310228002,138.01852842298848
EK202310202448,161.25325048615613
EK202310144304,147.0365618550476
EK202310132248,145.10395169704734
EK202310200767,130.56222946686034
EK202310246600,143.9284385613744
EK202310156024,153.55016418422645
EK202310124951,135.15743280807345
EK202310127803,141.49178335051587
EK202310212512,146.92376358019635
EK202310237901,128.22666265959796
EK202310123799,141.22623820704143
EK202310122255,151.23486235299552
EK202310140607,136.00388821258034
EK202310214168,146.37833364601394
EK202310205290,134.8943463680349
EK202310201590,141.06949847426569
EK202310246716,148.3107166650195
EK202310211043,130.85552634897667
EK202310245155,145.04996165759565
EK202310146684,138.3783192739815
EK202310224856,159.1652568191135
EK202310149244,133.1102787315473
EK202310130714,120.58180974418516
EK202310185702,148.78579842912842
EK202310105075,128.1103796154817
EK202310103937,158.02453841408328
EK202310219458,132.16720708566436
EK202310220878,131.2806149578798
EK202310114846,154.85758333805865
EK202310165810,135.54695376664654
EK202310188784,153.95675886487027
EK202310119305,126.78836471173153
EK202310142173,131.1359600480411
EK202310218752,151.03793419138506
EK202310191456,148.41751502803638
EK202310110108,127.02995768171294
EK202310159818,164.41744569487068
EK202310151468,171.9787097946518
EK202310107315,124.60463914748915
EK202310200556,161.36248799158687
EK202310217485,140.76513051107815
EK202310206013,133.08472444297433
EK202310004134,151.34055818778074
EK202310124207,142.26837067695254
EK202310216869,144.35519546239908
EK202310112622,155.05398930762965
EK202310239660,137.3110933061594
EK202310236964,125.26624245862772
EK202310182396,155.4376648619533
EK202310213788,156.63567810799384
EK202310193031,168.3944672849603
EK202310181134,130.9319643186675
EK202310232914,129.88318561832415
EK202310229534,147.57407179174723
EK202310187612,152.24637997900004
EK202310186706,151.53099960653483
EK202310146528,151.41257740330454
EK202310201671,126.68053317252553
EK202310155878,146.73524368270756
EK202310186935,131.02574423348054
EK202310165048,149.01987197014094
EK202310214244,142.6043051985855
EK202310003448,139.90470323514774
EK202310237813,141.84186941759407
EK202310229380,144.1657075106329
EK202310136410,131.08254029538682
EK202310181792,144.32698513066686
EK202310174073,160.67993824693232
EK202310230921,131.59027902290455
EK202310131346,132.49878766321646
EK202310167144,162.02167494144624
EK202310198792,126.37833295233706
EK202310230863,136.657058028069
EK202310116803,133.57181055100713
EK202310161651,167.88733768425683
EK202310140098,130.43231514297412
EK202310147311,171.4897713649512
EK202310228798,130.9581260279996
EK202310166857,157.39943170908066
EK202310204207,151.72944929572284
EK202310181214,146.44455483186863
EK202310163102,149.15190504158292
EK202310132529,154.56574663130792
EK202310194194,155.55569662025087
EK202310185194,144.18668287765186
EK202310139315,141.16933143564856
EK202310133963,164.80868213855027
EK202310107375,130.62155359619575
EK202310183190,137.45698642342234
EK202310150967,130.09043640731116
EK202310235477,127.21579782206727
EK202310231329,135.34850942881545
EK202310151218,138.10179669911108
EK202310117961,137.06535670610683
EK202310115637,136.45915653851551
EK202310148316,142.50499281793606
EK202310189439,169.18664490557882
EK202310183291,163.00035300389635
EK202310180341,166.37134102381788
EK202310195359,151.23720611042847
EK202310168437,157.92525893938173
EK202310239724,149.7913046983747
EK202310120281,155.17306503682082
EK202310154084,141.45817227709148
EK202310202226,132.30375915482088
EK202310211847,129.268296740402
EK202310225040,143.61899268463088
EK202310148021,144.1205931233406
EK202310219384,144.12342942355417
EK202310189651,162.18349422113636
EK202310172718,137.85831439140682
EK202310154499,139.11699596738413
EK202310199387,164.725484218595
EK202310109346,143.4861159331604
EK202310151918,144.90276721830656
EK202310138435,130.65036988273653
EK202310208281,139.90996059490996
EK202310144236,139.26675116306313
EK202310169290,141.15617980090434
EK202310120393,136.2825911803606
EK202310183688,141.71985736263403
EK202310192046,131.32939860458106
EK202310141942,142.44507299413718
EK202310120519,128.58598504774542
EK202310226413,134.94467698366896
EK202310177117,151.24642052152902
EK202310217940,139.3461298666
EK202310170501,144.3834899492939
EK202310223357,148.9993880963978
EK202310245835,137.00277919098326
EK202310137793,142.13219373100168
EK202310174008,153.79091468863967
EK202310209155,132.90063785689958
EK202310177866,141.7249301064936
EK202310137396,131.92613963917242
EK202320006094,152.03399181864214
EK202310237036,144.62668383396803
EK202310177476,143.15719266242107
EK202310218927,127.74220707823997
EK202320007708,165.0977025215956
EK202310150749,159.5052328270561
EK202310226921,149.39487976599253
EK202310134168,149.89470107937078
EK202310198694,169.0844461503179
EK202310153758,137.49232374162023
EK202310164887,138.40006283606095
EK202310235542,168.1354401937599
EK202310175801,134.128926006997
EK202310201383,145.8252458852778
EK202310003604,135.21814444686908
EK202310132259,169.34953741232803
EK202310223451,148.80724400623706
EK202310232766,159.27704667433443
EK202310162702,138.30988387505556
EK202310191785,136.56009686253395
EK202310222647,132.53755085967256
EK202310120606,126.16336902793262
EK202310196738,135.37392320761785
EK202310167031,162.24459180010223
EK202320006878,155.32495512284882
EK202310128617,178.34992092784105
EK202310156730,141.00241816281775
EK202310154328,129.7706915609001
EK202310199723,168.631933067577
EK202310204015,153.0753101909533
EK202310165125,150.60628018730307
EK202310128837,145.79369577347137
EK202310109283,142.68268576071247
EK202310140754,155.01775302989415
EK202310133445,133.57591077056705
EK202310215163,142.16164225731168
EK202310152379,152.2415182916245
EK202310222153,126.03063321779327
EK202310168369,141.49616788080388
EK202310146927,135.37838272805337
EK202310233613,135.5312436311095
EK202310194475,138.55761078354644
EK202310176902,138.4367757509919
EK202310109845,128.4571479670195
EK202310143688,148.9885939963989
EK202310223718,142.08599738385522
EK202310114527,136.1746515085843
EK202310120556,145.7083998172049
EK202310228552,133.95393099552888
EK202310149970,150.2650952170128
EK202310199626,130.9644426243577
EK202310214977,142.22471464524622
EK202310184953,153.42873950651608
EK202310004437,131.4189837668102
EK202310213912,153.6621467573485
EK202310151119,133.24675283211874
EK202310171466,123.78279441645638
EK202310152063,158.95574431659634
EK202310137186,146.7669849376739
EK202320007104,149.68290566949628
EK202310202185,145.0250069241637
EK202310226204,139.05287546929532
EK202310189423,145.55093406663332
EK202310192491,132.3806464670699
EK202310187212,148.0311039863907
EK202310192179,151.5842161977168
EK202310126111,128.8779542966531
EK202310175586,161.2175552605542
EK202310194758,149.38101634558177
EK202310214384,159.92122307956276
EK202310179433,153.4942580833877
EK202310118937,124.49751430677786
EK202310230656,128.06682056942446
EK202310212922,156.0657295683581
EK202310223591,126.96474242146073
EK202310182731,148.16622048843914
EK202310197092,137.91723343328127
EK202310188601,145.7918189621337
EK202310185962,155.81460430777253
EK202310154873,136.31811950206816
EK202310140333,135.88080677058878
EK202310239540,142.84739706430545
EK202310207256,136.15369946270383
EK202310193996,139.90451986631663
EK202310196769,150.3697833403611
EK202310123958,154.1673511328939
EK202310240085,125.90572649719806
EK202310246484,128.71310801333655
EK202310147689,155.37229123358736
EK202310189701,135.35412293403522
EK202310237575,150.70683321131258
EK202310219357,142.01677136734912
EK202310120804,133.8330542932151
EK202310125732,140.46128981550086
EK202310167873,134.60669552195282
EK202310247821,143.54722978595538
EK202310206331,154.96124468240959
EK202310131746,152.04782377769538
EK202310125465,129.27292497354614
EK202310137591,131.516998855577
EK202310146755,133.3960272972087
EK202310145331,145.48310808891256
EK202310126909,148.58998227586713
EK202310176521,140.0169687698264
EK202310160650,147.6625464606509
EK202310114819,112.60631312258477
EK202310218236,144.35897327978972
EK202310204841,156.12728805614012
EK202310004910,141.16951959179033
EK202310146653,138.83133565581718
EK202310188782,138.70148016941255
EK202310125945,150.0554949059359
EK202310176437,145.96399547628386
EK202310193288,134.35443873651283
EK202310178658,163.66688406704347
EK202310150054,132.76906087595626
EK202310142919,158.65188147444877
EK202310222262,132.62687679689267
EK202310235742,166.7530922088084
EK202310113166,139.0647622675857
EK202310224000,155.4973553892061
EK202310198993,138.40375381458082
EK202310228553,141.8370696209779
EK202310190794,130.8301765253602
EK202310201535,158.4370666913336
EK202310165775,147.67834601762672
EK202310173099,139.41436396713752
EK202310152431,150.09687799724608
EK202310232652,153.84325666857444
EK202310182578,137.75428964978772
EK202310176081,154.24560904747446
EK202310168495,138.34246859362068
EK202310243081,138.6084361609814
EK202310214666,148.07967345781748
EK202310173376,112.95442504412085
EK202310185049,134.19011747953783
EK202310151788,144.33078616300264
EK202310142398,144.04861014285413
EK202310191734,160.92977050174838
EK202310185366,144.71193092494468
EK202310110653,133.86574570202907
EK202310197984,140.49919050797862
EK202310212461,131.14313364341805
EK202310220987,122.78952475142347
EK202310114458,118.85556376871519
EK202310167289,134.1765676132746
EK202310178582,135.72134039754314
EK202310135726,135.8546327063664
EK202310208307,133.26561733504047
EK202310186529,148.2985548401238
EK202310163685,141.006926969177
EK202310204304,146.38926621615286
EK202310174269,138.59490055092803
EK202310169002,139.65709335272783
EK202310195183,154.05234875868382
EK202310172158,155.34497067426432
EK202310195251,151.72662016720665
EK202310217760,148.77638783710876
EK202310233545,145.6704450336188
EK202310146187,141.15658906253645
EK202310201834,137.76684079475396
EK202310172626,151.1114010040768
EK202310173313,151.40877039552558
EK202310151898,150.3856583579837
EK202310112427,128.9863762167576
EK202310202848,151.83210975784974
EK202310106441,152.32944331024873
EK202310200903,138.8342757993214
EK202310211769,136.166916407469
EK202310210065,135.54342760548883
EK202310243416,132.83838303351604
EK202310178697,168.1348904206141
EK202310161358,131.3418259491263
EK202320006190,168.55425791851218
EK202310180462,145.7037723631131
EK202310162539,159.34803770307303
EK202310148977,146.87779719902008
EK202310194237,131.1350877173117
EK202310223514,128.4801405378431
EK202310162269,143.65571370519575
EK202310121844,134.71985071619304
EK202310124866,128.8258875566016
EK202310107700,161.2059871298089
EK202310221161,135.06338277245445
EK202310245562,132.74790570424022
EK202310179235,142.58877963546908
EK202310124532,146.81572707022238
EK202310128389,161.51217622028025
EK202310129800,142.72373191339474
EK202310207578,148.06337467984397
EK202310193457,146.48454770927057
EK202310206549,142.10054274940947
EK202310192075,143.83062185886428
EK202310234817,136.88107910417182
EK202310152042,133.88731079940834
EK202310199732,148.04897971849118
EK202310106385,140.01572650642984
EK202310232034,144.05471654059386
EK202310225160,143.9169499427931
EK202310168514,174.0877416612592
EK202310196347,150.53473125394876
EK202310132598,143.13765184657498
EK202310193609,138.19625892213747
EK202310112508,142.8047399140501
EK202310155472,136.98945659568454
EK202310177321,129.69904005001365
EK202310128022,151.17430677336307
EK202310206990,133.45402170394405
EK202310142239,139.8072452884814
EK202310129832,145.97094077901795
EK202310213810,145.82068680690915
EK202310198404,148.76110067617577
EK202310003754,127.71940507661748
EK202310133307,132.84460748205217
EK202310155718,152.22655143795942
EK202310124975,147.81522516666058
EK202310238569,137.5787100176973
EK202310155626,153.93985899750803
EK202310109451,132.60874262247603
EK202310156701,115.44360405008105
EK202310112702,134.6612483402047
EK202310219593,131.3950366904074
EK202310236091,128.48580100150622
EK202310109465,146.57500689570267
EK202310239232,137.67094425563013
EK202310153092,141.29104340726732
EK202310142926,167.67175648731998
EK202310195282,155.3026971953188
EK202310144631,153.51230939960192
EK202310158174,134.83316385044017
EK202310130498,153.4644992933838
EK202310152250,136.7926804472369
EK202310154816,153.91347324730464
EK202310187452,135.02129426301067
EK202310130712,125.71891166460932
EK202310225931,136.6866172141824
EK202310212154,142.60076825728197
EK202310180982,165.90537487115205
EK202310187065,132.41607689691807
EK202310231143,128.42539916855603
EK202310244459,127.44413825560623
EK202310117863,139.68289320084673
EK202310104458,140.34191322152907
EK202310228846,134.01361499683986
EK202310129898,150.82589917908726
EK202310160315,150.62244135295862
EK202310146629,133.22425705216372
EK202310166930,172.8772618999704
EK202310242374,159.15692335057778
EK202310210376,154.97083696302192
EK202310197387,151.81842586451612
EK202310136364,137.14433593531987
EK202310204149,139.83996469462397
EK202310107806,147.49205388910988
EK202310233474,159.22498516649406
EK202310228559,145.17819033208553
EK202310138215,132.9402274643325
EK202310143063,142.21706475207583
EK202310157985,140.07467037640893
EK202310190599,132.73916357113112
EK202310114903,129.71944327891185
EK202310133276,125.38547804125898
EK202310132588,116.04933170178545
EK202310004157,154.35527342536847
EK202310152358,161.9538936424102
EK202310111141,156.10516388775872
EK202310200435,122.84077537210277
EK202310204982,135.70779438755184
EK202310212495,124.91418123275756
EK202310183601,150.97709835272596
EK202310214375,159.2458972800037
EK202310210198,138.42206920133452
EK202310167063,161.0376015861344
EK202310149576,153.55972874434485
EK202310132215,145.10462163885728
EK202310163904,161.559873877114
EK202310200956,141.3409827772565
EK202310180120,154.0263382259885
EK202310121104,138.86115770667206
EK202310203655,152.84360858039176
EK202310194561,150.2807449369905
EK202310222799,146.2211235459892
EK202320007041,143.03458928830943
EK202310119052,135.2386723854984
EK202310137233,152.39653461298977
EK202310187775,141.678819306023
EK202310232434,129.6156636759879
EK202310205717,146.1015163837311
EK202310221339,143.71618814659217
EK202310123835,147.75509053546452
EK202310232532,135.8191886186599
EK202310107165,142.69865526081625
EK202310203436,137.204871078982
EK202310169851,146.14781884795508
EK202310193274,165.10685296871367
EK202310151878,146.8055088390184
EK202310180128,137.85359259439662
EK202310150220,139.8254017667297
EK202310187751,140.0434499743198
EK202310162881,147.58974669073518
EK202310192822,160.38931014399336
EK202310195620,137.08557179220193
EK202310135344,127.85898029126112
EK202310190721,147.92175803551277
EK202310121180,141.53401909098648
EK202310197995,145.19560625766968
EK202310238294,151.68264629449666
EK202310181201,137.06285467312495
EK202320006195,162.6914195493966
EK202310144714,138.8166870171387
EK202310174694,161.22956534573416
EK202310130143,161.05096310554444
EK202310213402,123.51251181473131
EK202310164458,156.21998321690756
EK202310138233,144.98967471646012
EK202310196325,146.0972074652538
EK202310230287,135.0266246534964
EK202320007443,153.3746965802871
EK202310237310,150.58786448652734
EK202310188028,151.99349180669495
EK202310221385,150.15863769213306
EK202310201433,141.41272678443679
EK202310210894,136.43574080082632
EK202310144757,138.832478156809
EK202310230555,115.93938873679465
EK202310127197,153.3704682153184
EK202310210367,153.15465254136058
EK202310107406,143.55641782013495
EK202310201552,142.45321843993014
EK202310163315,135.24778059448948
EK202310106204,135.1594749504585
EK202310189865,133.36485601844683
EK202310143319,164.0836809593493
EK202310187989,146.23991820604238
EK202310204280,147.5009202688642
EK202310166053,159.18554708418316
EK202310179719,152.5940746330314
EK202310119334,124.68969994389764
EK202310212088,126.03261084847907
EK202310123364,135.40031219022603
EK202310235184,138.22038890912046
EK202310150098,134.09518768806637
EK202310219013,156.61372818806564
EK202320005598,153.2148245393421
EK202310122400,146.01486363730208
EK202320006069,160.275921262317
EK202310240606,140.2372787990059
EK202310192122,152.5728867991562
EK202310239991,155.55708612136726
EK202310129077,141.88761974655822
EK202310246377,121.0480989878954
EK202310242482,145.1216082061324
EK202310162862,137.06913362922757
EK202310217556,140.87400910329
EK202310136375,151.55869531117756
EK202310193072,155.03686996234086
EK202310232709,135.3359192749413
EK202310137784,135.29826582905346
EK202310195933,150.81138099945622
EK202310190342,129.33938823541084
EK202310128675,144.61032941279626
EK202310156867,135.25596127088662
EK202310148670,129.72356012295148
EK202310176460,115.43714212143135
EK202310129961,169.91377286003984
EK202310146909,151.37645675747
EK202310138497,144.03755408138215
EK202320005583,154.47178046781963
EK202310139679,155.2182954704312
EK202310138331,150.52212334794186
EK202310183937,147.66737626880075
EK202310180455,146.134029556915
EK202310197763,125.49117752386728
EK202310196627,157.52147606983314
EK202310219790,141.92337042904822
EK202310185905,166.7087675778729
EK202310004706,126.65016114206657
EK202310181268,132.2113775194828
EK202310219922,127.91701280584331
EK202310149625,158.89645417347788
EK202310200086,152.31138844265098
EK202310214446,152.12508323595884
EK202310244555,138.10711396941608
EK202310203678,157.01007595359837
EK202310121725,153.76713020632712
EK202310178580,144.27450252845804
EK202310231258,135.1474818378766
EK202310116413,150.86566454777287
EK202310130519,148.60895657968507
EK202310114605,148.73636776933245
EK202310104328,133.161929034604
EK202310217095,143.33187260810368
EK202310159014,158.90564737212628
EK202310240255,144.5501537009574
EK202320006678,165.34947937480595
EK202310127358,149.83829179057963
EK202310228371,136.85785380667951
EK202310212880,143.7419287177615
EK202310184252,158.1298080248726
EK202310222457,125.2646476451168
EK202310106525,144.40386032985873
EK202310212900,133.49746157573435
EK202310164200,153.82188984308266
EK202310141506,141.86388693679692
EK202310124179,118.57694421620604
EK202310210747,128.55039004799036
EK202310104325,140.26095698134782
EK202310171837,128.39035384040102
EK202310183388,131.19348166134333
EK202310175474,149.75851790191234
EK202310161361,151.82224131174814
EK202310163883,142.89195289897353
EK202310233128,132.86838325536138
EK202310199650,161.13227621357774
EK202310107707,157.60804260958864
EK202310112036,147.39534665673327
EK202310152162,132.21871028856663
EK202310115154,146.13686858386436
EK202310106295,135.76343373130703
EK202310209811,141.54419641735544
EK202310170779,139.3212550363424
EK202310132319,136.6237138961088
EK202310176117,168.26977162989488
EK202310109117,117.6640981626555
EK202310146050,133.43307385861294
EK202310189377,175.60062683621058
EK202310108901,145.03297934524187
EK202310129280,144.9228507387399
EK202310186201,154.07168939693355
EK202310125879,143.8708178130525
EK202310223489,153.74684412466962
EK202310195362,163.52976534840772
EK202310168199,134.6310324431298
EK202310123430,140.83153516638959
EK202310169481,149.68996522430575
EK202310212350,127.5661185609726
EK202310204165,149.12995692409214
EK202310116597,146.46472997667993
EK202310178940,143.07800531924937
EK202310181172,153.200925785189
EK202310232407,130.60497013029868
EK202310120201,119.17825547694909
EK202310132088,175.8752543962335
EK202310176583,144.4282460020027
EK202310116485,137.17884017709062
EK202310232488,126.30517383437721
EK202310185248,128.62979240326263
EK202310114195,125.62896768249811
EK202310171527,138.89628384664124
EK202310239847,138.27557147701108
EK202310109025,126.10301301357993
EK202310188543,139.05632537095013
EK202310164772,155.4882982634162
EK202310220946,131.56298060142836
EK202310157893,143.83009277156205
EK202310130096,152.14263764963175
EK202310215475,134.43522123758973
EK202310175525,153.42657364182656
EK202310241739,156.03981913911707
EK202310149577,133.91306212466054
EK202320007764,137.82322703108474
EK202310162677,149.24322004585034
EK202310118455,138.75912561138512
EK202310144170,153.84847008097543
EK202310123446,154.42596406788195
EK202310111614,160.64666161262107
EK202310148681,154.5002075481258
EK202310135706,131.4785254394806
EK202310169610,135.70700555231875
EK202310154626,164.45222161346243
EK202310186396,131.9509588506865
EK202310130384,128.0879980879783
EK202310139999,131.39347688137238
EK202310173443,156.7480614052785
EK202310172753,154.59462204264324
EK202310150539,143.70216058965013
EK202310197972,161.6226718757239
EK202310167038,141.09837250178444
EK202310121549,137.17178541427657
EK202310144749,144.8130656559253
EK202310129763,132.0634491533114
EK202310105138,136.8883492040689
EK202310145803,127.13710184511623
EK202310150239,132.58771520471518
EK202310169489,134.7899411542915
EK202310138665,158.20613460698917
EK202310123078,135.90767882673103
EK202310219135,137.47709067571355
EK202310116443,140.81264906368656
EK202310195859,148.87472810961182
EK202310118292,138.230263579414
EK202310134982,169.05028528206236
EK202310236579,136.08750956597845
EK202310145251,147.93493869239686
EK202310144320,144.92118940218262
EK202310165413,129.47997131807153
EK202310164223,143.7253280394045
EK202310178660,153.8896735539722
EK202310152292,161.61454330094136
EK202310232276,126.00950174690529
EK202310227732,142.36311736995037
EK202310155773,150.87873066566485
EK202310188232,162.35499927851265
EK202310182770,126.4732264139335
EK202310202719,135.9964716688319
EK202310138556,141.7617469696466
EK202310239172,144.40746514887195
EK202310151877,146.5436598838395
EK202310116662,143.85742617118464
EK202310206983,134.9144680779316
EK202310161922,137.47213914767855
EK202310116370,132.79300640955978
EK202310216242,157.6153221007717
EK202310223914,133.84401643862412
EK202310183638,140.74420150663337
EK202310180955,168.86679480172805
EK202310135432,147.25911503374903
EK202310220264,133.3479428772512
EK202310241824,158.50694290627231
EK202310175340,157.51832381288642
EK202310123572,124.57113682627522
EK202310228745,144.14649998228833
EK202310150402,160.10574349970997
EK202310123048,137.18454701071946
EK202310245625,142.68573545165245
EK202310004596,133.68237082301695
EK202310187568,140.24064098395021
EK202310004796,140.73681496281355
EK202310206482,147.73746011890302
EK202310152723,164.35699717281392
EK202310144324,149.40629954449446
EK202310182703,153.13086743100502
EK202310207031,143.95499627940177
EK202310224829,129.8200511168774
EK202310194916,150.13315947568492
EK202310158171,167.2754458417347
EK202310237739,150.37823349710436
EK202310233535,164.17789596692802
EK202310159582,153.81642944044023
EK202310157407,121.95222284784833
EK202310222554,131.63538889679072
EK202310209992,129.49936679804213
EK202310197773,162.17189587851973
EK202310219559,150.83090804385333
EK202310149590,135.47068410715383
EK202310172229,134.83768401167706
EK202310179759,140.55001753910088
EK202310141351,147.30220402012077
EK202310202674,158.2991230708042
EK202310150237,140.0568977142017
EK202310131854,160.31857354184567
EK202310209299,142.52556068898406
EK202310152323,169.4602019406442
EK202310130424,154.29644113964304
EK202310219110,141.54117379888913
EK202310208971,135.17821680341996
EK202310175417,128.07522124809316
EK202310178979,151.95287514831293
EK202310149330,143.29328286408455
EK202310214732,158.83900426703607
EK202310151284,133.47474478556254
EK202310246323,145.3212595457094
EK202310162754,142.7308027854218
EK202310142435,155.45682378573875
EK202310218666,139.1826668480844
EK202310221049,151.16306259340428
EK202310173708,144.1576945339317
EK202310192941,138.13836065533397
EK202310126047,165.68939001182355
EK202310241369,156.41732371941538
EK202310183820,162.31523099628532
EK202310243559,145.87919637103758
EK202310148350,141.03160224954235
EK202310224931,137.5779837610403
EK202310236248,147.7152675044079
EK202310156811,140.44787878536522
EK202310224565,127.34029990747767
EK202310203958,141.85864600913325
EK202310119312,131.9125499697113
EK202310178028,140.84290332434054
EK202310186588,155.15784999011743
EK202310139697,147.40697659885953
EK202310197136,135.92537557490624
EK202310220806,128.6390869460001
EK202310222987,150.13238965618993
EK202310161970,128.61918258797036
EK202310208174,152.2758149441073
EK202310118068,127.52488254183916
EK202310131022,140.30739211974273
EK202310122159,144.3598159799003
EK202310216067,113.49187275695608
EK202310245924,136.75826372715179
EK202310111788,137.26672907065608
EK202310127853,144.01021592727307
EK202310106238,150.7403085320379
EK202310158124,130.60386078513747
EK202310132835,136.83753035602504
EK202310148914,143.86422668785485
EK202310231691,130.32548860146295
EK202310247000,154.75908843147266
EK202310192115,148.08056152478525
EK202310104130,140.53696660608043
EK202310139212,146.6393634061777
EK202310197454,149.82905556323132
EK202310192429,145.24326906616233
EK202310167625,131.94798507157208
EK202310199497,147.51362963647975
EK202310153618,138.79886661483445
EK202310181484,145.5738862987566
EK202310198186,125.95296664604236
EK202310152220,145.31572084559065
EK202310159039,144.0397308831519
EK202310191546,140.37300947391273
EK202310133158,133.99167450965902
EK202310201688,145.795632865785
EK202310235017,137.23536713245008
EK202310135857,157.50214928113772
EK202310218208,170.49099258196927
EK202310118595,131.63433010898783
EK202310163828,147.07974668927878
EK202310141421,134.91597033981543
EK202310180807,140.21346942269884
EK202310205637,137.66152394781213
EK202310105788,146.96525495469896
EK202310216219,146.45639810151897
EK202320007125,170.90534301915383
EK202310104911,148.07090180220698
EK202310189159,169.08733312592975
EK202310195473,156.5874431822108
EK202310118604,125.60685670507915
EK202310195319,142.86451501248968
EK202310240500,152.60878823824035
EK202310113748,149.39847165875332
EK202310004313,149.88125317089546
EK202310143650,144.72465828682047
EK202310165864,148.00489909368486
EK202310197618,153.2133108417277
EK202310147381,136.06716840211962
EK202310204456,133.56628846463283
EK202310168795,131.2928737710633
EK202310162071,165.14416443970225
EK202310155041,131.92808469248058
EK202310116293,146.26142409174986
EK202310111802,143.55617897524323
EK202310143876,148.57062972566752
EK202310170107,161.90594132046567
EK202320006604,169.6054134330654
EK202310181395,153.6828754223348
EK202310128405,128.1547270918499
EK202310172117,139.29008065388663
EK202310173280,144.7273268258954
EK202310114735,145.68428008383805
EK202310124558,125.52206966319841
EK202310122475,137.05090465644471
EK202310137618,133.26093855057147
EK202310105474,135.44819172883393
EK202310209280,125.28336250276462
EK202310142912,141.82061847489777
EK202310246004,129.14595721034846
EK202310186374,142.78837145147162
EK202310139853,147.6369203803032
EK202310243432,129.77529353752692
EK202310135700,121.39000269906172
EK202320006074,176.77055133795554
EK202310207199,160.45140986800854
EK202310114736,131.46990411145916
EK202310129145,160.10913410599252
EK202310135339,160.83643409207346
EK202310105627,135.44271095470776
EK202310114046,147.88671946025335
EK202310121749,132.68245118728288
EK202310160579,146.45830499620655
EK202310132059,143.12000407338292
EK202310158407,140.92144457618954
EK202310115805,138.17526624221355
EK202310165675,143.40038163442043
EK202310223393,145.13537954005938
EK202310166586,160.99277318396832
EK202310142763,141.7636976749425
EK202310169174,133.24309280315902
EK202310118007,136.19481887081588
EK202310188453,148.25582065127386
EK202310186603,141.98542867529903
EK202310115518,143.04676472600568
EK202310237777,154.30221912874828
EK202310245509,143.5931606230186
EK202310149571,150.25660479410757
EK202310238699,124.91483747747726
EK202310162044,142.25050439704648
EK202310178900,121.3775961318216
EK202310210189,150.5746503123216
EK202310246044,155.51559968579193
EK202310169510,167.7150610188797
EK202310224019,142.33050230038634
EK202310196916,142.43715085877923
EK202310110545,150.2185296122316
EK202310158475,155.01001470905996
EK202310240666,151.01628764784866
EK202310147702,135.53876818080434
EK202310240541,133.03037981723952
EK202310165419,144.70349892369595
EK202310158944,162.49146423028725
EK202310154741,151.79834074548967
EK202310183411,141.90433135648286
EK202310150802,139.26797365107785
EK202310236647,129.0473571158347
EK202310168877,153.47766798358782
EK202310177550,142.98966681556692
EK202310161815,139.9441479934556
EK202310205936,132.80897644727625
EK202310236918,157.1502275114201
EK202310231978,125.61739782592333
EK202310145447,135.34258482855756
EK202310113081,152.08878357082827
EK202310245380,155.7742357887237
EK202310226536,124.95075642382515
EK202310171629,146.04535216596346
EK202310142578,160.3628638498376
EK202310154571,142.38940733529344
EK202310133424,138.97758010870427
EK202310205232,124.04070204995972
EK202310125353,128.356056635016
EK202310129062,143.5349735377891
EK202310148286,157.14300149098645
EK202310217186,165.384932781511
EK202310240058,151.143502903841
EK202310004925,151.06664242101417
EK202310121900,129.26580179298406
EK202310193811,149.76889237090177
EK202310236073,138.27368629976067
EK202310209661,138.8024628677223
EK202310183452,118.87895658298744
EK202310198390,130.82885498249027
EK202310194814,144.57759234644806
EK202310154258,144.40857969086443
EK202310225570,146.9578886976711
EK202310236562,126.11283866917407
EK202310125786,132.74525869227406
EK202310227228,132.619097690786
EK202310104334,153.44057618739603
EK202310247598,165.22111179333788
EK202310163731,155.0202007249884
EK202310153854,158.67126981599336
EK202310209072,149.54780765475735
EK202310130417,135.4431249683444
EK202310161714,126.09751636324057
EK202310161726,152.9896789316621
EK202310214070,153.47276627229294
EK202310174019,139.9581205683066
EK202310197029,147.39593904779449
EK202310236341,138.59887468765245
EK202310218675,137.47091634391532
EK202310124319,139.25438766250312
EK202310231778,128.69991163468725
EK202320006401,139.14034014281944
EK202310107779,140.44579847345943
EK202310133015,139.3992514530858
EK202310181550,136.044360382652
EK202310247332,157.56676166038653
EK202310111163,123.48146374377116
EK202310145310,151.59345600741682
EK202310126094,141.6797047701431
EK202310161397,144.4903253161581
EK202310146374,147.02615245709518
EK202310136414,146.06735810584593
EK202310141425,158.95978282826061
EK202310138405,145.91663728989695
EK202310173668,160.05820690178447
EK202310184285,142.67064706946474
EK202310176095,156.01638660387295
EK202310211570,135.42287854048067
EK202310208829,135.92053188411342
EK202310147190,160.46000074129037
EK202310191735,129.82726382569854
EK202310213951,149.7331680782286
EK202310140049,151.23514107640523
EK202310169326,145.03917157797483
EK202310157230,173.44788133854843
EK202310124090,130.03130439955567
EK202310142146,135.25759850076767
EK202310107242,142.42345741279445
EK202310192993,137.19022812435574
EK202310149787,147.8129001069421
EK202310177888,144.31054442901112
EK202310212815,157.89446989809537
EK202310223609,156.40308262005462
EK202310189733,171.19063157406723
EK202310218104,135.12134259982506
EK202310111896,139.11636520299453
EK202310132753,150.58915110415094
EK202310112173,147.7606887142504
EK202310167323,149.49224351696074
EK202310140969,141.7880512872194
EK202310214853,154.07382918424958
EK202310105928,131.56324895515087
EK202310213446,132.81778014832295
EK202310134309,142.69074640102247
EK202310177619,153.75298911808233
EK202310004283,119.45228763464027
EK202310176874,140.25592494052736
EK202310160131,151.26128338323954
EK202310201219,167.0439426098938
EK202310004099,136.12620429194953
EK202310167947,150.27004380236596
EK202310155342,133.5610260544946
EK202310209163,140.77411826259538
EK202310242285,126.255530399409
EK202310215045,156.3122789005502
EK202310245674,135.8290429909026
EK202310192087,149.21267439046372
EK202310182851,135.15564627990716
EK202310184176,152.6919413989936
EK202310205303,144.10294542908562
EK202310108199,157.7682755425995
EK202310124913,154.07554773227127
EK202310140458,137.80994770098476
EK202310142132,139.30991814262669
EK202310147065,162.10864926703582
EK202310143393,133.20695817554906
EK202310139964,124.48562219403333
EK202310225775,150.17946054179438
EK202310127142,149.91281808238324
EK202310179582,145.50735414561916
EK202310207922,158.92491803074995
EK202310195810,157.30316703115304
EK202310178849,147.9263654538821
EK202310229124,141.21639752260586
EK202310113502,136.05692449797465
EK202310223610,144.39413440535088
EK202310147986,152.55455082077538
EK202310236813,138.889756096461
EK202310176936,152.75343905151888
EK202310199151,144.30745009175396
EK202310192534,136.64282107524036
EK202310217624,136.46704748850973
EK202310003755,136.38757792423436
EK202310161830,131.90478013408764
EK202310243624,133.8266995004372
EK202310164105,136.19821966828465
EK202310179948,172.78876309441387
EK202310135310,143.96306412655113
EK202310004295,118.80947276821291
EK202310141079,143.7159532466371
EK202310225179,156.9935215320954
EK202310227335,138.6070034288537
EK202310161160,165.22590359218748
EK202310247623,156.07688083224994
EK202310206076,133.5600593750936
EK202310119053,141.9900164191969
EK202310139617,131.60256257276632
EK202310143241,133.49345716743767
EK202310115504,142.26582113249648
EK202320007161,148.37430441930022
EK202310183784,158.76927061827186
EK202310187344,169.21679420922754
EK202310185527,134.26216501365533
EK202310238290,145.03375167714765
EK202310140457,142.53346206262012
EK202310150648,140.9360675234315
EK202310223600,145.35206237216755
EK202310167530,140.34207483189414
EK202310224100,126.2199786822503
EK202310152786,150.07150074569617
EK202310135478,132.28022386414415
EK202310193078,131.47802703054552
EK202310155463,153.03587952205288
EK202310105582,130.61507031995052
EK202310135195,136.5266684785143
EK202320005552,165.15053816452647
EK202310228708,130.06126123410274
EK202310141498,124.70503714261223
EK202310193872,163.07404513378017
EK202310141414,171.03625837809386
EK202310151905,134.7339352923664
EK202310127407,158.15523485255304
EK202320006299,152.8922162148678
EK202310212343,140.7969716981798
EK202310168454,148.56196648681905
EK202310171479,131.06033818148444
EK202310110727,166.10671374370816
EK202310109806,128.4144450566696
EK202310229172,131.2343714785475
EK202310221527,125.91247511233142
EK202310136692,118.05287465148312
EK202310225939,130.02965258638594
EK202310128011,136.26129134666706
EK202310119451,148.82666677665975
EK202310240016,144.3014499271642
EK202310137412,143.11467086062788
EK202320006473,168.63437106444434
EK202310133714,162.91147869420436
EK202310182002,130.4235308048564
EK202310146885,153.37141671003832
EK202310228765,157.54700974301883
EK202310199335,148.61976050588146
EK202310144286,154.1572379223362
EK202310120179,143.20054874179928
EK202310125242,131.56963425689543
EK202310129853,146.3651196371296
EK202310105724,141.75693180480673
EK202310177232,124.95647792181873
EK202310240889,137.40175721444808
EK202310135626,124.336059915933
EK202310182429,132.16062513394598
EK202310160815,152.8245802751166
EK202310161842,145.8690660503821
EK202310194125,140.96190511277916
EK202310163430,138.14869669446003
EK202310207741,126.45298639248603
EK202310202036,117.98796902401753
EK202310165652,118.76500681338524
EK202310136570,141.05679575175017
EK202310139028,148.7803984853641
EK202310163487,130.39228447114664
EK202310177984,155.60812968087035
EK202310239997,141.00547711430076
EK202310176249,154.73896445461415
EK202310152361,157.7518694719734
EK202310151709,136.10493539542816
EK202310135268,149.45942405608596
EK202310171919,162.52076741730002
EK202310122006,157.3386289558726
EK202310127839,146.1903031794734
EK202310219814,151.28031419717797
EK202310187560,169.00269941360955
EK202310113366,131.2251206547877
EK202310134748,139.03246628876565
EK202310208843,155.21810508641323
EK202310175338,132.62506908144047
EK202310124470,133.61299841016026
EK202310121775,135.3859513587785
EK202310237332,114.135336742251
EK202310141855,147.68373330713547
EK202310154289,142.40803429375453
EK202310120044,138.14865638998205
EK202310192432,159.4802514617495
EK202310160195,151.3257224825701
EK202310105413,135.25324069921177
EK202310004863,144.6109577239011
EK202310138732,142.6055611301646
EK202310225944,122.38450077551984
EK202310239340,118.86242580859755
EK202310155959,155.07616124721113
EK202310177384,153.1367753952906
EK202310114746,130.56559463945132
EK202310156841,149.79151085439818
EK202310213654,136.8643837088694
EK202310210592,148.71238449017767
EK202310110296,136.5859419329279
EK202310240236,145.12166041720405
EK202310242957,133.2978630398633
EK202310163621,157.2594099713318
EK202310202691,153.09837022572438
EK202310127490,140.23894216300675
EK202310199512,151.23159621428144
EK202310155288,130.95775642019237
EK202310237968,144.66862679207966
EK202310118847,149.17842019024283
EK202310144769,126.09654479058761
EK202310212518,151.41460747319033
EK202320007577,139.60770565427336
EK202310244590,166.97218238690652
EK202310003432,135.67229974290214
EK202310242932,144.93588578729282
EK202310184880,156.68045652327314
EK202310208839,152.32714243288723
EK202310225707,148.4995806027434
EK202310196085,163.02856468638905
EK202310111047,141.4318981217306
EK202310149321,154.18925488429878
EK202310214602,141.95606298202338
EK202310190162,138.43243791968058
EK202310203789,127.29888328586486
EK202310165931,143.31685232227463
EK202310143768,149.64147426158837
EK202310226420,141.05245584558725
EK202310206883,135.69431756850605
EK202310230191,158.21468522584735
EK202310223966,139.47628016135386
EK202310118804,125.38345415198735
EK202310224984,131.93089269586235
EK202310221101,142.46179956565962
EK202310241759,135.43189268083597
EK202310219986,150.43249236736665
EK202310247113,131.88904490037882
EK202310136489,142.35299832569208
EK202310189176,157.6669737424553
EK202310201813,150.81613297194136
EK202310167143,142.8817305048063
EK202310245156,153.93112599732754
EK202310149980,148.11491681554148
EK202310238395,154.1619316985841
EK202310223767,139.6797053702026
EK202310118543,149.53828754302717
EK202310137202,135.608073261174
EK202310245378,151.56141994199768
EK202310202917,156.4597420713439
EK202310120015,125.98661895515083
EK202310242744,141.01100623619115
EK202310170961,150.23317343476614
EK202310170849,133.18133564204064
EK202310108365,143.29878984523233
EK202310225302,136.05304538914504
EK202310141853,131.8511527261562
EK202310152952,153.2532949601678
EK202310118252,137.27896827788223
EK202310150764,140.84198063286794
EK202310188288,154.03235804720947
EK202310236699,148.7027667954319
EK202310228975,146.9077486281801
EK202310176364,135.1394053647586
EK202310148297,144.19632123642393
EK202310234706,128.1068686175646
EK202310202029,131.6370529860129
EK202310218635,116.87273007598803
EK202310187565,170.81833469210187
EK202310238217,145.67854195871757
EK202310144263,136.82128619271063
EK202310216046,119.36363784733686
EK202310240199,152.48572541436266
EK202310118761,131.92229527297567
EK202310118387,144.81309073141472
EK202310228319,126.2983780184785
EK202310188942,151.08598902622668
EK202310171922,148.74198438314068
EK202310205751,154.91302885838292
EK202310181387,157.76387624843815
EK202310194611,140.39213371909543
EK202310123903,132.45967498310245
EK202310201170,168.46684721807245
EK202310124579,132.07195510314904
EK202310225456,134.00426738715328
EK202310224047,133.11103960807532
EK202310168185,131.22924515288213
EK202310149367,150.06617269458584
EK202310222236,150.62749487801625
EK202310191402,141.25899413180233
EK202310216518,130.04000475752292
EK202310116323,131.35037245827743
EK202310229479,130.73364105547788
EK202310242068,137.20891230987758
EK202310172108,120.45667207045541
EK202310148960,145.77418554624862
EK202310203368,155.25256844029428
EK202310248782,133.7724187908124
EK202310130742,171.50813489789263
EK202310127431,147.57412481997636
EK202310166666,158.47922212767867
EK202310142516,132.94071192311102
EK202310171160,166.34359202191555
EK202310131980,151.52891292416632
EK202310230754,131.75591708756642
EK202310205660,129.75884507980498
EK202310195938,154.6583561268239
EK202310223018,126.7291569387726
EK202310189611,164.01179338267661
EK202310114061,144.04036809987832
EK202310168186,144.70817704579147
EK202310123079,144.10756738293355
EK202310142507,118.64427062826266
EK202310192082,129.19198934881274
EK202310116417,158.77298881985286
EK202310152679,128.97057817625296
EK202310186123,147.85583679322207
EK202310187670,130.7965470563623
EK202310199114,137.27528177493826
EK202310144744,137.242042193234
EK202310171906,148.45747494886868
EK202310222160,136.17978799384176
EK202310202383,146.8753555749647
EK202310133543,144.44049926969254
EK202310240197,155.84267975935708
EK202310224654,151.51019683013644
EK202310159827,168.3380091981311
EK202310129302,161.235416694325
EK202310220687,133.3070035499848
EK202310137416,141.57920609662747
EK202310195263,151.38708896606917
EK202310226117,139.4503844000835
EK202310177937,155.27835117503463
EK202310224977,132.73852511271116
EK202310104811,150.3855983322753
EK202310202225,142.76053771772004
EK202310198252,139.2657350101284
EK202310169634,156.38412594637774
EK202310141724,146.55594987609427
EK202310132515,132.12703107406384
EK202310222595,131.3485873944115
EK202310245206,162.245463187998
EK202310206384,154.6202814657216
EK202310131595,142.40632371870254
EK202310114450,150.2697703145738
EK202310193999,140.59096944322957
EK202310153211,112.27212374641107
EK202310168571,165.97777654914594
EK202310117487,127.25676141125612
EK202310147040,161.0345551499814
EK202310164747,156.09990310100565
EK202310185539,144.4576057619474
EK202310180947,163.2671118325159
EK202310209467,136.2466940783807
EK202310197453,134.0073671514878
EK202310241952,141.29200980882285
EK202310171659,135.90988978147496
EK202310121984,128.89922405789932
EK202310145988,152.86154284795154
EK202310227472,163.3907070785015
EK202310158925,150.85013192807202
EK202310161059,154.8660111027568
EK202310246350,141.68108893287916
EK202310204768,156.9192753818987
EK202310245196,137.76767972545244
EK202310134281,146.643942726883
EK202310232567,146.41109121714643
EK202310187864,143.51372714257906
EK202310175599,148.36756884094268
EK202310137474,142.523810423474
EK202310214594,142.04136026941262
EK202310176570,137.84328926563845
EK202310143525,130.17205388621096
EK202310216731,139.0944707215332
EK202310182951,158.3122696749858
EK202310195606,157.97618531807717
EK202310003354,147.8814468448651
EK202310003704,147.2454738528075
EK202310207753,150.94666293286772
EK202310108512,152.3041554148849
EK202310230571,130.83814603456568
EK202310210082,152.62694432939963
EK202310191492,133.08415716595005
EK202310113969,130.9549886731449
EK202310123941,141.21583273917582
EK202310135080,172.79016230565776
EK202310117802,139.11266029512763
EK202310158376,135.70216225831632
EK202310140051,164.32404635338168
EK202310230366,131.6818815056023
EK202310138959,162.97420952624572
EK202310112243,141.29623347151053
EK202310142973,158.09784659488147
EK202310179563,150.7324526619994
EK202310213686,147.72432025665324
EK202310207985,145.0296013498278
EK202310169142,133.63510354218175
EK202310189846,157.97699997251317
EK202310217981,136.7959723330634
EK202310168427,142.17701552207646
EK202310165111,142.15278834806497
EK202310211489,140.57891069571014
EK202310164721,148.47425150181346
EK202310192084,147.522817933474
EK202310155310,133.66137933382342
EK202310207807,157.42122725959734
EK202310167274,132.8117122995151
EK202310232098,144.95188244198457
EK202310246400,150.66025158298552
EK202310181247,146.0712009673806
EK202310146677,137.5762136666031
EK202310199983,152.90174837878502
EK202310198892,125.50118188684107
EK202310118490,153.68539092188746
EK202310218556,142.6109743311769
EK202310209766,157.78672156189026
EK202310201549,134.29391659828082
EK202310227205,127.21674889404788
EK202310201879,131.85956181490715
EK202310208984,135.26715473707512
EK202310172280,133.14163947240104
EK202310127074,137.6231819999688
EK202310003431,138.10799315319696
EK202310128481,125.53783474482053
EK202310191056,149.76266271780122
EK202310224670,133.522462929842
EK202310148699,155.23255491065498
EK202310186655,156.30119838960366
EK202310145129,147.93666726024605
EK202310141368,130.18010251237976
EK202310215091,147.23683086411845
EK202310131768,137.878113058534
EK202310169680,140.74098358007654
EK202310215558,155.29394556154577
EK202310235372,147.87316925761775
EK202310123185,131.50862210201768
EK202310188811,127.94910822153295
EK202310160442,150.98611311072327
EK202310190513,156.34912787986602
EK202310174071,148.0754911471871
EK202310226475,136.85385631012866
EK202310124362,129.6442056256844
EK202310217706,132.60869319713015
EK202310226498,145.54282175164076
EK202310237132,138.14703950052154
EK202310156490,169.61171601428683
EK202310161525,155.57276638739623
EK202310233261,150.30763180200915
EK202310183188,155.16317972856314
EK202310204179,142.66218643157202
EK202310221970,129.44634167532865
EK202310136055,132.62766244120994
EK202310192784,147.98418144353676
EK202310154098,151.85756865937572
EK202310195221,157.56986776876906
EK202310247669,169.1629149544495
EK202320006739,174.90119645750494
EK202310143079,141.01679511605303
EK202310157780,147.93987773708872
EK202310122685,130.2085021672331
EK202310228079,135.09717917001444
EK202310178496,143.19547717610652
EK202310108793,140.47043125430844
EK202310243880,133.50164101961047
EK202310108022,149.94092015082097
EK202310127023,133.76131584416098
EK202310114813,119.62657307271994
EK202310211046,129.56623809617054
EK202310139161,143.19400438913527
EK202310165288,147.22218239472454
EK202310245913,126.53812205426166
EK202310216026,145.7284110982855
EK202310132021,144.3009231685505
EK202310206339,154.25619290958736
EK202310216740,132.57985955726517
EK202310210301,136.40136676933787
EK202310167900,157.48829313692346
EK202310173409,145.31867565852477
EK202310144428,163.46051748886012
EK202310194970,141.51943674029806
EK202310105005,131.40928714742566
EK202310108090,139.18745424310518
EK202310229406,157.59782639894786
EK202310152037,133.28085897574266
EK202310204361,149.30012661029255
EK202310114029,134.2059147339182
EK202310158725,151.66210756423672
EK202310158027,147.72871692742316
EK202310148586,131.40860887734723
EK202310237068,132.95316820995714
EK202310144709,143.40722137405157
EK202310161357,125.8893678497677
EK202310124452,134.5378337753393
EK202310131605,168.5069090142009
EK202310162054,152.99362430632127
EK202310181680,165.36019644671796
EK202310117645,125.91182511607312
EK202310147699,134.10639031518326
EK202310153309,140.41049751168939
EK202310184492,141.01567627343954
EK202310104645,147.09709798395696
EK202310137713,147.7313092208076
EK202310243221,136.70735645240362
EK202310156335,143.76317773802865
EK202310197583,153.05580998121155
EK202310137359,146.41155517641386
EK202310130956,136.07664141522892
EK202310171369,150.25267332980442
EK202310232324,145.47053754482718
EK202310172995,135.01609254516663
EK202310134239,148.66006927294572
EK202310243506,136.24058577786576
EK202310163154,141.80316440382373
EK202310127929,147.7662146876638
EK202310202227,131.33172716827067
EK202310139348,147.74775350652084
EK202310158547,139.03557323041264
EK202310236863,128.9733494699048
EK202310179959,174.41728136076657
EK202310195894,144.49747548970532
EK202310229850,133.5513869719436
EK202310242435,141.02920953756993
EK202310135502,121.18365747640775
EK202310229084,138.08808154896462
EK202310118049,140.07904960793348
EK202310201122,160.15873753837013
EK202310109875,122.48395530821121
EK202310196757,131.2115189159019
EK202310139569,166.00855901707845
EK202310107377,137.88469874201633
EK202310116923,145.08366230444082
EK202310228873,133.5077169644789
EK202310218754,127.46264972631039
EK202310154272,137.42061165308513
EK202310231169,136.1166838395057
EK202310217977,159.94435491434515
EK202310222555,143.9677417233747
EK202310162130,151.1529133439977
EK202310112323,153.21062329166216
EK202310159262,144.97623674119086
EK202310151594,149.96904088905612
EK202310163721,128.18656193756613
EK202310149061,141.37696313193072
EK202310147880,162.36689967521065
EK202310212050,142.66689073294276
EK202310117729,134.85529584898615
EK202310107629,148.5474546722937
EK202310139317,140.3154014600033
EK202310179272,137.2528012667352
EK202310121894,139.1191272217995
EK202310139188,145.75679190921903
EK202310167435,147.71026043208715
EK202310228964,151.39897595028987
EK202310113550,139.36938037251477
EK202310180850,152.0842903524429
EK202310105563,120.63075922691291
EK202310110748,131.0428065877817
EK202310234819,125.27816734811333
EK202310154339,145.52757848085594
EK202310210307,130.10150282306984
EK202310239873,146.61056527308148
EK202310183383,132.1905106623292
EK202310193557,130.09267041085462
EK202310228033,132.52626798680163
EK202310167532,142.9401634897337
EK202310222264,119.74381653809183
EK202310106581,137.1961942600369
EK202310221125,123.84214134415464
EK202310165054,153.55319272029504
EK202310150415,163.46045486685537
EK202310233802,151.43128320278683
EK202310190617,140.44334409347894
EK202310106410,138.0238345279101
EK202310216886,138.76940185384865
EK202310115900,117.57031652838651
EK202310104935,152.8585774014346
EK202310129722,170.53249919801831
EK202310120948,135.23597396315785
EK202310164436,137.3898719469334
EK202310122507,133.9515160572903
EK202310160593,144.72282794223747
EK202310210615,136.0547707572684
EK202310132871,127.71331101514721
EK202310237902,126.28835549220534
EK202310231150,130.357481279186
EK202310165528,150.63264749748544
EK202310244497,132.50001628140123
EK202310107512,138.9169057121326
EK202310120477,140.38799407749943
EK202310229593,126.20710412285177
EK202310126986,141.44019221044405
EK202310175535,136.36896286676517
EK202310148104,133.12019199913848
EK202310201431,153.98182535331478
EK202310148767,150.48072484030692
EK202310113034,130.1680903454063
EK202310209227,134.19532929377814
EK202310114309,130.6540474190734
EK202310174763,147.22998415007112
EK202310236793,130.98176624108564
EK202310177429,146.77855172373472
EK202310167536,125.88848495617748
EK202310141576,158.1976463572119
EK202310213488,124.85731890265532
EK202310162322,147.87298398715987
EK202310130610,131.87474217338632
EK202310152488,146.03448598857125
EK202310151734,167.52094795408675
EK202310155060,114.69840065936175
EK202310226481,136.4767533936722
EK202310119174,143.05901525025524
EK202310180130,131.7538029115616
EK202310104489,164.31864715527234
EK202310195688,145.59945305776438
EK202310132973,147.86401768901504
EK202310135035,175.97619990222464
EK202310167150,127.74252725508336
EK202310195252,150.5511281957926
EK202310127294,161.40090074562735
EK202310140484,139.44456250821682
EK202310119854,144.39166933873827
EK202310248841,136.50870168014688
EK202320007808,151.23131832025467
EK202310199228,149.60516079874935
EK202310184715,143.67427071073408
EK202320007242,147.3241792382872
EK202310147415,157.24754231158036
EK202310171570,136.19500703696403
EK202310110477,137.4499124585171
EK202310113604,147.57097549262866
EK202320006431,165.647591312825
EK202310121838,131.74913149838022
EK202310148733,151.63996805398756
EK202310148335,137.1560297517257
EK202310113968,127.48457167827809
EK202310231455,138.8918005526605
EK202310203454,139.86586567905755
EK202310191708,129.24386601215164
EK202310109582,151.95793917154177
EK202310203719,131.51860573638078
EK202310201332,153.16869040389187
EK202310204835,139.15678944117275
EK202310131213,151.74686819284227
EK202310155687,144.4433765846305
EK202310178634,139.47034994403376
EK202310115110,142.5325710348752
EK202310201445,165.71041061506796
EK202310233989,134.51974055290302
EK202310226621,138.92306510576032
EK202310182124,149.58511903470196
EK202310129960,137.35925777215024
EK202310172024,153.34709925491876
EK202310124587,139.12867985476007
EK202310180490,138.4174715859148
EK202310218866,142.62623564859916
EK202310145486,133.0531421245475
EK202310243783,127.77747191979257
EK202310163544,124.47206076446935
EK202310245299,134.9489583034594
EK202310185466,134.1995109132226
EK202310114372,149.4705840309889
EK202310132954,139.4418857313126
EK202310156324,137.54241755026513
EK202310237016,141.7064848500283
EK202310214641,146.2980383097157
EK202310106858,149.0481600047009
EK202310182500,162.2229156351505
EK202310125749,135.7031910766275
EK202310201978,126.73406215354483
EK202310112112,142.67141920728739
EK202310243292,151.65817957053883
EK202310192897,130.1266402372041
EK202310173512,137.0718866601741
EK202310125634,129.35378822388253
EK202310165797,152.85609502203866
EK202310213138,148.0023971036953
EK202310211642,138.10500617741707
EK202310156317,147.40077773020084
EK202310154649,171.41941196716178
EK202310198938,146.02961543875367
EK202310175465,139.3486993581228
EK202310187555,139.16876811818653
EK202310183448,176.35919684626742
EK202310205101,143.15393739239516
EK202310201536,140.70046071364266
EK202310131221,136.72446268379161
EK202310242173,163.75096797818333
EK202310195317,141.15796100288932
EK202310139267,143.01167202587524
EK202310189575,167.07788389168323
EK202310186883,153.73528915801995
EK202310184286,158.90060501645294
EK202310194270,147.49185689363108
EK202310003611,145.12741052375634
EK202310189126,152.03405054402288
EK202310179964,170.4108300245807
EK202310118181,121.73031620194979
EK202310220832,145.5647741184856
EK202310203022,139.31828208142144
EK202310205592,163.9335574349382
EK202310128283,124.78833910195857
EK202310214279,146.9468329397405
EK202310175101,151.3090416407731
EK202310116399,132.00534470358193
EK202310132303,144.99094882977585
EK202310147925,141.07480912972278
EK202310219063,157.9945202032047
EK202310197713,149.9520516654387
EK202310165104,145.44219935249723
EK202310198835,149.39416675671131
EK202310230554,128.90724544844878
EK202310103890,139.67468992341483
EK202310152894,159.55686433534453
EK202310156771,157.99628076448698
EK202310239166,135.7966733509433
EK202310157043,170.64222856159515
EK202310158767,138.2408115222304
EK202310231819,163.46761401546286
EK202310162990,148.73223653102343
EK202310237033,162.7562723941999
EK202310220279,141.80912744196124
EK202310105088,142.7005748106329
EK202310183088,123.73325417778693
EK202310134719,148.36184135344686
EK202310126509,138.63649834367564
EK202310113028,142.76269191380942
EK202320007641,160.9997984442517
EK202310194771,128.04759457188257
EK202310193624,139.4613672389646
EK202310178811,166.07218343115994
EK202310127140,149.1072470210837
EK202310193675,150.4534664626598
EK202310208947,125.23384672209369
EK202310242072,138.58871406666185
EK202310129762,139.4641548354138
EK202310178638,150.98981209703933
EK202310208504,127.85741947873703
EK202310131365,146.481418784241
EK202310118546,151.84057570305743
EK202310245144,138.21070960516005
EK202310142879,132.3720571508178
EK202310197920,161.27808502348253
EK202310182216,155.25174190650054
EK202310163824,145.85971211562236
EK202310247357,157.08614302492393
EK202310145691,159.18280765718117
EK202310176063,158.21826891550012
EK202320006459,169.05507018542508
EK202310227785,127.78558086251087
EK202310189723,174.2352373304299
EK202310182881,153.54381509732931
EK202310196251,151.3247335138126
EK202310212183,133.78767429239548
EK202310165884,136.02715428766288
EK202310162354,151.60627234328888
EK202320006915,168.66353714552784
EK202310152978,169.39135316461395
EK202310186596,170.09708910944258
EK202310184203,130.8351195636583
EK202310115228,139.98836643937727
EK202310187250,152.43664741458505
EK202310199882,149.81836979574393
EK202310247733,160.23537281344068
EK202310142093,139.71774278355417
EK202310192250,147.3379295233045
EK202310161127,176.0151256212254
EK202310227929,134.33562220935653
EK202310144416,124.659068139821
EK202310129300,155.62000346168162
EK202310132887,125.8663263992871
EK202320007268,167.1509092928277
EK202310117763,123.53494842376952
EK202310135610,119.28719331758104
EK202310108226,148.50980907552758
EK202310197484,167.04323583654116
EK202310220905,127.94263171854567
EK202310210612,146.66875000636762
EK202310199825,132.42735507704785
EK202310167815,135.89433234779293
EK202310222270,119.86450566678307
EK202310218829,127.55640756168083
EK202310158524,147.6603652450047
EK202310227353,127.06739584580835
EK202310105993,146.75704882783495
EK202310128862,132.70004638352924
EK202320005603,168.9924826398926
EK202310145543,153.89174731663076
EK202310226964,130.0196639279278
EK202310106404,160.33643847588408
EK202310158792,147.01946084627346
EK202310169557,158.93078022638852
EK202320007615,157.56908231913707
EK202310244340,129.21696951249413
EK202310241009,146.7403239674015
EK202310173004,135.77122148676807
EK202310229814,152.29727307052804
EK202310136774,155.93312930520136
EK202310134670,150.38238387708324
EK202310125653,139.2331995294581
EK202310104378,149.7147473420646
EK202310114092,144.9341467338046
EK202310242755,138.7708204846541
EK202310175831,141.84113513609213
EK202310123102,144.07359170815596
EK202310246196,131.46741725219152
EK202310164308,134.7575395735655
EK202310164001,122.01329284352256
EK202310127733,175.70157584878493
EK202310107896,143.22657870820618
EK202310196209,169.6778540206333
EK202310164751,145.02896728540125
EK202310180897,139.62008190670323
EK202310217788,147.39261571049875
EK202310193711,155.82378952833864
EK202310244316,146.77052518353443
EK202310224163,141.642227054248
EK202310104994,130.5087318848587
EK202310140073,163.46184432258661
EK202310188584,152.22711539386862
EK202310110511,137.29678056400846
EK202310231033,136.49631233563142
EK202310178461,163.42468346789713
EK202310167965,136.94871036962354
EK202310106027,124.01237345257775
EK202310193439,144.53726060502848
EK202310151107,141.12593549181688
EK202310196605,125.911006546977
EK202310218318,155.36161339659532
EK202310195078,145.06660143545733
EK202310148837,172.65618604273743
EK202310127102,145.41866626623965
EK202310114514,143.98877934956084
EK202310121553,140.26732103365455
EK202310172559,133.977466294678
EK202310151216,121.0399776434969
EK202310128073,134.55509226162152
EK202310108605,145.3798646245942
EK202310201812,139.9257076438922
EK202310190862,152.72489647843045
EK202310223367,171.9296294193627
EK202310217222,140.94261745677784
EK202310171756,154.1947835277061
EK202320006771,169.94878974302463
EK202310124052,154.09764421014273
EK202310221124,125.27599305768999
EK202310154368,145.9332685748717
EK202310155273,119.87529751233387
EK202310161608,161.32625736194055
EK202310176630,139.92951378713397
EK202310158951,150.82783356834895
EK202310223924,127.66581101867487
EK202310187178,148.4051348009732
EK202310189441,161.11528890641927
EK202310193808,157.254624361408
EK202310117653,124.42570937609256
EK202320006281,160.91449682544263
EK202310104452,150.13240187541973
EK202310170998,161.53275933321325
EK202310247137,140.3118356577015
EK202310207587,160.26157864210745
EK202310224054,142.21029897612988
EK202310124503,125.4455045314368
EK202310111608,148.2853999581999
EK202310169517,138.469932445466
EK202310177572,159.3153620806449
EK202320005767,155.97835279511213
EK202310194290,127.62463820677397
EK202310115205,162.22238418408233
EK202310227698,124.1839910548569
EK202310120637,154.785396200838
EK202310143976,130.819862575688
EK202310246533,134.89389687999923
EK202310244741,134.3624059260309
EK202310163421,134.988244605504
EK202310169247,165.08396735340597
EK202310136860,139.388859176944
EK202310217749,137.0722416889669
EK202310128152,145.56668256912653
EK202310193309,158.82663928662168
EK202310243321,152.74705130251226
EK202310152737,131.536447132976
EK202310187887,156.86035561481273
EK202310150896,133.4889057400506
EK202310123219,150.351087292146
EK202310166345,120.45798283559586
EK202310163457,160.0366141919917
EK202310218300,160.93401183359626
EK202310177093,135.25541731307197
EK202310123434,140.3637136352483
EK202310226930,139.1685234603468
EK202310210088,165.80614835510048
EK202310190936,151.05565348910454
EK202310127583,133.2082372512633
EK202310185141,140.75393436009352
EK202310138333,143.44986038706975
EK202310143408,153.05484574354847
EK202310147317,139.18156480999497
EK202310127752,146.8437296526645
EK202310248048,149.36156339968494
EK202310109094,142.56588000937788
EK202310230897,132.39272651140374
EK202310229240,162.65620180781522
EK202310158776,137.42796730449356
EK202310178235,154.26128974960773
EK202310153456,116.85242273669934
EK202310125365,132.32818461853776
EK202310228431,138.3874423467592
EK202310177613,161.08700084978165
EK202310230016,149.27236669087233
EK202310124464,133.11895791638074
EK202310160084,150.22823919047894
EK202310230147,144.71940111898647
EK202310154253,148.2431950262555
EK202310180390,132.59720815857187
EK202310126260,137.5314350931393
EK202310110447,135.61510815301057
EK202310225162,147.41259212658133
EK202310127787,134.6729837404928
EK202310127024,129.29588929057826
EK202310123897,142.5779470214
EK202310191044,147.27928258417188
EK202310107279,144.9830905733599
EK202310222709,147.2035350642952
EK202310158190,131.7521657220245
EK202310226271,137.6709398342424
EK202310227119,141.2521395014544
EK202310180033,143.3235913488819
EK202310113831,131.6293574319475
EK202310127200,136.38596461979319
EK202310234951,143.468518032197
EK202310113479,130.30550613880663
EK202310207326,141.56910024754816
EK202310227319,153.4789839437884
EK202310230874,134.372367413865
EK202310139589,152.88414212845402
EK202310114753,159.75303045111497
EK202310121349,137.15022904427977
EK202310202957,151.63954733227078
EK202310159641,144.71531453901017
EK202310176020,144.75906099127798
EK202310163367,139.08648713145027
EK202310186524,137.9196429388412
EK202310221903,156.07640017690528
EK202310161048,152.00700636726174
EK202310187444,137.30351056816116
EK202310127440,138.6659422367752
EK202310218146,159.48135668202985
EK202310150639,171.57865394263996
EK202310233888,130.15487617094934
EK202310209197,155.4497686856064
EK202310143716,169.81298436078774
EK202310104198,136.26008016558802
EK202310154483,140.06588109902307
EK202310167981,151.32364785244553
EK202310180723,139.07493244911024
EK202310196829,132.8958839620418
EK202310115909,132.29706293399937
EK202310142747,164.64014550431472
EK202310168568,149.2487111358773
EK202310116790,127.82250656977308
EK202310246722,144.9572780839185
EK202310201508,149.29494537603762
EK202310184072,144.78375788646105
EK202310243865,121.11404048469859
EK202310210914,127.22475629733022
EK202310239276,143.96357588388835
EK202310215006,167.19261855291094
EK202310104899,139.47073646665783
EK202310123211,116.06281593681635
EK202310139857,146.21554637795273
EK202310229104,136.1363337708839
EK202310225758,155.93186107215465
EK202310154150,134.98390693868845
EK202310151559,161.44911066535704
EK202310121018,152.310395900561
EK202310139751,138.97038883228507
EK202310130814,154.0874983162901
EK202310226459,143.49380704490142
EK202310144732,130.15549833209022
EK202310159300,161.83776147165446
EK202310216298,144.83404847962078
EK202310108276,136.45516942565763
EK202310132846,143.74803241273116
EK202310146926,137.77392880198718
EK202310205179,140.6725372875545
EK202310172161,160.6744724302589
EK202310206115,153.89951462485482
EK202310197301,118.7746926299311
EK202310172771,138.13226311089812
EK202310109812,148.83158278025581
EK202310152808,131.62848067547634
EK202310121442,135.94933412200464
EK202310136433,139.7715379108028
EK202310242312,125.55390609635205
EK202310104384,144.90669854909024
EK202310199318,133.59007145336525
EK202310135620,145.52477952443485
EK202310153631,144.79462081682277
EK202310133022,124.2375831547469
EK202310112038,122.67189565340595
EK202310200944,149.98763522839442
EK202310209272,152.13688673134098
EK202310221651,132.90604465438904
EK202310147889,150.2979879530414
EK202310004590,124.60940005736285
EK202310196915,156.83933749713427
EK202310186595,141.76148516708042
EK202310104696,154.761155405164
EK202310144577,153.38178512676626
EK202310169285,117.45622429876443
EK202310184084,145.79254602272778
EK202310132378,143.31176276012542
EK202310246159,183.0395340049107
EK202310202358,116.7252631096751
EK202310159800,140.82629342696544
EK202310209349,146.3790758917492
EK202310200523,131.42778545298543
EK202310231409,137.4005487480132
EK202310125721,144.3973429209078
EK202310150276,147.2582128934806
EK202310197223,134.22118142567223
EK202310160408,151.65929239521898
EK202310213557,133.94480394605577
EK202310218382,150.292675708402
EK202310209694,155.96409147506887
EK202310211465,156.3409708424826
EK202310227036,147.1399504914592
EK202310168055,140.4635151118769
EK202310173868,139.26867497178318
EK202310235783,133.94387137938472
EK202310182758,140.55395065739458
EK202310202200,135.40276562841464
EK202310114988,139.99503293577692
EK202310176929,144.05189116236537
EK202310121237,143.7177002073694
EK202310152253,136.61687155718275
EK202310226416,153.05456812333256
EK202310140761,153.00569583928913
EK202310200743,144.23395702530536
EK202310165360,145.96933574854643
EK202310235685,153.0932940209075
EK202310238675,141.13221938490975
EK202310191990,150.59025484712006
EK202310149927,153.8739039364008
EK202310196613,153.22351585937247
EK202310138650,156.28861320795295
EK202310135837,141.37483541083253
EK202310004179,135.9171798304237
EK202310202844,139.1820831669327
EK202310156145,136.40658177064407
EK202310137772,128.96747793539808
EK202310139643,167.8184082259272
EK202310190140,149.42781172769833
EK202310182976,131.33044509199993
EK202310140267,141.26385910219992
EK202310149614,148.35033742415408
EK202310188618,143.66794472993703
EK202310153165,138.36369933842184
EK202310239729,155.6464807413152
EK202310104290,136.8628029544096
EK202310237254,157.91897682217555
EK202310127230,143.98636418915083
EK202310133287,144.3505181486779
EK202310196943,131.26684625964464
EK202310154405,142.16697321394116
EK202310235085,129.37586282325336
EK202310144062,148.38073157790512
EK202310185906,145.86448875513784
EK202310133676,160.35133319884022
EK202310196801,149.47093695058078
EK202310223356,145.41905510055466
EK202310174845,165.17360094547652
EK202310131724,133.1978635717935
EK202310227778,127.15090411476103
EK202310139935,144.38744781934582
EK202310109785,160.01356706158444
EK202310162467,146.36328074782793
EK202310190820,146.71296293015376
EK202310111438,138.19087096314752
EK202310202344,163.34417167226746
EK202310128622,157.7035219791055
EK202310239716,140.94577393744632
EK202310206350,168.51040506033968
EK202310137152,140.61286681143423
EK202310186456,159.60709223116245
EK202310247836,132.6664624050191
EK202310239485,143.33161895964955
EK202310192860,145.16836986731892
EK202310130413,144.7759332560308
EK202310193922,150.79258052581358
EK202310181806,143.1619966630656
EK202310121213,131.2604931567265
EK202320006017,165.63854138545182
EK202310123080,140.08531327173134
EK202310155988,142.66159865358213
EK202310126966,161.23971245872724
EK202310189745,141.07862648761798
EK202310203961,132.41528316411882
EK202310118179,142.32569760823822
EK202310109004,150.913355106003
EK202310003506,144.1024371915584
EK202310106808,132.07634387663086
EK202310242146,136.2115074728943
EK202310114687,146.65565855171758
EK202310139155,158.05581218141566
EK202310229903,125.14602375476579
EK202310170375,133.7779494299937
EK202310199839,149.55537458589657
EK202310112897,135.60601883239306
EK202310221448,151.39029612353124
EK202310191215,154.1711714148263
EK202310221051,143.15002766016107
EK202310221033,132.35699821505136
EK202310224111,133.14960676919873
EK202310217504,127.4398221231132
EK202310179120,151.01972746292273
EK202310106293,134.50703856369898
EK202310228948,126.49164498585536
EK202310192129,142.55076389179735
EK202310109160,142.32938276140916
EK202310170771,143.28672661077664
EK202310242806,138.05327061677852
EK202310175538,153.75762335199627
EK202310149012,158.4701292516732
EK202310104532,139.19084786787766
EK202310212068,142.66223965637025
EK202310123340,136.87230611161797
EK202310131077,152.66693509369267
EK202310148068,138.5254721145405
EK202310190251,137.9159725819979
EK202310174004,156.7300002173326
EK202310156599,135.90767605105736
EK202310153023,155.42686680553282
EK202310145554,152.84774265537817
EK202310160744,160.4889916659429
EK202310185195,131.95538036486656
EK202320006590,167.69411875266147
EK202310129886,146.47269164312925
EK202310124625,148.63285927874549
EK202310188309,145.84670578507738
EK202310142832,144.91274160851097
EK202310183119,158.8070380570658
EK202310105045,133.312720880846
EK202310170611,127.53339938196675
EK202310155999,150.10727919708768
EK202310230234,139.80034619476854
EK202310103794,149.4583729507054
EK202310241301,150.78589918528482
EK202310202926,162.12425009121682
EK202310247420,148.52914341889897
EK202310165584,165.30661563936823
EK202310179695,121.48268941819256
EK202310164314,154.2073117927132
EK202310155082,145.35097902615925
EK202310145770,150.42071369773186
EK202310247538,163.37851537592886
EK202310214111,163.61920165091396
EK202310181544,145.07525725619945
EK202310151024,126.39233101933064
EK202310229794,124.30021246731874
EK202310125839,147.617244187811
EK202310128797,137.11556382934893
EK202310147449,142.1240096421659
EK202310211288,116.25369065114444
EK202310165604,138.92352612851258
EK202310140481,150.29218094170375
EK202310154542,149.58184168292675
EK202310213091,127.49223671173576
EK202310248733,135.32671384766527
EK202310152930,166.94152330362218
EK202320006866,165.95218650804108
EK202310216477,110.30625019166003
EK202310181197,150.53740308102869
EK202310244809,149.2689971382554
EK202310111806,137.84635882490093
EK202310106490,154.67220651105256
EK202310145258,137.1499563001293
EK202310205168,144.01689244802034
EK202310157331,158.78980510348032
EK202310163882,137.2110582510546
EK202310129546,117.89565235926298
EK202310148414,131.0163714968829
EK202310224909,116.88335316567225
EK202310165479,131.39907513780392
EK202310170016,134.74266956185323
EK202310182759,144.57256530717123
EK202310111689,134.62495047420234
EK202310202711,145.77420016429772
EK202310201534,142.8697902220221
EK202310113940,141.3090953024025
EK202310114299,138.2181028656503
EK202310203251,150.74564458995235
EK202310143744,162.9448753046371
EK202310149498,168.25315973105074
EK202310217908,127.41486057441574
EK202310211929,118.90730700662456
EK202310149164,150.73029696687775
EK202310164565,139.65155239519038
EK202310210725,133.97687113144002
EK202310121120,146.78146475614653
EK202310216961,132.53282167177048
EK202310172951,142.57753508452367
EK202310230076,126.88605746742203
EK202310214365,149.68988443565172
EK202310120411,140.59107177252855
EK202310233763,149.06702616727074
EK202310189756,131.67867902071063
EK202310180908,144.80231962795614
EK202310163595,133.66188168927584
EK202310117226,143.04419137967056
EK202310133078,141.09087524722875
EK202310214364,142.32490289843008
EK202310216563,144.71863194241536
EK202310233460,135.40432615896287
EK202310145609,163.11982996236583
EK202310224257,132.12673296525887
EK202310192247,130.66119046797644
EK202310205631,136.3746692083403
EK202310231421,138.6316390278253
EK202310226086,129.3451340668792
EK202310237602,137.4357818019267
EK202310136602,126.00228134524797
EK202310122474,137.6437933771836
EK202310188932,158.0789935931824
EK202310138201,119.34468859210519
EK202310194378,168.5135451384408
EK202310214991,163.86498717524054
EK202310225525,141.89197653254837
EK202310134214,152.45803930860873
EK202310195862,143.40895136073095
EK202310159199,146.99224390992484
EK202310155737,142.56882590696137
EK202310170011,145.01957863680684
EK202310201630,139.62797529961998
EK202310226552,132.07167404953702
EK202310160002,127.6553505036046
EK202310151703,154.73898814113494
EK202310143816,126.93407042214756
EK202310232638,150.14114450729596
EK202310114002,146.722215949492
EK202310129927,154.42393829423074
EK202310203267,152.7913394002353
EK202310177954,141.1394678511619
EK202310153060,147.69098144902773
EK202310111529,145.15869603122673
EK202310137725,153.90416440227384
EK202310166343,153.82205402619417
EK202310186809,153.79735908359618
EK202310144953,140.74037585265646
EK202310122463,138.77345842906786
EK202310134204,150.12917920164452
EK202310150378,139.13536339718905
EK202310237288,148.63831568865118
EK202310248480,150.89396529111656
EK202310004124,144.9608456837324
EK202310003566,118.6188042008943
EK202310213203,134.7286332520691
EK202310124344,141.48371625183503
EK202310228408,174.6287300050001
EK202310232131,131.73663983392578
EK202310118742,149.84114081507934
EK202310134004,145.34116707843586
EK202310247397,153.86526708803
EK202310239190,122.36718511318729
EK202310246475,130.9970420116309
EK202310198578,154.01478101088057
EK202310215084,132.83011326196157
EK202310105260,144.025180111721
EK202310165433,152.12092999578107
EK202310140038,156.81360854897295
EK202310107453,137.69665326183514
EK202310221064,138.85208544838832
EK202310120243,142.4342503349651
EK202310184845,143.45259859582475
EK202310176066,148.48955707719276
EK202310227077,141.48454928727207
EK202310144370,139.80941151001127
EK202310162124,141.98752964675083
EK202310110699,151.27869650971184
EK202310153084,161.46183629415367
EK202310160786,146.73967356681743
EK202310242308,154.69997975672393
EK202310194163,134.30253624555584
EK202310105869,142.25158599308432
EK202310214672,146.40001040576738
EK202310145840,148.285008279268
EK202310178975,150.1398945881235
EK202310189351,162.6256663877321
EK202310180495,147.5935673787134
EK202310202435,136.92932380134386
EK202310111129,139.49466829685744
EK202310157646,146.53702788835525
EK202310227821,146.3912553288305
EK202310142018,121.54630601773289
EK202310176861,157.99357001823194
EK202310228822,138.77957365308765
EK202310142217,152.1351902759687
EK202310237859,144.94688495218614
EK202310146830,139.32265283573741
EK202310152183,152.32582792993617
EK202310179889,134.84619152760624
EK202310217535,155.50274110089742
EK202310111073,144.0910589588516
EK202310228103,145.936070193053
EK202310171811,152.2993065261583
EK202310224290,141.9196072213268
EK202310108057,141.37770910067556
EK202310240225,158.8145329344008
EK202310240301,148.15239471807234
EK202310126961,131.2670537277337
EK202310235847,142.848165781391
EK202310107011,143.16455360690168
EK202310185554,154.7817385421113
EK202310224213,132.13876847449131
EK202310132189,126.37878600700822
EK202310193327,155.2626775629369
EK202310230501,133.5440718021774
EK202310130145,169.82198513514888
EK202310188675,143.39537212338675
EK202310155036,132.69296151668865
EK202310177355,151.26425675342458
EK202310139948,132.91767447109615
EK202310119442,148.8508474829279
EK202310133620,129.98175224128218
EK202310202179,162.44713171864316
EK202310217546,140.56728341827798
EK202310182683,137.1859575083309
EK202310184843,142.60244617552152
EK202310108718,158.4210679960424
EK202310159849,153.62356900489027
EK202310004889,131.5200021550575
EK202320006575,169.31673886676472
EK202310209060,151.542324195917
EK202310104959,137.5175282259496
EK202310182681,134.88911273740186
EK202310145101,144.86469062531725
EK202310134497,140.37734201241176
EK202310120585,131.63986845224323
EK202310198684,152.49925361211888
EK202310109466,138.02318918200564
EK202310106981,132.0032613995936
EK202310004230,130.00938649674626
EK202310173364,122.36300168466482
EK202310164220,143.1534556341527
EK202310207890,132.75598720346824
EK202310134470,148.3214243712949
EK202310124056,143.330942576814
EK202310185859,142.5116320111348
EK202310160054,145.87709749061978
EK202310246219,159.60452884168305
EK202310196525,154.52866417021602
EK202310193933,144.88634146312424
EK202310144345,139.992455402177
EK202310004466,153.40123062196903
EK202310168682,153.41200829796176
EK202310231230,128.80692307295675
EK202310206143,127.03312761301467
EK202310120180,148.14687910623593
EK202310208027,136.81637551288898
EK202310211315,142.72606971477026
EK202310176576,133.70041932781137
EK202310174969,149.0104598778343
EK202310210179,135.42781288384944
EK202310217528,131.68023233222164
EK202310238600,132.4280654975441
EK202310236054,135.17320703545965
EK202310137936,141.25433774800464
EK202310222493,132.0852297006398
EK202310171713,136.570988989848
EK202310171703,129.152733459505
EK202310132101,162.9182368505638
EK202310136177,126.44022152181944
EK202310222204,151.2583033006951
EK202310198438,143.9348791980941
EK202310198847,142.69487744108926
EK202310212204,126.4178533841748
EK202310158611,147.5897834062779
EK202310214429,146.7076976076368
EK202310197505,130.63294863739807
EK202310155317,155.31173083373275
EK202310103873,138.86655126621682
EK202310203439,132.9722331879857
EK202310205578,159.4958947359612
EK202310114493,125.96509385152687
EK202310192330,131.9047055274468
EK202310150257,125.11088156851373
EK202310212345,136.63024919521524
EK202310166764,155.32574467888838
EK202310173381,124.55325149406696
EK202310129246,142.83044508534599
EK202310198977,164.14025353899518
EK202310111435,152.52781698467606
EK202310210569,150.18457037589187
EK202310216496,151.7086665035824
EK202310159176,135.04088590026151
EK202310205779,133.83194645152216
EK202310160097,158.95097190100705
EK202310144776,135.38185830072538
EK202310232327,144.31949577322123
EK202310177826,152.55155623945444
EK202310232783,139.22340032264137
EK202310247658,131.50373488511352
EK202310192257,140.27115850898917
EK202310105522,148.661015176269
EK202310110676,130.31672602647197
EK202310175277,131.61345553346757
EK202310222480,132.55302002076357
EK202310244692,142.36972985273383
EK202310238299,155.13135588953682
EK202310196847,148.3319232588458
EK202310219030,136.75672221953292
EK202310003531,129.39046307793853
EK202310216422,145.04282787655154
EK202310112977,154.12989563160522
EK202310184951,156.24499648131402
EK202310195157,152.79054294661768
EK202310107454,145.52018033570624
EK202310139967,119.56039855909573
EK202310150754,138.1836164317441
EK202310136822,132.71605441885487
EK202310219114,132.38943002837559
EK202310200603,173.98593653327939
EK202310141838,132.77304759044446
EK202310148763,152.3736289983181
EK202310234275,148.56236676028433
EK202310219816,148.9040783786581
EK202310105056,140.80867247213993
EK202310164743,146.7489206318837
EK202310132814,151.25547896910516
EK202310188510,146.68043049810288
EK202310190625,159.09648941696216
EK202310133363,138.4719664892969
EK202310164850,139.7192425037352
EK202310112766,130.30864829171446
EK202310242743,152.19441934341518
EK202310167944,152.18467831643326
EK202310174056,141.1029323717829
EK202310196467,138.89675420364426
EK202310112347,143.4027502425435
EK202310183616,154.53974104329944
EK202310169352,163.26138567298784
EK202310209027,148.59927339583467
EK202310223654,149.97536474864657
EK202310118853,146.4804710111679
EK202310161978,167.50121555196392
EK202310226345,141.4454595452676
EK202310229817,138.37221761320623
EK202310163424,119.04469333602393
EK202310230830,134.58278860151128
EK202310181485,151.3537566889475
EK202310173117,150.79953931042903
EK202310191342,143.5412970362633
EK202310205302,140.73426994576567
EK202310122843,139.67751790230218
EK202310201365,143.18033151752218
EK202310164039,133.10151855622684
EK202310176835,143.73680483489522
EK202310240788,127.4224079076746
EK202310112640,138.67178468519054
EK202310181638,130.59502887502524
EK202310233877,136.89852080935722
EK202310107169,126.8228089032434
EK202310178789,150.3037115927659
EK202310152645,134.62553182616304
EK202310139143,152.08582599194023
EK202310185606,115.56908288766694
EK202310236253,132.024456812041
EK202310188369,143.5707510077538
EK202310138500,159.5526767645954
EK202310231971,141.62750918396867
EK202310194339,144.33195938819807
EK202310175771,157.44857910813118
EK202310109100,177.28154591769348
EK202310196714,146.20099425629246
EK202310135780,136.80821753492285
EK202310177286,145.49219151018238
EK202310162248,141.4980844552131
EK202310113556,141.41166072460706
EK202310225632,152.9383273279519
EK202310247856,140.79375973402801
EK202310178852,136.4109198279456
EK202310163577,122.42898689572772
EK202310151357,126.62540766319385
EK202310111121,142.79737136504565
EK202310181600,151.12047180014295
EK202310194358,132.4356104491472
EK202310202153,166.37996692117883
EK202310105466,105.80524392154425
EK202310216384,131.50584946322772
EK202310153150,165.1607758492384
EK202310230780,146.56491829208267
EK202310248548,122.41788397119602
EK202310121252,139.87214419054519
EK202310201045,139.560742484633
EK202310208942,157.81671387900013
EK202310173243,138.23650539065957
EK202310183907,158.73727997302976
EK202310152258,137.68551353197142
EK202310151886,120.02717363599713
EK202310124883,132.4530249461224
EK202310206942,164.64496436450554
EK202310186343,139.11840098733842
EK202310199252,146.56082943224013
EK202310153785,142.94514985234952
EK202310119274,145.37532082097908
EK202310229019,128.24882118965513
EK202310003459,149.8880251065558
EK202310215837,136.7042231790123
EK202310104012,166.69377234511592
EK202310226825,152.4410525438461
EK202310112000,136.6675460058213
EK202310228139,118.57912354851277
EK202310195964,145.1431383539198
EK202310196447,136.47985647030666
EK202310133431,140.3657970728859
EK202310148207,139.65580386946587
EK202310208262,153.77100034164982
EK202310234548,132.6732966183751
EK202310110644,177.6066898364406
EK202310112284,156.30545238965962
EK202310185528,165.15237222254436
EK202310120181,132.4740884034903
EK202310155062,128.5253992601562
EK202310141339,137.94477228434803
EK202320007364,145.7068000711967
EK202310153420,125.79965040195434
EK202310168023,157.20667678219814
EK202310136980,164.31551680434148
EK202310109577,152.99257756622194
EK202310242836,152.28122848267802
EK202310245264,151.88959366832347
EK202310156259,140.60021443047626
EK202310190170,137.2741700200906
EK202310248085,123.75761618714422
EK202310236610,126.67141903093287
EK202310127984,131.06602062988028
EK202310151526,168.1676987180808
EK202310183833,131.26638491835828
EK202310181035,124.25046445045739
EK202310209277,126.63216925910005
EK202310208187,132.840147859677
EK202310113331,146.98387651140644
EK202310130050,149.56155007807646
EK202310210098,162.70146572699517
EK202310131769,136.94583496960848
EK202310182943,158.8522926281846
EK202310245900,135.36507120157248
EK202310112562,163.17354555634526
EK202310112368,146.76086028721295
EK202310153158,147.97169063191677
EK202310246187,161.18182843777086
EK202310158259,177.56623252844483
EK202310191908,162.15776880854366
EK202310229177,112.13233123256782
EK202310173976,113.75291347263632
EK202310235029,139.49341003495374
EK202310160651,152.26180049690933
EK202310104176,146.63548171479843
EK202310163031,149.6009658247433
EK202310189284,148.42001843632448
EK202310203767,122.85871763054465
EK202310153903,128.29875559118733
EK202310163959,136.52435555511101
EK202310175696,145.19230058627875
EK202310196551,151.43439920353416
EK202310130357,145.3039400159386
EK202310227070,160.17195987693898
EK202310223980,148.95134371180563
EK202320005716,156.99847386112623
EK202310191016,143.24105274164083
EK202310159308,175.2550782585763
EK202310157506,127.17990544460943
EK202310205339,136.56045411283154
EK202310173591,149.55724349997647
EK202310212415,134.97733920980139
EK202310152400,137.04963261929234
EK202310116809,146.48650413692755
EK202310223921,159.78584499351902
EK202310136881,125.49432862017365
EK202310197683,167.53686044902608
EK202310119242,140.56753632873185
EK202310156431,142.41498143098292
EK202310142993,160.65789844471226
EK202310190357,119.20682812093675
EK202310138818,159.592053767737
EK202310180708,136.39541791505656
EK202310171205,141.46004105870944
EK202310205536,140.0303557730549
EK202310178501,145.35359717391708
EK202310114516,146.6425122800918
EK202310217959,122.95673107542231
EK202310197130,121.65582668788664
EK202310175335,154.43208002764817
EK202310106557,148.05048420043732
EK202310228468,134.34037111641928
EK202310107166,131.06236692891804
EK202310187850,157.51658575194793
EK202310231655,132.97040393527723
EK202320005951,160.17240152320016
EK202310110395,129.2118625062496
EK202310229554,151.22581284815786
EK202310129150,143.79962720110265
EK202310245507,143.7566115236133
EK202310165967,141.41560271307134
EK202310139144,121.02155804860226
EK202310205378,137.78672214669385
EK202310118211,133.20185796948954
EK202310117975,137.9730410588682
EK202310246423,131.76127527547527
EK202310224264,132.7025334858826
EK202310157523,135.64586585803877
EK202310136806,144.04546983615282
EK202310209414,147.2725324802535
EK202310105657,145.07336734130098
EK202310227287,138.05777934545827
EK202310143495,151.4621959816339
EK202310104202,136.71756198906382
EK202310132179,155.7479245819417
EK202310192107,147.8205974938503
EK202310201701,156.94754145168042
EK202310204228,122.31491751658605
EK202310204465,168.38424532749508
EK202310220504,148.09742773259438
EK202310190283,135.81780719803052
EK202310220919,156.39896839842459
EK202310136224,145.71949990728174
EK202310229439,122.14098915879981
EK202310201973,132.6884909417936
EK202310233266,141.59621678853782
EK202310120402,144.61441879377284
EK202310203268,133.15849951517626
EK202310103759,149.11530385812358
EK202310206364,144.56383542366666
EK202310239486,135.83958410027108
EK202310167126,152.2455887443794
EK202310172738,129.9014167161924
EK202310225872,149.94727508493398
EK202310124187,138.41236813940446
EK202310230657,132.13157957988088
EK202310219193,122.43766849575871
EK202310169804,160.49607464493474
EK202310214791,140.81532431015734
EK202310130499,143.29791956699543
EK202310125258,139.4242042247412
EK202310217221,136.52583640748355
EK202310244345,153.30366038747223
EK202310130692,141.15469900141994
EK202310225290,156.92575221119785
EK202310202584,152.74547509179965
EK202310165777,132.82095914037916
EK202310173066,147.58914356774446
EK202310142994,154.56893780550513
EK202310146665,132.75668453732544
EK202310213439,128.02921255658205
EK202310239350,142.73984309954858
EK202310187146,171.63691245610988
EK202310141831,168.69858170058058
EK202310181405,151.82279982976223
EK202310218983,137.34057436357986
EK202310224271,158.8562494044027
EK202310141723,149.02150890497674
EK202310191900,152.03534089781516
EK202310179485,152.1596522736115
EK202310162868,149.52151969504737
EK202310182366,121.33815803647093
EK202310148108,127.95136550747574
EK202310160133,158.33383187303457
EK202310166838,156.57009328474453
EK202310209189,132.66548071224256
EK202310135477,158.31245559046803
EK202310136211,138.38293323223803
EK202310211907,160.78918000130818
EK202310204224,139.25254394088327
EK202310003420,114.29185742085934
EK202310111245,168.02123684887903
EK202310155528,121.88901671511869
EK202310116420,157.26320051395814
EK202310163647,139.4679252027166
EK202310004316,123.35735714605927
EK202310136565,152.69277521364393
EK202310242785,129.4698408910194
EK202310142669,148.7694436899166
EK202310113336,139.28707300054876
EK202310147196,139.43134479728678
EK202310198324,171.8992584574039
EK202310143104,157.43445389143832
EK202310112994,141.25719835023924
EK202310175359,161.77801677453272
EK202310185406,150.72388294767083
EK202310179778,144.74365492062577
EK202310112667,153.27150010498931
EK202310194252,130.44867375659123
EK202310147035,126.44333757449019
EK202310111219,155.64397695303367
EK202310214524,136.28844776752433
EK202310232716,145.8572752682697
EK202310105019,144.0062823950475
EK202310234559,134.8522288983524
EK202310173427,167.89174698111594
EK202310195378,145.42228620287318
EK202310134112,131.3777928613223
EK202310181301,125.57100994102227
EK202310214980,135.09555280449607
EK202310238261,141.68325606776497
EK202310130718,132.90905721402711
EK202310147373,126.8199290562999
EK202310168667,149.84284477578453
EK202310225226,162.02547617002784
EK202310118349,148.07475927934874
EK202310157718,151.88138177412674
EK202310187448,157.7008465994721
EK202310181860,144.0154617253409
EK202310236193,157.91371983304873
EK202310152103,149.5506864141457
EK202310136089,167.09972870841347
EK202310238835,144.4409162388617
EK202310142264,140.99777806404856
EK202310198539,151.62274332936175
EK202310190468,145.0021632451754
EK202320006389,147.85249129201028
EK202310148444,124.30932830619095
EK202310149959,150.44248772887855
EK202310228555,137.504702045015
EK202310105501,146.55279575529804
EK202310119203,140.41876310345262
EK202310232306,138.6491603759147
EK202310182557,141.5292451867279
EK202310213342,133.29588961913018
EK202310167646,164.59650633478594
EK202310195462,152.66591850149638
EK202310171718,133.5596778564575
EK202310150737,142.2200803633215
EK202310207739,155.70349430371303
EK202310121660,139.59813859927365
EK202310205678,134.4021577220005
EK202310242815,118.40277291492099
EK202310193926,131.08852299780767
EK202310169215,156.87264385200132
EK202310121914,121.72490375389148
EK202310146443,144.1927842110884
EK202310186043,145.24344236280444
EK202310242764,154.10082277859678
EK202310125734,128.1586875023048
EK202310188093,138.85510649853123
EK202310247744,153.25981943164444
EK202310183732,162.38189287250503
EK202310120950,140.06277597275547
EK202310160943,146.76195160984628
EK202310223077,132.67624794936205
EK202310113322,140.80781423645337
EK202310171016,158.38268697244655
EK202310118992,147.72046470228292
EK202310210813,113.47879971124925
EK202310119393,142.4574093406421
EK202310165072,152.18741587941068
EK202310130476,153.20058030124824
EK202310176158,131.33209279408075
EK202310235070,149.31387385668933
EK202310108800,131.8611877497417
EK202310213698,115.60431076328489
EK202310211960,133.6260975838771
EK202310115107,132.4903205163113
EK202310154887,157.97931124509793
EK202310125964,126.73138042877574
EK202310197631,154.09780159545937
EK202310152495,155.38136364823944
EK202310138965,153.75392236705756
EK202310229751,128.360072853149
EK202310243042,132.26668898028026
EK202310104932,140.64219605237957
EK202310196593,147.58392011194863
EK202310166871,129.36580265343923
EK202310148398,151.96933923792852
EK202310209486,127.64912981420103
EK202310136632,133.78190576118777
EK202310189646,163.4627849527064
EK202310225870,143.79545974538223
EK202310161755,138.28519464579654
EK202310228917,137.16519799749798
EK202310148074,142.97805430795412
EK202310127137,150.82892487979657
EK202310189248,129.10984486723908
EK202310125103,132.92113675384374
EK202310191210,140.0476857356657
EK202310218240,141.36184849914665
EK202310237275,121.59858466087019
EK202310162417,160.7861038737588
EK202320007302,154.23548718058805
EK202310198514,137.92037721390346
EK202310156654,166.97885678698992
EK202310171571,147.5966577260989
EK202310177305,149.04026772179333
EK202310246747,153.94319945906278
EK202310202758,176.30250607969
EK202310106134,116.85865482989026
EK202310004263,158.10611669697926
EK202310167253,134.73704036293492
EK202310154950,145.0217718429302
EK202310104343,142.31074052428554
EK202310162981,158.0499488288035
EK202310170399,137.18920498634202
EK202310157462,140.99152366261467
EK202310222137,142.06667687950755
EK202320007745,155.39744909496557
EK202310220891,124.25448674263009
EK202310197465,153.3253114640565
EK202310169484,140.0712683376856
EK202310206857,133.5374558111388
EK202310246430,132.5966977475327
EK202310116674,136.2799555822893
EK202310143852,152.22435104490077
EK202310181630,145.9867069088441
EK202310208946,150.00144285740413
EK202310108868,155.05528224940727
EK202310175588,150.01041730268568
EK202310159547,132.90603093411568
EK202310188294,152.21335044112124
EK202310180437,152.27498829160763
EK202310212936,136.90520006976095
EK202310130231,171.28469592954917
EK202310127231,155.90018455740295
EK202310189985,150.30778692630318
EK202310116510,148.23957801581875
EK202310207462,156.27037189823344
EK202310218692,151.4084587984291
EK202310227138,136.46724125578154
EK202310209607,143.85708583951353
EK202310119774,138.2608120717577
EK202310244607,147.37728637960862
EK202310113466,156.91577775022097
EK202310117710,125.62660777675626
EK202310175467,161.59423572731848
EK202310137952,152.30159809057542
EK202310235796,144.40991304519238
EK202310248336,139.57207495940605
EK202310185289,144.47369949558606
EK202310149146,144.63245215903189
EK202310129791,166.39165429711034
EK202310122547,144.696707032883
EK202310131673,153.32691751350077
EK202310218477,153.59089514781505
EK202310158788,160.59141050182194
EK202310243244,144.43907299605138
EK202310137064,146.91234398989673
EK202310178386,148.6690087752046
EK202310159003,145.81221868492915
EK202310127413,158.38901089575222
EK202310194146,138.50087160679814
EK202310232087,144.67815348479027
EK202310143601,152.45387074937668
EK202310127915,133.22921046548737
EK202310148535,138.66839612321994
EK202310127692,140.7763769223589
EK202310134785,144.16304437459593
EK202310196646,149.57325841242823
EK202310003600,122.77839621212104
EK202310246935,165.30230590082107
EK202310239761,137.42130613073797
EK202310216852,130.7976148911535
EK202310220984,132.49615129005736
EK202310144095,143.22053575038643
EK202310152597,159.17775055303957
EK202310168343,144.84651865592875
EK202310137883,131.6256774112895
EK202310193368,128.15631201342384
EK202310127993,154.7726184832236
EK202310141466,152.71748101199523
EK202310124906,143.91269238600557
EK202310121318,144.90484183150787
EK202310214552,157.13397008774092
EK202310242972,155.72601736486396
EK202310169356,166.77301602091558
EK202310141331,147.17150079988542
EK202310148511,170.6727992249073
EK202320006765,172.1763684466465
EK202310131274,129.53009754462778
EK202310126970,135.2105460941508
EK202310167321,150.54155800546621
EK202310215589,141.60472358754504
EK202320006107,153.7904311723105
EK202310147086,158.68501448185418
EK202310233859,148.69916488182034
EK202310141954,140.06188224859278
EK202310234852,128.1162746379342
EK202310136328,140.18135622403736
EK202310133047,121.2426466033551
EK202310136399,145.11813058651043
EK202310207760,132.55405576708765
EK202310139278,146.78306428852113
EK202310125356,127.15048942192286
EK202310146350,139.07472071256927
EK202310177090,135.09797330827746
EK202310138005,140.551792090622
EK202310137985,158.24263665221764
EK202320005567,160.09184913210532
EK202310197087,145.16323260704473
EK202310157990,147.19547835918894
EK202310176214,153.64089806448402
EK202310128811,133.91961087431912
EK202310120029,133.88836762417336
EK202310144471,138.696199789937
EK202310188230,135.26188135172578
EK202310154178,142.83507578188275
EK202310157814,146.4435849910026
EK202310130684,142.29749989514272
EK202310140639,132.4654436804887
EK202310233784,145.16740514369437
EK202310177044,137.82383629392527
EK202310204770,146.12001589153968
EK202310143193,126.43713944577914
EK202310229063,159.3879761941665
EK202310142428,152.63763049063246
EK202310142101,151.52171003506083
EK202310199185,137.26200094829844
EK202310122048,141.44448772791773
EK202310189594,168.29263200089446
EK202310105475,146.8851734935363
EK202310181985,150.58505241887502
EK202310111833,145.21487616034085
EK202310164318,126.07407488117954
EK202310170916,141.45215005761145
EK202310158358,159.90998351582562
EK202310106802,125.44761636097175
EK202310158510,143.92095972196972
EK202310212527,133.77624370875307
EK202310109926,142.72808036960734
EK202310114932,174.0034312550641
EK202310223038,128.36439046664336
EK202310193126,155.04469367917395
EK202310246777,142.95526076291074
EK202310189632,158.20740807550484
EK202310240945,135.6694159580752
EK202310239693,147.43984012744218
EK202310216494,137.12815104082003
EK202310183749,157.3990568092956
EK202310141275,136.05373189593956
EK202310131036,141.31319236034716
EK202310113828,150.71982400211223
EK202310207144,124.65670719605174
EK202310190451,137.73869424209144
EK202310229761,126.04275459594042
EK202320006392,159.22011204678003
EK202310227082,140.1051671897982
EK202310211827,133.48527896527318
EK202310235192,148.79703707919006
EK202310198132,153.71666678075826
EK202310189905,159.33586198002942
EK202310193570,149.0167083542673
EK202310137822,138.84808742032757
EK202310206557,145.95175111585854
EK202310127272,153.6224926532451
EK202310195399,139.6248523787229
EK202310116174,166.57360766929384
EK202310112198,149.74954298676457
EK202310163418,141.4771133568096
EK202310003339,143.23350233344107
EK202310145884,151.69198346689427
EK202310210819,131.1046699705222
EK202310188596,133.03119391131958
EK202310227740,125.68296973220185
EK202310171332,150.59018694019505
EK202310107268,138.45800599509502
EK202310232122,125.74421422451017
EK202310145739,161.20679901575363
EK202310240638,132.95981241910908
EK202310174884,166.54448579154052
EK202310213193,131.27804638662434
EK202310218429,141.3026562819357
EK202310225216,121.65856601393682
EK202310235813,141.79692334681653
EK202310223825,141.94561125115746
EK202310165260,152.45279366778635
EK202310136218,150.18773265914493
EK202310138301,150.2437315101289
EK202310217412,154.4072750027414
EK202310224143,146.63486338555407
EK202310155730,151.54086414055294
EK202310246010,128.2503481180898
EK202310111437,142.691235183717
EK202310162583,164.56256369108795
EK202310126440,135.95055550315163
EK202310104619,146.08220622981688
EK202310172843,143.69230759694238
EK202310147555,174.76547891934857
EK202310161054,156.30223924651193
EK202310209188,141.2816480549659
EK202310144583,134.96772806265554
EK202310113571,149.04908189158627
EK202310236906,141.30591921556464
EK202310236614,138.31946653153256
EK202310153224,160.53114740471625
EK202310139052,167.36007192375786
EK202310238192,133.5226192296608
EK202310233466,124.51766111487888
EK202310215038,152.76299078653335
EK202310179617,140.0149134777291
EK202310159717,139.90929281573415
EK202310152017,159.42179428099118
EK202310190439,134.35710451132854
EK202310193413,155.91468942801322
EK202310160170,173.83808502974136
EK202310123300,125.06019788559956
EK202310204445,139.11024264999003
EK202310214835,141.99563627390515
EK202310220520,136.4642650119187
EK202310003433,144.593786639039
EK202310159797,135.8475950604937
EK202310139535,158.6982162201195
EK202310118986,148.2671422960413
EK202310131290,128.22125426361924
EK202310145211,138.15284321531095
EK202310124121,133.82209048860227
EK202310164013,117.96790167121269
EK202310158539,154.07692569396826
EK202310157029,129.3544597664623
EK202310205071,154.63279692619807
EK202310237265,145.83390912991257
EK202310121334,163.02692421803053
EK202310169722,157.50273240598074
EK202310227972,143.41668457817596
EK202310148017,165.86714889228818
EK202310201744,152.90961249057042
EK202310178777,160.86164873393315
EK202310158599,141.33632759842766
EK202310223823,143.2107097817206
EK202310244269,151.44299420667625
EK202310145223,149.05974153122307
EK202310183001,144.53368488011083
EK202310144652,140.41633415517603
EK202310149925,154.8865958175498
EK202310232433,135.62599027964623
EK202310170505,135.26439878617043
EK202310213173,139.5027552480172
EK202310140978,149.50709972768706
EK202310003838,157.67845906843334
EK202310197038,141.63266470183987
EK202310144172,161.55879472590462
EK202310107554,160.33840675444546
EK202310145215,149.204516547125
EK202310178423,145.96146687228492
EK202310135509,162.29414511927064
EK202310114244,129.16356458180553
EK202310143184,137.96955691860697
EK202310141247,123.31465698924569
EK202310202303,144.03376850021928
EK202310111325,139.68608707929135
EK202310167906,150.42710575855946
EK202310105431,129.79191537135364
EK202320005905,167.29075567765634
EK202310127826,160.26421067238067
EK202310104035,140.04634301369367
EK202310213387,129.4005408394387
EK202310109955,132.8349795303085
EK202310218233,133.68692550538017
EK202310115271,127.16929190284796
EK202310206248,140.81645122224785
EK202310158573,163.46285593871607
EK202310183224,151.19545409596054
EK202310231210,132.2338688929076
EK202310118684,145.11035252796768
EK202310242985,134.28871544585036
EK202310136035,141.06630713564903
EK202310231734,143.09853762032506
EK202310145163,133.33738054512605
EK202310211871,127.58758881530406
EK202310151737,140.87348687437512
EK202310165550,183.0232122878606
EK202310214955,152.34999200006115
EK202310112312,132.772893197696
EK202310122742,155.21202978375177
EK202310202487,130.778914524294
EK202310233089,137.6371028738906
EK202310166257,148.520904352161
EK202310180021,150.1760634348063
EK202310149123,126.00725563893292
EK202310139242,151.43371929835843
EK202310140791,138.8880455025545
EK202310230828,140.6964801640085
EK202310242667,142.64672831543047
EK202310188077,153.21309135351297
EK202310184134,152.94919469935408
EK202310227767,157.09809613063587
EK202310206257,145.7386830469455
EK202310112535,151.29540845218847
EK202310142903,137.33945292417621
EK202310109645,140.6573962273454
EK202310153020,153.12503029322502
EK202310106726,136.93295753273117
EK202310223842,150.5483426763386
EK202310194598,155.0644545832567
EK202310148450,141.0174280528786
EK202310120806,134.75162110020864
EK202310209691,145.7137134797433
EK202310114213,150.37104211814417
EK202310152335,152.29891972843507
EK202310232377,134.3537378364956
EK202310150359,141.69496988002493
EK202310172745,122.24231778087697
EK202310201411,157.67890701204934
EK202310152893,160.0961114433712
EK202310155212,151.54493000274502
EK202310182742,139.82074519164013
EK202310183087,144.28346839302853
EK202310200379,145.0339320710799
EK202310173094,117.55067527722163
EK202310227985,150.53567961963216
EK202310238336,166.2060263360413
EK202310184224,146.90311972287958
EK202310232915,156.1063072506493
EK202310219151,146.44536833658742
EK202310213370,128.44234751452487
EK202310219745,141.67560926017208
EK202310138780,139.86042641230537
EK202310203481,153.09664674212794
EK202310174922,138.14981574467106
EK202310233758,132.48452435057692
EK202310153471,130.14765660492534
EK202310151891,160.49680581630713
EK202320005592,150.09419693865274
EK202310105631,136.19565196638348
EK202310176003,144.34788390493708
EK202310181211,134.53655923085302
EK202310144399,140.3332962607617
EK202310240649,125.97820880176175
EK202310145192,154.9369595118525
EK202310206829,146.58964895471615
EK202310110211,121.62425610340856
EK202310234760,135.4029786253607
EK202310114319,144.03229786710807
EK202310135966,139.24960092519834
EK202310183214,149.88037855791495
EK202310163942,171.36851457139835
EK202310219060,125.77219937402432
EK202310192350,140.47380258524137
EK202310130531,150.24770107310488
EK202310163172,132.2229588571055
EK202310240348,133.65349936120433
EK202310198945,154.93404945541997
EK202310004178,117.253805786215
EK202310199537,153.41210833558222
EK202310152430,141.17311680739212
EK202310200143,144.97281222966694
EK202310190524,157.7633730478238
EK202310116645,134.84131356875312
EK202310193204,147.65046573338773
EK202310148808,159.09284333502146
EK202310231781,135.9316621742612
EK202310129095,142.22951584372285
EK202310114613,146.68655481411895
EK202310190518,131.08463405100912
EK202310180509,148.51807123627557
EK202310220514,130.270793602757
EK202310225336,124.64924940252098
EK202310237750,152.20884973604637
EK202310182363,150.91651824024362
EK202310196291,158.36339809875508
EK202310161270,149.63759121356503
EK202310132154,116.47049448084144
EK202310181652,144.79781195681187
EK202310238306,146.365757954217
EK202310187861,135.2736487303571
EK202310196524,149.07003720478085
EK202310218151,144.13956510790584
EK202310176813,133.72686974656182
EK202310115338,147.25998981892815
EK202320007107,156.40150434466412
EK202310190744,155.4460057329174
EK202310242292,149.67498357843627
EK202310133848,138.1153226534166
EK202310173165,143.77478478926088
EK202310201969,124.6386914025242
EK202310194094,159.17485764349664
EK202310192787,141.4797067855312
EK202310107065,127.3911614335029
EK202310247670,163.03897714925273
EK202310200824,150.74283828205571
EK202310157197,140.06910306705683
EK202310192671,142.60211780766056
EK202310189959,170.6091329368171
EK202310242747,143.99579712984004
EK202310221418,132.5582600547982
EK202310178956,137.68043572172434
EK202310162978,153.01566443500496
EK202320006792,143.18162549797455
EK202310119199,135.79911539233905
EK202310229640,146.0705262416126
EK202310136912,145.9883665796552
EK202310193691,151.90583452242151
EK202310141736,133.66358062547485
EK202310159077,160.93181384575237
EK202310199320,133.7371811402256
EK202310205972,134.64096728544635
EK202310155578,140.0623776715421
EK202310115031,139.66897049095635
EK202310143815,141.26963782681767
EK202310133150,172.49868399530646
EK202310133982,135.42066682329244
EK202310216455,153.82820395417428
EK202310206390,145.50255499476455
EK202310204338,146.4761850109748
EK202310115162,138.57964130937705
EK202310117837,128.3725846996248
EK202310211582,135.94859435068784
EK202310119713,146.10349065767653
EK202310136154,132.28867286874032
EK202310222178,127.61739427578843
EK202310143261,135.07724217500743
EK202310122388,141.71751064966912
EK202310125099,138.90394681311233
EK202310172723,124.97077081882706
EK202310226850,146.1248151338883
EK202310111054,144.34940774396253
EK202310187762,141.84228555206892
EK202310213222,133.45382535439575
EK202310105201,163.40660708997575
EK202310173124,160.27150165907645
EK202310180253,138.74995159620286
EK202310248026,168.22220433558905
EK202310177052,132.779431844519
EK202310171106,158.8144346785832
EK202310136327,139.68499039916688
EK202310208120,132.29187373153434
EK202310004784,135.31461742445936
EK202310164690,147.18514539891513
EK202310214669,156.08705298315877
EK202310131706,157.67275932680556
EK202310104529,128.58821722380108
EK202310118248,152.19497598704987
EK202310137915,145.05472630179972
EK202310247207,156.60274594285215
EK202310185211,154.21498199656435
EK202310121850,133.51865512193822
EK202310128165,143.68639639219086
EK202310123063,133.1508065119378
EK202310219511,121.83746298442419
EK202310242037,150.5676913567425
EK202310180079,149.35757939909914
EK202310193224,158.681992506298
EK202310191500,127.83196453107348
EK202310116444,134.47872190544476
EK202310130285,146.3799025381592
EK202310108568,134.26169593833012
EK202310136319,136.19105574825167
EK202310224242,145.85056933007058
EK202310227382,130.1795542838184
EK202310202780,147.81039090489605
EK202310137223,146.32610479776736
EK202310230312,132.38935395431503
EK202310234557,141.25087791459777
EK202310189352,163.87694797214093
EK202310226383,138.87647280416073
EK202310141535,150.18104381945412
EK202310184208,131.9503456903463
EK202310230152,146.76242892516277
EK202310160390,150.38800434448626
EK202310122632,131.3698572947451
EK202310165838,143.948691319235
EK202310144483,167.17924323529363
EK202310108194,139.1921223383127
EK202310106793,138.72375260816187
EK202310120779,132.25096598593635
EK202310113163,142.60202559768072
EK202310115686,131.86249234310708
EK202310153049,141.99674673121862
EK202310177121,157.56137573880832
EK202310151267,153.42439127067192
EK202310214589,158.48810555905166
EK202310208963,156.6725696334221
EK202310154044,143.37348963014054
EK202310198051,146.65626719332374
EK202310105305,147.24519650065898
EK202310135168,143.47976515397974
EK202310200887,128.24702191286823
EK202310202015,141.45372579069834
EK202310211458,150.3941215828081
EK202310135559,150.65890869409094
EK202310135685,149.57754530140826
EK202310164450,130.92571945904007
EK202310195626,149.30709192155655
EK202310238957,136.2581837334468
EK202310131647,144.86018905863025
EK202310150387,151.59943525540507
EK202310121479,128.76644529825387
EK202310236900,145.59619577093815
EK202310159488,140.56409900382218
EK202310191125,144.27197113218122
EK202310132284,147.78565032841325
EK202310205918,129.68895929526133
EK202310192730,159.37179759930973
EK202310123751,150.11587986495135
EK202310157723,157.33164441670414
EK202310166159,158.0891036206118
EK202310217657,129.3905913713085
EK202310139130,165.7074904916421
EK202310176465,138.50556636315252
EK202310135907,142.6685176077508
EK202310142364,135.482920773232
EK202310106377,138.0865576661832
EK202310246049,128.71297820638753
EK202310213693,134.47681609912433
EK202310164186,149.08183817300255
EK202310160898,155.03051142388483
EK202310217495,173.67086560335997
EK202310170927,124.31216459918659
EK202310164087,116.7485517577428
EK202310202710,134.58535952048788
EK202310161660,147.64387489624949
EK202310118714,141.72644297489546
EK202310208776,159.0543228208531
EK202310192073,146.1395819844143
EK202310149834,125.34768594009579
EK202310115300,150.55521784323827
EK202310137234,141.85318157203403
EK202310167336,149.20483620364533
EK202310130940,150.6831523406041
EK202310108363,145.19124115557474
EK202310240062,154.1550730770365
EK202310143711,155.29245491636604
EK202310126099,133.06351890696757
EK202310111701,156.65237180783367
EK202310109430,140.16478559107895
EK202310229241,132.3456273037526
EK202310224916,136.99254743204972
EK202310198104,139.64429107575899
EK202310146821,147.77249488112767
EK202310149423,165.59219469032297
EK202310189461,160.28199823764655
EK202310113093,142.12181081379424
EK202310203899,163.9286556495257
EK202310222972,131.83698281635816
EK202310122045,149.38521199051425
EK202310197655,172.20631342600478
EK202310207370,157.12664885773606
EK202310126718,135.836232617915
EK202310239768,142.4093299326726
EK202310154953,147.7812283223763
EK202310104866,142.18022678215544
EK202310213299,136.64818446998277
EK202310152880,172.1977229224305
EK202310210510,132.4867862906157
EK202310003355,133.48797864360006
EK202310138578,149.49747334489487
EK202310221979,126.74907831575914
EK202310136372,139.21915352994378
EK202310240726,135.82724815759974
EK202310199316,154.2550328325029
EK202310180477,153.13883970933625
EK202310222146,120.53312743984038
EK202310195135,152.22810743722968
EK202310225124,129.33258836507122
EK202310197588,165.55696525573737
EK202310164715,152.52104194511313
EK202310224547,157.8685025696421
EK202310195634,162.494040938623
EK202310233272,130.86610906392298
EK202310133354,139.4020321017454
EK202310155274,146.77028216711395
EK202310187381,152.00300463751265
EK202310181622,135.34673899752894
EK202310180891,137.8200795055543
EK202310208781,156.94012726241107
EK202310138532,116.85104581225454
EK202310158039,146.35504249872204
EK202310234759,130.57019789642231
EK202310172371,139.67947691387732
EK202310004492,140.11964149816163
EK202310167403,155.34944282902413
EK202310224663,134.6915412968701
EK202310125319,139.86269095511759
EK202310148708,166.8267511259482
EK202310199777,156.818877424863
EK202310121002,151.47177759285984
EK202310223457,115.21371056582856
EK202310241156,154.3571132844276
EK202310242414,143.07095255357441
EK202310233868,141.37784299464738
EK202310218542,134.24939916972411
EK202310181849,170.28262931279414
EK202310199972,136.0393047565451
EK202310219891,123.37299447868205
EK202310198598,154.86652209473846
EK202310192601,132.9202662052885
EK202310192902,139.9496581610518
EK202310186540,145.7243835576518
EK202310135637,147.9179710584471
EK202310224182,172.04270668543367
EK202310245468,155.59852509476957
EK202310187476,135.78109668729533
EK202310004176,144.8778943988547
EK202310173306,139.5235376535321
EK202310174815,132.31275430021282
EK202310003528,134.28903555873728
EK202310106869,133.059546353966
EK202310114334,132.53637516523654
EK202310128865,135.64463564845195
EK202310162698,145.47632427320323
EK202310246100,140.5681574153387
EK202310183029,139.15912089217
EK202310138016,130.5251487523788
EK202310003652,124.75686080064682
EK202310206206,125.7027486696526
EK202310152370,152.1377313557521
EK202310168292,149.21673592496106
EK202310198068,126.82603572922353
EK202310138206,133.85977359676048
EK202310199965,143.5660597150093
EK202310108649,152.11349593323163
EK202310120575,123.30420843366392
EK202310124777,136.6941341044537
EK202310165021,139.9471243299181
EK202310183112,147.77300562711324
EK202310105459,124.25227138525645
EK202310134757,138.88015354349184
EK202310103956,120.25304755640235
EK202310222980,154.7637034691658
EK202310199522,156.74448713744795
EK202310224732,135.82644939220492
EK202310192783,146.75069731866753
EK202310194812,164.16578921789227
EK202310236020,129.13759525017556
EK202310108411,144.43374366395457
EK202310106942,149.20388216306753
EK202310110399,140.13258077804645
EK202310203809,125.84686387908991
EK202310126385,137.40657992685476
EK202310130826,144.96722205925215
EK202310143699,161.9419302491758
EK202310115466,141.47586131618442
EK202310201041,141.97883000396777
EK202310210566,158.74625756463703
EK202310142263,147.922443303085
EK202310226772,133.0661141734849
EK202310174000,139.3853001017372
EK202310134341,160.27101664662393
EK202310213426,125.71367997259851
EK202310135863,153.56974505514998
EK202310135242,166.6290695596691
EK202310146997,139.0164502413603
EK202310243667,159.29320713101174
EK202310229674,138.42253046005303
EK202310130805,124.76554702995193
EK202310220574,126.216293926349
EK202310164649,145.4496997660155
EK202310134408,119.74308824448246
EK202310003474,125.985394261998
EK202310118263,133.19526791609707
EK202310161867,154.7555811112126
EK202310181365,146.1611448822527
EK202310154801,159.23893415214275
EK202310219520,143.2184095799813
EK202310200310,146.39147620778036
EK202310207883,154.910071610408
EK202310146716,132.27252732276366
EK202310123679,134.3022137019177
EK202310240065,166.24763171973353
EK202310185668,145.09237536592738
EK202310182482,164.53005264633808
EK202310112781,145.57373612023991
EK202310105135,160.71055141354236
EK202310164531,139.3415676288542
EK202310150078,160.71696784110583
EK202310223094,177.35553841997535
EK202310247424,167.0544463469817
EK202310186061,125.27604299664979
EK202310173560,127.3503421359971
EK202310190249,154.53650358443784
EK202310160821,130.8735433854138
EK202310188946,136.81227930992588
EK202310149161,147.0653964695043
EK202310122403,139.37501544430486
EK202310195995,154.5619293766379
EK202310176442,120.7711151550363
EK202310146105,157.20271351461997
EK202310212801,153.395576221233
EK202310227700,141.29241403016246
EK202310180756,142.06665479657892
EK202310140861,142.0722212324943
EK202310207186,153.5598828156862
EK202310225979,131.55700953451924
EK202310171463,143.79761132072912
EK202310123630,142.58340289203065
EK202310184360,140.80983983112682
EK202310176661,146.998249211378
EK202310118436,137.26923047031383
EK202310106839,122.44694289106414
EK202310205589,139.71987704603663
EK202310224665,117.04430789436786
EK202310191707,135.6457814252118
EK202310108998,142.96988912056474
EK202310168084,135.85501664877768
EK202310222339,155.55477626124502
EK202310129697,136.99377033461698
EK202310170459,131.93101214907355
EK202310170867,144.16794276264145
EK202310004814,144.25588290875712
EK202310139330,134.2467734409792
EK202310243947,141.87988363573132
EK202310158812,154.43211739611164
EK202310246467,136.7102458957844
EK202310139605,144.9356205429657
EK202310204546,156.35393954412143
EK202310247739,158.94625413325429
EK202310163645,148.60047115782467
EK202310213374,135.52758238876928
EK202320006854,172.20845009058004
EK202310003821,135.85275932594723
EK202310154988,141.93197335400276
EK202310141484,149.5875254026279
EK202310166793,140.495502017828
EK202310216066,135.47042223579922
EK202310209262,141.23637562237946
EK202310216292,139.78719099116236
EK202310134069,123.10102764268822
EK202310177735,153.84342208047113
EK202310213634,152.9862993491314
EK202310162478,151.96028158898682
EK202310232091,131.77491264131788
EK202310138848,157.97313267995654
EK202310233671,140.420852445128
EK202310142473,153.1542431349084
EK202310159684,163.2607457223449
EK202310180111,155.03209120982999
EK202310229192,156.19817794765066
EK202310119588,147.05177101166026
EK202310238495,138.2098378677607
EK202310209893,127.78354466219314
EK202310234545,139.04068608649797
EK202310174703,142.18974587649788
EK202310171373,138.46222239560893
EK202310150301,153.0033439199302
EK202310198468,126.46401051590712
EK202310142834,130.90743099365199
EK202310123180,141.27223659365197
EK202310205955,134.63122458627598
EK202310227181,144.9542474751241
EK202310147163,144.51027249713255
EK202310196863,150.3203650466061
EK202310107077,123.38042576991633
EK202310224123,133.41096878722107
EK202310178723,123.83079947470627
EK202310188726,151.55563511696235
EK202310145842,153.5725967915405
EK202310126848,153.72351950779338
EK202310149653,162.38576523110902
EK202310210321,128.63773455480876
EK202310138754,149.10924878970005
EK202310190404,154.1507722277427
EK202310142661,120.86414672838629
EK202310163611,157.72634333314403
EK202310192118,153.140011955192
EK202310209339,134.91452615798127
EK202310211087,137.24442327158636
EK202310200565,162.25343488293072
EK202310162171,128.06278726868723
EK202310239766,129.2911974354496
EK202310242115,149.19317326500035
EK202310206840,140.83857926093438
EK202310186840,131.01129521654494
EK202310122626,146.47876333419512
EK202310247532,149.7853533279448
EK202310248321,133.3542509145082
EK202310137335,150.35922747454055
EK202310164720,132.54321110569197
EK202310164776,143.37171974779184
EK202310172694,137.48076106508398
EK202310115208,140.3920752088315
EK202310140400,137.63341989437328
EK202310217155,161.59723999001693
EK202310220114,164.19748280822685
EK202310145630,146.43033934379866
EK202310246549,146.81838988844422
EK202310204696,145.00455143047984
EK202310225296,131.9938436534304
EK202310195107,156.22233196269266
EK202320006795,171.21836954970107
EK202310108157,139.68765186120376
EK202310121697,144.80233420084377
EK202310106708,141.24324155561965
EK202310181363,129.1355661175106
EK202310106364,129.7972629793141
EK202310180893,135.13333641560197
EK202310183016,137.60115265933584
EK202310004166,133.51486235732577
EK202310199838,144.8685865727283
EK202310148423,140.45278428811812
EK202310181024,149.23730420210381
EK202310114930,131.22003224507952
EK202310128476,164.68528502160163
EK202310169523,131.76372261514447
EK202310168371,168.6204995085285
EK202310195418,155.60326398110527
EK202310176857,126.64125545870468
EK202310111775,146.0325826023874
EK202310153448,135.57271410213428
EK202310141648,150.86598812218207
EK202320005982,150.84616199149536
EK202310003582,135.92750494910197
EK202310222503,133.55528339380794
EK202310202091,153.23194348173908
EK202310115161,162.95956235394874
EK202320007144,156.97064291443053
EK202310120067,148.45669523580997
EK202310156517,138.90652919038277
EK202310248466,131.37358762167517
EK202310183536,156.7175825020509
EK202310237952,152.29041671807545
EK202310205472,153.82802431228646
EK202310170132,144.7923653397712
EK202310132623,119.34156004424176
EK202310227130,140.08695699212336
EK202310131693,159.58838474192507
EK202310212847,159.53509579056055
EK202310192454,144.75545354907
EK202310151379,167.81641454341974
EK202310166887,141.94393879944892
EK202310151838,139.0301798088592
EK202310218637,135.3951266262561
EK202320006368,156.63295870331967
EK202310110191,127.8198174647674
EK202310123397,138.16932818672367
EK202310183798,152.82486704727404
EK202310142570,142.37254333161758
EK202310123542,135.29129421535373
EK202310189606,168.4476550785975
EK202310239154,154.30691125174872
EK202310218250,129.85778164282118
EK202310222212,155.7781558405117
EK202310213689,133.25783298431486
EK202310108905,148.58554820981539
EK202310201539,141.24278732942574
EK202310241773,130.85022028756998
EK202310136938,146.50977105014167
EK202310223539,138.37876820618
EK202310175290,137.48848649548353
EK202310167269,130.4798692600405
EK202310136276,138.23571505447995
EK202310241802,130.52075255281966
EK202310159213,148.5499156324903
EK202310163058,142.8264114651156
EK202310204661,147.04519383594382
EK202310165933,159.73727170281353
EK202310123794,147.41496569662561
EK202310191803,121.1757529137663
EK202310158551,164.4774227884582
EK202310146637,136.04279465920558
EK202310214984,141.06307099903617
EK202310191267,131.98808771069255
EK202320005702,167.8854752261277
EK202310112412,142.08607682467175
EK202310246169,155.65690222134725
EK202310173215,158.77686989782535
EK202310233468,138.28151273540567
EK202310197783,166.88637004759545
EK202310151122,127.38926374058286
EK202310248270,128.54336728114438
EK202310238332,121.37384848298191
EK202310194686,139.87417662089797
EK202310205802,135.86979208119544
EK202310205367,134.9328758071399
EK202310119704,140.98211612942933
EK202310149724,139.04027739589276
EK202320007846,165.0252605182026
EK202310108803,140.54443818077465
EK202310004799,140.45215014637904
EK202310198015,170.43140512167136
EK202310179913,135.54986141283754
EK202310180275,149.6796899088359
EK202310201100,156.49989800427252
EK202310203139,157.14211303817316
EK202310175999,154.85124303884217
EK202310205556,155.43704734115443
EK202310215029,158.06000759215507
EK202310246170,151.1858933564449
EK202310169135,145.54480719011625
EK202310132991,128.0405360602119
EK202310122441,150.7561084568892
EK202310004600,149.53269346801446
EK202310158154,167.6798559966753
EK202320006789,145.17421291238912
EK202310235205,153.10400833152627
EK202310241817,154.04574312450958
EK202310108496,154.6976508436342
EK202310159875,134.5761512052177
EK202310214914,139.72308524308085
EK202310145239,154.17723994450608
EK202310133595,163.53525982157385
EK202310144564,149.0141106054288
EK202310003645,152.85051616188514
EK202310152554,152.96564825759384
EK202310234203,138.859263693064
EK202310119736,146.57162073691597
EK202310111683,147.4147923676995
EK202310171365,152.66481728107675
EK202310145469,137.70334671289166
EK202310104013,147.52410580726817
EK202310162563,170.9713005556557
EK202310234855,118.85275667345839
EK202310165574,176.96421482574596
EK202310128252,128.63285476190478
EK202310230398,137.2569907412664
EK202310197359,172.69409449002
EK202310184700,137.90258870856883
EK202310139238,144.03020763437192
EK202310189435,154.7551404873981
EK202310229589,122.70533618147601
EK202310238308,136.6521278719599
EK202310119072,137.3972239398218
EK202310106928,135.61961521103854
EK202310248344,149.21624651172095
EK202310171179,166.2148856159
EK202310247349,151.2551146920941
EK202310246070,132.6005557252619
EK202310003686,130.61451365007883
EK202310113178,136.41607786594147
EK202310228096,152.80319538443067
EK202310186013,117.5248976296657
EK202310106951,144.96116930423162
EK202310177362,159.562430889963
EK202310158884,149.22597601677884
EK202310138608,147.53060196909476
EK202310143128,164.4382997350881
EK202310247561,136.72261544595725
EK202310204978,135.63044418443727
EK202310105695,131.95081094962984
EK202310108077,125.54325457280959
EK202310222072,120.04773893388835
EK202310140241,135.03206175206174
EK202310175319,154.96334816224444
EK202310122035,140.080842723483
EK202310106538,144.9630551154858
EK202310178197,145.85885018918228
EK202310169222,137.73603548536514
EK202310216866,146.67070467258176
EK202310189689,154.0170678942665
EK202310228733,119.62222611235853
EK202310201271,139.67873254611428
EK202310119633,138.690351349126
EK202310138720,124.73294752471932
EK202310108018,137.81490962082492
EK202310222345,129.71311254501785
EK202310210971,142.75569862438604
EK202310239519,136.31097442777568
EK202310111361,142.6789354853749
EK202310115072,139.76468847195054
EK202310152934,170.57883223241245
EK202310201912,161.07241782070287
EK202310213140,141.5053992820001
EK202310123466,145.9988992346704
EK202310212463,142.28248905614265
EK202310237675,160.81626125452604
EK202310161926,151.87627079644352
EK202310145150,142.74073068915865
EK202310185746,138.6915962386064
EK202310177566,144.01666458118277
EK202310244477,137.5677255700173
EK202310206745,154.60871936251516
EK202310174696,137.9583531817871
EK202310218448,128.87681166088385
EK202310131105,151.59791875967787
EK202310202457,125.72288009970185
EK202310107914,137.8026015845494
EK202310177630,128.81453435856847
EK202310167548,141.92086692546042
EK202310153531,126.42830015042266
EK202310119481,156.85750153216753
EK202310233113,127.78068014352564
EK202310200729,153.54846752233783
EK202310107842,159.10774077083576
EK202310145572,163.95729370913713
EK202310141270,132.56674987211298
EK202310180294,143.67486329568993
EK202310211781,139.17836535757823
EK202310130166,150.99338002559014
EK202310168426,152.75020446471297
EK202310238553,140.90162522591248
EK202310216542,158.3990904996731
EK202310188002,149.53971860253293
EK202310210328,136.16735108736523
EK202310125237,127.74250378679096
EK202310248501,123.40345837134964
EK202310178221,149.05733088202493
EK202310108029,146.91797828132212
EK202310111887,151.3896674588425
EK202310185328,142.07835893042187
EK202310104024,155.9053195977663
EK202310136271,131.44843321664774
EK202310204759,159.22782573028863
EK202310223434,136.19379963962263
EK202310195383,150.76741045842306
EK202310140709,135.0331726212906
EK202310195890,152.26396991352053
EK202310208311,153.84354474745314
EK202310154808,128.2215672424972
EK202310125908,128.46634251990199
EK202310128381,128.59425600995422
EK202310126417,139.76737149768323
EK202310155257,135.31708626137345
EK202310180115,152.42184799673748
EK202310134943,146.2631377911124
EK202310146571,131.14080641984134
EK202310151982,156.2262559706257
EK202310185006,140.4511654312661
EK202310141525,139.17196292235735
EK202310122362,161.67139881394928
EK202310131463,136.85781655911964
EK202310112675,133.26787871117043
EK202310214395,157.73373502086116
EK202310117362,136.12153386236506
EK202310195147,151.92797782068143
EK202310221205,125.85611209828205
EK202310108309,149.4035236155749
EK202310117176,140.4700034150082
EK202310197367,171.4083569411977
EK202310167645,156.58359189269868
EK202310216871,149.66236833517115
EK202310246466,134.52914798524577
EK202310174197,132.16053523476722
EK202310133708,163.7741993656393
EK202310214726,153.64169759331932
EK202310235715,142.8847241919002
EK202310144146,143.9995677946583
EK202310232336,130.69476248505896
EK202310126787,143.21218792244662
EK202310147504,134.2734074584053
EK202310205381,129.5073431916963
EK202310121997,144.97044922372365
EK202310212329,141.25615777814585
EK202310112068,162.51995124590468
EK202310136784,128.29561332796104
EK202310120002,132.4297125178927
EK202310226231,142.44775426928922
EK202310167029,154.89038849580382
EK202310232991,145.0489570942247
EK202310141646,140.51803538772896
EK202310217163,153.13313197553953
EK202310147198,147.97190140495502
EK202310228365,140.4353129059856
EK202310194716,137.93803608217024
EK202310199844,133.0581654422902
EK202310168777,133.52931371244307
EK202310192183,143.12198329808544
EK202310109241,151.8028966082454
EK202310222596,140.18678308222252
EK202310126978,130.93912005702333
EK202310152604,132.70810157217537
EK202310122324,128.08112535230237
EK202310112196,137.69025038957997
EK202310145565,159.40769508406765
EK202310207537,146.57668863057017
EK202310198691,177.06148658934097
EK202310193152,160.4266676532435
EK202310131752,147.12226482819588
EK202310201904,165.48720473430245
EK202310244465,137.96871322151796
EK202310233714,155.6053627218862
EK202310153449,128.24781151389078
EK202310217520,134.15009329347552
EK202310113415,133.24747325479316
EK202310172532,147.3391308648557
EK202310211969,136.81145678208813
EK202310199232,145.84470114384675
EK202310218608,135.16105197510848
EK202310122448,126.61043816622686
EK202310184841,141.64549269651147
EK202310130240,167.27100220720413
EK202310210575,126.77047637445534
EK202310175143,140.24164125114328
EK202310121434,140.55102953702612
EK202310172273,133.37914240150445
EK202310175483,151.25212289965907
EK202310197679,140.93322034598322
EK202310155037,119.11841664969475
EK202310171911,153.81661281289553
EK202310191161,119.96164157351429
EK202310244157,146.15110514888616
EK202310189824,147.41029715993056
EK202310149560,140.33238490571728
EK202310179284,127.64223237110039
EK202310203064,152.1141698398579
EK202310185974,147.73606823320668
EK202310225562,144.3212145997926
EK202310153740,146.93829795831957
EK202310225206,139.29374791121145
EK202310193780,127.33068169356154
EK202310198553,141.79299052319752
EK202310174477,160.0421237875337
EK202310200421,134.24947453502574
EK202310119138,150.00618256663475
EK202320005816,157.29619687637364
EK202310175740,138.2880331598989
EK202310116505,140.49957090734847
EK202310198911,142.88203224960156
EK202310127697,148.41518645690883
EK202310212650,152.3279607326717
EK202310150100,108.79335691890543
EK202310167937,156.64774245536253
EK202310221941,125.50045534503332
EK202310117495,134.58938253339102
EK202310143529,152.86408447753595
EK202310166968,144.02549246232545
EK202310129968,161.77063629856042
EK202310194131,137.44830920161422
EK202310186960,161.07420568725394
EK202310128028,154.26342102989025
EK202310105027,156.09548887487523
EK202310222774,122.43462421866545
EK202310244918,123.29931763300858
EK202310210086,161.0616407601452
EK202310179813,129.81018203191087
EK202310187059,164.26019030399465
EK202310195516,131.5846440171142
EK202310132170,123.19193282877312
EK202310183880,158.4494948051749
EK202310248278,135.64403264294816
EK202310221792,127.92168224988185
EK202310166778,155.9886480401525
EK202310148365,140.67020785163646
EK202310205442,131.3829657711227
EK202310201815,148.78353108435647
EK202310201915,156.94407207443808
EK202310183293,164.85653683295197
EK202310104337,156.54347061535393
EK202310120714,130.5511575327621
EK202310132745,146.80786248358473
EK202310241556,140.3306897402658
EK202310145559,158.74913783769813
EK202310140527,141.23596401368684
EK202310105180,136.38987244948635
EK202310115505,133.1792903336996
EK202310232969,148.6593883715797
EK202310168606,114.26162163242931
EK202310117990,139.88929712525413
EK202310143898,136.28122372045755
EK202310111999,146.68324330901842
EK202310133045,136.77101277140008
EK202310142041,139.14105005205826
EK202310216099,135.9568282081799
EK202310138895,149.06487686472195
EK202310147820,155.39878652281132
EK202310113918,133.93309105679612
EK202310226640,127.72450063333898
EK202310169991,160.71255318102263
EK202310195941,149.36112489174954
EK202310213195,133.51265916150618
EK202310161969,154.46918380982535
EK202310208345,148.71147576495346
EK202310180754,154.2896916781134
EK202310110267,133.95142175933788
EK202310194583,158.27976933086723
EK202320007655,158.61136832682143
EK202310142157,135.43232699685993
EK202310112664,134.55967227475304
EK202310136957,167.16638093801976
EK202310215766,134.87734354156981
EK202310167175,144.0500180087028
EK202310004831,139.4181683277936
EK202310159889,159.9452871755548
EK202310125472,140.7426069492846
EK202310166020,130.9340001970703
EK202310240418,137.63431461515566
EK202310156003,148.7962363429357
EK202310188199,138.23481600687134
EK202310213973,150.36630805535097
EK202310233649,141.35610431839953
EK202310124811,127.27484467599173
EK202310216543,144.5913315697796
EK202310121207,126.43056488948227
EK202310132104,138.5742420818006
EK202310138805,159.44687024401398
EK202310234030,129.13446391162364
EK202310172808,131.1643590371096
EK202310122536,145.55599287009585
EK202310189381,137.0696945132311
EK202310242706,155.6241102242259
EK202310239058,130.81826458397316
EK202310192990,141.189544731752
EK202310202471,149.81943869019423
EK202310222312,153.07321805092337
EK202310202945,154.27819560651932
EK202310199092,147.09214990650955
EK202310128375,155.55771870933327
EK202310107473,130.60204735496345
EK202310170279,147.42171753498866
EK202310149133,141.98364315806106
EK202310199648,169.2785316088382
EK202320006719,159.06367409591553
EK202310234669,142.4918137028921
EK202310149973,156.05778083107583
EK202310154407,137.22266334485494
EK202310192562,155.28957044981095
EK202310158354,142.07170147797822
EK202310202377,131.83109850666227
EK202310225193,134.7530143861095
EK202310117896,146.49584057959424
EK202310122973,144.2038551791125
EK202310163485,144.12206942648942
EK202310146561,123.13779701890579
EK202310248571,141.57758246669306
EK202310145328,158.74973680138058
EK202310229897,139.01343320814112
EK202310225899,133.22210877351375
EK202310154673,148.5457082007857
EK202310242080,134.7092633598026
EK202310234618,135.21046680362167
EK202310229514,141.15915899846627
EK202310199205,148.82881149843848
EK202310189908,161.0842490428247
EK202310227654,151.7681363610555
EK202310108175,122.24196089713541
EK202310165456,125.58459919099525
EK202310204739,140.03732232277255
EK202310124368,145.014627257885
EK202310221567,137.42543076005592
EK202310111364,128.54689327122423
EK202310166449,137.7793007470943
EK202310104016,152.04679051409235
EK202310109663,142.00192578686935
EK202310233976,143.77522247609429
EK202310116602,146.9047278295367
EK202310206707,165.30517947293566
EK202310125360,131.05722154083173
EK202310141090,159.72765955596628
EK202310187733,135.6557094769499
EK202310146874,140.78331605426143
EK202310199999,131.4858244643242
EK202310133984,155.88894699698045
EK202310239052,134.3642424522584
EK202310116872,132.5859755755926
EK202310170227,157.40838422228492
EK202320007825,157.67277702477824
EK202310247712,135.38382546457328
EK202310133557,155.22810247793322
EK202310122565,145.6910176173298
EK202310164010,119.11819360748801
EK202310176533,159.88006726619494
EK202310222265,133.50579488958442
EK202310164867,143.39309204567448
EK202310163156,131.69164651980591
EK202310183272,157.47296308574496
EK202310127914,137.20495321521904
EK202310245446,124.82198552946171
EK202310207443,148.75888073151265
EK202310197727,158.438702808188
EK202310172576,156.85407010679268
EK202310004885,136.89541851834952
EK202310233895,135.02090823162825
EK202310210570,170.66960629868296
EK202310199572,148.22995734196402
EK202310168376,174.0817027487362
EK202310196031,150.8179136945585
EK202310208454,141.71186552992563
EK202310218454,143.2899678262796
EK202310194926,127.22446898578976
EK202310150716,158.98072393631384
EK202310169424,175.0570698708234
EK202310141489,160.57554588366702
EK202310198731,178.6118411825168
EK202310224708,145.07308198541114
EK202310220317,161.66986644530186
EK202310158723,165.93293096535865
EK202310226439,138.88483433608704
EK202310155952,152.20814736232177
EK202310235925,143.76023543253413
EK202310149483,153.43039451508935
EK202310182940,148.10283100339052
EK202310233127,164.09831191458744
EK202310198223,164.55916842342293
EK202310206595,129.26073737633848
EK202310162953,146.53614535341814
EK202310124622,144.58636787171622
EK202310199000,139.62869361095986
EK202310225515,133.61876352401373
EK202310200414,155.24065389626034
EK202310163151,136.25631123597583
EK202310147583,121.75788604559882
EK202310175959,138.338884394788
EK202310156571,164.14470235513895
EK202310159464,137.40707939910422
EK202310133803,143.6605535384784
EK202310143242,158.33159127492567
EK202320007862,145.61402836208563
EK202310137674,127.52914537668089
EK202310158748,146.7799110220315
EK202310134807,151.80741071136987
EK202310232180,122.38345898304648
EK202310115545,142.88488676234647
EK202310106800,148.6457914810144
EK202310164487,143.23380474488798
EK202310189669,159.00073139024556
EK202310183633,131.74369937704893
EK202310160528,141.16770131213775
EK202310157424,140.54971166720972
EK202310175169,142.33825705094327
EK202310230775,126.46347455202027
EK202310176300,131.43548655655366
EK202310154141,134.6613661152822
EK202310121636,140.57694554730992
EK202310117991,122.04007803707545
EK202310114748,138.43827799389794
EK202310182305,149.17434263976125
EK202310183422,161.43724778374306
EK202310196576,140.65483870465022
EK202310212365,140.20395419409977
EK202310157851,157.68215095199776
EK202310143833,149.1415614771203
EK202310162493,146.6149956522479
EK202310200657,147.03662603080733
EK202310164870,143.03283815571038
EK202310139418,156.46891610709795
EK202310114290,148.01245027501375
EK202310206834,133.8645887661764
EK202310235641,142.00273897142816
EK202310179682,157.3108987666799
EK202310209582,138.52356792897496
EK202310225738,126.64711453058386
EK202310108381,149.24654213644283
EK202310125569,128.0987363975009
EK202310218417,133.98110887727816
EK202310228389,152.13008813904142
EK202310145963,153.99239269394383
EK202310109134,130.2150427528172
EK202310177470,141.1627685410152
EK202310162374,137.21801683263521
EK202310195949,127.0710727385018
EK202310122797,154.46413347740403
EK202310140758,126.65935833067991
EK202310232602,137.62139777241725
EK202310200151,138.35565775375505
EK202310166863,128.93386932233696
EK202310237243,134.06345951716625
EK202310120027,147.194633439158
EK202310132524,159.35047734920485
EK202310204016,145.68751247376636
EK202310189020,141.9285787469233
EK202310202009,133.9396521658616
EK202310139108,167.8348587249797
EK202310181804,148.79197756671007
EK202310205040,147.2209161591922
EK202310141451,142.4218484623948
EK202310164866,154.41608363705828
EK202310245490,135.7096080747004
EK202310181489,142.53154412195317
EK202310147345,136.72696826642186
EK202310148300,138.71300304995466
EK202320006124,173.67015018584695
EK202310196622,127.90228552975273
EK202310182658,152.42966385364855
EK202310227451,156.68865934982614
EK202310209633,135.81496934789476
EK202310180045,146.38120900593674
EK202310240543,130.8890733426407
EK202310115142,157.34277438096544
EK202310247768,141.3829662513981
EK202320005662,156.94707994222244
EK202310182225,147.94145603740384
EK202310187393,149.58319696890118
EK202310111676,123.30659852306447
EK202310234672,143.29437111622852
EK202310217174,166.56528354022188
EK202310169712,160.46235112583472
EK202310141144,144.96342970302643
EK202310204110,126.63764594511973
EK202310217308,135.45910893220585
EK202310117170,145.62046177271372
EK202310129087,162.93046258449115
EK202310221591,141.3458485369239
EK202310209271,128.07401996015994
EK202310219363,140.65012314302183
EK202310004090,145.53801582859805
EK202310211544,116.08834459270412
EK202310224956,143.42374340835343
EK202310141398,139.4125509042208
EK202310148915,149.68264766565443
EK202310170219,117.8506555482289
EK202310191982,147.6198336086943
EK202310223575,128.16042067040922
EK202310104511,131.32841223212003
EK202310152387,140.91137003783177
EK202310218082,155.60276716411653
EK202310217177,146.92130936414875
EK202310248357,140.77976029003673
EK202310129896,145.18403174652883
EK202310152480,132.1887499678864
EK202310239767,150.46561552492685
EK202310160883,150.2908858785798
EK202310140193,148.11963921824068
EK202310207625,142.7228381369347
EK202310165482,146.82087511918203
EK202310158005,131.85879055366095
EK202310185420,135.92375090650506
EK202310187990,158.26303659528298
EK202310138441,159.9309869378125
EK202310147390,139.6138740166233
EK202310158825,139.48233867546597
EK202310183745,157.19397053340808
EK202310148680,149.35689563076016
EK202310129708,158.19588414311713
EK202310190440,151.38403278940606
EK202310157144,165.5391043229056
EK202310113257,134.16321716547074
EK202310141541,135.83352461291963
EK202310190438,139.47770550598756
EK202310243356,150.64813996904016
EK202310183196,159.78755946898457
EK202310196369,142.93724929094714
EK202310144897,127.90243465942231
EK202310144635,142.4591720538771
EK202310237276,127.9245488514641
EK202310196220,150.82698772298562
EK202310202228,151.64582834396924
EK202310123488,131.0110312644753
EK202310105805,134.75114738721697
EK202310142565,160.58235836091575
EK202310218967,127.74576586024888
EK202310120796,144.69878518576218
EK202310231531,125.80457506049001
EK202310199801,143.35814086054438
EK202310134790,144.9999304133909
EK202310203666,146.96510762841393
EK202310226666,141.78306518457575
EK202310232447,121.40893180455964
EK202310135897,153.50513953336187
EK202310168701,136.02300408226466
EK202310237343,154.9911788345106
EK202310154466,169.98674494609
EK202310136457,153.44524804048717
EK202310121974,136.3564692928845
EK202310134631,146.53323702000085
EK202310213018,146.87573816425152
EK202310194001,139.5398547133649
EK202310136650,163.61458647415589
EK202310111505,148.65684924456485
EK202310209080,149.0966330168825
EK202310152444,144.02368452317424
EK202310121350,132.5313485409623
EK202310240365,147.2102885819567
EK202310159007,157.61426937026442
EK202310127159,145.2569756526932
EK202310226609,121.12608846545805
EK202310161102,171.16002727455492
EK202310103730,144.53022731612367
EK202310111243,154.47557122026643
EK202310156130,138.47965465854926
EK202310178873,125.33266271177325
EK202310176169,138.84403260257437
EK202320005724,173.78488262636935
EK202310150195,145.44089153623392
EK202320005792,156.05076051151366
EK202310117762,136.309697298035
EK202310234499,152.52963141181152
EK202310176172,154.95611815932855
EK202320007254,152.26703754342304
EK202310128419,155.84514398040156
EK202310117754,147.03467345682736
EK202310222410,135.49796197844984
EK202310132750,123.1614212368674
EK202310195145,146.6706315660321
EK202310221266,132.6279467259296
EK202310156961,148.43814217996618
EK202310105175,155.24112298448273
EK202310167584,139.5063925092476
EK202310119050,141.35245097089717
EK202310127062,133.80264309515252
EK202310192052,123.8394254437415
EK202310118002,136.30438517979601
EK202310108997,128.3782807125499
EK202310160289,140.90798662703256
EK202310245922,146.20340070753673
EK202310116464,144.3269108739485
EK202310192195,140.48977389393215
EK202310237707,131.81202489190122
EK202310145422,143.01195579758615
EK202310245683,135.61297043251264
EK202310121291,121.33523879134671
EK202310209309,152.88932956317157
EK202310104450,158.69846680027402
EK202310123660,120.25933699607546
EK202310186410,131.47701858747322
EK202310151555,163.09014266190576
EK202310104952,143.44466971305405
EK202310115719,123.21739305067014
EK202310181542,139.68385046540342
EK202310150013,165.69414795590797
EK202310205849,154.23144942632908
EK202310196534,151.51079058304637
EK202310131464,133.54744359752817
EK202310210210,133.11876483626963
EK202310104249,142.32579693002438
EK202310207772,140.4424597820647
EK202310134829,138.18486698837484
EK202310179456,113.68262804395988
EK202310113484,126.3292488476299
EK202310182484,151.91174781299338
EK202310120445,129.75909843939772
EK202310213478,119.71165121774467
EK202310130129,155.88733660247618
EK202310197510,147.697610424175
EK202310192959,143.012904324289
EK202310203760,140.04677146665588
EK202310240021,154.12138106994294
EK202310160111,143.1886436819232
EK202310202544,156.29354259755925
EK202310195908,147.4474414527126
EK202310220917,131.2246365094385
EK202310146833,129.62927412234103
EK202310108791,140.18537002765711
EK202310225259,143.75699957730492
EK202310197958,164.48095776291814
EK202310157062,145.126800340563
EK202310214170,129.10088561750734
EK202310243954,155.99946954057646
EK202310110033,127.00923074179101
EK202310144804,129.24999817779076
EK202310114117,144.074377677708
EK202310165416,146.2868421380414
EK202310228479,132.82802959011585
EK202310188134,158.88644457379564
EK202320006372,159.9006355103419
EK202310111226,154.30489367378956
EK202310118404,133.28296774700618
EK202310160695,157.00596625232782
EK202310114408,145.1853353697703
EK202310182288,138.59751119814226
EK202310213633,128.12831955736024
EK202310229313,124.6478847659684
EK202310118665,140.26672825907502
EK202310233785,158.9267920037906
EK202310143238,123.93608760651487
EK202310128242,128.5498028826798
EK202310208336,143.83253235490724
EK202310216912,157.83050873247785
EK202310227300,134.2461089527761
EK202310196434,123.53387167169153
EK202310241940,151.2451246889976
EK202310140334,139.28659540330085
EK202310122524,137.44449435008718
EK202310211571,129.5467846894706
EK202310202080,148.8379088111579
EK202310155180,162.484199911723
EK202310209752,146.47040823854377
EK202310003753,150.76967548894248
EK202310194332,147.92300337518455
EK202320005885,162.9130835660507
EK202310135026,172.4067004270383
EK202310225630,157.4025840716369
EK202310129248,148.84157170868863
EK202310118004,148.27340112822506
EK202310126344,127.53925720137917
EK202310125666,159.0288188185121
EK202310169951,137.3189197669356
EK202310159424,137.650442191371
EK202310195617,150.44349674305033
EK202310240165,133.91618020062384
EK202310109583,152.09463734339062
EK202310127484,152.97736290993862
EK202310115422,136.34906435086995
EK202310189217,134.8370441364528
EK202310164467,136.46193210436957
EK202310160239,149.3603672047308
EK202310205148,153.89821046414693
EK202310177198,133.70247908791873
EK202310248326,139.31586373526343
EK202320007611,157.33804087788008
EK202310216806,142.0763490369637
EK202310236444,124.65195212550488
EK202310202895,154.57971080246756
EK202310189069,127.73568515927934
EK202310164095,178.07223387119947
EK202310177139,137.21046231872836
EK202310150069,159.57500668723944
EK202310217651,129.1214045641644
EK202310104531,120.48617170320898
EK202310175593,140.1202837136119
EK202310128801,125.25150231446437
EK202310226079,177.01377356353942
EK202310195896,149.68390020712167
EK202310248307,122.93576590434587
EK202310213215,149.43282122095806
EK202310126761,138.00733210100356
EK202310138077,140.30520319505922
EK202310219983,129.2743207498241
EK202310155585,148.12999337795446
EK202310224738,167.97907369687783
EK202310121398,135.58240508929333
EK202310144202,139.98268278841627
EK202310171260,149.17346309895055
EK202310224405,134.28130973427386
EK202310168192,152.34872636012415
EK202310147878,148.46138957478877
EK202310190896,155.71992910033066
EK202310114382,140.67075915024617
EK202310115319,145.64333345936782
EK202310212295,137.55211943358282
EK202310145014,132.12056139899119
EK202310153112,139.43093835727277
EK202310181859,128.84868738628705
EK202310201638,127.02784848048996
EK202310217948,146.59122048651187
EK202310126418,132.00166528339776
EK202310147842,145.31673249884614
EK202310213180,138.08007587536727
EK202310149555,151.8847499829534
EK202310162559,154.68858923426924
EK202310181969,150.1739597664824
EK202310239453,141.19350769119598
EK202310185897,142.04655632839956
EK202320007785,136.16113975983217
EK202310181407,156.21233820233903
EK202310223290,145.787967443402
EK202310197319,142.8096154069728
EK202310128098,154.00725289432387
EK202310131498,151.75951795981882
EK202310104275,144.99391973050587
EK202310152898,163.17343870478985
EK202310207617,155.60269264355975
EK202310165239,130.94877269384386
EK202310161435,148.1997132137801
EK202310242971,150.6855648713541
EK202310111598,149.64281988006874
EK202310131958,138.07182513138633
EK202310186311,145.4791457912291
EK202310157046,147.80111165987606
EK202310115828,134.89284959128162
EK202320005888,163.6882204435386
EK202310116165,157.29359464849608
EK202310127616,147.93914121251817
EK202310190516,134.7338102948292
EK202310181145,144.7089329654277
EK202310112674,142.7490428216465
EK202310108818,150.49611008593254
EK202310137418,142.72560252762642
EK202310234306,151.84005517392407
EK202310147271,139.4797279092755
EK202310228137,123.53022810373528
EK202310208396,131.09084341363464
EK202310129360,164.38121890521268
EK202310104685,122.13078508567207
EK202310240248,145.00645429287943
EK202310111851,144.773908967921
EK202310110232,130.36940428922102
EK202310149631,150.7487572042408
EK202310111987,141.47250457759742
EK202310149812,156.3524882407378
EK202310125394,138.53524630181394
EK202310201038,133.8588079442202
EK202310196950,133.45110974873984
EK202310130689,148.20542313182656
EK202310162831,146.8528402546915
EK202310191124,125.98848957337772
EK202310137249,142.14896048386018
EK202310221302,131.3319204052528
EK202310119496,140.23209826423846
EK202310123089,135.8134716453841
EK202310201023,131.73959131028627
EK202310200056,140.0254624251033
EK202310124074,135.8912310787662
EK202310187451,167.35451801073063
EK202310178204,159.91515844144766
EK202310176034,165.87984515657436
EK202310105275,158.6018704361543
EK202310217600,155.45437363043047
EK202310145365,118.52498156757522
EK202310179864,130.49566836877818
EK202310146164,128.6673587965094
EK202310148409,146.06259442938006
EK202310160145,149.6671039212538
EK202310211569,145.7070710091758
EK202310191535,154.23520454550265
EK202310212337,143.70688112171933
EK202310186617,139.87697286293056
EK202310200499,131.22009046283938
EK202310190255,138.34044770415298
EK202310161517,169.9534645798238
EK202310167751,149.11273599297613
EK202310230575,126.51852969453181
EK202310160889,130.64655673386235
EK202310236418,131.6326961949638
EK202310176273,138.89111602334208
EK202310104700,139.26500753043453
EK202310107420,149.50057451318924
EK202310169267,151.72964230305047
EK202310187330,171.21467354238285
EK202310140279,138.08811305765602
EK202310201773,133.1442663369798
EK202310168395,154.22956175871136
EK202310166412,124.96784723283336
EK202310175402,126.50697846660015
EK202310128581,152.74913229174757
EK202310232461,140.77943675938857
EK202310138340,148.25136472088306
EK202310175300,134.28667956990407
EK202310125041,142.67217687843245
EK202310177394,164.93309104252094
EK202310163068,145.98779402464902
EK202310128960,149.89029825275452
EK202310213859,152.30850395124023
EK202310153664,143.6811748695656
EK202310168885,143.887012143952
EK202310211096,148.1898686121094
EK202310233212,138.0389454565622
EK202310204970,144.77719949252426
EK202310246566,138.17228924616444
EK202310181736,164.2805675183175
EK202310235583,148.18825319860292
EK202310235586,135.11302101584417
EK202310229567,129.79927278030314
EK202310237891,156.43881212570662
EK202310156320,149.242279069691
EK202310200700,138.10171289839522
EK202310157317,123.45197818065341
EK202310165659,124.23827780665572
EK202310230462,175.63005067926878
EK202310107771,134.0144241849332
EK202310199945,132.35841941012654
EK202310239536,143.7723838884385
EK202310108719,143.85917504263216
EK202310193930,141.41705637352297
EK202310153705,157.2825055732886
EK202310230423,140.2309988268633
EK202310142088,122.389472378872
EK202310240261,130.08648103468514
EK202310234834,122.67355630066774
EK202310175123,146.2791235029043
EK202310223459,141.3014559067516
EK202310113022,147.3760196021637
EK202310139384,133.93340287097263
EK202310127365,155.85018188219803
EK202310175890,145.40957552168143
EK202310210471,117.02605799987231
EK202310124749,122.58882337680315
EK202310107106,161.86309298675283
EK202310199447,125.75282839583184
EK202310214057,148.6662564261897
EK202310158006,172.90145492554475
EK202310183095,138.41718355006344
EK202310122989,161.51209146224818
EK202310004181,138.47604205308582
EK202310221000,153.65279519014837
EK202310216704,133.66210473102237
EK202310218492,136.10943720683963
EK202310175061,144.12962238335146
EK202310144712,133.9248635867108
EK202310230385,113.4377756010737
EK202310154951,148.608699220187
EK202310158887,146.10386366008302
EK202310132252,128.56905278153832
EK202310160262,167.2037235680608
EK202310153966,132.04047865674042
EK202310190560,132.38573039499605
EK202310124555,134.26084882364236
EK202310114555,140.75528753159892
EK202310190493,141.92767394671588
EK202310161137,143.59192086776002
EK202310224942,135.6264962338504
EK202310230466,164.37326717289758
EK202310216178,147.37240597491447
EK202310205948,126.37349643452464
EK202320006948,152.75941033933356
EK202310224873,115.3968389199907
EK202310231707,125.3409527681356
EK202310198816,146.91767943569556
EK202310239894,137.6087603151486
EK202310212434,137.98530380038503
EK202310242399,145.59653810880306
EK202310126630,160.67358828270477
EK202310212116,133.81485727270325
EK202310116735,157.577941775471
EK202310142424,136.8024984991272
EK202310126653,134.751197515345
EK202310130536,148.50704415664558
EK202320007559,166.51336897328866
EK202310244114,130.9677079683566
EK202310194656,140.42998937492405
EK202310228023,135.97694193356486
EK202310184412,135.80997738388868
EK202310138297,143.3851860112576
EK202310233553,147.37593188473315
EK202310222650,130.67225319235445
EK202310148133,157.7478228644877
EK202310124138,150.92915380078676
EK202310210134,134.9867898642143
EK202310203676,142.07121372280994
EK202310120898,153.60043458357188
EK202310167341,153.83449750424097
EK202310180216,149.32594058487456
EK202310246916,139.30756960918018
EK202310157656,125.17800248543817
EK202310205414,130.9794741803795
EK202310152717,150.9199821851996
EK202310106791,148.15066979827319
EK202310105725,136.72691525066176
EK202310104432,143.41788004904942
EK202310194299,138.59351322695525
EK202310153184,146.49998842093603
EK202310240659,157.43253991333745
EK202310219840,136.78533740463214
EK202310153949,134.27622960034202
EK202310132803,156.29859864296407
EK202310146592,142.71211751382464
EK202310172131,126.16077637911033
EK202310121613,128.9977986080185
EK202310167818,139.68480212068965
EK202310200796,149.0989014636012
EK202310116481,144.00146018028119
EK202310114639,151.4703485992688
EK202310212375,120.24999133632515
EK202310235321,131.4507234864515
EK202310222322,133.52705434209926
EK202310110700,120.11294458172164
EK202310189946,163.54873407950242
EK202310162874,145.02105753366357
EK202310130785,136.12275115219697
EK202310242378,146.31555428497578
EK202310241513,123.18637123241587
EK202310160539,145.352917163681
EK202310222342,133.5321843426741
EK202310138062,145.5670065363851
EK202310231769,134.99890474361177
EK202310158224,134.43478066490394
EK202310224139,144.45468575594646
EK202310216169,137.71885002902079
EK202310139185,129.0569735181772
EK202310110485,150.11922207831242
EK202310239046,139.67459341557085
EK202310138942,143.9337207869122
EK202310169633,126.10056201903699
EK202310109575,152.84018003856326
EK202310200090,159.58880933190932
EK202310163491,140.45930512817824
EK202310148729,143.60723480745168
EK202310140411,152.12796061500217
EK202310243532,151.16793151653334
EK202310125468,131.69041637082205
EK202310221117,149.40762585983467
EK202310232056,127.52614996315992
EK202310210091,158.92086185749704
EK202320006396,150.02870087239984
EK202310142016,113.14649788551164
EK202310235002,129.8534216423687
EK202310183074,128.8908486964529
EK202310182233,151.16879258462188
EK202310225556,135.37804890213758
EK202310179915,132.61382668226582
EK202310173349,150.38230139024856
EK202310212842,145.2673888970756
EK202310197784,166.4426691596627
EK202310138785,146.2522468749594
EK202310144444,131.3873394016867
EK202310181562,139.84643272964084
EK202310248524,150.16591262008006
EK202310216425,144.09143202179473
EK202310229912,120.90556693709196
EK202310139002,138.02575916503443
EK202310120982,128.05756561141058
EK202310221837,124.46467133603828
EK202310119947,150.26936020511886
EK202310149071,159.98494201650584
EK202310185898,152.95717639102983
EK202310117197,145.3988680542528
EK202310142908,147.84362953202634
EK202310185756,164.9781006712091
EK202310238913,165.92828233251566
EK202310204574,162.06904039582113
EK202310113564,154.90941627232436
EK202310118542,141.4087107814965
EK202310167688,133.0947118466519
EK202310212185,139.73545949750752
EK202310117088,130.01104487092917
EK202310229808,159.53342053802243
EK202310207582,148.32230674485567
EK202310154912,139.55995668473935
EK202310181168,140.24759575801545
EK202310149374,140.44982906864539
EK202310104396,152.41282832058306
EK202310109994,134.52576456404722
EK202310170860,132.3920106750898
EK202310115815,137.91706775047246
EK202310214779,161.9579363465854
EK202310109121,150.18470623796594
EK202310134158,122.00523474820145
EK202310167627,159.50849248240556
EK202310225236,137.32097097315958
EK202310181807,151.49065902780094
EK202310247389,136.22351557248044
EK202310235579,145.34518778361206
EK202310173291,142.27068632979672
EK202310192355,136.74753064359984
EK202310142541,144.80402523812182
EK202310150510,137.74377874310082
EK202310223761,134.7541391231222
EK202310175574,119.40850669965684
EK202310238511,130.5410896445505
EK202310157509,141.33793710962192
EK202310181989,139.7421964972931
EK202310003618,136.37509749969547
EK202310179471,140.9347727274694
EK202310230763,139.06390453826234
EK202310204971,147.3555136774502
EK202310233557,130.55818484183015
EK202310145292,151.26881121688294
EK202320005880,154.61247366695633
EK202310245241,140.8739300226595
EK202310212493,126.99117877175223
EK202310193001,136.6263333340133
EK202310199238,139.12174287496515
EK202310160941,143.33426117982793
EK202310155028,119.55255215470049
EK202310130868,155.5811380634791
EK202310200440,145.8635900069733
EK202310182060,147.7121931208823
EK202310111816,141.57540989350076
EK202310146969,142.5064527358065
EK202310158404,139.5162682431005
EK202310110705,139.69428359542056
EK202310186759,143.81973619832198
EK202310157536,137.79894483553295
EK202310140019,127.18420647424283
EK202310179351,139.75935452171964
EK202310183791,157.8150685010835
EK202310206480,167.27157977747032
EK202310133811,136.49791210068733
EK202310217540,145.3804681835865
EK202310132032,139.93909595705128
EK202310139504,164.36592114078275
EK202310161554,164.3251685568393
EK202310127921,155.41173201380377
EK202310140328,135.62549531702982
EK202310179259,147.83771233271094
EK202310110275,135.5962933214675
EK202310148522,150.2065294468794
EK202310245827,132.00708703209108
EK202310104601,147.33498600488429
EK202310158718,138.42717937753403
EK202310148204,154.8550128299702
EK202310152034,149.46457654400464
EK202310205880,142.77130451765038
EK202310150725,142.96689998387168
EK202310154400,154.84208358749467
EK202310120186,171.37830674362957
EK202310192712,136.3117257652071
EK202310165189,145.25221131562034
EK202310152937,163.31308522370418
EK202310234101,130.2587555913966
EK202310191564,148.91032600892396
EK202310174430,134.09470586100602
EK202310208622,153.56791062422704
EK202310233831,150.5930881984155
EK202310136566,133.3121525344269
EK202310146005,140.69989583266056
EK202310221494,143.85269490524433
EK202310239849,139.8299182684087
EK202310176728,150.4584751269677
EK202310106909,128.31704372442312
EK202310208429,138.09694130627935
EK202310174444,145.30415697558024
EK202310242098,141.93228415101427
EK202310175190,140.83272433061754
EK202310177312,144.22503665282215
EK202310229607,141.30715383632767
EK202310121574,128.59511462085786
EK202310187339,137.9358522734911
EK202310227049,145.7205344535171
EK202310135213,137.06052656956712
EK202310128318,141.05607099561578
EK202310108701,153.94829032104232
EK202310114284,139.90205325028768
EK202310108473,146.2536665508635
EK202310160235,146.88008166147986
EK202310120842,114.2539519484371
EK202310142363,139.5662697575935
EK202310163562,134.21441077511403
EK202310192991,137.66561555714824
EK202310203468,146.31305477354863
EK202310188577,131.72751640679806
EK202310240344,129.3489473598068
EK202310113690,154.58008095078188
EK202310213117,145.74236770392002
EK202310222749,134.30685932498176
EK202310004635,123.40996261821098
EK202310141613,137.84742560709805
EK202310108032,143.73488160490103
EK202310233880,143.52389775319267
EK202310205163,159.8999102674867
EK202310104692,139.94775249492898
EK202310237071,116.60201493685037
EK202310111732,137.23129072636652
EK202310137404,129.70116696575693
EK202310146556,128.32922341284566
EK202310111180,154.7387522650324
EK202310190526,139.37147202509541
EK202310119701,144.1827815204511
EK202310182123,132.72277222120937
EK202310187615,175.613565359212
EK202310201487,136.52739965199822
EK202310144094,137.91174593764939
EK202310116261,150.43358271883383
EK202310142783,127.52232174659305
EK202310192602,151.552795307132
EK202310167866,153.8815592148685
EK202310145551,152.0787016644671
EK202310117731,139.12831100987066
EK202310125526,123.59379875752649
EK202310128615,128.1131288367141
EK202310180563,148.06276115904964
EK202310139532,136.27387513802685
EK202310224142,132.66303757325798
EK202310233781,161.15443346578388
EK202310157368,141.11588293221433
EK202310203603,122.98048055446561
EK202310180362,167.82417608266107
EK202310198397,141.15716898944027
EK202310124770,129.294381043495
EK202310223755,126.30131106453948
EK202310106275,117.71296943896735
EK202310205161,149.03528734453192
EK202310139936,132.3237764720059
EK202310205611,150.1754579387084
EK202310134137,122.38623886641889
EK202310127542,161.88755432249857
EK202310193128,138.2412837814119
EK202310237157,141.64933330954835
EK202310107674,144.85218960324707
EK202310149217,142.05873326051432
EK202310129309,153.39173103887683
EK202310156886,140.36260564603808
EK202310117116,138.80249216629966
EK202310225911,115.80840461011604
EK202310145676,149.13672555498016
EK202310166738,152.6558424171463
EK202310158541,124.72024156440632
EK202310106511,143.10717663487887
EK202310131343,127.36776949255636
EK202310245992,133.41215250737747
EK202310140003,138.88198515779138
EK202310174342,131.69028856062172
EK202310208385,138.11218062180373
EK202310216439,137.495946089332
EK202310211004,152.16631559729623
EK202310106760,140.8258974154945
EK202310176087,118.00861793757696
EK202310106317,112.97809684890093
EK202310215460,125.520551146342
EK202310201661,138.13026906057198
EK202310166937,158.73951235059087
EK202310200307,147.2879687746916
EK202310181766,166.85200486492252
EK202310214069,156.57443528405378
EK202310200177,142.53976189908485
EK202310123321,151.0686574019557
EK202310151256,141.97481621289666
EK202310171945,151.69632446983317
EK202310136311,141.43150086365574
EK202310150029,166.0175537536316
EK202310212078,133.1131472293932
EK202310210902,128.3843549827581
EK202310210594,146.13564594752015
EK202310127288,148.58326995516074
EK202310126517,134.35891273072758
EK202310161234,151.7245609383466
EK202310220266,145.78098886606307
EK202310142494,161.90525540913325
EK202310217357,142.6030636312973
EK202310132692,137.7188010073837
EK202310227115,151.4062494283784
EK202310141700,124.77786370034802
EK202310115959,138.70347177515538
EK202310230099,136.71432551493842
EK202310211438,153.24835982023836
EK202310219042,139.8170359699641
EK202310177531,149.24399691068254
EK202310233521,153.87203844982113
EK202310128329,166.78924078744168
EK202310201328,168.8968212533244
EK202310171078,139.39144578784175
EK202310138130,143.61433122792926
EK202310177993,131.9016476992247
EK202310228196,175.42188978475758
EK202310170822,142.46296549734535
EK202310184514,142.2842041644184
EK202310208895,131.60017377722352
EK202310204293,147.96804339097986
EK202310163755,153.56930965917854
EK202310112893,158.44647831323024
EK202310207633,140.40166404676836
EK202310120935,129.43280409261186
EK202310198348,144.52293501837153
EK202310216671,130.15276890549572
EK202310203558,138.97835768494534
EK202310221470,129.74434635518307
EK202310134114,134.11289882174134
EK202310161904,159.40161022836253
EK202310121193,135.15280290406616
EK202310112380,134.21116445847372
EK202310123715,132.68840167415254
EK202310182522,137.4726029221897
EK202310165246,153.52818803780676
EK202310165109,144.11220958925293
EK202310226207,144.9660832771314
EK202310189166,167.6640805457818
EK202310171824,139.39801537711125
EK202310212508,149.10574002864723
EK202310188289,149.93199744929763
EK202310161253,140.87534471027493
EK202310188025,148.3450800698606
EK202310170339,135.4180384431527
EK202310103831,128.97095358594248
EK202310214220,123.40157885556529
EK202310149031,160.03340945809322
EK202310147724,155.62759100283813
EK202310142296,151.17532145558906
EK202310176974,159.44598584720893
EK202310161334,168.2132737577648
EK202310213866,138.56671434330102
EK202310225737,145.27182654706414
EK202310156109,135.35185444254842
EK202310200303,143.42864016423138
EK202310185044,173.96870624445643
EK202320006653,164.45596466776493
EK202310111122,130.81097023944665
EK202310120782,164.64234472237865
EK202310198165,142.8095177605535
EK202310228584,117.52488891290588
EK202310205188,146.69873057898218
EK202310121258,149.8774503474473
EK202310199633,132.88869949841248
EK202310143847,134.746824901425
EK202310135571,144.7736735926086
EK202310206110,132.21769455260986
EK202310138447,142.70124841034183
EK202310192664,140.60180815831146
EK202310187215,156.84516044020444
EK202310151514,167.08298828415758
EK202310144726,160.34141184201732
EK202310207249,149.5909137905901
EK202310161306,160.633638517806
EK202310158826,128.13696718674564
EK202310173556,153.47125575570044
EK202310125091,140.60758207705044
EK202310142377,144.25868016298347
EK202310236947,120.4684106566255
EK202310208442,130.27509855214467
EK202310118298,133.07766104974996
EK202310219483,121.5275231890614
EK202310211212,154.61592821278845
EK202310104173,146.6206292124897
EK202310201478,153.51874850877715
EK202310158280,140.7160973359319
EK202310123070,145.46104326721508
EK202310138063,154.03644123774473
EK202310164203,142.09875492595137
EK202310190017,155.2701630964204
EK202310169668,131.73720425020701
EK202310113501,158.09512782137188
EK202310235684,142.35296312875062
EK202310137261,135.63854327633416
EK202310162355,149.1981985336706
EK202310217469,155.4816985639403
EK202310161201,127.88511524291692
EK202310157515,121.19110851991628
EK202310145284,154.12734175225717
EK202310227827,132.8280121593607
EK202310209456,134.46686985189828
EK202310211698,139.767290914762
EK202310194731,137.288621774474
EK202310248330,140.67664613504786
EK202310106105,123.42772743589667
EK202310160743,149.35602838598285
EK202310166605,129.02829172980907
EK202310212995,152.4872759715103
EK202310233144,136.97931571576638
EK202310230980,130.26339081846297
EK202310226067,149.95070318172165
EK202310120976,124.20716962055592
EK202310128266,135.27244869848445
EK202310106331,138.25271862523113
EK202310199325,137.57113581414163
EK202310204088,152.18042256554926
EK202310174720,130.52960566880023
EK202310240940,139.1481331152025
EK202310109263,153.02473716665074
EK202310106322,139.7382886606559
EK202310135599,109.29831580201692
EK202310145520,134.14797092623948
EK202320005632,155.2434661997674
EK202310199819,147.28825871262288
EK202310172008,144.98522215485255
EK202310199276,139.15948227888447
EK202310106548,155.2262107112725
EK202310217167,159.29969846108577
EK202310176173,154.27181951048604
EK202310221378,148.42055027537674
EK202310201211,165.56745342796435
EK202320007715,150.44509391661856
EK202310182662,130.42908632515443
EK202310177694,141.96866018155842
EK202310156023,138.3917115034536
EK202310111848,136.05170077186676
EK202310129647,165.13520758452222
EK202310170544,160.75109958058857
EK202310242820,151.6824323961519
EK202310194133,162.6321232402946
EK202310216029,139.61679866596063
EK202310107349,131.1027612898108
EK202310208265,152.64764705788477
EK202310229154,137.87129271680476
EK202310107089,134.84622000320252
EK202310112252,142.94853341356017
EK202310148875,153.35993805779742
EK202310119051,139.25526164148974
EK202310147588,129.75076672484946
EK202310113617,140.0450171681065
EK202310147037,136.65138300061486
EK202310238313,110.85402488365165
EK202310192918,148.0385924317948
EK202310155166,135.57340467453278
EK202310177734,155.13995656820578
EK202310125003,131.70949514434741
EK202310204102,139.69830693147867
EK202310127233,140.45001316980893
EK202310154507,167.677869983234
EK202310208352,140.51237311603958
EK202310123745,144.21537197103586
EK202310147036,153.00539897231536
EK202310110497,131.70082688926493
EK202310246320,153.930478219284
EK202310138361,135.6340930927703
EK202310167217,135.69430574613537
EK202310229839,139.0169917042808
EK202310204873,138.12281169810842
EK202310208025,135.9086529869097
EK202310139865,149.67895328310695
EK202310238834,142.1060597754991
EK202320007032,163.57099455356735
EK202310223956,120.90331680074229
EK202310205152,131.2233043893384
EK202310127859,150.98582693408767
EK202310122230,151.38408242741866
EK202310235039,122.56250920698851
EK202310172181,145.66614780738232
EK202310152472,138.47688448176234
EK202310163385,153.91516630909288
EK202310226473,127.88718210875435
EK202310196206,166.80301156596937
EK202310004942,130.01243907859828
EK202310141871,128.53081934309063
EK202310215986,139.56616929402782
EK202310211462,145.21798937059253
EK202310245537,136.33971915447188
EK202310204491,144.9903096550083
EK202310139744,148.9416440406298
EK202310138719,152.3203843213575
EK202310128437,133.53559962940258
EK202310138286,149.03196907183136
EK202310148950,143.61589512167888
EK202310225042,152.85315136130592
EK202310227372,148.27376006538918
EK202310184056,167.5692516887407
EK202310203882,136.84921019117309
EK202310108510,142.3198644232773
EK202310220594,133.79999661519818
EK202310119141,143.53606017127962
EK202310246490,148.8836404677607
EK202310143698,159.3295843781827
EK202310126746,139.39202804310818
EK202310233106,163.98947525148256
EK202310108410,147.7018294401582
EK202310186336,150.19835270445083
EK202310231142,128.72177734613894
EK202310126076,133.8922610399912
EK202310205622,145.89038356866368
EK202310220488,139.7831047821008
EK202310120527,144.35759645235078
EK202310220246,132.93672242077514
EK202310161188,138.1990641694503
EK202310155699,151.62556469843938
EK202310189021,124.95195463018261
EK202310236601,122.77813226545753
EK202310164905,138.01263360169094
EK202310128052,128.8782008218256
EK202310126712,156.98868285160103
EK202310239805,157.67650410372354
EK202310224857,144.96615552835047
EK202310173357,156.28240915304806
EK202310127584,140.88846257550628
EK202310229371,144.0908455357247
EK202310110882,145.16397092149936
EK202310160530,138.82882844369698
EK202310116477,132.77373577897288
EK202310118586,124.01133708680003
EK202310172703,132.54555819892235
EK202310136123,166.14081200885204
EK202310108114,144.21172101733148
EK202310208296,139.67243169368967
EK202310232508,136.6817724708208
EK202310220252,117.72901039001687
EK202310168728,173.67045251015963
EK202310165440,171.88244605908693
EK202310214684,143.9092047290461
EK202310107697,140.17927980565912
EK202310129545,115.47253880718841
EK202310163236,143.41773982488448
EK202310236802,142.6121675352412
EK202310153242,152.84683563884758
EK202310144615,159.0200114346813
EK202310129912,136.64851450206703
EK202310197325,137.97873139752917
EK202310216540,151.55359979763392
EK202310104778,139.7322395211138
EK202310114062,155.52095219218592
EK202310205213,137.9343613842846
EK202310227892,129.44243173253864
EK202310232305,141.83152899468857
EK202310185667,153.79963638590127
EK202310212219,134.57087985929672
EK202310214315,151.78810531867646
EK202310222807,138.73898573671914
EK202310192829,158.78679940184068
EK202310246736,140.4388658042918
EK202310144859,152.72049056443691
EK202310167652,135.1982719055258
EK202310120246,145.54881216635263
EK202310182888,145.17388957431268
EK202310150758,150.85982108123233
EK202310172256,144.70218336539497
EK202310143177,144.1670727946713
EK202310197462,136.57681631513805
EK202310196459,130.95340556087132
EK202310164019,120.9611104578878
EK202310139039,156.41493181922365
EK202310134361,173.26975668622325
EK202310147025,138.44666909957277
EK202310208999,149.61920258385803
EK202310142527,131.77971612740868
EK202310193745,162.7969788079522
EK202310167641,151.65015557925415
EK202310240938,142.29611896240866
EK202310112017,136.10181366521152
EK202310240024,144.0424306350757
EK202310244708,154.56640090835418
EK202310210230,118.59374324031066
EK202310004423,149.89523823721098
EK202310221224,147.30821194330363
EK202310157667,127.71294205198731
EK202310215430,150.99686957598817
EK202310182844,146.9171922152245
EK202310236293,141.79775899549676
EK202310123092,155.86591906602953
EK202310125798,142.7935221817441
EK202310167474,159.19485809714925
EK202310124113,131.0844820607785
EK202310232206,122.80053512921057
EK202310222185,141.50070860414348
EK202310149306,148.70608269181562
EK202310167817,152.20689689576417
EK202310212632,142.8634550307884
EK202310132358,124.48559562118314
EK202310145151,154.42458677494682
EK202310141011,159.81666443448938
EK202310200018,133.58146617543048
EK202310132356,158.84185772830068
EK202310149165,152.76750446160935
EK202310129607,127.69596367371238
EK202310194843,133.58496755569132
EK202310190635,145.52500763753773
EK202310207943,144.50299753809205
EK202310164644,139.1177430012472
EK202310241540,127.20574032387074
EK202310116312,134.8202849343676
EK202310162974,146.88338564957522
EK202310151341,119.86026751265254
EK202310158724,147.80393937214689
EK202310247924,152.4539325083842
EK202310119010,130.92127489844378
EK202310186778,118.30992168424703
EK202310183764,161.04030901703283
EK202310151317,151.97107893629683
EK202310110771,148.0240792874421
EK202310180616,147.95799942959096
EK202310162283,128.6775263291889
EK202310228393,129.18452647556416
EK202310003867,135.40379770930383
EK202310162011,157.6785892235324
EK202310192785,156.10372268158483
EK202310205984,140.6440532542666
EK202310191301,150.3363537950729
EK202310205696,157.09455353089334
EK202310003384,165.93846154298643
EK202310244834,141.01829485080253
EK202310204220,150.25733507942957
EK202310110856,144.44966076058054
EK202310134787,138.23073642405166
EK202320007820,161.55786148764807
EK202310179208,126.85986466641442
EK202310223932,161.0330095345876
EK202310216781,144.1446971382813
EK202310187602,131.065371626276
EK202310179844,156.74358424317057
EK202310163357,148.29170350725153
EK202310137800,140.47426831973652
EK202310202504,148.3080081792435
EK202310152435,119.62672421005283
EK202310138850,146.2546469040052
EK202310120464,123.52751331721666
EK202310200493,144.90738516372537
EK202310243016,132.55428188874686
EK202310168573,143.00048614821023
EK202310163051,145.61498689857044
EK202310188721,158.33670062194963
EK202310187647,144.81251705247584
EK202310194460,137.66545451286777
EK202310199853,147.47006670355
EK202310199354,141.39424304628565
EK202310156872,149.29557438381858
EK202310183296,141.3235601747329
EK202310105927,129.22337378369966
EK202310106682,136.45838794793184
EK202310127329,158.4266901782786
EK202310116459,141.2330453490028
EK202310192223,141.82944882106318
EK202310004549,136.12988785387134
EK202310108809,151.07186471418646
EK202310180902,119.91100593577706
EK202310104309,136.80838597550397
EK202320005779,171.19993028848808
EK202310145003,141.1891639514386
EK202310234434,138.90238895742618
EK202310228455,143.4917377412982
EK202310196294,166.36614408793957
EK202310214611,140.70180889099743
EK202310128897,143.1690487363983
EK202310140953,148.89991794232108
EK202310153523,124.7958731672246
EK202310107262,146.1535560710066
EK202310177695,145.0124279281364
EK202310133157,136.92469238413116
EK202310243662,139.6104751915743
EK202310155394,142.35950434459357
EK202310126776,129.60134653613324
EK202310241762,142.0598266540018
EK202310141862,138.65255603384523
EK202310151835,157.0941625444463
EK202310128935,145.73899802440263
EK202310114330,143.30512341369
EK202310166988,123.90030311036861
EK202310201794,128.09813078990607
EK202310181313,154.51456570420353
EK202310186725,147.4216668926031
EK202310146475,143.55155929160023
EK202310109755,144.38763712326062
EK202310161538,158.91009852017362
EK202310186435,144.42569173109334
EK202310193897,148.47191579078114
EK202310160769,137.64145373846864
EK202310212581,133.6026535609729
EK202310248122,132.72533822581923
EK202310235931,134.03395261290953
EK202310181771,163.58395939647087
EK202310155768,144.80231065299688
EK202310111605,138.67869002330679
EK202310127306,166.8288379179697
EK202310150190,135.89712247038048
EK202320005858,172.28997917587242
EK202310236072,151.05159872978027
EK202310225439,128.8691599069742
EK202310237893,155.4527999439202
EK202310136361,135.5015396212314
EK202310191072,148.0785465372722
EK202310181865,141.73165987860554
EK202310231592,148.6668089717256
EK202310207325,129.0198440953331
EK202310172714,145.7245187075011
EK202310224865,141.9651188634704
EK202310168576,141.59553548253555
EK202310103778,143.3373307540381
EK202310217586,155.96011863644748
EK202310231160,130.58974247594952
EK202310234098,150.72106240305592
EK202310178165,133.27955784427436
EK202310135798,137.2690038503006
EK202310207159,154.73570786596542
EK202310161503,167.73751706759225
EK202310164971,139.95290137527388
EK202310227797,134.9577205414729
EK202310138476,149.64395438524704
EK202310105436,128.08418053192872
EK202310171599,137.16078008130472
EK202310155833,155.518850375562
EK202320007748,154.74211480148077
EK202310216275,143.30436296982467
EK202310178246,147.72717046252797
EK202310233952,134.770339682663
EK202310236351,122.49181232971664
EK202310208975,138.3465325365452
EK202310210410,148.61840310171047
EK202310179531,142.0440534796785
EK202310207618,144.92904166941253
EK202310173550,163.57752919193555
EK202310226730,135.1848101299361
EK202310129523,156.18671074863363
EK202310220746,142.91239577599276
EK202310248566,152.45281956807148
EK202310193943,162.03087604360582
EK202310119814,151.38376750990156
EK202310142248,154.61709801146515
EK202310186304,163.4398621758836
EK202310138557,161.63468226074252
EK202310245483,137.52332991119607
EK202310132300,127.37242816797581
EK202310208081,143.35871705850755
EK202310230460,171.73147710161373
EK202310140474,144.36248619863167
EK202310212083,140.9101067287312
EK202310136665,129.6856436892149
EK202310131251,147.54312938489477
EK202310232633,142.18937700814774
EK202310147477,156.4408136640209
EK202310205850,156.71452125388987
EK202310202041,156.13848229805242
EK202310173763,149.24277066681609
EK202310160578,165.7248160868616
EK202310191339,141.53266178089163
EK202310212270,138.03566471944208
EK202310145728,162.1811359504842
EK202310221046,124.88752523573888
EK202310188691,149.23721725707333
EK202310171896,153.8363783562179
EK202310139766,152.35180601496103
EK202310173220,157.41554105949996
EK202310162948,149.18229659068487
EK202310105701,123.55495966527636
EK202310197311,154.85101394141373
EK202310147640,162.79576744132768
EK202310183542,138.5788135288077
EK202310183535,161.06314241727645
EK202310245904,145.03376872509494
EK202310133031,138.9307895096876
EK202310188018,157.3936910698541
EK202310135860,146.4017368669413
EK202310236943,123.673308568712
EK202310156470,164.3519044399696
EK202310195857,151.86265468966258
EK202310187539,134.05916826179157
EK202310004424,125.96369046376424
EK202310217002,124.3345529818518
EK202310179415,124.13690332742871
EK202310120456,147.3212153957566
EK202310200863,142.21288579964107
EK202310147545,147.43712567091688
EK202310230822,137.38676671572836
EK202310121215,140.67312991633565
EK202310177411,168.95068034648895
EK202310224282,140.3897629290698
EK202310140227,133.25521641332386
EK202310129737,155.33742555832944
EK202310140849,136.79256570239784
EK202310189202,155.79436244935704
EK202310104642,136.66734736234233
EK202310208010,143.07706300940157
EK202310166940,170.24417297505758
EK202310162024,148.7106322004612
EK202310199815,138.9981912896544
EK202310152439,148.5237178408658
EK202310233448,138.9642852140715
EK202310242843,149.1680463720644
EK202310201491,150.80316439898547
EK202310107632,134.96974086323522
EK202310198770,178.08426340000898
EK202310137566,133.62482271568916
EK202310142121,130.7518913545892
EK202310190572,141.23073419430804
EK202310205775,134.56943691092525
EK202310220844,151.23261548409815
EK202310139338,139.60319313710963
EK202310108582,159.43096568407742
EK202310158552,137.2956756269396
EK202310184301,158.16701927536297
EK202310243616,146.04139433062994
EK202310151811,159.73550052090877
EK202310125407,129.7681021205082
EK202310139375,140.78353306320562
EK202310239439,143.5972117670379
EK202310155841,121.20293039927505
EK202310215149,141.9987579674538
EK202310107124,136.39791806307016
EK202310134118,112.67420820805289
EK202310194279,155.43413834993027
EK202310246720,140.61095542173754
EK202310162584,152.88738041266447
EK202310195982,157.73447259790123
EK202310228933,131.95398891291194
EK202310116256,147.47187692333952
EK202310114568,142.46847798278512
EK202310131206,140.1791254774603
EK202310175053,141.45786008646206
EK202310221935,138.37897661855297
EK202310185735,141.90980063501584
EK202310223371,121.72454206166331
EK202310228532,139.1273303930094
EK202310201399,154.46966291404354
EK202310225779,138.4364640583718
EK202310223354,146.3686035748451
EK202310149880,146.66744214161562
EK202310182361,138.14390242445114
EK202310245495,125.27176375660764
EK202310004203,150.95227217470895
EK202310179618,146.18097653883302
EK202320007066,157.89504087402338
EK202310114050,146.9359492681651
EK202310191315,148.1894367167393
EK202310146983,148.7007564658452
EK202310130594,154.07858031401705
EK202310242203,149.72405971429987
EK202310241138,136.4142569176124
EK202310156504,158.32156069505487
EK202310197660,160.27062369366172
EK202310140136,147.0617610892883
EK202310143917,124.49152341484327
EK202310219192,138.39596504589937
EK202310134270,158.83556285593772
EK202310232270,126.7085475829327
EK202310173917,138.37809923270387
EK202310173711,128.30647411887023
EK202310112756,122.92930719052102
EK202310204172,133.400347746468
EK202310159759,139.7168207173869
EK202310186227,137.35179332858448
EK202310185665,157.63654319507376
EK202310117309,149.4975199998479
EK202310197672,135.72156871660508
EK202310153079,132.31528482600885
EK202320006035,169.73986202988033
EK202310247525,120.58637007200369
EK202310161438,129.7398942473103
EK202310218023,153.82455939831013
EK202310150064,155.23867773815513
EK202310142573,146.4372744194268
EK202310124576,127.8834922567278
EK202310219887,135.340928154062
EK202310120184,158.70113321944723
EK202310112918,145.54820796319962
EK202310109372,170.23122499447376
EK202310107015,153.23996306305563
EK202310150353,147.57149493967046
EK202310204484,137.02854473092756
EK202310146488,136.73672791162858
EK202310124804,155.715233493917
EK202310185666,156.91547334074318
EK202310195519,137.91310530176193
EK202310160733,140.40716294815766
EK202310104544,135.14115951569784
EK202310184750,142.34521387657063
EK202310003740,128.62300088728685
EK202310226854,129.4258645745167
EK202310125742,153.73048571256112
EK202310168317,132.50929763256522
EK202310149766,152.69364382301643
EK202310190272,150.95560663999137
EK202310146274,142.26685118206606
EK202310112851,139.21105473
EK202310175254,156.8817627216559
EK202310163259,136.15470469376942
EK202310133880,134.07773027422556
EK202310217079,125.79042233258659
EK202310170637,159.89403734466757
EK202310194778,111.4487862445124
EK202310218095,145.71103758796286
EK202310135253,159.37136217071426
EK202310197692,149.8707929291311
EK202310208639,137.012418851159
EK202310246924,128.3483236123818
EK202310189081,145.88650337514494
EK202310186006,146.65953761221704
EK202310234924,137.45201046161625
EK202310159161,150.72203210881239
EK202310118361,123.62866009952654
EK202310103934,120.02036671076812
EK202310218075,143.43995089449749
EK202310151847,154.54451872703302
EK202310227485,155.00055498006748
EK202310215170,134.07193309958393
EK202310182285,144.72748572199535
EK202320006523,172.18604093719574
EK202310226724,133.4448567747726
EK202310144268,156.0421213316859
EK202310156630,168.64072954309
EK202310245294,143.27842164494695
EK202310223363,140.5169459086601
EK202310237800,138.67532857577518
EK202310173460,151.1048057683379
EK202310209655,147.95917689689736
EK202310119136,137.37259756035448
EK202310127314,169.27333846504072
EK202310193844,145.99089528715606
EK202310162315,146.8580340874869
EK202310218294,137.0037610445653
EK202310151071,130.98235815643338
EK202310217686,137.08604712334272
EK202310154435,161.89093045075742
EK202310191927,142.98231308402043
EK202310181837,138.61641982629794
EK202310148256,161.50633740004784
EK202310230363,138.78016874882601
EK202310156095,132.89544649689867
EK202310169939,147.27001877356346
EK202310141818,144.0083843531497
EK202310230706,135.75589560572286
EK202310138074,141.39749449375952
EK202310213136,158.5637683898646
EK202310245174,146.51875801534743
EK202310149067,155.20868359138277
EK202310215609,141.41321640004796
EK202310170363,128.64659375974264
EK202310238402,138.66237261089768
EK202310117314,143.98855169336392
EK202310241750,155.1652936660899
EK202310154247,122.13266940953616
EK202310148755,153.39067216020794
EK202310150162,133.83053731843034
EK202310189110,134.4541792992016
EK202310168769,164.91902734302425
EK202310211938,142.06935415729657
EK202310176335,146.7195635944427
EK202310113812,125.33186642202242
EK202310123004,131.39860811581175
EK202310205174,145.63771347229348
EK202310168759,147.9069264048624
EK202310213442,123.87176588384122
EK202310239610,155.00300644471264
EK202310195241,135.0951249983463
EK202310153703,160.62351835098315
EK202310150341,136.7610920357887
EK202310208289,137.62573222792432
EK202310111014,153.03876028229877
EK202310221055,145.40355793509215
EK202310201138,173.4361470798054
EK202310004391,134.71568632979987
EK202310155939,148.90596726202585
EK202310148376,139.09392781431814
EK202310116871,148.48941907484704
EK202310197518,130.75422321344644
EK202310119757,136.91158593230983
EK202320007473,154.18161757404016
EK202310134809,139.57117124872374
EK202310189457,169.3776905179818
EK202310185033,149.2297007000039
EK202310229340,148.75968499208025
EK202310122288,151.29895049122823
EK202310120743,150.8028306029903
EK202310242075,148.94690736475025
EK202310140597,149.25532681868347
EK202310242069,118.5999862480088
EK202310136890,148.95102247357488
EK202310209810,139.3574572572064
EK202310223071,133.1615123450052
EK202310218487,147.78542286482295
EK202310232696,159.82997420436212
EK202310209345,135.05975433167012
EK202310170813,130.69492604800314
EK202310153786,165.0027207729192
EK202310151789,141.9724331332208
EK202310151677,120.45820048703098
EK202310137204,138.88685736370766
EK202310218836,128.45758284592114
EK202310151080,132.92003572468892
EK202310164354,149.34634668044134
EK202310173775,152.53827832337993
EK202310121695,156.36824552720088
EK202310205477,135.58547494171265
EK202310157033,149.5953143642135
EK202310119370,133.23433531926383
EK202310126142,160.06235282483806
EK202310205658,149.18391075744128
EK202310186719,164.78052409095574
EK202310144182,141.2070235490808
EK202310246415,138.96322445516068
EK202310227129,161.22671726638714
EK202310156707,156.0488734823614
EK202320005770,166.92222243238967
EK202310166383,156.71203349395012
EK202310210479,131.0412478770555
EK202310179571,142.85187418109757
EK202310187791,139.5228564545926
EK202310171969,134.6298253383221
EK202310132165,155.05527481578537
EK202310124907,142.1862775384706
EK202310208889,153.57465049130622
EK202310247697,139.5271662216056
EK202310194854,133.0988812761191
EK202310225021,166.31556318007807
EK202310238477,136.78817014263538
EK202310239246,127.73505166932756
EK202310176503,141.29434043854312
EK202310176496,140.3216275247377
EK202310198306,154.21943331302845
EK202310188583,139.25875928260575
EK202310207194,155.9584546005724
EK202310219806,148.82533018801348
EK202310227819,107.48266857377581
EK202310164368,169.5701919684373
EK202310239912,137.5872515544424
EK202310198458,140.00401789541053
EK202310142902,135.9821172576241
EK202310240388,140.79507307275134
EK202310222895,140.08508330433074
EK202310160875,143.93287280763158
EK202310167060,155.71041538322234
EK202310224028,171.69950823738694
EK202310151657,139.64621878550687
EK202310155117,129.36061408758997
EK202310136926,137.3518648792795
EK202310143427,170.80333348973275
EK202310172189,128.57031190335022
EK202310125542,118.89772646099863
EK202310217168,146.4677565001571
EK202310121975,138.38092106162046
EK202310182960,126.89976612386083
EK202310128220,122.92898136325748
EK202310112524,141.30359762888182
EK202310212379,138.49285180922058
EK202310207577,153.56211115411722
EK202310153262,152.93932996619242
EK202310198456,145.07035028490583
EK202310108358,127.9432727441784
EK202310160189,154.05473970030786
EK202310210891,127.95596278900518
EK202310193109,130.54846236783717
EK202310181289,148.6937082059655
EK202310131577,147.78375013152106
EK202310211895,153.6757973902644
EK202310190829,155.55597077951265
EK202310127301,156.4637769412482
EK202310116811,141.75127644430162
EK202310107250,146.21747772913545
EK202310107498,122.8173860474875
EK202310192130,147.70955248894177
EK202310132040,139.633696252807
EK202310175120,127.26612260274182
EK202310246012,149.30843605637557
EK202320006537,168.40629928457795
EK202310129645,155.2389938910181
EK202310188742,140.69330078819084
EK202310196813,134.20892985244018
EK202310125413,147.9457248211882
EK202310166995,134.55976499885355
EK202310146585,133.32286111163165
EK202310229973,137.6198801473287
EK202310247518,133.7998666443125
EK202310198340,135.64906506644826
EK202310113811,136.6941983001198
EK202310188773,150.93883653374647
EK202310109282,148.66708758348926
EK202310240034,141.90154404433557
EK202310215437,135.79558975501334
EK202310194389,162.87748470373273
EK202310172196,127.669915704371
EK202310165827,141.55643270464907
EK202320005561,148.76442016621664
EK202310149595,147.3172398807265
EK202310168288,159.21370814727624
EK202310140892,123.56062159445281
EK202310184756,143.54243322315597
EK202310155970,145.74576685197505
EK202310219701,136.97176175927623
EK202310174732,129.84326582641845
EK202310195694,152.19568790629776
EK202310213272,149.20431511716666
EK202310140437,152.11325801173624
EK202310235734,132.0440549363153
EK202310130236,165.19261082605894
EK202310144191,146.98282624490852
EK202310190014,157.9232948846282
EK202310244140,149.52146928982705
EK202310179886,150.62781090995722
EK202310124185,135.56368705447994
EK202310153209,115.16919364433333
EK202310153141,149.79181794324936
EK202310203881,139.1939544203181
EK202310166214,167.60853952592046
EK202310165860,152.68942252382044
EK202310221150,133.53229345984434
EK202310212669,127.84870234273397
EK202310183646,137.6885265684237
EK202310161293,142.8588336331941
EK202310123374,126.46379435358365
EK202310167702,124.74069140456226
EK202310218991,138.18733933006058
EK202310153681,133.0917213413432
EK202310132053,156.11707377580333
EK202310181558,128.97304644819536
EK202310234347,158.03957154009262
EK202310205398,132.35581890997136
EK202310236180,131.04961180882412
EK202310215127,135.58544119933632
EK202310184646,166.49765568373675
EK202310248044,134.85699714676733
EK202310232425,131.0864078932705
EK202310151757,131.16366591363618
EK202310134956,169.43408175944884
EK202310203447,137.10484555989618
EK202310125366,133.9957762151216
EK202310180083,145.4713576122932
EK202310170602,150.93414330464967
EK202310189329,136.99498460639415
EK202310152190,130.6685516672217
EK202310118845,142.78963491116644
EK202310202683,137.08500739386005
EK202310131733,148.71448849915103
EK202310151659,133.70132931342974
EK202310111223,149.74040308274752
EK202310189015,147.5319319386456
EK202310204933,130.18473080890152
EK202310220311,147.0383436543239
EK202310153186,150.85464838395873
EK202310204998,147.44899671541495
EK202310206640,119.34537427930533
EK202310148731,151.8167508536285
EK202310177950,126.85629365981943
EK202310236764,146.27655899203094
EK202310149184,120.21700495582009
EK202310243178,153.06684568303316
EK202310149329,153.55937004877873
EK202310124506,139.33109851655217
EK202310175231,153.13128757077703
EK202310117163,145.68486579157138
EK202310235121,159.87796042349385
EK202310201963,138.6462025927075
EK202310177877,130.74258143156882
EK202310196442,144.7860878008785
EK202310165909,144.91041202016822
EK202310148120,149.28673643755414
EK202310165323,140.90278183960464
EK202310148717,132.5035851575763
EK202310110684,120.9051491307828
EK202310131621,154.94169331438965
EK202310155848,137.49528818999568
EK202310116241,136.0345250249584
EK202310139259,156.9480476289043
EK202310125773,132.8162886494254
EK202310233036,156.83056275373764
EK202310149022,148.0349683859641
EK202310189335,132.47146206277543
EK202310124884,135.06935711999535
EK202310120137,140.9502582937497
EK202310164298,147.74112074431352
EK202310210341,154.8436803381648
EK202310235088,134.24139898440671
EK202310187731,145.5688813654639
EK202310243618,144.21003582333185
EK202310246975,148.43133748687774
EK202310178699,178.3407545221566
EK202310208826,133.32177235592607
EK202310192931,151.99938857772452
EK202310144942,134.94372461117754
EK202310204406,143.48886465036497
EK202310228390,137.6239484621524
EK202310116598,161.89713695855187
EK202310168298,148.04453833608287
EK202310221487,152.9024955685125
EK202310129003,129.79782649478557
EK202310199518,138.98490444036798
EK202310230415,135.45729380123316
EK202310229198,127.3946534783325
EK202310191619,162.66082489922624
EK202310135624,143.90784037535937
EK202310188764,127.38265199765917
EK202310194928,139.1395023419948
EK202310136019,139.22947232970853
EK202310193486,138.8424458481863
EK202310114440,127.04809662918059
EK202310233214,133.1358146580653
EK202310228766,136.7738550033614
EK202310149990,168.11814039965617
EK202310122654,136.39105936798774
EK202310221978,147.86963672911963
EK202310166235,125.37430070956505
EK202310165801,141.10896440511715
EK202310164057,129.54541266754666
EK202310168718,137.3759418916616
EK202310108201,144.87296083774453
EK202310206343,164.3876862859263
EK202310114675,126.19357387440908
EK202310188537,144.66629642771414
EK202310179087,143.55680836943537
EK202310187084,173.56969366481738
EK202310187925,124.5324012512439
EK202310170956,156.50283433956295
EK202310212887,132.03639206620133
EK202310137413,142.92677878786205
EK202310217648,128.6923029467922
EK202310174679,155.5148962496932
EK202310229265,136.61527884753477
EK202310148461,151.6949896667877
EK202310222772,133.54215010683998
EK202310113407,142.52043464700347
EK202310206546,144.97089521729572
EK202310224810,138.13071944682565
EK202310228008,132.714700330289
EK202310165670,134.86475036071772
EK202310188801,173.10321724661446
EK202310163428,128.68258689645967
EK202310155452,132.3945657595375
EK202310188057,146.0752086931225
EK202310191879,135.01042405920583
EK202310221170,143.4096424296339
EK202310231103,131.46904417341892
EK202310242198,157.3888975397443
EK202310187526,157.71265487672892
EK202310188098,137.7555636655882
EK202310203053,148.05831133669224
EK202310215291,136.8508453800749
EK202310175087,136.5656997406319
EK202310187624,165.17235091550418
EK202310190415,145.5774600143368
EK202310123309,164.4779879647552
EK202310148164,139.72601030256638
EK202310185918,130.0397589119387
EK202310122611,131.6959721326063
EK202310174402,137.40466783555345
EK202310165680,128.38159519348648
EK202310234342,151.21789194482454
EK202310196937,155.95586734684966
EK202310111601,137.70766839391402
EK202310115643,133.31131298545012
EK202310111554,131.62115658058644
EK202310128358,128.81155295884278
EK202310131862,142.8406980032542
EK202310207446,141.65700792253227
EK202310189921,162.87426063676492
EK202310129789,159.94880876707478
EK202310226523,138.21945637359832
EK202310231417,129.55099282548005
EK202320007285,178.00597835325837
EK202310217873,131.76862287238367
EK202310105042,149.4865986589496
EK202310136636,146.69644425546224
EK202310175915,152.70224663703118
EK202310003483,145.73732723220982
EK202310200419,147.57689172841216
EK202310117924,154.55375225371185
EK202310181210,152.5302052629111
EK202310202561,158.07504268100934
EK202310107499,149.20511728949202
EK202310107137,135.36499775633808
EK202310231924,139.43569837981968
EK202310144923,149.8345264589243
EK202310207718,146.9116039343105
EK202310212477,144.8113301746439
EK202310107846,132.10167794634077
EK202310185004,140.02426583339997
EK202310134355,155.97380024847416
EK202310170491,146.68619320887262
EK202310234495,136.28926493165542
EK202310126339,135.03016283347876
EK202310185015,135.4678832195235
EK202310208389,132.18432923685566
EK202310165712,172.0270399200402
EK202310168161,154.81269403938896
EK202310152314,142.50149497667636
EK202310207349,136.02971232156332
EK202310195623,146.6050857279461
EK202310187039,142.9829803250777
EK202310141159,146.37623576219573
EK202310209863,143.9601113230457
EK202310160465,149.17504059287714
EK202310171624,135.90218382824324
EK202310227086,153.07838248685314
EK202310177422,139.47992791987974
EK202310240033,139.67470871805733
EK202310147863,150.7298245550787
EK202310187436,153.46629676526047
EK202310210870,138.80951257855398
EK202310104543,152.68828800788896
EK202310136266,134.10697698757346
EK202310169848,146.24298146474752
EK202310134804,129.79714211229575
EK202310128125,139.03330784205565
EK202310105804,139.1776078538881
EK202310240636,141.90956900677165
EK202310128250,123.44279073068583
EK202310167986,147.65605867584182
EK202310223738,124.43291526696981
EK202310194978,154.95157909384133
EK202310174109,136.31590911741455
EK202310234407,118.85508662815973
EK202310174138,132.33001790981922
EK202310167183,139.21388823006836
EK202310111941,141.02623139209896
EK202310199956,144.2070141843247
EK202310116743,149.21714823540188
EK202310140835,150.82310983421158
EK202310179216,168.62696268746606
EK202310205539,159.63869207798012
EK202310196566,149.95256403509094
EK202310224930,141.76228280439753
EK202310120947,146.67991349758623
EK202310170902,127.43265155714997
EK202310235028,146.88052422946004
EK202310113734,143.16225041198757
EK202310204036,139.81995784438314
EK202310230642,129.59474390549528
EK202310131709,137.93082316032363
EK202310226061,137.9223363246464
EK202310175946,137.99305157253926
EK202310152205,160.7248057209323
EK202310188482,146.69224763004192
EK202310108311,137.57716185351597
EK202310191290,136.22397257289512
EK202310144489,138.00630689939447
EK202310172283,138.65153121569656
EK202310226719,152.005515721663
EK202310159716,157.31412645434472
EK202310199594,149.03943288105322
EK202310173559,139.83894810779384
EK202310136955,146.05685231322343
EK202310116269,135.96138209916697
EK202310193704,150.17826698268226
EK202320007431,166.66945726108136
EK202310132812,156.11917868570436
EK202310180739,134.74597136048072
EK202310174941,162.3691391185432
EK202310178926,143.80116276002752
EK202310194112,149.25665512430177
EK202310133210,136.3560977082778
EK202310192212,126.8229576430607
EK202310120175,138.6325290506142
EK202310139063,148.54680780629414
EK202310110816,135.29740775679792
EK202310133264,148.5447551235116
EK202310104140,145.7046624114023
EK202310162125,155.00659490341923
EK202310144954,126.57675011343902
EK202310169762,125.2108225296145
EK202310161221,155.26207442166188
EK202310216951,143.6523345841898
EK202310231726,139.8806661829162
EK202310149140,171.243664213975
EK202310129051,141.4429327065894
EK202310134433,132.6349806528163
EK202310247557,163.41090417819157
EK202310231514,123.34882304973472
EK202310224127,140.25327929781508
EK202310126711,132.12258788488387
EK202310145914,130.84359564103505
EK202310147010,164.99606223751073
EK202310141199,143.36359950623995
EK202310163547,136.31037500461005
EK202310204148,140.58349584244152
EK202310159997,143.5871918241188
EK202310147517,142.57746739989256
EK202310120397,133.77534003730716
EK202310154029,145.00255216533606
EK202310208628,138.2351362856445
EK202310240529,141.34056977591456
EK202310119023,167.03130385251282
EK202310171849,132.34295192322284
EK202310180911,146.93333890630703
EK202310111220,131.43248086726328
EK202310155400,135.97298044898346
EK202310205379,135.08393601656218
EK202310151041,139.3359935101586
EK202310122951,138.96828424525611
EK202310196536,158.4619810405587
EK202310160766,125.0453089088575
EK202310209097,152.05159633336805
EK202310140289,133.1300957751892
EK202310133699,166.0924957831518
EK202310193965,134.76483333396666
EK202310201530,150.5265466887345
EK202310131280,133.28670781026662
EK202310225831,137.43455728571718
EK202310197460,145.33929284070643
EK202310225230,125.46717743493386
EK202310158454,148.89389430307904
EK202310245266,160.88393510216352
EK202310175415,141.8370643352989
EK202310194223,142.19346218375307
EK202310199942,150.34688678469914
EK202310233835,151.5896513907609
EK202310220027,147.78296454481165
EK202310119464,146.20548858632142
EK202310179368,140.18504711658176
EK202320006345,151.19883587291213
EK202310124702,140.37500627631042
EK202310197937,124.96181238162154
EK202310159091,145.62541698677475
EK202310138888,146.48343583450549
EK202310216680,135.99743482590054
EK202310240252,140.50177088954962
EK202310175387,149.20296017903166
EK202310199869,128.97008286437034
EK202310140275,136.06749615771687
EK202310151577,118.81182211335761
EK202310130981,121.33174560283561
EK202310131764,117.41872294667844
EK202310121874,142.49589531919332
EK202310171868,139.09110375464275
EK202310140109,166.18509208780452
EK202310120574,128.3212161196286
EK202310151566,136.63602185111938
EK202310124827,161.0282472675345
EK202310120607,150.12224162114913
EK202320006257,162.5907996829775
EK202310220130,154.1553404429433
EK202310144885,148.82561391884684
EK202310186525,134.0944576566138
EK202310219807,157.73013502513206
EK202310167657,142.5596603566526
EK202310123275,133.127750653655
EK202310215234,153.72307562867252
EK202310146524,148.93768241949113
EK202310169940,134.31660657240758
EK202310243649,120.92505133426371
EK202310183687,132.24139936118377
EK202310130415,160.51316790189475
EK202310188385,139.21865650548978
EK202310158217,156.03253592529146
EK202310004449,139.45208273148629
EK202310193236,151.698966223735
EK202310151651,141.02174887312495
EK202310106009,159.8964908889599
EK202310185711,151.56414726350923
EK202310104495,123.79868195604352
EK202310144848,160.97171733810896
EK202310180048,138.0809182471663
EK202310137754,150.92930607516863
EK202310156546,163.88758516323398
EK202310137352,140.25022506928883
EK202310182441,122.86063100024276
EK202310208167,155.3019747914225
EK202310223871,139.8157570310208
EK202310172342,131.91480007500604
EK202310219366,154.02133643716257
EK202310196187,142.99787263538977
EK202310138150,119.09678895108107
EK202310172299,131.68176274860502
EK202310127364,166.73051003335235
EK202310139869,142.45863911870808
EK202310128954,145.54292432963607
EK202310146322,146.6091972778759
EK202310162849,149.06053711046297
EK202310181038,132.90680584292414
EK202310170175,145.25057235418714
EK202310112098,157.2996501977446
EK202310176673,131.48230464844318
EK202310139559,152.73531895432126
EK202310233592,156.19474240193514
EK202310224263,145.42022473564995
EK202310110134,147.95983981697657
EK202310226556,149.56278956809135
EK202310209883,140.6004174666558
EK202310231890,140.16555754197265
EK202310190968,156.16960195285316
EK202310136859,161.40565795428589
EK202310247260,130.1948548825856
EK202310172360,117.36008371264778
EK202310210416,144.4763928950103
EK202310227699,143.464377898752
EK202310213569,132.21407466712228
EK202310224874,126.331971750713
EK202310169709,155.7825156624053
EK202310228257,147.9012579367753
EK202310141038,150.73185393904285
EK202310129192,134.1148096927373
EK202310107751,140.746079159922
EK202310140717,144.07012159166854
EK202310228229,149.68672726989098
EK202310207072,141.0063460205575
EK202310202830,140.84920599552228
EK202310148905,148.18939160239378
EK202310127758,151.75758344150142
EK202310178020,142.4995839556118
EK202310193951,147.30817570763213
EK202310155292,130.9320624147114
EK202310144487,128.60985330923967
EK202310121253,137.15746647862676
EK202310148088,141.53018997783317
EK202310187124,142.1999303977244
EK202310229693,136.16225203635727
EK202310201484,145.29592452810812
EK202310129571,137.37999468124775
EK202310125950,148.50314751950668
EK202310185603,164.55601685602488
EK202310114453,162.51490272971068
EK202310117950,169.66631775307155
EK202310119043,147.4497600749187
EK202310198703,180.9792473947852
EK202310140299,148.6774965096146
EK202310135296,168.41114028489451
EK202310107227,139.25571305865486
EK202310240359,145.0078024271274
EK202310240921,136.1900742950887
EK202310128737,139.65075842300985
EK202310124258,141.3763478287558
EK202310220986,129.3641778762617
EK202310120232,145.25145547287732
EK202310164246,142.02953595299812
EK202310179029,144.27014199307266
EK202310162108,176.67566799772692
EK202310117566,129.05120197005698
EK202310232452,133.94853451956308
EK202310199397,166.24724227010225
EK202310150619,149.34094143348196
EK202310112912,143.60776490074423
EK202310196213,172.3475930714956
EK202310128306,137.59007169001322
EK202310186545,137.675438786818
EK202310245338,149.7098373334522
EK202310126833,147.26058971541107
EK202310183324,125.10010892693043
EK202310206548,142.4794497228738
EK202310162684,139.09654582098355
EK202310158471,163.1026015687273
EK202310237583,135.65449812624553
EK202310142976,142.94314081129536
EK202310181877,163.79808147907207
EK202310193411,134.36281264859176
EK202310140403,130.63167292949407
EK202310223571,137.5892372537882
EK202310200630,147.74395052349678
EK202310219428,135.11278144264978
EK202310149680,149.77386166163507
EK202310109895,145.64896851560204
EK202310204098,154.1540325473138
EK202310177412,157.82642206775958
EK202310219692,133.19078188737373
EK202310103878,146.6502410817908
EK202310193630,130.63310476745568
EK202310109504,139.68279635871093
EK202310109364,134.9388999835234
EK202310239283,142.15837330793224
EK202310104478,126.21541395391858
EK202310204048,142.49984574428674
EK202310159059,151.51758652262438
EK202310156030,159.54586016708996
EK202310245545,145.24985264696855
EK202320007416,166.29976483685653
EK202310221846,146.00720661115815
EK202310132308,154.5499147312795
EK202310197059,130.77059632718795
EK202310234332,153.49187490313977
EK202310194822,166.3062953274664
EK202310148932,127.06297409821559
EK202310128434,125.7900824687483
EK202310238922,135.50605227073743
EK202310114232,150.49497529599114
EK202310175005,146.33072548539954
EK202320007002,163.37961000432637
EK202310197439,127.96612171844642
EK202310236355,131.6280786777232
EK202310003833,141.37917755180501
EK202310204832,135.29826526473295
EK202310004506,121.42776881783746
EK202310121065,149.24291576981278
EK202310127094,176.42225510468512
EK202310213840,152.05104985235587
EK202310114333,132.739077207178
EK202310145274,164.60753590355625
EK202310222042,132.67509340787498
EK202310213433,127.91000920171078
EK202310146144,130.32365529431314
EK202310204047,136.30347761743187
EK202310212828,149.76195832715155
EK202310138593,126.20211525366793
EK202310226806,126.19515476384045
EK202310208095,144.78750329742226
EK202310114814,138.15259435757113
EK202310186543,152.94881722698594
EK202310110336,128.79853074172954
EK202310167478,142.5450074046889
EK202310236430,121.13739625030121
EK202310217023,134.9849521087758
EK202310153953,146.83888489105908
EK202310230502,129.5908288071855
EK202310247381,137.60830889131196
EK202310208704,139.0223532788711
EK202310139824,130.15675066892857
EK202310197168,139.0586857607466
EK202310128080,154.5632372863515
EK202310123269,146.50186820885375
EK202310121955,140.49545792883458
EK202310161214,151.55454946702403
EK202310133556,140.61319122309058
EK202310197481,126.74091474360381
EK202310246538,127.57604452481412
EK202310194330,156.46698377389916
EK202310178652,126.57735016428461
EK202310209776,149.37835967356747
EK202310242382,138.67318212571763
EK202310234518,141.17661727805768
EK202310217553,130.9722262913471
EK202310003369,132.29656478250482
EK202310207859,132.19948154564662
EK202310215266,141.37124554571406
EK202310191942,147.54277684978572
EK202310113737,141.95479246420896
EK202310128655,158.83532670984837
EK202310248203,132.2993608507268
EK202310170678,156.9840930175465
EK202310225376,147.4406990787787
EK202310198236,131.67066043031917
EK202310138567,145.47041390258835
EK202310148635,147.33556789573893
EK202310121362,153.21216700750432
EK202310216537,156.34798082021123
EK202310244010,122.14007979297801
EK202310199391,167.0578056164104
EK202310150957,130.49508528364322
EK202310160956,163.45969413135353
EK202310234204,130.20778844157863
EK202310230587,160.19535639825972
EK202310212166,156.48341825221289
EK202310164638,147.80040952242535
EK202310157872,149.80733987486104
EK202310206238,162.39568978809172
EK202310137733,135.63940663086987
EK202310123238,123.39007228794368
EK202310201665,133.20828624823594
EK202310150077,135.48868632428628
EK202310140491,126.37667209866893
EK202310183010,148.4668455471159
EK202310168338,141.88579613201162
EK202310146731,135.41799372750103
EK202310201575,145.05738693322914
EK202310151646,130.27053467622665
EK202310110613,147.13672723709033
EK202310107412,151.82526962120062
EK202310110590,112.65565858472583
EK202310127237,164.98750597133937
EK202310217513,136.48668650707688
EK202310148694,167.86035992909146
EK202310223185,134.66626077487726
EK202310172511,148.02438052867944
EK202310219014,149.9095541988167
EK202310134780,144.88681263184608
EK202310117915,127.79273373828475
EK202310153389,136.99168049947582
EK202310207296,136.94162762908329
EK202310132494,132.54737932576072
EK202310187803,130.11813962949472
EK202310233954,134.4885389359369
EK202310119049,117.01947227845723
EK202310243256,142.6328836251478
EK202310244548,114.19400785694147
EK202310240124,152.9397754224496
EK202310148734,124.6182471667652
EK202310131233,138.67834091613184
EK202310220058,132.01370893003678
EK202310217202,140.18408945301363
EK202310179774,136.19102170421897
EK202310227794,143.3131568475501
EK202310132105,132.25083559952157
EK202310177761,160.08368903578628
EK202310227840,144.41340047596086
EK202310169016,138.94535701076228
EK202320006837,170.14201881383042
EK202310108574,155.60380126868293
EK202310190548,139.48375193271627
EK202310109486,133.97380089802883
EK202310200259,167.34210467189408
EK202310162701,170.5818589467232
EK202310160336,142.70325312056298
EK202310212709,135.56281193945983
EK202310226725,139.91431592987954
EK202310158681,149.8441295806568
EK202310107964,143.0522260961418
EK202310235518,142.91624329657003
EK202310123552,145.36110745299703
EK202310201865,147.46971740797179
EK202310145317,157.66417294917872
EK202310183030,156.9460634475096
EK202310200118,160.84327776389344
EK202310114422,145.48886152643888
EK202310157848,132.28373186037888
EK202310239370,148.15596841476417
EK202310131836,170.06900535191093
EK202310143421,129.41491252065163
EK202310205485,129.30782814135364
EK202310168662,161.23641846415322
EK202310154586,174.87786921525017
EK202310186744,138.45398980474693
EK202310233340,138.87822249742447
EK202310239910,123.4584631035617
EK202310245136,141.26078386263868
EK202310149851,169.53372859010886
EK202310149779,151.1335383534823
EK202310228990,145.05080698838722
EK202310242178,153.6405042887602
EK202310133873,174.66435886375677
EK202310164264,137.593035412213
EK202310231632,137.19350409630368
EK202310144424,129.2172305559103
EK202310112760,129.80843420890585
EK202310212956,134.92394848500638
EK202310145964,138.5012815389743
EK202310126563,123.98212361656537
EK202310109694,154.72001987629648
EK202310128490,125.61517750683947
EK202310180704,170.06421525016202
EK202310126998,137.9466787140331
EK202310112115,135.70599809681565
EK202310209159,147.67357968766726
EK202310191498,136.20657908207082
EK202310216436,149.74062851968466
EK202310163197,141.2962343108568
EK202310151701,136.09296382708214
EK202310110130,124.18251770278441
EK202310226705,140.71904552466125
EK202310139340,167.8090216486404
EK202310110862,136.46982746037634
EK202310127381,157.3197755201366
EK202310202546,170.12063675677177
EK202310225643,146.18460214707943
EK202310213096,133.10380431302949
EK202310235079,142.26664048950377
EK202310109108,174.8471254829226
EK202310225137,150.04848901467642
EK202310187484,139.86318688238933
EK202310244698,163.42581353250463
EK202310182643,151.9840821666701
EK202310172470,156.2306849864719
EK202310202542,124.58715329424771
EK202310240368,145.2125902195316
EK202310103843,139.91692156229095
EK202310219530,143.01184548394377
EK202310176306,165.70451002064354
EK202310239841,143.22415147629425
EK202310216087,142.000030709073
EK202310153817,137.44653335229836
EK202310170433,142.75634153870712
EK202310219831,140.30819357971706
EK202310232545,145.42178433237714
EK202310128070,149.65411205040272
EK202310160215,136.29429759510936
EK202310233605,139.02605573938152
EK202310004309,138.48517259548868
EK202310162940,154.41289490550952
EK202310229901,126.63899658387629
EK202310155025,149.03483520609296
EK202310127004,142.27504151777026
EK202310247408,139.18109535742587
EK202310202128,146.18811278875026
EK202310178091,119.00903440710549
EK202310123328,128.85538489223927
EK202310228444,131.0727929097739
EK202310156135,140.85836917878353
EK202310164582,148.3495437518427
EK202310120354,136.65512679480415
EK202310225755,158.67947792816167
EK202310242750,135.16503575208674
EK202310142998,151.20533859271262
EK202310224125,143.8595301632586
EK202310169891,163.07211818380244
EK202310115679,122.78047178287653
EK202310198800,167.84139461584846
EK202310105498,147.82197911275242
EK202310178156,162.45880136452885
EK202310186930,156.7751463782078
EK202310133899,140.09097868289902
EK202310156394,139.0158882616355
EK202310122250,148.5377101603358
EK202310148614,139.93006841952229
EK202310195974,153.65537507542481
EK202310140125,122.83081452015426
EK202310210027,162.390802909423
EK202310123730,128.3156729111495
EK202310116187,144.4011115994772
EK202310159940,135.23396025702914
EK202310120469,118.1718249439083
EK202310153614,150.87722751949389
EK202310233640,138.46769523948933
EK202310185515,155.86422392836982
EK202310205120,146.9901418905598
EK202310178305,142.07595371696928
EK202310184917,174.98627897781213
EK202310194354,154.16201735170623
EK202310171208,138.99464314730017
EK202310154255,161.8653411238728
EK202310245884,147.96018633753275
EK202310179361,145.02310784384906
EK202310181720,149.13357885528285
EK202310198136,158.82579382254914
EK202310123723,147.69716398730972
EK202310162489,145.87759420046754
EK202310242175,149.19051565175963
EK202310224905,141.31114138356162
EK202310248091,144.76983269853596
EK202310123593,155.80019150965285
EK202310183684,120.30860114249414
EK202310235351,154.8915525187372
EK202310169872,143.71026463998695
EK202320006484,174.39924993000812
EK202310199450,166.5474291974649
EK202310109127,136.73040111892246
EK202320007711,160.07947072818826
EK202310156432,131.20944034859804
EK202310233998,128.33892506471622
EK202310128218,130.72131440660797
EK202310121076,139.85924774084683
EK202310161013,129.86001391901482
EK202310116233,141.50044968992134
EK202310172825,133.99546371020423
EK202310126048,167.79546990792667
EK202310238467,146.8737956085928
EK202310172112,135.8507149912751
EK202310105094,146.6188010337272
EK202310228653,129.65586701164935
EK202310166974,141.8132943908391
EK202310236937,127.56952052629464
EK202310155066,136.6171718267707
EK202310110822,150.08530633490852
EK202310117204,151.28948731168475
EK202310124699,143.70614787327008
EK202310201420,134.31891374402994
EK202310193066,156.12858346271997
EK202310103851,125.26658802169958
EK202310107858,142.57492355677059
EK202310136568,156.79345090280262
EK202310108975,149.7885517340367
EK202310123028,126.58108472381787
EK202310124327,143.0590508599333
EK202310127718,152.89225551729024
EK202310155357,138.33335013170156
EK202310230360,141.98047479159823
EK202310107277,143.34437060358633
EK202310140418,159.89347643180614
EK202310205320,145.3289890610659
EK202310111068,147.53600846581583
EK202310199336,151.09167539896646
EK202310124051,145.81323640487747
EK202310137534,130.70659893653908
EK202310134728,119.3150792748034
EK202310186537,142.6583598184168
EK202310212779,152.79362866570264
EK202310184455,149.5464252528839
EK202310243388,132.74360391441363
EK202310137422,147.6886931023714
EK202310241788,149.34408889390664
EK202310107922,153.5535494099202
EK202310193955,143.46843912608293
EK202310194721,147.62424512633226
EK202310146903,141.54598500256085
EK202310134637,131.83503904550722
EK202310115633,121.63687204567282
EK202310226326,128.0718647295646
EK202310191621,160.92866845822186
EK202310218537,158.43403088797461
EK202310140032,140.12279813670457
EK202310187906,158.43969273854015
EK202310160631,145.83864416728187
EK202310235165,132.70077387978964
EK202310226953,147.3706540881152
EK202310231462,138.9329146934365
EK202310131496,151.98229943496398
EK202310215576,164.5595519811888
EK202310122149,143.8601209674688
EK202310167024,149.57047458228357
EK202310201015,159.0378429494967
EK202310139845,158.5227159043113
EK202310206739,147.74367884422426
EK202310107474,120.82707813216753
EK202310212444,147.63680271102575
EK202310160242,156.90647212586413
EK202310151058,140.29101832078172
EK202310107745,147.03019584235284
EK202310180777,142.22897192965243
EK202310118200,132.1556156486724
EK202310110288,141.09139189323224
EK202310133962,158.5851836091921
EK202310209998,150.78892462922576
EK202310113961,154.7230232513212
EK202310125421,126.14996270261211
EK202310204604,137.91152600457056
EK202310120459,141.21202432028537
EK202310179318,165.88713431721038
EK202310188043,137.37013761171565
EK202310139621,150.94483190445928
EK202310223960,139.42894337998888
EK202310116277,155.89465508532336
EK202310173520,131.7904092324215
EK202310140244,117.00747345925936
EK202310172775,128.42643744232123
EK202310209021,153.94238429299216
EK202310137060,134.49321278803697
EK202310169472,160.76016548491344
EK202310220708,152.50568633914875
EK202310155346,138.40342471141187
EK202310203724,133.4910100697599
EK202310174172,125.10902205485257
EK202310127338,136.54870518964776
EK202310231177,125.70457227070487
EK202310110283,119.09033905804374
EK202310194192,160.44819226803548
EK202310179609,138.38063163320282
EK202310233542,169.32231426013115
EK202310223188,140.7671269185642
EK202310160161,139.56907606135212
EK202310142059,148.72482517107662
EK202310148973,151.9508660074963
EK202310185968,143.00689095160473
EK202310143375,156.83816402547993
EK202310223394,134.1551922197857
EK202310142935,142.19514416699292
EK202310128889,130.30266626843826
EK202310243694,123.15524077960336
EK202310168873,146.43938170254214
EK202310110255,141.3550338484978
EK202310217355,145.86862917220637
EK202310170477,128.017238347959
EK202310126294,128.7634932430751
EK202310193447,149.44834668954388
EK202310208452,134.52088754249024
EK202310121117,141.26599409159928
EK202310188124,138.0986213684858
EK202310200744,168.45727828811948
EK202310246111,129.7788878974827
EK202310161343,167.10809510668165
EK202310174717,161.0813640992414
EK202310162592,146.35440561075666
EK202310199334,151.9672260827237
EK202310004427,149.40322753605471
EK202310128231,125.27999023046536
EK202310159198,128.5615519729357
EK202310190595,135.937813958066
EK202310234887,141.77987263738976
EK202310230530,132.90830652064744
EK202310212245,133.5758214147795
EK202310247440,125.0917978479946
EK202310190679,156.79557116627532
EK202310215878,145.50242453734379
EK202310118270,134.6391369529986
EK202310109213,155.26577163989057
EK202320007685,175.0942111261497
EK202310125681,153.13907542899312
EK202310187523,145.27659644512408
EK202310185418,155.48766441036196
EK202310147002,145.6685005855135
EK202310171520,143.11978749275656
EK202310222521,135.1603971015325
EK202310200454,156.313207423478
EK202310121658,110.9125525399285
EK202310147902,150.36970736122507
EK202310204527,139.78377901329944
EK202310202723,133.1183010902058
EK202310149975,150.03000265914596
EK202310157163,156.9457447426222
EK202310125893,135.77483115376106
EK202310121387,142.6196827412837
EK202310151762,151.77376442168895
EK202310193998,151.54907635477113
EK202310106551,136.7710996580634
EK202310245044,131.42193332021472
EK202310207864,135.58504258832164
EK202310150519,128.89842507408903
EK202310180535,141.4303794038638
EK202310140574,163.45212742933677
EK202310152351,131.19019513457627
EK202310119381,151.28619024121554
EK202310144308,137.2141616769511
EK202310204920,138.89911672202396
EK202310169039,166.88955014419847
EK202310126992,133.02962428675355
EK202310165821,136.5812363074356
EK202310218625,132.62516891342216
EK202310224581,138.87589494846313
EK202310104040,131.64125304292781
EK202310151985,146.16994874980406
EK202310151422,170.38699641145408
EK202310181497,137.7419086964807
EK202310143064,158.66737088358184
EK202310115232,160.6086016440442
EK202310160598,144.28819871041156
EK202310153804,145.17205826415957
EK202310246991,137.74242569579243
EK202310205912,135.9685605772354
EK202310147949,148.59544426808088
EK202310147713,140.7419068637192
EK202310172130,125.31211027613455
EK202310193689,133.11583781286714
EK202320007377,149.43293066776164
EK202310234778,129.02268128890924
EK202310126968,142.76157323513985
EK202310168723,126.0383110416067
EK202310205210,126.95643454482354
EK202310236972,131.5639957330626
EK202310110805,126.02425341932062
EK202310110541,157.3085555118236
EK202320006784,159.764563263322
EK202310169268,150.3187740987444
EK202310192717,154.01909829889178
EK202310134072,127.00684717764736
EK202310109817,139.92900751644396
EK202310111416,139.8080575738072
EK202310163760,139.2669104892728
EK202310206928,163.3721876325912
EK202310222806,155.64359657961708
EK202310245025,155.10530767052614
EK202310154335,127.22278784024233
EK202310122966,150.93262687100926
EK202310147154,159.05773920694008
EK202310161786,145.9843884364028
EK202310122057,142.13746760225965
EK202310206279,152.39478237891313
EK202310241236,152.40139337388277
EK202310107469,125.7885572968794
EK202310236549,136.9622299804373
EK202310144138,158.88931187933036
EK202310212131,140.0876365259029
EK202310112701,139.1780810482056
EK202310163659,139.67672175015326
EK202310172713,144.94958773320008
EK202310175303,121.43890696655644
EK202310129678,135.6332198117633
EK202310204116,151.91554904941782
EK202310226565,135.5191549082264
EK202310177622,140.04748744470956
EK202310173275,139.81292278161985
EK202310108694,122.52075834710611
EK202310124863,140.42712254006815
EK202310209698,134.95037135800953
EK202310155502,129.89095123358936
EK202310160025,145.2690443322522
EK202310219991,144.55540752993517
EK202310229114,141.91971011799453
EK202310179717,145.29382615692901
EK202310112666,153.01022419913048
EK202310122607,143.1465371205222
EK202310203774,118.89751003282451
EK202310167012,132.3865930252604
EK202310177207,153.92019729822584
EK202310108755,140.72375171116994
EK202310235791,126.58331218682889
EK202310193173,164.6572506099775
EK202310226669,146.56290460138658
EK202310241591,139.04115369100816
EK202310139673,150.7413763479863
EK202310245678,143.64585757198267
EK202320005871,162.77706194326038
EK202310146553,142.92704220791003
EK202310110812,144.94434862479102
EK202310163248,170.1907035549753
EK202310198120,143.11068227390862
EK202310130383,172.35402439385726
EK202310165453,152.14396050326388
EK202310129296,132.52952827205036
EK202310114158,145.92543293910694
EK202310206093,161.28139076789012
EK202310178733,157.06400594089484
EK202310148785,139.6442762044631
EK202310182839,153.84026719267598
EK202310243137,142.06348822110374
EK202310180781,143.50722045593955
EK202310221757,165.65598882899494
EK202310247595,157.40307907249223
EK202310119239,147.912655203653
EK202310174112,129.34108868732488
EK202310195036,150.08203915976557
EK202310139240,149.71427027498225
EK202310161228,140.87455339354284
EK202310124628,173.25402638018167
EK202310216201,134.50915242360205
EK202310171177,161.38515868702126
EK202310217298,147.79609146851408
EK202310105105,152.68189460299172
EK202310121917,136.13135072218083
EK202310175901,119.39982250424998
EK202310248632,132.48476741708788
EK202310168647,137.00075644995357
EK202310189433,152.4041910164507
EK202310219364,134.10408447967538
EK202310208149,129.28707072358415
EK202310115824,135.6342373824302
EK202310147437,144.913604704909
EK202310131516,149.9722817046262
EK202310216229,153.22176298432703
EK202310143057,144.9627949566234
EK202310227618,139.82913535397563
EK202310105862,143.47842722231516
EK202310191429,170.7225388315518
EK202310114100,147.10402591369777
EK202310240658,136.03167137549005
EK202310221826,151.49635092539373
EK202310228005,144.0670091439044
EK202310114273,132.2952664214568
EK202310129611,156.15601539365218
EK202310106828,127.93879540737007
EK202310216849,156.36572634535221
EK202310217419,156.07509655689793
EK202310123260,131.4023726174773
EK202310189255,136.71252772606903
EK202310141612,143.5422285319976
EK202310115638,124.26213513631278
EK202310144626,146.81505490748856
EK202310128398,134.09936556712498
EK202310150599,151.23890379463768
EK202310209851,137.6304695374156
EK202310142306,130.3838188793181
EK202310151733,153.65590599377634
EK202310115665,137.58241792311094
EK202310144016,136.96639959352814
EK202310194248,146.29305609749275
EK202310221662,151.08001218528352
EK202310239754,139.29285228481376
EK202310183618,153.980578643609
EK202310247966,126.56509053942372
EK202310144467,149.78427385994019
EK202310199980,138.91684864967868
EK202310147993,162.97013076433606
EK202310219732,142.71243715664215
EK202310201255,150.2484222828878
EK202310166834,162.8462759637464
EK202310188039,154.53047249794443
EK202310125812,131.2422529014751
EK202310149327,150.1883251893224
EK202310186774,170.48926294119227
EK202310131937,142.4474197721059
EK202310136858,140.56966784305135
EK202310194737,158.80887915924427
EK202310227116,133.7651647095837
EK202310188953,161.10378753489977
EK202310152825,174.89241351898463
EK202310233830,147.80779645497907
EK202310175569,151.01091021621886
EK202310127649,149.73881076774651
EK202310189873,162.42975608326665
EK202310164363,134.08845461563118
EK202310122930,131.05355514700753
EK202310159410,144.85645517566712
EK202310150191,121.65724592860799
EK202310174699,128.41565559620216
EK202310184344,161.26500537693
EK202310142972,152.7088474775184
EK202310136313,144.25248511680897
EK202310159605,155.37773420082155
EK202310211606,142.34811406706524
EK202310194487,153.16006168729177
EK202310109553,139.94075821608556
EK202310121906,117.82272509198638
EK202310132283,144.68820665823588
EK202310156330,153.53246189697649
EK202310109685,139.01944388898502
EK202310166453,161.38591657675317
EK202310235141,132.2498720400055
EK202310242155,143.98178766649224
EK202310171093,147.87654337258644
EK202310157094,154.7287134451246
EK202310157497,142.0185157339933
EK202310112679,149.09251775654053
EK202310201020,139.14666081470534
EK202310137760,144.62309763744753
EK202310152523,165.08784459134074
EK202310227728,138.61134195900493
EK202310194083,145.2131638823177
EK202310194984,165.61365900173695
EK202310145213,137.5478632682847
EK202310216337,144.3266373203229
EK202310189326,168.42611556583512
EK202310145361,139.13796239229697
EK202310209596,140.49902402800888
EK202310147914,150.54250860218093
EK202310210977,127.67150721350052
EK202310169601,136.05710050807042
EK202310218627,132.3390184957764
EK202310222818,143.3359174714143
EK202310175529,142.10412281063867
EK202310201612,159.73890608560453
EK202310174062,153.99511472631906
EK202310223170,134.40487099926844
EK202310225186,138.97602277628252
EK202310243838,148.89966412746745
EK202310241520,133.09873613924069
EK202310166518,124.13703239377635
EK202310113920,144.365970522854
EK202310164784,138.62355331024546
EK202310159164,148.1086071493525
EK202310149463,156.11324001478545
EK202310227499,151.17593391305488
EK202310217794,132.64557936661268
EK202310225560,146.46397389250606
EK202310147201,150.84469136474502
EK202310128156,152.837777948066
EK202310115240,135.72625234295745
EK202310238532,136.3783998383909
EK202310183846,153.9867187633991
EK202310144731,131.40790358539851
EK202310162390,137.34971775023897
EK202310197431,134.457437342462
EK202310105951,117.64117524157587
EK202310204990,147.02285531586057
EK202310210191,137.80725765642268
EK202310126933,128.02346249117167
EK202310202480,137.6508918487045
EK202310111923,144.869548567835
EK202310119216,134.43055123661668
EK202310157432,143.60317582804788
EK202310177567,152.72644991820636
EK202310131552,149.68170070568448
EK202310179248,134.22244055647332
EK202310151456,165.12573878629576
EK202310168955,143.34947963865196
EK202320007813,161.64911646554683
EK202310117010,137.12680874711873
EK202310151990,139.84641825575437
EK202310125852,139.9601668096522
EK202310136345,136.3703666905061
EK202310107482,138.49946514231297
EK202310136674,148.51205283096675
EK202310162359,163.79618610169075
EK202310130813,131.14245355884572
EK202310242095,137.56972370832017
EK202310112314,140.81511621294376
EK202310234433,133.7012910406614
EK202310202458,144.9091476303744
EK202310129103,154.8247503589457
EK202310177132,162.30167120802832
EK202310242050,151.84627155877308
EK202310232456,131.5650191097401
EK202310200214,156.66542638786052
EK202310163472,159.69877582090515
EK202310185311,154.02451451348645
EK202310228179,141.97586693883744
EK202310130371,135.4951226181467
EK202310179660,151.2441182004071
EK202310190711,154.11486086081985
EK202310246542,142.30563221263372
EK202310231496,125.63225227029471
EK202310222179,126.54925969095716
EK202310132158,151.85033460963965
EK202310167423,155.00713988770678
EK202310201349,169.28015573821733
EK202310142224,137.82190478551863
EK202310179938,149.34556915968108
EK202310223135,132.32185143944537
EK202310205817,164.73916449099482
EK202310246593,154.67942271303966
EK202310176304,152.23226364227713
EK202310130059,141.2546353703007
EK202310111192,146.83430076308056
EK202310165881,130.78174917732423
EK202310127812,150.8065431788789
EK202310190156,149.338505629211
EK202310216483,136.75137137082845
EK202310144414,135.53232208705865
EK202310132901,128.35844881837912
EK202310154231,131.00193777635113
EK202310145897,148.78382343315306
EK202310209392,136.1868631627861
EK202310178084,123.63835927396579
EK202310125343,125.22892286181292
EK202310146816,148.39529724007983
EK202310155084,151.48389912440467
EK202310168900,148.44915005371257
EK202310185047,149.12445187755492
EK202310237486,127.40111579273905
EK202310203671,176.64345513558484
EK202310135522,157.20566221105997
EK202310159093,158.4370986860447
EK202310189257,130.8495568842028
EK202310177736,143.61007594496508
EK202310105312,143.77147281085558
EK202310242607,147.35881862491527
EK202310206314,172.5905830975053
EK202310125578,121.3917137956611
EK202310217187,152.44344621990786
EK202310239344,122.27149064930919
EK202310148598,123.53534027285687
EK202310211006,151.03547966523453
EK202310141573,157.08260898746687
EK202310208369,138.1408893576587
EK202310143928,149.1320500768284
EK202310149152,141.51262825332057
EK202310150945,127.47313837537928
EK202310158400,141.1414845979679
EK202310117629,139.2307861988617
EK202310104031,148.31265833331054
EK202310110083,130.28489493413906
EK202310178368,146.24112340433118
EK202310119686,141.1723648572711
EK202310143618,162.8562869766081
EK202310120487,142.86772973827027
EK202310219395,142.09905522091861
EK202310112376,143.25781409775138
EK202310201306,148.96066828979426
EK202310228811,155.14873505634688
EK202310171144,140.24814506824885
EK202310196110,152.3107725778484
EK202310115076,139.44516114706627
EK202310106850,116.83627921227719
EK202310224133,139.20789461467928
EK202310138595,137.49430964615684
EK202310197537,147.6584500303869
EK202310190665,140.5574202232183
EK202310148759,149.67237790590463
EK202310243283,147.2093870271331
EK202310159395,163.07045607568202
EK202310114620,141.09763329128145
EK202310111786,146.33816494218536
EK202310179340,139.49750563439142
EK202310246360,141.5267128916549
EK202310165546,121.56094525036393
EK202310231626,130.87462797479478
EK202310154298,138.6221101010837
EK202310234468,126.3195592493338
EK202310216859,172.35001576700984
EK202310159904,162.3499653743416
EK202310122874,148.83508874742088
EK202310226448,136.05782816638933
EK202310109658,137.44091959487707
EK202310248327,138.61841209644624
EK202310240275,132.67324931615664
EK202310160292,127.10138450884511
EK202310130749,132.87898287708248
EK202310208708,140.5626332304538
EK202310184600,143.86693238320925
EK202310136202,143.8444447797699
EK202310118993,153.22297275511974
EK202310135570,168.1840487499049
EK202310144234,148.44741679344068
EK202310232831,141.25371856523157
EK202310190714,134.948415376188
EK202310237590,156.94997233716933
EK202310105068,143.5675756007664
EK202310233087,129.49158876748677
EK202310174797,160.52064046267677
EK202310241325,150.14518637083054
EK202310003548,143.3140238308638
EK202310226491,139.4892714621636
EK202310111356,133.75466265031767
EK202310246019,138.84869136923228
EK202310104422,124.10222605024504
EK202310140919,140.5633728118562
EK202310247367,149.5101438638571
EK202310108141,142.71475890632016
EK202310202875,158.0780982185198
EK202310132953,132.64110952366923
EK202310163551,141.84299412080867
EK202310155719,136.61883318142233
EK202310128169,153.70546411736748
EK202310227798,130.99384693536595
EK202310112895,158.98025091764111
EK202310110637,125.86789083503325
EK202310111099,149.6107967765548
EK202310160891,132.00907337956335
EK202310174833,141.8470246733159
EK202310133014,125.29023906948952
EK202310229258,141.1509250790853
EK202310191591,149.3186693547874
EK202310190178,130.67519616586515
EK202310227882,147.5809438355897
EK202310248423,150.75810065269445
EK202310199669,166.8408149892397
EK202310178419,154.93713955787163
EK202310229489,123.78352390540427
EK202310109158,164.72821499734886
EK202310167700,137.8252675853847
EK202310183769,151.73571783057002
EK202320007189,162.07789242616647
EK202310119946,139.6432714631828
EK202310171685,169.7200681072374
EK202310237171,133.09490774879424
EK202310114451,134.85873473669812
EK202310200193,139.24725850111236
EK202310211187,128.48568925501544
EK202310163649,142.2400858135097
EK202310128906,144.16670233706685
EK202310155349,153.5812256600331
EK202310226103,135.55760825996936
EK202310130867,129.2196231708811
EK202310144735,141.0364156797964
EK202310131002,137.51517816064927
EK202310147837,160.267084866098
EK202310182788,129.12323642526457
EK202310130743,137.94876464297835
EK202310195554,154.65605801302908
EK202310111296,156.4333757387383
EK202310109329,141.80896498936534
EK202310003505,136.15993209414455
EK202310182130,142.25661340156387
EK202310158028,153.75212355338965
EK202310156165,147.17019013122388
EK202310210442,132.40422839542916
EK202310182184,158.21217945634316
EK202310198996,127.59461023430174
EK202310141171,141.44502997001362
EK202310223224,142.74917178911906
EK202310186527,132.64331861190254
EK202310155114,162.68573184337578
EK202310176069,161.60944792495903
EK202310129120,154.82338064848588
EK202310189707,133.91708762037493
EK202310116275,139.89957208701898
EK202310208833,139.70634313202387
EK202310197309,149.64439622505637
EK202310213895,146.92382591011707
EK202310208737,146.29634632482728
EK202310200447,134.4711996499076
EK202310152283,157.2235188938908
EK202310220449,154.85933112742396
EK202310110949,131.3163148176195
EK202310209106,150.4953811552303
EK202310223835,134.11622827001057
EK202310230881,138.05068527878052
EK202310122186,154.8264992574189
EK202310170304,150.58511769288452
EK202310193993,154.12803645028657
EK202310141761,149.74814541534062
EK202310127568,133.38565206684513
EK202310128895,146.03122529453753
EK202310228433,138.8826256812023
EK202310118632,141.2418782131623
EK202310104226,137.58762228693618
EK202310164491,154.20039085977015
EK202310216438,140.13212048623012
EK202310214077,164.68512106057977
EK202310247400,171.0846596091668
EK202310174422,143.65330179592058
EK202310122877,134.2305476421064
EK202310128301,158.31406641467058
EK202310121029,145.50149619473373
EK202310156904,136.78447768062134
EK202310228463,137.97598882759445
EK202310197399,136.24283860511358
EK202310210314,143.47412310798623
EK202310114247,148.52974999092277
EK202320005931,167.0195424014768
EK202310129928,151.39758922756863
EK202310213491,131.48663531226896
EK202310117524,159.79176863878322
EK202310118755,139.6718193992092
EK202310184404,126.08674068767682
EK202310227256,128.19082526427871
EK202310179166,132.17955999952733
EK202310136432,151.54972827244637
EK202310176274,126.64052786068866
EK202310151297,144.77913352443093
EK202310125109,140.2133868834849
EK202310116780,135.71543289769488
EK202310135569,136.1427238489963
EK202310134565,132.4225466471001
EK202310186448,148.28129922440587
EK202310178115,132.15445322049945
EK202310113148,156.9654529204887
EK202310228489,134.36370009535105
EK202310179723,137.2402806781289
EK202310157269,153.09955589820353
EK202310199275,145.0971358457572
EK202310233646,154.59556079809173
EK202310154900,154.61331530316048
EK202310140705,131.33584542645218
EK202310148303,131.8549635535279
EK202310216595,130.1582096925984
EK202310109916,147.3172018726726
EK202310115675,137.91141609570602
EK202310155830,126.81515545508766
EK202310218005,139.17691230508322
EK202310141563,146.96556151492626
EK202310228213,162.53513738144622
EK202310212791,137.92547508987712
EK202310194782,160.8880002539275
EK202310231645,131.88306871702702
EK202310241926,158.13586950839084
EK202310210213,135.2792728618162
EK202310134817,139.03285435294728
EK202310133386,144.38554495319391
EK202310142531,158.13233982308998
EK202310187663,155.55579344726448
EK202310117777,125.22366523221015
EK202310158245,134.97900940895653
EK202310195137,147.63076071964952
EK202310142488,159.4327402728993
EK202310187991,147.94361926785237
EK202310150662,148.49426085303102
EK202310217688,136.89596592972617
EK202310179171,137.11890028689032
EK202310127405,153.47964115919294
EK202310135392,157.50501256790454
EK202310171859,135.98632856483232
EK202310105858,128.6228030049709
EK202310158319,162.6257246537373
EK202310230414,129.34412635379024
EK202310118707,143.5655588971443
EK202310128139,151.5081222526627
EK202310186693,162.55014508185806
EK202310179495,152.70775822269553
EK202310199992,138.75363759776062
EK202310107900,139.62900340455047
EK202310139759,143.50057082837762
EK202310109278,150.39411903592833
EK202310126409,120.32427238250031
EK202310207784,132.94897269079067
EK202310236292,147.2016606824771
EK202310154556,131.48289464626313
EK202310134873,129.0226006209698
EK202310132640,141.11931011372232
EK202310228961,157.30580741179932
EK202310185810,153.6302302852264
EK202310149986,131.82662034435484
EK202310131518,140.07589768476186
EK202310121880,148.91061980591775
EK202310191180,152.75519053179045
EK202310177003,145.93422443858296
EK202310215011,160.75227471861842
EK202310146470,137.4634047199803
EK202310200272,146.32906662570466
EK202310172780,132.51243268240415
EK202310225929,137.35678155521396
EK202310145639,142.47589374409762
EK202310246707,142.33755181321212
EK202310196529,124.14108043691039
EK202310232839,144.71060706660188
EK202310140369,140.6763491420318
EK202310141325,148.2339819905147
EK202310151532,172.72852942406882
EK202310217721,133.15632764486614
EK202310189960,164.9188484620071
EK202310132726,128.59511947963819
EK202310182587,149.6080414577897
EK202310216789,154.45988279294514
EK202310187849,154.46757363084973
EK202310234305,137.07436368319682
EK202310142640,139.0841780610402
EK202310211367,143.8639804951514
EK202310237820,140.71198013438837
EK202310128311,134.53222131569038
EK202310234908,132.24704376377667
EK202310104928,138.65959899544958
EK202310124402,137.10883785212636
EK202310170954,122.57765878428734
EK202310238908,132.36663145899513
EK202310138176,128.77452143150273
EK202310150598,161.19561373857368
EK202310108952,159.99850517352772
EK202310147721,121.61078480752506
EK202310164148,135.32186010530694
EK202310164879,126.78818593558701
EK202310170715,148.47906254422767
EK202310169418,145.26832257185887
EK202310133466,140.50055602365669
EK202310133903,132.8457704682122
EK202310204671,152.9360164677223
EK202310156209,158.4996393038053
EK202310243873,137.8462552634048
EK202310134929,144.1603429528483
EK202310216695,129.67338730662362
EK202310158237,126.97950984217438
EK202310194292,142.62741978451945
EK202310103856,153.8257327703186
EK202310126627,164.34357083120602
EK202310121161,125.86942276450227
EK202310191392,144.97951057781063
EK202310245531,124.80126396805304
EK202310126763,133.53987555882316
EK202310161498,156.56774891917144
EK202310112456,156.29873538397584
EK202310191483,148.17126710183587
EK202310140746,137.14282259407574
EK202310175247,142.67511326049535
EK202310112978,148.1550024733758
EK202310115781,119.67860720899247
EK202310150028,137.1964330223961
EK202310204581,151.8110994345539
EK202310137480,142.57916395399766
EK202310191514,137.75963608247713
EK202310201678,145.27103442873192
EK202310117265,139.8097257038264
EK202310112369,125.84889681847338
EK202310208647,157.70329571178823
EK202310142602,131.421944689699
EK202310113073,130.88375219828632
EK202310149092,133.31770894044328
EK202310162989,135.05989771426312
EK202320006610,160.86813303131385
EK202310177443,128.81927944447878
EK202310104850,120.14151571853456
EK202310126368,130.11153640043256
EK202310248204,145.11912734838745
EK202310190956,144.83941979842797
EK202310110980,127.65186840283111
EK202310154273,148.88522487061363
EK202310242223,149.00440695838438
EK202310117698,125.62635978881481
EK202310195417,158.44595867794692
EK202310145942,126.34093479704072
EK202310152887,166.07772697284673
EK202310169297,159.02070496814548
EK202310221863,115.8350373246133
EK202310199131,143.7337343867591
EK202310185529,147.43024608180474
EK202310113311,135.2284583980635
EK202310209762,136.90864108282057
EK202310164806,130.6984104581859
EK202310134642,135.73313626434884
EK202310146968,142.14844527744492
EK202310107027,132.66357743737677
EK202310226716,148.08601868034873
EK202310243795,144.62162714690461
EK202310138740,141.15087615092258
EK202310144607,141.1156697261674
EK202310244471,133.97591516985068
EK202310159052,157.55551901603286
EK202310123055,144.28944153245487
EK202310113885,140.1672341742633
EK202310199531,132.1046053155273
EK202310236118,139.3373851669979
EK202310137888,144.98244760641407
EK202310215531,155.84078007559785
EK202310185054,158.9269713194309
EK202310129573,135.04511044969144
EK202310163633,147.23148523661249
EK202310202282,149.0684685344584
EK202310143694,140.16439847190617
EK202320006080,159.94250120478156
EK202310232132,130.31741394978337
EK202310138363,155.42109017006126
EK202310193434,141.9483626825546
EK202310175511,142.8770371974093
EK202310133748,131.4211353632957
EK202310106718,151.29656064308872
EK202310188899,150.26883147493774
EK202310232574,146.50197285506974
EK202310212172,142.97149534558972
EK202310190446,133.49425025267948
EK202310113384,132.88477025462174
EK202310181368,164.0015165712291
EK202310003999,133.66352228023615
EK202310141115,142.18893640791282
EK202310109981,151.64495311983987
EK202310166769,132.43117224187864
EK202310138115,141.03191245636194
EK202310128203,168.5206252730784
EK202310206649,143.65315980926286
EK202310110780,138.60281273608237
EK202310240635,132.23622990145586
EK202310190614,158.1206966623931
EK202310129881,158.87992513091987
EK202310127835,137.64080268932747
EK202310121093,117.77262261545329
EK202310150408,120.56567017524713
EK202310164894,131.072288376922
EK202310109584,143.72911905934117
EK202310173464,141.27546535665047
EK202310204837,152.37735052693222
EK202310152348,164.53345838554296
EK202310164097,143.9153035662423
EK202310127163,150.0169775127346
EK202310244695,154.94703779443012
EK202310229812,149.31553017981008
EK202310134538,139.21393819217474
EK202310210536,152.4549871068383
EK202310140667,156.5632000932438
EK202310141775,138.8370087583281
EK202310214180,136.5986580189306
EK202310164023,139.17082296526738
EK202310173588,136.77095978099717
EK202310170905,127.46804418977997
EK202310114396,146.3145096700436
EK202310183841,135.4782711307438
EK202310201453,149.63889905383726
EK202310113439,145.35157759604996
EK202310238212,126.07162094037308
EK202310127261,150.91065929823716
EK202310238188,143.37160024725455
EK202310206294,158.4155514569169
EK202310144833,161.83188354083984
EK202310211732,129.14669487721685
EK202310224752,164.37250344819788
EK202310193699,161.55679391077913
EK202310143520,143.30535601395894
EK202310115211,137.06183271428156
EK202310164360,140.71755345373566
EK202310117381,137.85793773723597
EK202310229483,135.9860823697871
EK202310188649,153.20684000495868
EK202310200724,138.5302251261068
EK202310144431,172.2435676122497
EK202310133572,139.32467804900946
EK202310208802,122.78626279641466
EK202310248659,131.84635301557478
EK202310131585,135.65773924148928
EK202310233777,167.4329875402082
EK202310129212,129.50753822110744
EK202310155799,150.260720706392
EK202310229572,129.2221338450465
EK202310128875,124.24747653544865
EK202310148223,166.72728007899877
EK202310142900,156.6149254624235
EK202310183384,145.0195310685355
EK202310111421,134.51828303673133
EK202310212086,141.20193221632496
EK202310239476,120.41812186579122
EK202310131957,159.6454244462707
EK202310204264,175.64256520378842
EK202310178704,158.3019644053704
EK202310227864,118.40970976693256
EK202310169538,117.26666911474874
EK202310173784,169.2791047737183
EK202310216416,147.02178278208015
EK202310196443,155.654628639422
EK202310214690,144.90435636779557
EK202310224533,145.62314285100726
EK202310171089,151.9376465046074
EK202310213256,149.54520864743813
EK202310136488,140.4166066549857
EK202310199625,150.90957631195235
EK202310171589,149.87616345131408
EK202310226351,139.7565531179604
EK202310106984,153.58493871045752
EK202310212070,132.1665791157717
EK202310183076,158.86611529677924
EK202310232081,129.76571229449593
EK202310126981,141.90238213145327
EK202310154523,147.4453982936558
EK202310184085,136.91637515090923
EK202310170300,153.2756109910086
EK202310218531,154.33466470751094
EK202310206452,155.81165382157494
EK202310004184,128.80424667118652
EK202310177618,123.29126530898094
EK202310222352,125.06784264611537
EK202310106506,134.74309529111503
EK202310186819,137.73023975560744
EK202310140723,132.10808120490913
EK202310238611,140.22398321441239
EK202310120555,126.21346581010226
EK202310147094,140.0351938090385
EK202310155462,146.83374899824048
EK202310105723,153.203106382407
EK202310136398,143.0548515846421
EK202310233819,155.48116933030522
EK202310133289,146.30180509461226
EK202310230003,119.22431818964196
EK202310144991,145.50479258138236
EK202310172964,152.7985540647109
EK202310238178,153.82870813327895
EK202310126938,163.45864107420186
EK202310231506,124.29244625763513
EK202310190088,144.16127520211262
EK202310172578,155.02772295507668
EK202310153732,145.400210393901
EK202310179604,129.87126864435592
EK202310129682,135.92564103898414
EK202310143507,130.23463038606928
EK202310155560,146.11719589207019
EK202310127202,153.8735076044293
EK202310143252,145.27603166337119
EK202310217653,123.28664439599629
EK202310173062,173.5867104548867
EK202310105294,144.34341638670142
EK202310117821,130.6554913054514
EK202310215199,134.39093653710776
EK202310241483,148.17116675273132
EK202310174150,158.04275670471506
EK202310219893,170.03256830339288
EK202310219552,133.48742620782858
EK202310136028,126.4620330089528
EK202310225636,135.52182943332687
EK202310150738,144.6057645463908
EK202310176837,133.1450316214867
EK202310172368,131.43646736843283
EK202310184904,151.75745657229672
EK202310191265,139.36763926932065
EK202310144201,147.6815893528581
EK202310139926,140.72497581133862
EK202310133343,162.10084758996956
EK202310193942,154.3000172747123
EK202310181626,150.69254926651973
EK202310138065,139.8534350751932
EK202310175111,147.28550397010994
EK202310242001,149.46154582590066
EK202310160431,138.41876947331312
EK202310169578,139.49297022456187
EK202310137385,145.245222005699
EK202310136468,146.75525262923048
EK202310158374,149.81232047287997
EK202310108318,143.81384176548525
EK202310122270,143.83752849210526
EK202310144491,156.06502946862213
EK202310123031,139.9707379733643
EK202310155418,141.10534784291806
EK202320006341,159.8136798276718
EK202310110341,130.3819620554214
EK202310103961,159.0739026925908
EK202310003695,168.2525085701859
EK202310200040,132.67823742556178
EK202310119278,170.6444455261255
EK202310174626,160.32008254404107
EK202310153937,134.76881989281824
EK202310189548,169.6796710722857
EK202310149005,151.75679503375397
EK202310184006,153.79154383621662
EK202310129614,147.3420102747907
EK202310178276,148.5700851366053
EK202310124293,155.07910161029918
EK202310199434,156.68565368161967
EK202310111178,146.9484334538411
EK202310143329,163.40289982636415
EK202310229141,135.90237713229484
EK202310225446,125.67590988846345
EK202310133140,164.36543172435353
EK202310204388,131.39630643517594
EK202310127528,145.16786413681874
EK202310175944,148.6925361884043
EK202310205185,149.0668481550551
EK202310220142,141.66765935882825
EK202310188984,129.37948049737253
EK202310117484,170.00811686475762
EK202310222387,138.3564667941366
EK202310238376,138.70836142668497
EK202310190275,160.9449168750572
EK202310127517,144.80961566558346
EK202310148647,154.23577728644872
EK202310144619,136.60432423612147
EK202310172144,131.19471495716928
EK202310105902,148.68428075576492
EK202310169293,134.09146720477978
EK202310231168,135.43777872160325
EK202310147200,141.99316231752684
EK202310193258,130.96158091635587
EK202310134686,161.77005302665222
EK202310184958,159.26154003068154
EK202310172029,150.3242260161846
EK202310199176,142.64577145205178
EK202310232628,131.61772152402028
EK202310230800,136.60735391548525
EK202310169188,155.6329126497829
EK202310143652,154.10237725289403
EK202310210776,146.4675195946976
EK202310243268,130.35539315303566
EK202310219929,148.2549390902275
EK202320006873,157.9973492549112
EK202310142750,157.8442765941332
EK202310105033,143.30602628655282
EK202310171957,147.23239441298884
EK202310167819,157.05140483087672
EK202310224575,131.07491365439788
EK202310218984,116.12368755789113
EK202310148378,170.478342586793
EK202310124296,136.2620588141731
EK202310153505,123.87306999853352
EK202310202475,167.87630511820265
EK202310105768,144.2329733380376
EK202310155150,153.97408686717716
EK202310131403,143.1245473898853
EK202310236965,129.98190686372962
EK202310128158,157.0985760410387
EK202310244898,148.75626205101244
EK202310168438,163.35569332457982
EK202310191063,149.97335071597809
EK202310247883,151.4490845955782
EK202310144879,133.42739102142139
EK202310248004,158.98460471908507
EK202310129311,169.0917518763843
EK202310159341,142.66613037836896
EK202310186599,129.710555914123
EK202310003714,166.2230420652533
EK202310141937,140.60834388490954
EK202310141516,143.46669206509924
EK202310211399,118.67618475356011
EK202310133332,139.53120953047673
EK202310245637,143.22746660237792
EK202310195191,132.5013048341787
EK202310120028,140.68431768872165
EK202310238137,142.0627491207626
EK202310155822,140.6621487178732
EK202310178814,158.79770108427434
EK202310117251,143.95739196893516
EK202310134938,158.7562874211964
EK202310209690,140.9820289974417
EK202310203758,138.34778748226336
EK202310115669,136.59446689571166
EK202310104134,136.17004818091158
EK202310145861,114.44048539601341
EK202310150671,132.72787171867904
EK202310240589,131.68110387994744
EK202310212301,132.0954842108355
EK202310142614,148.03739214875742
EK202310141457,140.03377317677712
EK202310245972,148.6640986312562
EK202310150051,170.05667342455104
EK202310170670,148.92139417116041
EK202310211033,144.8882573795854
EK202310206028,155.75004900150842
EK202310116009,146.9070556535842
EK202310119459,145.82820023189996
EK202310205201,143.3585410173723
EK202320005999,167.63174064615086
EK202310137068,135.4681746286509
EK202310125205,140.1849077340041
EK202310111843,133.99062451806356
EK202310155744,153.36863244119556
EK202310189271,160.5182834797698
EK202310200042,142.0754285362682
EK202310234396,132.1703321256045
EK202310203600,137.82160689636274
EK202310206171,146.19637649212655
EK202310206072,137.06589043523357
EK202310163819,153.67985064968573
EK202310241837,155.61985170138166
EK202310122958,131.04885805519098
EK202310143934,152.88804142268614
EK202310108166,160.18715965811958
EK202310157169,165.38852650427893
EK202310152923,149.13003362850498
EK202310194312,142.17516259963872
EK202310176406,147.99155232149675
EK202310150358,157.90351119123335
EK202310219917,132.8608625600972
EK202310196050,137.74044366558715
EK202310199317,155.07328118524077
EK202310214061,153.5955876744471
EK202310122593,140.25779220921052
EK202310244955,144.62653920398174
EK202310156822,148.93787416335167
EK202310207476,143.9090143678482
EK202310158934,150.74977275580696
EK202310201930,147.85989997239284
EK202310119122,136.15579757596115
EK202310196169,148.8662170104596
EK202310201449,144.08970924237664
EK202310130630,134.40903699854874
EK202310216667,150.68747183687236
EK202310109941,133.44361044207213
EK202310200400,135.78109569843483
EK202310137456,147.40301319769029
EK202310196853,137.01313746966593
EK202310215704,146.075914026487
EK202310135405,137.40865385279253
EK202310169616,129.83236231882486
EK202310216148,138.56558794841186
EK202310243354,124.44388737122054
EK202310228967,140.45699251716323
EK202310243234,155.29446747879302
EK202310192532,166.28930772249407
EK202310214813,142.65252073225656
EK202310104914,144.6729004573999
EK202310153816,142.6453655025438
EK202310202614,140.65543127004176
EK202310210862,156.99415082041529
EK202310170135,145.21126747002538
EK202310188088,144.71502643884332
EK202310221249,143.98687962124498
EK202310232182,127.74841329178247
EK202310185589,133.446056436843
EK202310220140,153.1841223085656
EK202310151225,136.14290791543772
EK202310120905,158.42344720531798
EK202310125281,140.36837418067267
EK202310129594,148.03107174565153
EK202310131652,140.62606022240846
EK202310178780,151.98650833276878
EK202310199546,141.96286242524533
EK202310184333,146.10879860536483
EK202310129518,151.76197931487832
EK202310125847,145.47618229789535
EK202310146303,154.03694242573715
EK202310175806,130.85363973338355
EK202310220347,148.062797671634
EK202310225734,143.81331988812644
EK202310240284,134.42068450796074
EK202310114155,150.36993807821887
EK202310208667,124.35317025051594
EK202310247128,158.7497974530945
EK202310218283,140.20478420363867
EK202310227443,136.2842350302964
EK202310157358,157.4611392283234
EK202310205155,132.34665301751926
EK202310189640,157.28927973383213
EK202310219047,119.85856977868733
EK202310155307,121.08084038931857
EK202310190346,145.7419389353588
EK202310186825,157.8857488055471
EK202310203583,153.4252981966412
EK202310122872,118.42494002466812
EK202310223579,152.21779658367416
EK202310134595,168.25743393202637
EK202310199315,133.39721346925083
EK202310197280,134.30861391473022
EK202310105445,145.73752722776447
EK202310170127,131.59481998789911
EK202310124087,127.07739890723019
EK202310186812,146.0705251200981
EK202310175470,150.87887213387242
EK202310178249,150.58790762332475
EK202310246428,125.02436497375184
EK202310206906,160.4844423370785
EK202320007523,172.1891719803723
EK202310106696,131.29532596169324
EK202310139497,168.66240573811436
EK202310135104,127.92347766991757
EK202310165444,161.16257940618928
EK202310150670,162.250354067766
EK202310141326,147.95252082882345
EK202310206479,133.26337754430034
EK202310182003,160.74654205053534
EK202310240148,159.02621125536658
EK202310246934,155.02382499008647
EK202310157908,144.81581039253186
EK202310233790,141.1334431548043
EK202310227231,142.9647006912151
EK202310104197,135.84106640373008
EK202310003919,143.3094316855774
EK202310134161,115.01860628309353
EK202310132637,150.08263691816467
EK202310112692,150.9213098080983
EK202310004804,130.48898090132997
EK202310188449,146.37163701240848
EK202310161514,143.48678814778117
EK202310121257,130.72517810917932
EK202310165460,171.38800772434985
EK202310246582,134.26635630754663
EK202310182549,151.5605628347061
EK202310153021,157.42207479553147
EK202310155857,146.41766167646549
EK202310112710,146.1200108429623
EK202310193527,140.8875711187306
EK202310210851,123.584751904666
EK202310166991,141.34436183873603
EK202310153617,155.78187502620221
EK202310162029,155.38650287132486
EK202310150898,138.7187096499224
EK202310119566,144.02633911348974
EK202310172046,152.6885403978395
EK202310113364,149.8556510679827
EK202310104697,157.6986726407128
EK202310110438,144.30331291401689
EK202310139792,141.03306201676537
EK202310108044,125.18897889525594
EK202310191154,146.80497736816014
EK202310162199,136.8718936825324
EK202310159050,142.30733299436383
EK202310127404,142.65331011004076
EK202310216583,139.3209364456068
EK202310233658,151.3017717820098
EK202310141492,147.15741384863674
EK202310203883,126.44659851446593
EK202310219043,161.55908745158558
EK202310145653,139.86699606704505
EK202310228503,140.37013589008205
EK202310179347,121.54922079004822
EK202310132009,153.3450821726519
EK202310212361,134.56300964978507
EK202310124879,138.37345749556673
EK202320006785,165.87189532817953
EK202310245990,132.80736337547444
EK202310177823,156.92032964978875
EK202310229376,139.45082118885523
EK202310181146,135.51994939886245
EK202310201989,122.88166979806752
EK202310192148,147.479869768968
EK202310185865,140.1509502214957
EK202310149322,145.915648204279
EK202310154759,135.943508497907
EK202310142366,148.50016213346458
EK202310225136,147.88527426390212
EK202310140657,153.86896222365777
EK202310181056,140.9034849557402
EK202310147652,149.23032915005516
EK202310195069,145.65277551773212
EK202310186330,154.31364303058604
EK202310170880,141.0492328855398
EK202310104902,129.22254170702325
EK202310137021,160.08468563539824
EK202310112219,145.66897316476846
EK202310114567,139.02895318698728
EK202310174050,150.96309191958628
EK202310146459,143.76905158443083
EK202310125401,125.99917962587992
EK202310232042,131.14222955895542
EK202310137842,138.17098774109203
EK202310235166,122.79423930677694
EK202310123303,128.73216741241126
EK202310204672,157.36723674080142
EK202310147206,144.02974880303185
EK202310165103,171.96422563416974
EK202310246536,151.19334219547983
EK202310204665,145.35979389855822
EK202310139971,167.49506143781775
EK202310230726,130.95421208712636
EK202310217044,139.16604079563126
EK202310175720,155.38110510548182
EK202310208548,122.84499008382193
EK202310213825,143.07688871755659
EK202310196825,130.93356677509456
EK202310117004,132.44183083154388
EK202310164666,150.13535998434816
EK202310195792,143.51903544685487
EK202310195121,149.95079069187
EK202310188217,148.45946378115124
EK202310178996,136.23241334422372
EK202310107580,139.92993859459645
EK202310163974,147.8672271890582
EK202310237799,147.16591357199584
EK202310232053,134.4403411149241
EK202310178319,152.96830524439278
EK202310126202,130.73252302694266
EK202310227911,136.11168973367114
EK202310109084,126.32721714084181
EK202310143067,139.58043211574784
EK202310206930,152.61055178093724
EK202310201884,144.3807748416944
EK202310130641,133.35859700993893
EK202310157121,166.81293310048562
EK202310220877,133.59495427506522
EK202310149540,148.08797450557023
EK202310169600,132.2754347595005
EK202310163175,167.2786521886428
EK202310106277,138.55854959039718
EK202310209667,134.08932655634604
EK202310119877,129.93127395386847
EK202310204499,134.7443168603659
EK202310190780,158.22450492631538
EK202310115565,143.39547470838193
EK202310195056,143.4066896363433
EK202310111373,166.01554412469386
EK202310161299,149.73306469879614
EK202310245424,135.15927576503736
EK202310246906,123.77738338480277
EK202310120316,150.64733222443766
EK202310144965,134.46834956748924
EK202310211133,134.8803156152285
EK202310167406,155.8631016419461
EK202310162901,139.19603086889612
EK202310107075,126.7642484681891
EK202310140916,156.66207425357092
EK202310143120,147.52714343771822
EK202310114506,126.65233608443711
EK202310175480,148.32297684164666
EK202310118790,124.26371726651533
EK202310169280,142.83896608489164
EK202310129297,150.0858625359723
EK202310198282,131.30619336934734
EK202310240512,141.951478153319
EK202310192236,134.12001840338303
EK202310177577,147.05102807009973
EK202310161068,154.91592510306805
EK202310111934,140.54256712030352
EK202310155260,145.5111741371431
EK202310124483,144.77347422230318
EK202310155315,145.39128816262524
EK202310123325,129.4462320908629
EK202310149045,154.01221954306
EK202310222163,123.84058804159089
EK202310108935,140.3381408656192
EK202310188397,143.96844066707567
EK202310110895,142.1586526268685
EK202310146042,143.82995203076646
EK202310116291,137.235558843013
EK202310214128,167.45617282983375
EK202310122572,140.1086413173994
EK202310246206,136.60936640481052
EK202310190227,139.0663365620608
EK202310137442,145.66279568140294
EK202310240613,148.3160438623777
EK202310171036,139.11007397643766
EK202310165619,172.81039153828493
EK202310135508,164.3761931332351
EK202310203859,125.33818690177628
EK202310208937,125.4203361453669
EK202310190964,141.59962376836597
EK202310157232,152.69268089380233
EK202310233329,137.04428260994345
EK202310004857,127.74129920327192
EK202310114112,151.18024762970074
EK202310231381,139.6964337674716
EK202310183273,148.73760187351584
EK202310198133,125.77680117209471
EK202310243118,129.70948311931238
EK202310179772,152.9507773506011
EK202310177045,138.64005818047193
EK202310129608,148.64556781180468
EK202310146699,135.99727837098283
EK202310118550,144.42774763040046
EK202310236716,126.46421560696524
EK202310225924,152.73479825978876
EK202310137908,128.5080005571623
EK202310136472,152.93502105521975
EK202310227498,153.5724965507888
EK202310197540,153.71315426799902
EK202310177606,145.0621451947409
EK202310233230,131.29005967895
EK202310129471,150.13141172444048
EK202310240950,134.10482676942462
EK202320007590,158.31646239926388
EK202310163887,150.50828937497286
EK202320007425,168.1930221362071
EK202310127560,166.16595003464093
EK202310155824,147.93479044963195
EK202310187346,132.81859283747664
EK202310200413,151.16119323294794
EK202310185717,143.7577542400474
EK202310217975,120.88946812400832
EK202310216468,151.67684768088168
EK202310201451,145.79600010070803
EK202310187386,148.30273242719912
EK202310113263,141.06688720894883
EK202310129498,141.95727275074836
EK202310168744,159.9907731320498
EK202310142626,145.36617174709212
EK202310190880,164.38891985647774
EK202310131573,147.8485699098226
EK202310220638,133.96970784286847
EK202310207069,148.46479913001158
EK202310116824,143.61880322547955
EK202310231727,135.98831453416193
EK202310184770,146.8970409335683
EK202310197350,157.3207771577462
EK202310147966,148.14839924860823
EK202310160556,150.4866333613499
EK202310242942,134.49029817645584
EK202310207659,156.2525046985283
EK202310189516,134.92558727258074
EK202310214218,152.2717128632516
EK202310105070,130.37564163689785
EK202310218843,146.12703853359056
EK202310163176,165.2487380077379
EK202310109656,139.47750828704142
EK202310004202,134.13199661892105
EK202310203545,157.0064059663166
EK202310153518,126.6480260200976
EK202310119723,144.23402706108945
EK202310122303,133.02599207140125
EK202310113636,146.48922581022924
EK202310216948,126.80195252070367
EK202310154167,135.25813189133302
EK202310122355,135.05680453604938
EK202310150417,135.6181518204589
EK202310218226,143.1168129850004
EK202310191370,129.5814764432699
EK202310146010,142.13119537554843
EK202310242320,134.79181116754506
EK202310182162,155.65535189855834
EK202310129315,143.2131513544674
EK202310106705,149.36663509593433
EK202310240258,133.73649694976322
EK202310241039,172.79082683299512
EK202310204816,144.75293611847738
EK202310142491,143.1625838674676
EK202310200125,158.59755587384748
EK202310111662,150.35752046279543
EK202310141792,148.16441858308457
EK202310242215,155.0070590037849
EK202310227322,162.6111788566729
EK202310206010,133.36643260499156
EK202310220576,129.5278086633216
EK202310169744,147.23631648807998
EK202310236130,157.6394911894573
EK202310117603,136.99368632518755
EK202310164018,125.46484278071385
EK202310173758,146.97816245464472
EK202310169263,141.5071147028121
EK202310220742,134.03772028313608
EK202310234928,159.1204378835806
EK202310133036,134.8680154915814
EK202310134185,151.94162879790323
EK202310185530,138.1427335865029
EK202310218330,145.34982070042696
EK202310220164,140.3415983231227
EK202310136625,133.63408572847482
EK202310190327,133.20533698454125
EK202310156810,127.88171433619027
EK202310235883,158.833209862416
EK202310135135,157.02221803472418
EK202310232747,136.7586149196564
EK202310146074,135.00288682841222
EK202310170263,147.00576232650593
EK202310117439,124.94516693507965
EK202310155695,135.02345932783214
EK202310180749,116.31163364072432
EK202310165733,167.7587918293657
EK202310122820,142.6213675892641
EK202310132148,161.54960556984915
EK202310174037,145.45724980019548
EK202310116351,142.13305414502707
EK202320007454,170.45364961741876
EK202310126404,136.60206990332497
EK202310179147,129.82212193121532
EK202310119107,137.5709048284764
EK202310232208,122.24864478808232
EK202310146308,153.0678009292753
EK202310221836,165.14435256247236
EK202310241730,133.03452147893466
EK202310126972,137.69712758387905
EK202310190112,152.27226145379922
EK202310189550,161.3249143494525
EK202310167601,150.9966037509392
EK202310129178,149.9640697241125
EK202310208362,138.73702787573228
EK202310108633,116.16005559278653
EK202310119330,127.6831618404419
EK202310241595,126.41316236824635
EK202310133580,166.63961664335883
EK202310184140,143.47334237776792
EK202310243629,147.21475608933818
EK202310240837,140.8006328537985
EK202310133514,165.895660218213
EK202310248438,139.37808677013405
EK202310144323,147.61472725218218
EK202310199263,163.7553152776539
EK202310170561,138.80249581963108
EK202320006441,168.39449578971553
EK202310156158,147.85351796567932
EK202310160966,123.43473543654818
EK202310170924,143.47948524888216
EK202310166196,158.6948048045953
EK202310180519,163.19468544375957
EK202310163021,128.38023364872436
EK202310217277,138.4641589464987
EK202310182542,151.81787669794693
EK202310187706,137.35290448682778
EK202310177424,141.23382927096984
EK202310116469,143.21489722982133
EK202310126864,146.44413760507362
EK202310171044,132.24638110792526
EK202310159422,151.3888194760446
EK202310126564,153.39920439318482
EK202310136978,143.0636537922923
EK202310227254,148.33267755206208
EK202310241407,146.11340971242703
EK202310151596,167.3536633890997
EK202310143155,141.53425652877252
EK202310003368,157.17554166632846
EK202310225579,144.04384133487505
EK202310142662,123.1247319380621
EK202310124623,164.77230092702388
EK202310117099,136.7752168085048
EK202310209488,150.4519621675702
EK202310218949,148.6983115706983
EK202310163688,135.31705666475463
EK202310233616,141.2327888609302
EK202310181063,150.25229130846853
EK202310122017,155.26379573927406
EK202310232279,129.43898807635983
EK202310188255,151.03664244586415
EK202310222087,134.62438576911927
EK202310235863,136.93877152763574
EK202310142201,159.30742294270053
EK202310142028,133.2615507524662
EK202310105750,121.77991942757063
EK202310192986,150.73787018540312
EK202310183238,147.86568269889727
EK202310184211,138.04768671738543
EK202310114501,129.9455277689816
EK202310183815,142.3039064403977
EK202310239065,130.56921021421752
EK202310203010,141.6404122324726
EK202310119934,136.47717819441775
EK202310245690,139.3253169651284
EK202310228481,136.13196008117512
EK202310115026,151.94731685302276
EK202310227715,129.60462922130108
EK202310147211,142.50662017482716
EK202310112774,148.71387551569498
EK202310213753,149.22442175445033
EK202310115799,140.01549910126457
EK202310158491,157.9770645921935
EK202310224855,133.39942693684122
EK202310175378,149.06517912260668
EK202310120852,127.88076858712843
EK202310115724,127.96005287566831
EK202310188278,145.49372390508523
EK202310218258,137.51083098270138
EK202310187357,138.17268078284235
EK202310170314,137.14029381365506
EK202310219875,139.92047870933547
EK202310198138,138.78674946434944
EK202310238879,144.3740561427798
EK202310179039,139.5470917628408
EK202310221294,116.00460087916136
EK202310181636,144.32940512881828
EK202310180030,131.68955782612275
EK202310188261,142.53890633128705
EK202310109627,147.43145565054007
EK202310218359,149.07125287059634
EK202310221160,122.55096742635597
EK202310210517,138.21848363140768
EK202310231490,116.02887685209922
EK202310142904,163.08717295100084
EK202310228183,135.60389340826381
EK202310190608,145.9834133375736
EK202310229652,145.5846636418491
EK202310201677,144.61812395185348
EK202310161948,146.61805552262393
EK202310164852,141.35160962124402
EK202310130019,152.35012192765498
EK202310137201,149.89700008285652
EK202310199958,145.0527373155155
EK202310168651,172.18652274341943
EK202310163750,138.66133145517514
EK202310164255,168.25843806102682
EK202310112200,136.11596436415599
EK202310226582,141.73871157352286
EK202310150983,129.0325768925182
EK202310117868,139.6300101563367
EK202310104519,138.65103526740631
EK202310112900,149.9179575730824
EK202310175950,154.22611738695383
EK202310132832,153.12510839405013
EK202310177022,140.8577147491984
EK202310224847,150.41164553254694
EK202310220893,144.1722396829047
EK202310140282,152.60692664153612
EK202310140130,162.8891176878949
EK202310111884,133.33809816009006
EK202310169119,145.71587224079644
EK202310114003,147.53592265235443
EK202310204840,150.39084180695508
EK202310227423,159.77528541824304
EK202310243266,138.60724622147737
EK202310224568,132.85624633916171
EK202310129159,134.6491943135206
EK202310216851,154.59732966020783
EK202310173637,146.1542265236612
EK202310137694,143.71441982115397
EK202310224949,147.82130834104632
EK202310182755,168.20793499909198
EK202310121872,154.16082128051696
EK202310199590,134.54723262087776
EK202310237216,150.20374516498936
EK202310152666,144.23303829938104
EK202310119202,153.92802264051628
EK202310154055,149.04817004632187
EK202310131194,118.65465489908382
EK202310205515,125.55161111237973
EK202310226482,138.1820244643091
EK202310131717,147.09632135275982
EK202310116461,141.2291290032664
EK202310209370,146.0033154111319
EK202310112844,138.57924724159716
EK202310148195,134.02684211300289
EK202310205500,113.45998219154602
EK202310180785,168.97275806410593
EK202310114659,144.53681004311372
EK202310206704,146.2067249647013
EK202310194100,155.23526302429244
EK202310192316,135.6494644586432
EK202310227158,148.47227545464426
EK202310210960,128.95791339505388
EK202310201569,161.64172463402824
EK202310208440,145.1738167240361
EK202310159738,167.300013382709
EK202310167571,174.31377742286583
EK202310133506,156.23423052103644
EK202310206074,163.403051025167
EK202310189737,147.24326563509743
EK202310168575,150.23692877391628
EK202310159786,146.15011653146595
EK202310241528,128.44171838192972
EK202310135551,163.92684339149656
EK202310154421,167.27242145925405
EK202310229939,145.3201337621248
EK202310199977,141.81190968011038
EK202310212346,136.41885207905526
EK202310240842,132.32752865540684
EK202310188648,146.26464808857546
EK202310204867,144.4062997009265
EK202310221803,134.165772173892
EK202310216991,134.72582793724044
EK202310234267,139.59120499225958
EK202310164050,134.12055308938477
EK202310160606,135.43784163987496
EK202310163801,152.9137667663047
EK202310202607,158.30371993024718
EK202310211679,140.98841829523906
EK202310161289,145.4095865058138
EK202310216723,148.97562752885634
EK202310241675,131.18490544944285
EK202310227693,150.57955657409187
EK202310153006,134.00059487421248
EK202310152517,137.1422237017696
EK202310119296,157.0322983126043
EK202310135167,146.03226090970404
EK202310129365,158.79795462012362
EK202310224938,132.67733283299026
EK202310246031,125.62086319903308
EK202310227934,136.39794113192818
EK202310155888,143.61622918877507
EK202310112003,157.97583011772724
EK202310110042,136.34703774114814
EK202310202481,133.21873945976958
EK202310119852,151.55275224118637
EK202310191910,160.3995028362994
EK202310208404,129.69966381474305
EK202310175620,129.98376309000793
EK202310162522,157.30829638653373
EK202310141148,136.6161510642414
EK202310173552,136.91322965757692
EK202310235762,126.12304386441895
EK202310170630,133.70474318565277
EK202310215013,155.35462302457478
EK202310233350,121.67313234959389
EK202310189297,166.30194802629876
EK202310201145,152.28858043572467
EK202310128701,124.79913041564285
EK202310135409,146.87832285714805
EK202310117705,139.94544527645172
EK202310122677,137.85422459662203
EK202310193307,160.3790324637145
EK202310150126,168.76666719082357
EK202310203066,149.85093852524324
EK202310243263,165.58967280800667
EK202310147744,143.5389685643213
EK202310115839,131.600274863152
EK202310120766,159.05254963203228
EK202310141591,144.78678853230477
EK202310171912,145.4781049500169
EK202310105341,139.41684311004582
EK202320005577,161.48933720358752
EK202310168922,153.34555467897826
EK202310241884,131.22903857546112
EK202310231171,130.9011443017133
EK202310160293,147.1040586156877
EK202310177237,131.8299934889318
EK202310003836,143.35126237891865
EK202310159624,150.21974775527477
EK202310201626,134.36908280654623
EK202310109032,156.85829606855447
EK202310139930,139.35741111421027
EK202310004116,124.93107708170162
EK202310186841,140.52399630649762
EK202310118029,148.92159281162023
EK202310239323,138.67011012364895
EK202310204171,120.38605099550298
EK202310190000,155.94702574364248
EK202310220235,135.13945111639535
EK202310200517,137.69024001132027
EK202310124822,144.7968398912622
EK202310206677,153.31595413247936
EK202310173092,137.2539444482145
EK202310140031,143.97039690198486
EK202310118392,156.258329165203
EK202310241116,140.902351404079
EK202310162167,126.08309976232559
EK202310165764,130.47310756858798
EK202310109757,141.3413303673216
EK202310166993,146.03376772875336
EK202310178462,160.27325488362072
EK202310236406,121.28524435214018
EK202310168692,148.0476048549834
EK202310221373,153.94202272907415
EK202310144973,130.08789444907174
EK202310125785,132.1194379210541
EK202310187049,131.82840824597204
EK202310216907,142.41514713689534
EK202310129517,144.96761337643596
EK202310195530,131.8542569979115
EK202310177392,168.81563379641648
EK202310224171,148.2761167448138
EK202310195298,135.8518089825228
EK202310196360,144.73092495663866
EK202310197685,132.4871156662473
EK202310127212,136.67543974757942
EK202310194711,149.21767504402828
EK202310134995,172.63842119993396
EK202310215322,130.52220481641424
EK202310129156,150.31656925820312
EK202310194573,162.61309713758504
EK202310107850,161.62015173442535
EK202310224151,129.2260093687902
EK202310236621,120.1786148436686
EK202310240110,146.0022141608745
EK202310151137,169.4900798423131
EK202310245976,127.6398265487725
EK202310201981,137.6778997456498
EK202310128852,142.51044803960284
EK202310105479,134.52001430025584
EK202310134237,138.62655554652923
EK202310186135,145.02810211963399
EK202310126691,134.98153858952682
EK202310230960,132.38447066936098
EK202310167746,141.14582606787417
EK202310220451,150.31015201214893
EK202310187367,124.58616882852611
EK202310211918,146.08254579926688
EK202310218758,134.6240055604329
EK202310170030,160.40169224001596
EK202310182773,136.37617946591746
EK202310132214,144.72586389728298
EK202310004044,148.60053964363973
EK202310210481,131.69139442767175
EK202310233818,145.9864216013569
EK202310134772,144.85747316243388
EK202310190788,143.67983377006775
EK202310245891,158.4504434611001
EK202310152473,149.7224500106149
EK202310173468,143.2115675217125
EK202310134860,143.7763571783728
EK202310219927,146.6599664823789
EK202310242547,141.45976911355697
EK202310190542,159.85631612676156
EK202310248304,144.6807044351855
EK202310234323,140.2727179050897
EK202310116774,152.978941559737
EK202310162192,130.53887697905068
EK202310200226,131.47778888140905
EK202310223298,129.12201466097264
EK202310131109,148.35395152329374
EK202310170422,136.89263155611695
EK202310247958,131.34547879387958
EK202310150344,137.67195942381346
EK202310186547,147.9836473314968
EK202310159511,138.97978270694685
EK202310107832,112.36494769762454
EK202310157429,138.31942410435624
EK202310206031,132.2092149515841
EK202310153162,164.84232581345708
EK202310246453,133.90747371762035
EK202310169465,140.50415612776087
EK202310127917,149.61076620452204
EK202310230060,131.45460254893905
EK202310115986,128.0819885923597
EK202310231341,136.2973850005118
EK202310207431,142.3877931115802
EK202310115427,136.67435421786658
EK202310148216,159.23975470782338
EK202310236465,127.12880860987474
EK202310214889,140.26068236370338
EK202310183344,144.23054034861863
EK202310115563,141.7574523204507
EK202310204127,145.9149226573935
EK202310148558,167.02399377576555
EK202310239253,151.18346632782377
EK202310223421,152.1816048936522
EK202310164157,134.9708299172167
EK202310191038,143.19438635497775
EK202310206653,139.08198729649263
EK202310189587,136.8427111485428
EK202320007832,156.91542607531815
EK202310107195,142.81522820628152
EK202310154834,156.06963587628948
EK202310225399,137.10030766947776
EK202310200244,128.3700533321671
EK202310181369,151.35286059023872
EK202310238327,137.06397395439475
EK202310119929,146.81129496971994
EK202310199445,166.19448887275408
EK202310167881,141.94302066163976
EK202310134304,144.091960037299
EK202310206774,152.96712931769557
EK202310217924,147.7968397973137
EK202310114025,137.01694755095124
EK202310153648,150.2238506669773
EK202310168223,150.24105716974074
EK202310217182,164.5152025621274
EK202310228108,140.28281937609833
EK202310106503,133.26847479437376
EK202310132704,137.0916469016423
EK202310146469,145.1015639651018
EK202310190547,142.74409991818908
EK202310131045,136.6000164537738
EK202310120149,147.57698921496603
EK202310188786,157.26813618438038
EK202310164309,164.6408542111215
EK202310141856,126.00623496871368
EK202310174571,162.16572430363888
EK202310191248,148.95160064338634
EK202310228497,132.1101055765434
EK202310248650,143.2899779575968
EK202310003518,136.8965551686177
EK202310184477,141.30480273739065
EK202310177306,134.07925970716568
EK202310124268,134.80475616224103
EK202310207962,151.8404441793756
EK202310187364,134.73907161456944
EK202310188630,170.65298853773433
EK202310183825,175.74060044552107
EK202310228647,130.82429541354512
EK202310242814,142.62376741352782
EK202310190403,138.4761014679497
EK202310152077,148.17595166664685
EK202310127706,140.456196329793
EK202310142346,146.35482882132655
EK202310140834,145.1237723216268
EK202310124143,121.54215286043313
EK202310158418,164.34334155410727
EK202310104315,151.58396627963722
EK202310186057,132.2084160445042
EK202310175318,147.44918933478516
EK202310170196,130.0973711546965
EK202310222979,145.47746212070942
EK202310179579,118.49437809441119
EK202310131268,143.19868025394888
EK202310232636,124.09864301305223
EK202310240941,126.03091517151955
EK202310162473,132.69446938649014
EK202310214960,142.2693946081597
EK202310158148,151.3382433708498
EK202310240646,169.5909624346021
EK202310190660,147.7442901954291
EK202310137900,145.37991293376595
EK202310105369,135.75167292842448
EK202310182640,140.33783569713933
EK202310222831,147.54851159131897
EK202310158111,148.78674029106529
EK202310137268,149.54252443812305
EK202310172836,157.3216893232332
EK202310130602,124.82033215655068
EK202310116478,131.06823709204568
EK202310176354,141.40068117006962
EK202310136605,158.85212544214622
EK202310120400,156.34228445226273
EK202310138807,151.6666729227788
EK202310158128,158.47918563649412
EK202320007743,149.67151525757552
EK202310240290,155.8947428637484
EK202310176995,156.4135721795117
EK202310178489,147.19207918187863
EK202310125320,131.40950741667805
EK202310158248,156.74542861102378
EK202310115199,151.70379417334877
EK202310214342,140.83734941191835
EK202310164698,131.0956864502382
EK202310181281,153.06666830596356
EK202310105605,139.0196824941247
EK202310117153,138.65952282886553
EK202310169108,158.08219613608557
EK202310135565,136.70259328180356
EK202310176476,134.13223088080252
EK202310245673,141.83851532657476
EK202310200545,141.5561658232798
EK202310147448,156.00230483204456
EK202310195084,127.00910500666646
EK202310228420,143.42392502155244
EK202310136789,138.60879584676837
EK202310141614,141.90545890959277
EK202310151545,167.9485107000726
EK202310183497,145.11379800527337
EK202320005693,164.708348365805
EK202310160617,165.55439757589522
EK202310207236,137.37768528029724
EK202310123254,127.62208330811059
EK202310131721,131.00586378839975
EK202310129551,136.58939396705733
EK202310125982,125.80855387527578
EK202310129231,137.22501444042376
EK202310237005,122.73858316725511
EK202310138431,158.06155214970119
EK202310107167,135.79366965966153
EK202310180405,129.65551422475136
EK202310185138,124.94238542630178
EK202310207362,140.35469906210838
EK202310188914,154.55973618363043
EK202310157622,145.96940242882516
EK202310209933,142.13208205500567
EK202310191168,152.7324692651131
EK202310168227,118.16320497752004
EK202310211342,144.80266787957714
EK202310166980,149.3001965185241
EK202310206475,138.36543678745534
EK202310186567,136.76220846624017
EK202310227651,137.37896935513808
EK202310157161,148.56960761122255
EK202310171211,168.85604936614783
EK202310132575,122.43933216416028
EK202310135453,152.3005809944346
EK202310219005,156.8788296150367
EK202310186299,143.14033443788801
EK202310122783,158.71793008836255
EK202310112879,135.553235858546
EK202310236548,131.19189352176082
EK202310156862,169.4518506669554
EK202310158283,150.6237809547492
EK202310220175,141.28511467231453
EK202310205692,135.13604258039808
EK202310104703,136.8360435638052
EK202310201863,121.3761745056968
EK202310175191,123.41215806898515
EK202310143809,125.25054287626263
EK202310228164,145.71444987302493
EK202310227395,145.14266239427255
EK202310170797,147.48695502935527
EK202310147520,169.35853607117704
EK202310241613,141.49531404473572
EK202310135976,147.00151497967255
EK202310248616,134.927236290558
EK202310246754,124.0899620808845
EK202310197862,142.49947628314715
EK202310177128,155.53025761870663
EK202310232113,127.52144794992404
EK202310141746,141.51867846068842
EK202310168387,154.6167002774089
EK202310245345,152.05227779317957
EK202310209506,128.09259814930738
EK202310180792,158.96805349165592
EK202310230504,142.31512121435466
EK202310207171,161.9582601741432
EK202310123678,134.9177650506358
EK202310116185,146.6368472810483
EK202310237515,137.76055278833735
EK202310168029,154.57774000313762
EK202310226787,155.35738154197205
EK202310171773,136.23573116296
EK202310213797,148.93138449487247
EK202310210449,132.48926626487892
EK202310200138,149.59231013888805
EK202310124561,134.60861222228428
EK202310104095,153.8360099124296
EK202310173838,137.08329587327336
EK202310188790,145.7574391227908
EK202320006026,160.33204490356223
EK202310175964,144.1358773917944
EK202310246749,141.78510568962037
EK202310211166,129.19688866864192
EK202310130296,161.24519923297981
EK202310133656,138.83190595137714
EK202310162528,144.6911585368307
EK202310232172,111.38621539652789
EK202310126678,134.60209653678004
EK202310175006,129.88289355591448
EK202310195947,132.76194507239637
EK202310175965,154.34493935461614
EK202310194000,135.28269548203062
EK202310109642,138.34035437199648
EK202310234602,136.35427731212368
EK202310216505,145.5966207186653
EK202310182057,152.57596063508979
EK202310205348,156.05450331320907
EK202310231919,128.76143286425705
EK202310143248,134.25702244945143
EK202310170516,142.55876309454564
EK202310228644,129.59139300072053
EK202310162365,158.03480406044474
EK202310221959,132.20919817396367
EK202310135830,127.45791291065498
EK202310132773,123.23755349046816
EK202310116452,162.91103953247128
EK202310125827,144.34559687182772
EK202310153615,141.22474524123876
EK202310104234,145.11986483581643
EK202310171291,130.98026749281468
EK202310143530,143.52182462247873
EK202310199377,147.19528692114645
EK202310148675,127.38192421853691
EK202310136051,149.2048907697821
EK202310108210,141.6445848173323
EK202310199466,137.16507007628405
EK202310227747,157.80032562363675
EK202310247834,140.77752090159024
EK202310241529,140.15265637242015
EK202310112144,156.49310176635134
EK202310182993,154.1164761074351
EK202310189245,138.93103845063314
EK202310160406,145.37214455085984
EK202310200045,134.07693106432174
EK202310220419,143.71102756509265
EK202310139976,143.9379348052945
EK202310004037,112.46548849231041
EK202310151229,150.18718037079518
EK202310124255,120.06113680431221
EK202310112236,151.58731010190976
EK202310169836,122.56463881822124
EK202310206379,158.067246601961
EK202310237044,138.4005352699447
EK202310156899,176.86772520374137
EK202310135286,144.63432754566514
EK202310233848,153.8018842779662
EK202310243867,132.19192853151034
EK202310193719,148.78615523592632
EK202310115856,124.13930226818147
EK202310152769,139.6556452634727
EK202310208931,137.7456521313159
EK202310166273,144.0391528868985
EK202310174146,155.70332902254765
EK202310216893,146.3816696561129
EK202310200816,159.48405206869265
EK202310117687,153.10779824640613
EK202310109308,119.51232954107785
EK202310130253,170.24048958426343
EK202310129353,151.81037742857885
EK202310232695,131.61880716778649
EK202310168934,139.28071478349187
EK202320006147,168.43584633643303
EK202310131865,173.72801019956424
EK202310154389,158.4574126918395
EK202310144452,129.34807783113803
EK202310109772,129.81592671392445
EK202310142187,165.86430614790333
EK202310220392,137.79042176028238
EK202310185327,125.81869807863006
EK202310147396,148.33969129620507
EK202310207907,115.43551425559296
EK202310137274,139.73389744542015
EK202310192264,139.95069158194525
EK202310217353,128.6744789230956
EK202310169024,147.94730215079272
EK202310168820,151.48355828671376
EK202310156728,129.3863550185739
EK202310172897,154.47417358542714
EK202310141606,143.51546821635586
EK202310209150,164.78712369352166
EK202310242727,133.59543283596028
EK202310172918,138.40011203560985
EK202310238608,143.5837442124076
EK202310118817,133.2895567148362
EK202310209232,141.22070766493007
EK202310246528,154.52693687500258
EK202310225110,158.20263020502597
EK202310196139,136.6210375185541
EK202310183805,121.00654351777234
EK202310109611,132.22892170465317
EK202310165156,127.62948617223137
EK202310169977,154.80844967015935
EK202320005840,173.53562638590392
EK202310164548,163.364469594391
EK202310200636,150.77933534110977
EK202310175371,152.94098952642773
EK202310149850,156.97052241953816
EK202310192563,145.1905301722593
EK202310150786,140.08996014872312
EK202310232852,135.6214899898088
EK202310129104,147.72701883570323
EK202310222400,139.9410299642488
EK202310238847,138.2989608926475
EK202310215409,135.92649473033495
EK202310132626,141.9398754729014
EK202310209457,135.254362585833
EK202310191648,161.06337382070504
EK202310211924,133.29293104720804
EK202310123972,162.7764354635233
EK202320006941,164.08599593988632
EK202310172894,141.24071925532138
EK202310201352,146.36874599444351
EK202310246908,128.96854638355467
EK202310159957,141.6353139991657
EK202310208067,143.76151813975602
EK202310132399,155.81473538672586
EK202310154363,135.65221946812832
EK202310190672,138.48399238662358
EK202310191938,142.69163758359142
EK202310190279,147.23843533049512
EK202310205127,161.7694733888354
EK202310202799,125.80988887182288
EK202310169811,160.60159640522113
EK202310131611,157.87525336711656
EK202310124021,140.57176528748892
EK202310105652,136.8527626986554
EK202310133772,128.574069374367
EK202310222132,131.773587726369
EK202310187623,144.29885969406493
EK202310138088,135.7035184335994
EK202310203335,142.9293805930916
EK202310139562,163.71706327211223
EK202310239042,141.4827360983787
EK202310231151,130.39601292796812
EK202310142022,155.88044959178407
EK202310227265,132.10721305029833
EK202310122491,162.20393014065263
EK202310246498,139.7330428114284
EK202310237745,131.66406737517892
EK202310230083,132.9039739100471
EK202310239818,141.8236481677396
EK202310109374,140.25307642200863
EK202310188938,150.09736155365994
EK202310239985,152.0799356354434
EK202310190536,150.0770227235666
EK202310108454,142.58650629441757
EK202310185187,142.99674295147892
EK202310214929,149.31309202700518
EK202310163742,159.22737607413714
EK202310133341,122.04444431563536
EK202310123932,135.78966247193122
EK202310224048,131.6890898964055
EK202310194734,133.00803164683614
EK202310233579,132.77286204944048
EK202310111120,152.0197085323139
EK202310202005,110.83215182553806
EK202310170430,139.07713471536357
EK202310215966,142.03791215185768
EK202310142957,156.42099838899603
EK202310238877,135.95106562959293
EK202310197380,163.8465017079803
EK202310242798,122.41904914063139
EK202310118054,145.8573225289074
EK202310171995,144.00498782086723
EK202310156378,126.45702085468425
EK202310209380,134.46765346674403
EK202320005988,167.9580405284567
EK202310132771,146.21069013293342
EK202310196985,167.9430186703108
EK202310209813,134.42748728855184
EK202310156025,153.41062506441426
EK202310119261,149.4732013385646
EK202310200800,157.35005243641805
EK202310113114,136.7879057618025
EK202310176337,168.82347630391877
EK202310116221,137.85272089776183
EK202310185787,143.00808639697883
EK202310161101,164.098853712079
EK202310109179,131.0807389207122
EK202310211864,130.37562883596541
EK202310233086,145.6539932785285
EK202310203086,136.7254797472583
EK202310209153,132.0414165747169
EK202320006944,153.72737438797205
EK202310124624,152.30257432840125
EK202310160066,163.65828582967637
EK202310212610,156.95741663786293
EK202310176922,146.01271598179247
EK202310221476,160.0667374975317
EK202310178896,146.5619626906294
EK202310242101,141.27170031661484
EK202310208004,143.54693055694403
EK202310217499,121.6935102463659
EK202310133817,136.12597601464776
EK202310169528,129.9714043668356
EK202310239561,162.2432636092129
EK202310158179,141.6433548817059
EK202310145688,161.05739518995009
EK202310242791,140.10152160996574
EK202310152257,137.0442228416492
EK202310137070,132.40938298918587
EK202310146130,131.75385861030074
EK202310204201,156.91979669711841
EK202310155505,137.1224846642161
EK202310154019,136.71221805731037
EK202310233453,159.49459591910733
EK202310217804,145.06406975155883
EK202310172949,152.57504499254435
EK202310188635,156.08245703615597
EK202310117443,127.36251827792313
EK202310160841,134.80783830470392
EK202310125406,143.37610595314527
EK202310182154,139.1321470236439
EK202310118807,151.95228041784316
EK202310159569,171.1524413520733
EK202310185202,168.85146823067626
EK202310240184,132.1113425767744
EK202310180957,170.96384718625947
EK202310208211,148.728328706859
EK202310152382,148.79389604758356
EK202310174048,132.68367350587187
EK202310150319,154.70041534473657
EK202310152702,153.1000451071252
EK202310170820,135.15035712334313
EK202320007378,153.74467887912087
EK202310131773,146.66529346850317
EK202310185301,159.22677423660036
EK202310175383,153.38047498097603
EK202310170884,130.56161220715745
EK202310178300,150.8236284785386
EK202310246617,158.20376678718006
EK202310238047,124.21675021845707
EK202310208163,154.67289895712224
EK202310124260,133.6149990394886
EK202310128456,136.4837954518933
EK202310212256,126.51436052140626
EK202310234312,136.92006476495774
EK202310104195,143.89527092953193
EK202310148897,172.44543039492572
EK202310158080,141.93079593540935
EK202310219877,147.31021816214687
EK202310165158,124.02801366546161
EK202310109254,150.2691704757116
EK202310185727,146.0927171548896
EK202310143277,161.05995337765324
EK202310194994,160.4487384246129
EK202310243012,163.19487263526037
EK202310134903,132.0539623026641
EK202310231333,138.84234904608087
EK202310156732,167.83077713677267
EK202310216366,144.9016095907017
EK202310220643,149.25584330329292
EK202310165968,123.89417490796738
EK202310246411,135.40529123953687
EK202310155750,147.85087106091748
EK202310190049,152.4878904782416
EK202310004189,158.98715655537342
EK202310184691,163.09360835153552
EK202310111760,146.56307605001334
EK202310176428,132.28900866537103
EK202310152951,145.68466168300213
EK202310104263,148.123863154868
EK202310103997,150.53303957630877
EK202310229279,143.9347088777611
EK202310157826,140.0567667988064
EK202310142511,135.30881322591307
EK202310232992,132.6900924996334
EK202320007132,170.70705400117257
EK202310180745,125.42529438782309
EK202310225853,147.11493623861315
EK202310198235,143.9962076789713
EK202310196329,153.30194481654166
EK202310223113,140.59211039908158
EK202310166045,152.910347261948
EK202310174983,138.46913711680688
EK202310197554,161.5714949016001
EK202310215823,142.59714867419723
EK202310122372,158.4815554116675
EK202310157463,135.62320853554598
EK202310175294,145.66825154193245
EK202310004183,140.65528842761205
EK202310111002,130.6633191366169
EK202310132507,173.47216025633517
EK202310226239,122.35290531658202
EK202310160993,119.88886668196818
EK202310177494,142.50614590628265
EK202310247179,155.03134113725991
EK202310159413,162.2519816648119
EK202310205675,127.16537332997363
EK202310204805,139.3990780874731
EK202310104970,142.51425188024925
EK202310143326,158.65362633240585
EK202310104508,152.0690343601203
EK202310109138,131.16629752633736
EK202310155067,128.84849158409767
EK202310180368,171.28408264945156
EK202310174283,160.3030282483562
EK202310164563,146.76407824051
EK202310248605,144.4522850157946
EK202310144814,148.05127808402142
EK202310151103,137.71630531484936
EK202310137749,131.54360368485715
EK202310244871,138.14604628150994
EK202310231958,143.11910900746463
EK202320006420,169.9800722357669
EK202310180132,126.27547185911901
EK202310208818,134.05783705841225
EK202310242680,144.9692882120071
EK202310124810,170.96786720893778
EK202310179535,147.48618466535584
EK202310180039,126.403077934151
EK202310142068,161.48507564564608
EK202310241810,143.5008312810298
EK202310142213,150.67386943428178
EK202310205835,126.82053193672239
EK202310176395,130.6915088669187
EK202310108817,152.41377199035819
EK202310144432,135.69644930323688
EK202310164208,142.48170885930085
EK202310125282,136.62356940795897
EK202310110364,130.83121604213014
EK202310147767,142.24879304505063
EK202310175310,156.26340764952556
EK202310169612,105.42908918639912
EK202310177089,129.07745849624567
EK202310164613,140.45475326427575
EK202310214491,162.17031513185194
EK202310159145,173.11649491751655
EK202310148143,153.3887922228199
EK202310130196,168.86682355351175
EK202310140526,130.16161849667563
EK202310220135,141.92337327908493
EK202310116422,143.63711544959105
EK202310121781,127.29124389231431
EK202310108897,140.87149138189974
EK202310110908,150.8942435349387
EK202310219796,142.73040766425478
EK202310109152,156.59338946331434
EK202310217807,137.20914897792417
EK202310115494,124.03128120716895
EK202310221948,133.76224200475625
EK202320006012,162.26274244765384
EK202310119926,141.01547893156513
EK202310212680,134.0880569220033
EK202310004522,148.77526974588343
EK202310200665,159.46287503551858
EK202310159142,137.29936286891444
EK202310217394,143.5584833912392
EK202310247390,169.88199596575146
EK202310153429,122.1982796023035
EK202310133009,158.29701030120282
EK202310183153,159.70884037813207
EK202310223238,143.21264414275947
EK202310189167,158.68061391397015
EK202310167404,144.3190624378689
EK202310123436,143.38099225437267
EK202310201161,157.29308020904196
EK202310202874,134.92905716207653
EK202310205144,144.44198006971405
EK202310211825,136.91348462199488
EK202310119888,145.29250884311998
EK202310187594,150.34935004551167
EK202310127146,158.59837057669887
EK202310115361,148.47828493087124
EK202310122062,150.21567699135773
EK202310161120,173.63025098355968
EK202310119640,158.09684867411053
EK202310196025,162.07355763083106
EK202310239045,133.7151836962554
EK202310197374,157.26027830851683
EK202310201644,131.09996693407925
EK202310239463,127.56004998466064
EK202310234006,147.6723581215171
EK202310209744,135.01290659234456
EK202310138496,165.57097243731465
EK202310159749,170.36705370302323
EK202310199933,138.62840887890576
EK202310121772,145.02499160909733
EK202310150984,138.08615343448145
EK202310245852,142.1498375702733
EK202310129919,146.13980263645368
EK202310203657,156.50852280204845
EK202320007279,163.13966935993037
EK202310213923,133.6984358907382
EK202310004091,130.96700660605745
EK202310142372,157.99084280861197
EK202320007651,147.30671751865353
EK202310188243,161.2067323661559
EK202310162087,146.64180905963764
EK202310124791,145.15825349078492
EK202310111667,133.89098033650401
EK202310105642,130.06526059767816
EK202310196224,159.50491536238133
EK202310159474,117.8452980233167
EK202310137962,136.24344750884995
EK202310194276,157.047789382814
EK202310155765,140.5702050435659
EK202310222240,118.24678726206697
EK202310175830,154.78693752796028
EK202310115286,146.13482008460903
EK202310179252,147.1823673950307
EK202310216929,148.35551487156218
EK202310158567,134.05879249854536
EK202310124273,145.07245385521105
EK202310162224,146.3973458665836
EK202310165570,184.08819954148493
EK202310151292,133.8190476354086
EK202310123293,129.12673442058062
EK202310151984,130.76492491178982
EK202310133891,151.78909890368138
EK202310108554,149.3412238912357
EK202310108056,154.49173069422534
EK202310208276,142.8487323007777
EK202310106720,130.5210182971383
EK202310164462,134.28304024310523
EK202310153370,153.86287113089628
EK202310156354,148.8146679907761
EK202310120895,150.7167132012872
EK202310204021,137.01705300548375
EK202310144453,164.92549370257956
EK202310187876,153.3569292520856
EK202310234386,143.09884939370386
EK202310223302,134.57224128636145
EK202310198885,138.29170353322635
EK202310133774,149.37067721488626
EK202310216355,148.9717264295052
EK202310170923,134.3723880068005
EK202310190308,146.67019861070938
EK202310116974,162.40545607901652
EK202310147600,155.28906194960848
EK202310134725,162.6952683547981
EK202310205939,120.47465353471658
EK202310166068,133.66396747674204
EK202310228965,143.17786496305374
EK202310106007,135.5807022934249
EK202310192113,160.5649658314163
EK202310168030,149.34445629005018
EK202310119751,145.148407305024
EK202310196784,134.7216999312991
EK202310147073,146.55775154446323
EK202310215585,153.30449996664663
EK202310176737,140.42392585856433
EK202310191426,152.05615200400783
EK202310234686,136.0759107894867
EK202310173981,134.03016154473792
EK202310238285,148.5262773445954
EK202310004398,133.5564014032729
EK202310227760,137.64189880261242
EK202310228813,139.72630881209508
EK202310108999,158.1519693380426
EK202310170661,148.29161961863582
EK202310107069,122.85413307668297
EK202310107605,143.40932751241908
EK202310149427,174.56724366548679
EK202310235767,129.5253482100077
EK202310146513,149.70446282410137
EK202310134095,140.29269042485566
EK202310212824,143.05980764997386
EK202310187784,171.5830366535066
EK202310220588,144.4642659466068
EK202310171664,134.58365094236856
EK202310213580,128.40508456508172
EK202310117169,129.76777291203666
EK202310225689,132.66880136629055
EK202310228834,133.5442097924277
EK202310199085,149.8343443781742
EK202310115337,142.06157802254384
EK202310222451,140.0922688193777
EK202310120450,138.15100552479143
EK202310196902,152.6123996259685
EK202310213448,136.0244280140603
EK202310194551,145.14968174114733
EK202310210607,147.35446245086496
EK202310240625,136.27163938630605
EK202310232826,147.4101702236362
EK202310115580,144.93176188175855
EK202310230496,118.24575902180545
EK202310153896,142.9252872835693
EK202310167421,156.73608223733518
EK202310185386,139.99468257177875
EK202310226162,150.6227551870565
EK202320006296,151.59769500993957
EK202310122211,139.6578449162814
EK202310120410,131.42668755222374
EK202310135887,135.47000821574557
EK202310123262,145.89524705289458
EK202310116308,134.54340630101268
EK202310141964,136.94000444166343
EK202310114738,140.157927727678
EK202320007799,151.23399759967148
EK202310135945,154.17853859186908
EK202310152049,138.4767110163647
EK202310159468,139.04000221384666
EK202310137922,141.33495455786016
EK202310137799,138.29547089901007
EK202310185003,156.72128766647864
EK202310183141,132.38997221072145
EK202310179706,129.0545817733932
EK202310226300,132.03185732261588
EK202310209408,143.74881971813463
EK202310224094,136.92687431477557
EK202310155840,130.62893819918676
EK202310153392,146.14986247839198
EK202310119916,141.4313202509103
EK202310189485,129.5030188114781
EK202310153973,157.2574312350548
EK202310143859,140.46973188352663
EK202310209322,156.4595800744859
EK202310219928,145.91687223305564
EK202310177843,147.39125241409377
EK202310235521,151.5351114809794
EK202310227218,135.70143958632585
EK202310120634,137.43155542967966
EK202310237236,132.004561014597
EK202310174275,163.32409526590473
EK202310207517,140.349413856181
EK202310197066,136.46699684395895
EK202310235418,133.58156669679332
EK202310229043,138.2585271698502
EK202310232518,131.05939341196148
EK202310127726,145.69960137972458
EK202310216259,154.24003844196585
EK202310132033,137.98567710655183
EK202310204271,158.84956895783995
EK202310194461,146.97162048530433
EK202310202541,154.5645954032856
EK202310201397,155.13821548055003
EK202310169275,138.01793464090687
EK202310115278,131.7733900213948
EK202310157300,149.3693485181663
EK202310111329,141.91153496181906
EK202310132731,163.91280312080673
EK202310107770,152.70547586866422
EK202310131063,158.84813012839518
EK202310212722,146.63351560530546
EK202310172610,151.24836644653612
EK202310243791,122.5748657923242
EK202310219499,129.71031942869556
EK202310131588,144.6965981378766
EK202310217120,144.07475954634222
EK202310172169,156.58662705572058
EK202310133205,143.91417862385833
EK202310190824,158.72439091201852
EK202310119229,146.1679553420009
EK202310172059,149.75165657372622
EK202320006521,156.9832040299325
EK202310221989,153.26795955862826
EK202310178785,163.90748140040034
EK202310183830,134.6813006820762
EK202310168297,145.62635763014566
EK202310127675,134.00716478129522
EK202310172854,138.68364859150773
EK202310176515,150.3592609675733
EK202310154731,137.8909859656902
EK202310213784,150.8727993713149
EK202310150574,153.5272131747157
EK202310130454,143.05003505441164
EK202310131489,160.3984682965729
EK202310174498,152.20345134090803
EK202310103853,143.87934943578068
EK202320007395,161.5206027075939
EK202310182375,147.1932678516755
EK202310146376,159.7893166587074
EK202310236179,115.88074300580101
EK202310149241,147.46296480616925
EK202310135136,144.23058633651183
EK202310140867,144.6079183882092
EK202310223502,138.25849907124405
EK202310243943,144.63788011390207
EK202310174164,144.04959001909708
EK202310158044,156.338164229884
EK202310148103,133.31848724934247
EK202310156336,165.29648615033685
EK202310190263,160.6954031035316
EK202310176162,155.97228626850634
EK202310129272,155.5115964418847
EK202310199173,132.5582736271591
EK202310150794,140.56913680905393
EK202310207717,148.52069415271205
EK202310109712,143.1211024570155
EK202310142567,156.82338949713107
EK202310117141,146.0661847579925
EK202310204093,122.65134819710158
EK202310241706,153.20404943249304
EK202310183611,168.12614289097155
EK202310233211,154.6035092360557
EK202320005748,152.02284089058043
EK202310124159,134.62400411572304
EK202310138315,113.40374023966145
EK202310193796,158.8451797832871
EK202310218166,165.85955238372134
EK202310229779,155.6966885148754
EK202310131658,152.4588082030757
EK202310229978,116.4118592064009
EK202310171658,125.41844553590738
EK202310121521,147.8453579846793
EK202310190841,150.83475883104524
EK202310104228,141.12174936286158
EK202310113040,142.479485794481
EK202310131735,148.7148116638448
EK202310170151,146.7650513970841
EK202310124366,130.73894202923285
EK202310149451,148.20362809785993
EK202310206552,132.00357140576318
EK202310129905,148.46398999053417
EK202310227850,138.69861738810974
EK202310235398,126.64703662237083
EK202310218108,124.44657378892335
EK202310157681,103.64087817634945
EK202310214538,151.60627172994992
EK202310201752,154.38112512410788
EK202310105353,149.05350680793538
EK202310106768,121.23804649921445
EK202310200116,166.09627936039942
EK202310127715,141.8643861275035
EK202310105124,144.84257400855066
EK202310198102,141.13614182415367
EK202310106141,142.16825480976132
EK202310165059,140.82812657000747
EK202310163969,153.5982374621088
EK202310163911,158.3682333135533
EK202310160055,151.9905286379929
EK202310126497,136.06224391410373
EK202310189545,154.80543250575946
EK202310187535,154.02242209375086
EK202310224997,136.45951928986264
EK202310147587,140.18433075678098
EK202310130969,140.94417926138848
EK202310157178,160.56164616527917
EK202310150244,140.21977333877402
EK202310114255,158.6049960679971
EK202310214855,152.8131029429132
EK202310158832,156.34067039519525
EK202310143631,91.24458309281295
EK202310206903,154.28760037390091
EK202310213965,159.79015424212258
EK202310140974,150.18156928547836
EK202310243752,152.3118248664949
EK202310230647,150.62212842295781
EK202310110490,132.2384418052179
EK202310168466,143.96181760451142
EK202310138755,157.2967680877593
EK202310169502,137.1550007913274
EK202310203430,172.54373266015835
EK202310163679,140.89621497326624
EK202310157628,131.0385403638963
EK202310224841,131.36884658300175
EK202310153096,164.41630356821807
EK202310116043,132.98902248008784
EK202310201955,132.12138975919575
EK202310240755,134.7261697000858
EK202310215391,156.84167535228278
EK202310120508,130.76355183443124
EK202310166816,144.8919486414332
EK202310197615,173.55180354971208
EK202310149113,159.54985601852542
EK202310187571,136.30100370720282
EK202310234394,129.3060554620946
EK202310204787,146.37647463993562
EK202310170562,158.35891678705954
EK202310158575,148.69249816855125
EK202310200164,148.13858729401315
EK202310167493,140.7750560859913
EK202310181034,153.23802882974243
EK202310167070,131.0386747672537
EK202310221166,117.16066113509817
EK202310157175,142.07944742418923
EK202310148464,141.08802373997892
EK202310143208,147.8274966643402
EK202310139027,124.66326026804684
EK202310224872,132.3967254358548
EK202310173761,144.73027994756927
EK202310234649,128.98588158039803
EK202310134946,162.6710695534884
EK202310132145,148.0421289113682
EK202310124351,140.45474720087054
EK202310240711,137.8680855132855
EK202310228181,135.34740371563498
EK202310152792,133.30824483066738
EK202310218480,155.71713648249585
EK202310233680,171.52336285121095
EK202310226082,146.88886651047096
EK202310166293,161.62930545819
EK202310178413,165.71815886950375
EK202310192848,152.5177259722361
EK202310169316,132.82881160656987
EK202320006913,147.8985852006199
EK202310108324,126.29992757116784
EK202310209693,145.36828780587516
EK202310108004,156.02840766427045
EK202310198846,160.4920797374993
EK202310219677,136.25482000926837
EK202310164857,130.3267413718491
EK202310147656,154.0789045227306
EK202310145013,135.9462644876884
EK202310147368,150.71267470075236
EK202310170036,130.27892803350798
EK202310120376,143.31359810053019
EK202310150683,128.80238618339314
EK202310240238,153.78746704156427
EK202310217185,167.16819950844825
EK202310164586,152.75681720499023
EK202310198428,150.11263897820933
EK202310233407,136.41233784274124
EK202310163412,127.86545554986878
EK202310151118,143.93023776128317
EK202310206940,169.30591756108737
EK202310229350,116.43782852141007
EK202310118968,137.48309438213028
EK202320006106,165.00401965359666
EK202310201360,137.9226483890566
EK202310214617,154.90251554982177
EK202310230798,129.04142423096764
EK202310131993,121.74646522242526
EK202310165856,166.32467926205774
EK202310208421,124.02298504413997
EK202310140732,134.1990828191091
EK202310134224,150.1172751862038
EK202310108759,143.08689271444993
EK202310115586,143.71734951272222
EK202310166328,133.02729246536913
EK202310104171,143.38352017113255
EK202310218466,135.5844684854888
EK202310186769,149.02361605605572
EK202310231774,131.0635871903677
EK202310130856,124.69279221858125
EK202310199243,164.71935002944733
EK202310178583,135.30995502257662
EK202310231077,137.92283605689053
EK202310232984,130.61517928644614
EK202310204584,140.19817214720507
EK202310210808,143.4103732292198
EK202310243853,132.1589397693223
EK202310114871,126.05965350335447
EK202310220680,133.63959868584345
EK202310225716,136.3805584857426
EK202310171582,147.84177273050912
EK202310153093,150.39259536624184
EK202310170911,142.90009766955723
EK202310165452,176.50943579421582
EK202310235729,125.87061488586049
EK202310175158,132.38282331116147
EK202310161650,162.29627091109347
EK202310179057,143.4028520172249
EK202310173343,154.1495713603583
EK202310188221,139.09540961008491
EK202310207572,146.5877618958032
EK202310126999,146.28636776186005
EK202310121103,148.48689929584518
EK202310186391,148.83040343268289
EK202310210239,140.6595783774751
EK202310195085,140.6184041587375
EK202310160300,128.81100589110116
EK202310199891,141.71933594288555
EK202310163707,132.9927305605879
EK202310196523,151.23724207831572
EK202310234859,138.71764486579534
EK202310231803,130.8695085447583
EK202310136798,119.82500450226136
EK202310244538,145.79662619692272
EK202310004017,136.01370929708665
EK202320006492,165.79009642070014
EK202310185950,133.993190371952
EK202310130639,131.63141161502423
EK202320005689,142.02087815972962
EK202320006687,167.74693649687458
EK202310167248,127.12864572078891
EK202310134731,141.80540994549094
EK202310179818,121.36148489990379
EK202310147913,150.74022066101676
EK202310153980,158.68765626350051
EK202310117979,135.37604198223752
EK202310149501,150.78094173710633
EK202310236960,145.3014114895368
EK202310181994,139.4977986396406
EK202310170364,132.7401469210575
EK202310173530,151.20064102281853
EK202310111439,120.33901824936271
EK202310222093,132.27255926994795
EK202310144055,138.61465495489114
EK202310214164,137.9385779918284
EK202310177168,159.28335546963558
EK202310233756,138.43874625486984
EK202310154451,149.0844742027614
EK202310193603,142.94198473963675
EK202310210012,127.27857835658413
EK202310109490,144.61846155117667
EK202310161365,155.9047180322538
EK202310153596,139.9947666749631
EK202310171021,165.34774890302384
EK202310135046,156.29685786011177
EK202310105468,122.14867036800509
EK202310180678,151.32209572586223
EK202310123763,141.21557262121163
EK202310137466,148.74772726774134
EK202310138581,171.41902021558795
EK202310221347,149.64377232562506
EK202310175567,136.31745923033816
EK202310136752,153.2714291930979
EK202310129734,164.31878542591448
EK202310120365,142.18747678489274
EK202310127797,142.16680311216717
EK202310183416,146.40863201663552
EK202310239153,156.30163959219567
EK202310222246,151.62685920078852
EK202310144082,145.91064386291296
EK202310226435,131.02902276539385
EK202310110236,155.64836700107952
EK202310172009,140.47266417295492
EK202310152432,158.13577367864116
EK202310219667,135.0170183752277
EK202310202548,166.03882573198732
EK202310179444,132.0393621279029
EK202310110933,139.05869709509955
EK202310112714,141.8082724574022
EK202310129776,163.8510245481237
EK202310184025,157.04190347076263
EK202310199495,144.35920653248718
EK202310120853,151.70401160855698
EK202310110965,138.6994079795878
EK202310125670,139.37226538235916
EK202310129995,163.0395483052415
EK202310228248,137.80899557954362
EK202310128534,134.34706914088798
EK202310183479,154.93095214536925
EK202310159882,144.81183813860906
EK202310224442,134.54155611025504
EK202310119875,155.4655972164409
EK202310165118,146.11185707092864
EK202310003461,123.2475982465675
EK202310127902,123.92265501627111
EK202310241227,150.74903987872642
EK202310177075,117.9586113659906
EK202310195321,153.47681610832657
EK202310109724,169.5195364125017
EK202310224884,127.27296172768123
EK202310246986,138.721270757795
EK202310180027,151.12105585679544
EK202310143531,140.59209793566095
EK202310180604,134.8669797083321
EK202310241988,152.1801013228761
EK202310109076,140.53776077976622
EK202310117902,144.53798072729927
EK202310215898,135.40319792339693
EK202310134539,139.9545586658004
EK202310239440,127.58001694694434
EK202310230665,126.27910500278763
EK202310172063,151.38009758828278
EK202310126450,125.00080530401327
EK202310229116,141.36946999425783
EK202310178898,156.48370133798855
EK202310111721,146.1131706606861
EK202310170101,165.5307013865804
EK202310158581,143.5731206515024
EK202310157015,163.22735797510367
EK202310229038,137.16327390181806
EK202310222680,132.24767478683577
EK202310111285,140.41568283787424
EK202310222575,161.18705327106164
EK202310156621,174.8869430865309
EK202310199481,144.6869606264162
EK202310204046,158.0322636577279
EK202310219609,133.8777489476925
EK202310222642,128.32703541123598
EK202310199140,134.27756258211159
EK202310200730,147.89198489603942
EK202310139007,143.84644674590942
EK202310126900,129.5592801236859
EK202310228039,139.57698057136224
EK202310177276,141.74249545133245
EK202310233570,122.19443520995573
EK202310237169,156.86880915806023
EK202310238023,157.82402795509535
EK202310127838,132.78778629822793
EK202310232618,137.38188192812405
EK202310114863,144.69444860236888
EK202310196485,143.2110125007146
EK202310128223,135.94968076243154
EK202310121663,139.2056282655696
EK202310111075,146.40745018964662
EK202310131404,128.60239675142148
EK202310104361,138.97137063413774
EK202310188771,138.71970478225938
EK202310166069,159.4213106219472
EK202310225476,108.81037824507149
EK202310118945,141.18709673213777
EK202310203625,138.46491079520214
EK202310245898,152.19371916022678
EK202310197749,136.2069295775073
EK202310185073,146.22904948933146
EK202310114565,136.6637300668872
EK202310151446,158.5739960209645
EK202310206021,135.97465157537988
EK202310179791,148.28704743100002
EK202310205394,133.01751610558549
EK202310166488,171.93976921633387
EK202310106840,127.05981181841574
EK202310115082,133.76207235021164
EK202310173564,138.32298533553117
EK202310205877,154.3343780130534
EK202310152051,149.7274411424686
EK202310144703,137.55279435204804
EK202310130259,159.54819683003763
EK202310177228,148.62149302811298
EK202310218957,128.39600164378427
EK202310142498,159.41535927409308
EK202310119549,119.6419737520634
EK202310233725,126.76975707797214
EK202310233810,149.0091686036695
EK202310210342,138.53607039677868
EK202310142303,149.92938513601652
EK202310227362,133.83955032791548
EK202310212631,134.78061273825008
EK202310148066,149.84323600736877
EK202310115133,144.68459290587174
EK202310145502,121.41846985301784
EK202310151385,164.6234128095388
EK202310245859,129.57328624086009
EK202310222753,135.06241761556277
EK202310170556,155.68532820845127
EK202310186591,135.9506516400112
EK202310141795,161.43598644394442
EK202310129475,144.36843126001426
EK202310117335,135.25424098187105
EK202310219091,145.74673949505072
EK202310224742,116.8961109154931
EK202310153827,167.3052143122213
EK202310159244,138.98114597724904
EK202310218618,138.32187015078424
EK202310229622,134.81808189041993
EK202310212905,123.73953924564248
EK202310190075,142.67759892669076
EK202310190265,159.33446293367393
EK202310168559,132.95073923432022
EK202310215223,145.84236857259464
EK202310231305,134.0467440895498
EK202310220211,129.3589995137401
EK202310183222,134.92692167714816
EK202310141182,137.57980711237437
EK202310227695,140.84960774761922
EK202310233303,127.14287075497305
EK202310108658,139.8553639463059
EK202310157889,140.16919847691003
EK202310176473,142.52272238762944
EK202310235635,132.37790942742487
EK202310127390,151.995797389796
EK202310137562,148.41016799367458
EK202310104205,157.9060421845512
EK202310174206,131.03525446082142
EK202310212816,154.1978737566943
EK202310147436,143.6461155760051
EK202310180611,151.67484567089554
EK202310210354,150.15072691127872
EK202310189663,129.4571928500589
EK202310119259,140.92363455883282
EK202310235125,134.72480717850854
EK202310246750,144.3055075896682
EK202310218896,145.24815594901142
EK202310203786,130.09534919164912
EK202310180913,139.4200676652753
EK202310124372,146.74939080435888
EK202310165379,142.4279550637874
EK202310180954,162.6887425814263
EK202310145852,145.2381693455665
EK202310236766,134.65312572958095
EK202310134276,152.1095866618552
EK202310121348,154.05435385807147
EK202310141601,145.50834002704855
EK202310128602,126.36291990539948
EK202310110423,129.96142851352192
EK202310145558,139.8781947556658
EK202310155126,150.68925751962388
EK202310148031,155.1673693870454
EK202310174648,149.35836571002096
EK202310107125,154.9871178710913
EK202310206336,173.55286850587672
EK202310244639,134.75436192952478
EK202310225703,108.12349092782397
EK202310246590,163.38364967366448
EK202310162037,136.35365472327211
EK202310214389,150.7298415937045
EK202310186078,140.9749226795488
EK202310237892,127.8847920825615
EK202310139019,151.39028724835345
EK202310144411,157.0909501021789
EK202310121887,139.377787311593
EK202310182472,127.35827066130423
EK202310110577,129.32807777187972
EK202310217458,154.28853492258744
EK202310206751,155.79638203665678
EK202310135834,155.41959261646812
EK202310129936,146.22624754925857
EK202310193629,143.09995450018428
EK202310109058,154.80107247761805
EK202310229608,143.5998341477772
EK202310201686,143.701808114433
EK202310206823,139.7899779682662
EK202310109660,126.23271257136678
EK202310202418,156.06949061517943
EK202310140335,132.6767709552315
EK202310198168,138.94811054225306
EK202310117989,142.25782542380736
EK202310110082,139.4656026774545
EK202310227199,128.75171965408876
EK202310219307,157.8896689993304
EK202310236825,133.6488128788626
EK202310114629,138.68164917799538
EK202310180370,168.7058585822343
EK202310145206,162.4721200405254
EK202310108111,146.50703490007047
EK202310226175,137.91305710250734
EK202310227223,161.96626052718142
EK202310199795,144.74652820062104
EK202310228694,134.54867830834226
EK202310217385,136.19662905843302
EK202310104812,137.2134018180855
EK202310216111,140.28266025114306
EK202310176703,148.00434669980294
EK202310240602,134.95085795649783
EK202310103728,140.88277090769125
EK202310220868,124.01506079089306
EK202310114579,140.11994727480254
EK202310165033,142.03073716214698
EK202310150030,157.6622542024465
EK202310201296,152.41136312498492
EK202310105195,148.72435441499474
EK202310213553,127.09524876639415
EK202310162788,151.03728852683363
EK202310216325,140.3168845934742
EK202310144613,148.75371510086802
EK202310226580,136.03345112457316
EK202310229109,133.40345416648876
EK202310124954,172.01912912791042
EK202310205954,140.02045515694277
EK202310179712,121.23953132338326
EK202310193847,147.70746350915894
EK202310175822,130.3484827682467
EK202310116359,119.7150287579057
EK202320006662,170.3462710811159
EK202310111520,143.89199597646885
EK202310213288,140.96579118043928
EK202310191137,157.2900992538606
EK202310132404,151.16537408068461
EK202310201570,161.66239785622673
EK202310203322,137.53567760733853
EK202310143258,156.93036274508188
EK202310241669,144.68078521844382
EK202310190261,158.3548890188628
EK202310145096,124.41144319525338
EK202310231686,140.04153237070358
EK202310163789,143.9021670650833
EK202310196402,147.9185649415393
EK202310230132,142.19232452454364
EK202310155673,129.71751871226766
EK202310210437,139.0892751320517
EK202310107353,132.12420774544705
EK202310219475,137.9403219285752
EK202310232408,123.67040441532208
EK202310152774,135.12161081310862
EK202310200770,159.20703386493952
EK202310185372,148.66018647926288
EK202310119209,143.3253990740043
EK202310131238,144.05299033444166
EK202310162969,133.70684121237284
EK202310127182,142.18001009948
EK202310245830,126.50776733066337
EK202310205893,133.7888883924726
EK202310104756,135.73675998995944
EK202310153892,144.40511186476365
EK202310244027,155.11140955988972
EK202310163145,149.78150405711222
EK202310165966,147.40745544482425
EK202310185338,162.07986859655745
EK202310004564,127.36345508013899
EK202310246545,114.31201784440952
EK202310243927,140.0470713503878
EK202310171098,147.03210929193727
EK202310226637,130.79190885752925
EK202310240501,135.0805695753236
EK202310213124,136.1504228179687
EK202310185369,150.69251277835687
EK202310184650,167.16343514453854
EK202310191710,129.40985537047337
EK202310186505,132.73651001490438
EK202310246315,150.53450956306654
EK202310128179,132.53405437952537
EK202310218717,132.0457333375404
EK202310140183,143.82918845197023
EK202310218416,135.3299654433855
EK202310104512,146.62759465108618
EK202310148024,144.7483918778704
EK202310211056,141.8889348369939
EK202310212788,142.04411644437408
EK202310151708,149.083979503662
EK202310192193,144.68309788829188
EK202310147119,159.8955051579235
EK202310134171,159.9660127587486
EK202310120405,149.0105861700984
EK202310197432,117.30253831944103
EK202310116473,144.5366888781545
EK202310148941,139.02769678581353
EK202310225424,160.10650053213578
EK202310160249,166.91937354738374
EK202310177564,130.16238769320222
EK202310147712,137.62777421205305
EK202310130033,145.12590070987648
EK202310161738,143.52882635729986
EK202310225844,128.83997912765673
EK202310200581,166.66467136057463
EK202310155845,147.27612013847133
EK202310121666,125.5223432590136
EK202310124396,150.5420518464432
EK202310234458,142.64362791438367
EK202310122157,138.23337222869768
EK202310122028,155.07020173828295
EK202310178168,134.78644201593053
EK202320006120,154.9581518552542
EK202310104089,150.20751558626952
EK202310130047,123.56902815317486
EK202310233902,133.74466187213142
EK202310145593,147.45085531244146
EK202310145435,136.31980498455948
EK202310121638,142.29391278245433
EK202310175711,136.72207081326363
EK202310178650,144.74219841371865
EK202310209932,127.48689039771745
EK202310150842,133.27211766328566
EK202310176075,114.11045763061063
EK202310225913,157.6873438184889
EK202310223616,137.38495425411864
EK202310177498,134.2024062949435
EK202310210293,138.41666557601107
EK202310243077,146.9117152009817
EK202310120981,133.40689955295878
EK202310161599,144.8398116725651
EK202310199852,148.88065612994663
EK202310152182,154.23952727820603
EK202310201657,161.12278427979197
EK202310108940,157.5187707728014
EK202310167429,152.89038515129977
EK202310245926,143.94922956240097
EK202310152784,140.97660267435177
EK202310124342,141.24157945831894
EK202310161267,149.24014041097374
EK202310145118,124.91366955033439
EK202310124701,144.48919439374373
EK202310144618,144.33255713740422
EK202310233384,134.0223688151767
EK202310207039,153.8898298801922
EK202310190234,130.80137219644683
EK202310198686,140.40762649237624
EK202310120341,144.44594375062712
EK202310247847,146.03485992665154
EK202310003450,153.94444261867017
EK202310134573,144.41635645906808
EK202310116321,123.25345663210827
EK202310202729,145.94960212028818
EK202310225102,166.46267615337922
EK202320007842,158.4706835967161
EK202310185093,142.98637867745558
EK202310147662,156.64456220447812
EK202310202843,138.3578884660307
EK202310233390,132.0220591260012
EK202310136750,150.96949788852487
EK202310132231,128.7073659948732
EK202310229820,129.4850947687171
EK202310198900,122.90401517354866
EK202310112722,150.7486208874367
EK202310124481,135.9624500768993
EK202310168703,130.96579360932355
EK202310215506,149.84908556621437
EK202310227298,129.56084049207948
EK202310162425,146.97812038546732
EK202310147420,132.7637241741242
EK202310230006,138.1947700444306
EK202310107551,163.97028199094865
EK202310245496,134.1555005045683
EK202310121500,141.1898315916779
EK202310137045,124.56669133859612
EK202310004368,137.5072255554755
EK202310124048,128.1518242473427
EK202310123230,151.91052507034357
EK202310003475,129.69634534479755
EK202310129436,141.53769748129048
EK202310202223,149.33121039115926
EK202310135682,141.03891171003778
EK202310113775,150.5223676053415
EK202310143850,142.60326416652205
EK202310199362,155.56978515568312
EK202310206686,140.11980296153905
EK202310134277,143.54923402575858
EK202310244824,132.51203975937946
EK202310127241,158.73574170420733
EK202310153015,141.89441718208238
EK202310183863,135.0045632357634
EK202310194062,138.9579637101959
EK202310137570,144.78520685025012
EK202310105406,156.68468117478506
EK202310211726,140.59638507811857
EK202310140163,160.43999001256324
EK202310151370,136.0955713881872
EK202310183307,127.7625789506909
EK202310209242,131.09015668965674
EK202310201596,140.11364597978726
EK202310148319,147.80933361324225
EK202310212091,135.59274364761492
EK202310231030,143.62256340303853
EK202310111993,137.384360459089
EK202310156211,153.2231415496633
EK202310104592,143.2539352087141
EK202310133538,155.6132306170483
EK202310143489,117.66264355099393
EK202310108608,139.56789670367317
EK202310209410,152.72827853291807
EK202310196298,172.46450796554848
EK202310200348,144.83123545899335
EK202310130825,126.55076606495021
EK202310211388,153.5554038221284
EK202310151265,124.48729844809145
EK202310161779,157.19193980242414
EK202310117949,148.38992749374071
EK202310204507,163.2122973421914
EK202310104001,134.5898183783778
EK202310217266,139.69559533693902
EK202310210738,141.9103220129316
EK202310179516,143.80184422275178
EK202310185260,151.68803055721668
EK202310117134,131.43090130305478
EK202310218620,131.46383085588027
EK202310118920,146.97056797360025
EK202310174953,163.39448261186598
EK202310235880,167.94076454786833
EK202310246765,137.0446590696187
EK202310151192,133.52701195021982
EK202310218327,137.20692553667925
EK202310184977,153.2074072481984
EK202310106156,131.37632145252098
EK202310174601,124.27023864333464
EK202310242933,128.7556213064801
EK202320006248,159.97328339089214
EK202310155266,150.7006293585308
EK202310118205,152.45884305723177
EK202320007868,157.35460722623648
EK202310122476,133.10374743479008
EK202310246704,138.6978774530373
EK202310154390,143.0585430785696
EK202310208154,146.73019102402696
EK202310130903,133.366614889771
EK202310244992,144.28993203147942
EK202310141315,135.88644428641337
EK202310119220,129.8911376517508
EK202310245411,141.13648397257916
EK202310122328,142.33475466995478
EK202310145979,117.70840012693546
EK202310137109,138.19350338886863
EK202310107808,138.33442398567968
EK202310237598,139.64522641676393
EK202310150637,144.45781809346886
EK202310115093,133.42417886509324
EK202310121973,139.13767301430656
EK202310201313,136.08057258861677
EK202310171481,155.11665125956395
EK202310151406,171.1102064998214
EK202310201141,153.8403669855211
EK202310179223,128.39363302436595
EK202310195934,169.9621936041666
EK202310142396,149.04132974838967
EK202310161167,158.36964270177265
EK202310166581,155.5381281650697
EK202310247520,151.2026754535115
EK202310113867,147.40286831827848
EK202310124498,131.84053571254958
EK202310156133,141.46128454773282
EK202310199597,154.54748263614724
EK202310161135,160.78631492133835
EK202310215679,147.8177349641087
EK202310238774,133.39693840667186
EK202310196868,130.40712648007926
EK202310112295,148.6015088500734
EK202310235239,144.17561922034463
EK202310127731,153.91037576165343
EK202310230868,138.77720324145827
EK202310217903,146.8092706982842
EK202310172613,133.8009823841684
EK202310129229,153.94002874827504
EK202310190368,161.00192588046454
EK202310162297,128.93904571831092
EK202310222739,120.31971480542282
EK202310161749,126.06820232961844
EK202310155297,144.35942022520092
EK202310108502,153.72889353892663
EK202310130801,149.64285998151388
EK202310231593,126.31667020469921
EK202310125919,140.95479386420953
EK202310209411,136.84765150173004
EK202310179339,118.34272094503093
EK202310187200,150.60092575071465
EK202310146890,143.91596599466826
EK202310166979,141.80199797517346
EK202310237165,151.62131521852098
EK202310152579,149.0853343319247
EK202310003917,152.95190234980996
EK202310235269,167.16829893820358
EK202310108468,150.7830907759587
EK202310143968,147.06013369240424
EK202310160042,121.15479054656421
EK202310203662,147.14600046591096
EK202310151437,155.15293463653393
EK202310144465,147.36242591498657
EK202310190402,158.6242910597963
EK202310134264,123.71821903787404
EK202310234082,146.77208326281104
EK202310210958,128.57277501210757
EK202310139701,120.20228228944859
EK202310143670,172.41797462809043
EK202310144634,133.95349414500055
EK202310141663,151.01746764979654
EK202310137665,132.2307227367015
EK202310205722,127.4796764000125
EK202310151909,141.46963194695707
EK202310221195,132.47358928567334
EK202310137582,136.74679062737442
EK202310194278,122.53530300506586
EK202310128272,131.85954976393361
EK202310106468,164.66076015958595
EK202310144004,142.86517628856683
EK202310128173,156.97126316024722
EK202310111420,131.78657054285475
EK202310120296,127.30218178526286
EK202310200950,160.21484879763287
EK202310175501,144.45297339625716
EK202310120331,158.10495709022078
EK202310228878,175.180259477436
EK202310182513,165.28330576832082
EK202310146179,136.3851688642471
EK202310122722,143.57522415949924
EK202310105824,148.39376337845079
EK202310153125,163.23324429110485
EK202310245447,142.3048649432126
EK202310119032,142.39590019012752
EK202310121833,134.68131847030725
EK202310241687,130.78006554219905
EK202310239324,143.427844449899
EK202310164441,125.41736806227598
EK202310140020,166.9980731419317
EK202310130010,149.68729116966867
EK202310121272,135.92742132400284
EK202310155947,141.14283092293104
EK202310235396,150.77838718960933
EK202310142223,150.59050174658648
EK202310112225,144.71564325123205
EK202310169440,156.34027900637096
EK202310136706,153.30340076061367
EK202310216973,129.09234705829496
EK202310226784,152.16987613561983
EK202310221041,132.98625642790952
EK202310231770,139.50079484493247
EK202310145329,153.80487616818226
EK202310134603,159.1263372716108
EK202310186803,149.8338831067825
EK202310004747,126.26894762105118
EK202310140470,142.66958140515334
EK202310195581,126.75394833387996
EK202310150690,144.6888958322603
EK202310107903,133.89492881018293
EK202310192146,131.9049957973839
EK202310148551,179.3706957741325
EK202310106261,130.69148328990147
EK202310146170,124.78230035106914
EK202310136162,146.45036103189196
EK202310113122,143.36012862056558
EK202310163718,131.96622662333763
EK202310183205,157.42535545213426
EK202310200858,164.81586910213366
EK202310196929,167.00475120219843
EK202310171438,170.22599893268264
EK202310174765,145.5722904949764
EK202310124046,136.35776382553738
EK202310152264,148.69681123194474
EK202310213792,158.4332164031557
EK202310165171,164.3107888336341
EK202310162758,140.63415791955632
EK202310143468,137.6143246883339
EK202310180043,108.50480443081281
EK202310147871,161.56836780030613
EK202310164549,144.64496463326358
EK202310201642,141.32830913874722
EK202310109113,132.92953773287007
EK202310174688,142.7553593440441
EK202310248259,147.41692331197808
EK202310185782,135.90771952698074
EK202310110936,137.71547135763714
EK202310117421,158.65443012555974
EK202310142478,112.05878450380534
EK202310141930,148.66012853430448
EK202310243981,127.49991724989937
EK202310172266,141.3624024000053
EK202310228140,136.10812017249478
EK202310176614,156.36587589044524
EK202310233607,165.17591420036376
EK202310106233,116.322583237606
EK202310162621,173.35312163025304
EK202310190940,144.633717974135
EK202310219344,162.65879353411938
EK202310154188,166.5672611270058
EK202310219915,136.3287442372379
EK202310166730,147.43154209965658
EK202310117725,132.98637493787786
EK202310166726,146.34116076604548
EK202310163657,158.23836058980683
EK202310228898,147.1215790284611
EK202310184184,140.22696964018854
EK202310125372,127.84096646695829
EK202310119495,129.99930681562572
EK202310117082,130.0751147309648
EK202310146291,146.75087231675826
EK202310241466,133.6674758698053
EK202310150849,146.78605244091017
EK202310202757,156.1309023928353
EK202310182560,150.17131153961114
EK202310112973,117.36449996720071
EK202310213514,126.77595551198834
EK202310221393,154.52813127021616
EK202310158310,151.81068876461876
EK202310140347,134.97308451561386
EK202310175551,145.69322766924216
EK202310180868,140.22962930549224
EK202320006868,169.10036068470154
EK202310248257,152.2633235282726
EK202310180309,155.00374899635952
EK202310229558,133.46654629043164
EK202310115971,136.30090083414365
EK202310160935,145.11622757497148
EK202310157633,144.57855573769717
EK202310146143,133.0445272385434
EK202310186183,148.31709058866096
EK202310211422,141.54359357694332
EK202310161977,166.7998571133118
EK202320006500,174.425244573457
EK202310150314,146.30102525053576
EK202310110846,148.58188277121258
EK202310203222,141.87932888710228
EK202310129532,126.450578994616
EK202310129904,145.77235339605002
EK202310186467,154.8985248793185
EK202310147117,154.74431847882667
EK202310116424,148.3232599760529
EK202310149442,149.83853321539024
EK202310104505,151.08945269981632
EK202310121773,148.45843192207587
EK202310127109,146.35682116684697
EK202310201894,158.59930712382143
EK202310188361,144.2970125866629
EK202310193295,157.75093452000812
EK202310177870,134.11002685437012
EK202310113628,144.68127686950555
EK202310139300,142.72108502202073
EK202310142961,160.643789642467
EK202310105639,136.2468734784888
EK202310200187,137.10864214406638
EK202310235386,143.07171502461054
EK202310201587,168.07675189923546
EK202310139029,133.3001359045803
EK202310170332,150.61083290415448
EK202310104539,149.3705866445779
EK202310221009,153.56753713146705
EK202310111917,141.1137569994008
EK202310155020,142.97090399105207
EK202310209995,145.71885896737584
EK202310201277,152.12190999768725
EK202310142737,155.9877035618789
EK202310226601,141.28260364403818
EK202310248195,137.18475981528266
EK202310181017,153.8436316533754
EK202310141427,144.94579036701157
EK202310231407,138.61155947790567
EK202310137086,143.64597788545882
EK202310125507,133.9439488527354
EK202310122987,116.10880125583799
EK202310200912,126.6282606177453
EK202310104251,129.07776584956108
EK202310195674,161.16810367535453
EK202310223438,146.76642252642642
EK202310153194,171.9392270006669
EK202310213990,146.15447567340738
EK202310162781,134.30588411003677
EK202310187211,157.41247024059885
EK202310176227,146.4740135099134
EK202310234676,125.71611303742063
EK202310125148,144.96727889288852
EK202310177679,139.31977553666476
EK202310120787,136.86329476019648
EK202310145311,147.95609769144636
EK202310122627,144.7428646164948
EK202310201377,157.79676613124988
EK202310212640,146.52411040218837
EK202310123690,120.66185396702777
EK202310111428,142.74189052879223
EK202310231233,135.71802930187383
EK202310205587,151.1715751157992
EK202310126571,140.12261233603505
EK202310145090,147.59507852878028
EK202320006877,157.08196994500042
EK202310172065,130.31404518389962
EK202310198983,134.01689030761517
EK202310169546,118.35311869567025
EK202310111317,129.59213918220368
EK202310119424,139.39965543966454
EK202310135345,166.75513777644383
EK202310118372,127.7699820789356
EK202310170295,149.66175907965
EK202310190557,137.00574093737313
EK202310200195,130.91830372433702
EK202310131868,172.3906687830167
EK202310158562,146.94196756665465
EK202310150891,132.8476353722982
EK202310151386,161.19088986772095
EK202310243101,140.37466415088542
EK202310146970,138.97600610570257
EK202310194638,154.6270861747903
EK202310142085,119.94037952686966
EK202310155341,144.14880319464083
EK202310226663,133.65879183305782
EK202310183726,163.1619162553251
EK202310189308,159.82576385154687
EK202310198713,180.52796226440648
EK202310202117,157.00847254798998
EK202310163684,133.45783132469157
EK202310111102,136.00544050526716
EK202310127044,119.18056390507806
EK202310118453,146.92761287770176
EK202310128214,134.07533897945748
EK202310135042,176.25717109483332
EK202310126915,135.76394900733007
EK202310147166,155.25759099914526
EK202310233052,129.88753867971306
EK202310141703,127.42280558034759
EK202310164168,147.19563398258268
EK202310156751,151.9007269677933
EK202310146541,140.39779646718398
EK202310184817,171.653238027579
EK202310195187,157.2319366633271
EK202310168677,141.5476617804313
EK202310188486,141.694207996197
EK202310224018,166.60294682371912
EK202310172986,140.98326872306754
EK202310161060,168.83637767804572
EK202310178666,132.34732743794106
EK202310166665,136.98533704250693
EK202310141091,162.63214803131612
EK202310191127,136.63823119030982
EK202310189382,139.1532098653675
EK202310172890,151.02119645626726
EK202310171361,146.91577207957246
EK202310186346,140.85323883980084
EK202310189932,134.12088905807155
EK202310189293,170.5580150408987
EK202310171610,139.72592266796494
EK202310239231,138.34115368184837
EK202310201004,127.19163166726332
EK202310178301,157.18802757649283
EK202310246066,128.82649622324746
EK202310243993,157.31416491206892
EK202310240850,142.09912926102191
EK202310115127,143.33434118270532
EK202310232199,113.56933575425109
EK202310217063,142.88143686851794
EK202310115674,127.54649329142394
EK202310110226,133.62544933432866
EK202310181037,163.67276890429167
EK202310004136,155.85891076648034
EK202310159843,160.69266071619376
EK202310126952,125.1677505613248
EK202310230766,135.73964294380946
EK202310110797,127.46713826137912
EK202310231475,131.15163842240386
EK202310135719,150.03288061623485
EK202310145051,134.46903808365605
EK202310113543,147.78038776368223
EK202310159237,142.2704177840556
EK202310238856,132.15159341240957
EK202310121123,137.27025783060745
EK202310192625,152.3984519561487
EK202310170391,136.7734300241185
EK202310141783,142.73794956792037
EK202310117317,133.79646290055732
EK202310159443,109.55959465841721
EK202310224692,160.00493617886556
EK202310129133,144.9036542145357
EK202310118922,159.11267566963144
EK202310187333,138.0926486452855
EK202310149791,142.96913659530884
EK202310231752,141.41878711673994
EK202310130461,136.55278107719712
EK202310151790,134.55952409590955
EK202310156693,140.54772339486297
EK202310138274,172.80725414946988
EK202310217407,147.57541427898713
EK202310115388,134.0254744248787
EK202310145689,154.67119735940787
EK202310104824,137.96911659678378
EK202310247570,155.96388093554032
EK202310197035,127.19795833254082
EK202310230114,135.99084199026402
EK202310105854,145.88242919845317
EK202310187457,143.68434292822047
EK202310192506,136.29101155025953
EK202310140455,141.43131028237374
EK202310226538,133.18471856387242
EK202310175408,140.5727187124564
EK202310132765,132.19701770587886
EK202310193721,144.22653292609377
EK202310151285,164.2425925382929
EK202310178760,166.02951613088766
EK202310149663,142.2760969302818
EK202310219711,130.34781292794327
EK202310217272,160.57074405296936
EK202310238355,137.2339297053871
EK202310188659,144.95316730446078
EK202310205449,130.94167291701987
EK202310233265,161.42992276499209
EK202310109651,140.0356681650392
EK202310226933,130.9284914102031
EK202310159603,122.26212518030233
EK202310105868,148.45557004589048
EK202310171812,141.31019917996622
EK202310176259,156.78551315917414
EK202310122912,173.11079391069558
EK202310184013,164.41726885182757
EK202310179868,144.79849801981217
EK202310176252,158.064025124148
EK202310239466,144.658919508447
EK202310228949,128.07565216958966
EK202310169903,161.62818614031283
EK202310209528,146.27330115385308
EK202310213123,136.50312374316584
EK202310173452,127.97910790834898
EK202310230252,140.86008105019698
EK202310106835,112.9299830892505
EK202320007700,144.99433908874659
EK202310198359,126.18078928252433
EK202310180758,152.53293314972973
EK202310227440,124.94047156523553
EK202310239839,142.58996485055616
EK202310145401,133.9502857016304
EK202310131446,148.13326361644727
EK202310121079,138.56841149960064
EK202310159312,166.02404435580078
EK202310167080,145.9733541904506
EK202310110131,136.0067090812113
EK202310173862,145.48144651785643
EK202310184021,163.2856574022717
EK202310223793,145.03976876810006
EK202310190740,154.87601322364839
EK202310165164,147.85072806050187
EK202310136762,140.6177660913022
EK202310187434,143.2928643570497
EK202310212919,145.39558391358767
EK202310147933,147.9702655348064
EK202310217428,128.8426303166745
EK202310163195,135.81971111498518
EK202310144020,141.23071625579934
EK202310226546,135.90796235069132
EK202310172034,140.47085955071594
EK202310113666,148.40471175574172
EK202310189588,136.5357823326606
EK202310107725,143.13277401366523
EK202310195274,141.12233018440133
EK202310180008,133.86076602372725
EK202310164031,120.7717736627958
EK202310229645,137.4586241199376
EK202310125934,135.57360099417443
EK202310218196,144.99006829821468
EK202310119725,150.23175599606589
EK202310133573,139.89711715979166
EK202310219254,161.18825479887903
EK202310105775,137.5818295680971
EK202310163730,144.8495256238595
EK202310119408,157.91562255343365
EK202310134331,142.80341580255978
EK202310138761,161.26930027649968
EK202310126020,133.81935493515897
EK202310128964,146.60028052255274
EK202310225868,156.94470656262953
EK202310217967,117.01965973761142
EK202310222323,157.2370331189179
EK202310206855,139.5734984946023
EK202310152085,162.273827539972
EK202310004023,149.74165156382858
EK202310211193,160.2299815158749
EK202310189925,137.5946782275953
EK202310152235,151.17898702606524
EK202310189056,149.40396224677332
EK202310242595,131.52089087948045
EK202310140195,147.47499510222767
EK202310181500,147.9621694764687
EK202310171216,140.66382131709486
EK202310209110,138.48789552513728
EK202310246479,128.11520300470968
EK202310194938,153.2971508148137
EK202310224895,139.2444129984448
EK202310195509,138.01976743384853
EK202310173849,109.75691073615857
EK202310116837,158.39426792570862
EK202310105574,136.78392694934456
EK202310196041,155.79603254761895
EK202310122385,139.90679680321745
EK202310193454,146.47984651347383
EK202310124125,147.17458438376207
EK202310180862,132.59346015448452
EK202310234723,142.63667600281514
EK202310126036,132.333013821452
EK202310171137,157.2393713640261
EK202310233393,132.67860806113427
EK202310132926,142.58040047719854
EK202310160365,129.6885860437604
EK202310211274,146.8378884501217
EK202310225058,159.47886124498498
EK202310194840,149.03980040739003
EK202310216072,131.35416909089872
EK202310224888,165.3351595448974
EK202310003930,135.82838051287072
EK202310187789,164.66127682542097
EK202310237317,118.20090612773357
EK202310188643,146.08234066631124
EK202310163618,169.30015114602134
EK202310216984,148.94365291135324
EK202310243216,145.24545597979778
EK202310111010,127.21597276237362
EK202310140852,135.9562352832483
EK202310114085,146.92841971651674
EK202310123385,134.30728698105747
EK202310222159,124.05525669245665
EK202310203038,154.79493039597617
EK202320005703,166.47704776461842
EK202320006527,152.8638775016453
EK202310234277,142.40086801506186
EK202310135781,136.4093132179847
EK202310157465,153.40743015073303
EK202310178744,151.24974658829856
EK202310238253,147.81986857300538
EK202310122583,134.24841701342675
EK202310214372,137.40914503664536
EK202310174457,148.86612679396922
EK202310167149,138.31332743849583
EK202310228958,134.06581503103376
EK202310157246,152.83721051072968
EK202310148323,152.38724699336362
EK202310174823,163.18408807435077
EK202310165142,151.92694220252054
EK202310207746,139.70369424994374
EK202310245090,132.943320844599
EK202310181612,146.40195050772442
EK202310217652,127.37615709671908
EK202310161957,142.15498844317688
EK202310116818,146.96302813571384
EK202310180631,149.4161817102054
EK202310158422,152.11261748914268
EK202310195969,163.46990470729747
EK202310226142,144.0583881719376
EK202310199652,168.11690221945446
EK202310150930,147.18439097564922
EK202310148331,144.5513574247282
EK202310189171,152.61583356021632
EK202310194950,149.56924478511212
EK202310242729,139.8146663823378
EK202310221050,130.84972695808915
EK202310105169,146.21522182468033
EK202310231810,131.6753490553162
EK202310201600,158.54147566874644
EK202310173892,144.68414709299088
EK202310103909,164.311596676418
EK202310207543,140.69571653404458
EK202310217532,130.0465516403911
EK202310131408,121.91940639762794
EK202310216303,145.0604321990983
EK202310207214,141.3765957242859
EK202310237069,153.17536942741125
EK202310130210,153.4283624089495
EK202310148179,161.38507989226406
EK202310230098,123.48644936527145
EK202310106540,128.44718263376478
EK202310247875,130.01413288827877
EK202310131197,160.2033377187194
EK202310213017,150.29768809750368
EK202310226797,143.6467146359095
EK202310124853,133.18513002951798
EK202310219648,124.6014849403375
EK202310242013,142.6887732349377
EK202310190443,134.4078669710575
EK202310142718,129.88988331195588
EK202310173178,144.66823166245294
EK202310125534,143.37548620984012
EK202310122118,144.7380579886132
EK202310151782,146.63938368912756
EK202310142165,134.7750849195146
EK202310120956,151.1772923543362
EK202310158163,156.87465854906313
EK202310110021,133.47946354825595
EK202310196057,162.43642106933962
EK202310199008,148.81576948022538
EK202310003987,155.6627370211068
EK202310240352,142.89829142844144
EK202310165694,135.7119545225363
EK202310232204,136.3438706084246
EK202310125243,134.05497878266416
EK202310171212,149.1531074656651
EK202310165904,126.4818469886347
EK202310156703,129.5580610900418
EK202310161254,151.0415097766701
EK202310141589,136.4430015179504
EK202310139870,151.58458934990486
EK202310003550,153.1040421837885
EK202310004721,142.84683139040501
EK202310237716,137.72025493457028
EK202310162213,144.04678261742797
EK202310231470,139.09662529052432
EK202310165710,163.0927665771275
EK202310219597,116.49024873166256
EK202310177018,147.5351049210078
EK202310113173,133.74333106160447
EK202310161177,144.37939622461644
EK202310105482,123.16118590613765
EK202310178942,151.27682112085347
EK202310105694,148.71077851246355
EK202310120998,150.38582251332224
EK202310216864,161.32329568116953
EK202310198211,153.73274844716724
EK202310118620,161.59945672380863
EK202310221238,122.20815185141873
EK202310161217,155.74825641474547
EK202310218766,132.33056736053283
EK202310128213,131.11863428886662
EK202310137523,172.42547107358922
EK202310210262,123.87422902129859
EK202310155407,130.58924799147997
EK202310156355,159.19227000688986
EK202310171504,151.69137366889314
EK202310205541,143.71351116372102
EK202310165351,143.34219837126824
EK202310247442,149.61220939402386
EK202310131239,133.72576829659457
EK202310169672,125.01781781801024
EK202310118977,147.14988519132183
EK202310235793,146.381212646635
EK202310200392,147.61923672848886
EK202310164965,135.09285950375474
EK202310171249,142.4319615169713
EK202310106318,124.39363993417282
EK202310237266,128.75169350352587
EK202310147471,140.39811562826424
EK202310194031,135.7485869947745
EK202310192307,147.7403808017853
EK202310181117,108.74789505049085
EK202310116526,155.9408987027878
EK202310194824,154.00562597801724
EK202310162842,153.9416526897917
EK202310181349,127.78032451636108
EK202310164261,155.05214462242745
EK202310131101,149.06847139802903
EK202310151625,134.4134988013214
EK202310141286,155.04700763317933
EK202310241249,152.60646160890693
EK202310212872,127.86030128838198
EK202310226815,135.35737624296314
EK202310141152,148.63326529279433
EK202310235794,137.99945643722916
EK202310229993,138.1412189421596
EK202310147668,156.0776013403801
EK202310164475,138.95800013901086
EK202310110039,140.19291718929128
EK202310187421,145.69438464528736
EK202310215044,156.14282709279692
EK202310105965,137.03932581929664
EK202310120150,145.77079025812642
EK202310201212,156.97009631451422
EK202310127536,144.66190550412875
EK202310165403,137.15574295214395
EK202310135385,148.68362147106257
EK202310159428,160.1595848636102
EK202310214834,154.31083109885782
EK202310130931,145.57713604840106
EK202310206054,165.7484435444545
EK202310112744,138.90752977140454
EK202310242341,154.45640363857774
EK202310159100,152.37380500660817
EK202310186817,122.58534264878958
EK202310187749,135.73291492059911
EK202310246213,144.0093013085202
EK202310202813,141.39919031594866
EK202310119983,122.30152151016873
EK202310241219,157.33677209503853
EK202310195435,168.85495687896292
EK202310199454,158.67290298238302
EK202310194920,156.68403702900525
EK202310151167,125.54634971255871
EK202310204930,150.8676927445542
EK202310210621,149.49737444214279
EK202310234981,139.68552881900368
EK202310218747,152.37774184128344
EK202310125674,125.84921477141309
EK202310004025,155.5989157727868
EK202310131481,157.8290816965088
EK202310162994,140.1123782154795
EK202310232677,127.28526252221067
EK202310004278,145.39944197037494
EK202310108810,153.28992812305583
EK202310225683,140.47314411499883
EK202310115846,138.71309852232065
EK202310003668,161.8832907809143
EK202310153044,145.32813101428604
EK202310206782,164.3798568295066
EK202310198360,140.9097675696747
EK202310103708,141.99278860361028
EK202310138116,137.5334801140916
EK202310160576,141.33789414873593
EK202310183081,139.85640478147872
EK202310105137,139.6724672619653
EK202310170115,143.9383625630227
EK202310116604,160.28271896069373
EK202310236944,151.97409446292707
EK202310175444,156.39195138378335
EK202310150908,156.0293206022752
EK202310204946,133.25535287580908
EK202310139272,139.80542552855053
EK202310173841,155.67175726119348
EK202310241566,140.22815179053245
EK202310140944,163.45962758683353
EK202310166702,137.77278509472586
EK202310172479,142.83078442995193
EK202310209418,134.3080159212274
EK202310165364,157.52337907400542
EK202310170685,156.81860578919702
EK202310137383,135.78742342777332
EK202310208374,128.14013740109547
EK202310124992,141.75150354117903
EK202310227242,153.34781231517803
EK202310200684,140.97238978312484
EK202310137981,146.93978440500388
EK202310183855,153.10434338544343
EK202310120432,143.91022589691983
EK202310128607,149.11093614681346
EK202310146775,136.50998451018597
EK202310175473,149.74651152180718
EK202310194578,164.47472371685035
EK202310199456,139.65289070468117
EK202310114576,148.46800124646546
EK202310232002,144.84321051014032
EK202310133113,168.88604932869603
EK202310177757,160.72334988483823
EK202310106035,137.72084295136392
EK202310161565,159.42962952906524
EK202310110506,137.6429454764437
EK202310206193,141.42471469915392
EK202310134593,175.18636859001975
EK202310157521,143.3002588025523
EK202310142924,150.5212011311376
EK202310237263,151.6599957931045
EK202310170297,167.87638961376055
EK202310106326,139.71062432615443
EK202310128380,129.63073841659343
EK202310222238,134.90050516472917
EK202310194876,149.2966878837766
EK202310228783,156.66324405371785
EK202310186905,165.39745987663574
EK202310116223,148.00122070885533
EK202310124674,142.51984845178598
EK202310164997,143.3033579344812
EK202310164834,136.23693443306118
EK202310207829,131.4350915815774
EK202310156532,178.42191943120332
EK202310129196,132.6491151779042
EK202310119383,172.72690588947256
EK202310246942,139.6277180254747
EK202310108008,142.02110683176156
EK202310209225,146.5333598813156
EK202310191622,168.98642003425107
EK202310207087,152.83168271733257
EK202310152145,149.45831528483544
EK202310130483,149.9223334400158
EK202310218772,139.08015460721285
EK202310202740,159.625362930966
EK202310189738,136.352694716565
EK202310150713,157.6091255645472
EK202310235780,135.15145882575317
EK202310245036,147.98100195815695
EK202310003439,118.64872552969528
EK202310231070,126.73691746847868
EK202320006731,167.96653006563554
EK202310244442,155.3359458079451
EK202310132886,124.10450739496018
EK202310147295,162.8771676718416
EK202310133587,161.5402061546791
EK202310186397,146.24710103282493
EK202310123728,145.31230463478389
EK202310232420,143.28578221665256
EK202310233200,131.16699426451098
EK202310187145,143.78213776872414
EK202310238519,116.18670746735648
EK202310122640,156.44180561926544
EK202310114892,145.29337231491874
EK202310172340,138.5691441883833
EK202310109402,154.18519723741437
EK202310229865,129.99573304223773
EK202310202666,156.38715176530474
EK202310106916,148.3324725365875
EK202320005781,171.13343728446512
EK202310127666,145.41938365401472
EK202310224319,129.52774845818846
EK202310164602,151.11479437148492
EK202310118941,149.8448765431252
EK202310234012,130.4571239757667
EK202310199233,124.44095232450697
EK202310214877,145.42529670127055
EK202310179245,143.65281952253795
EK202310160250,150.69357618544876
EK202310219316,127.3435498066793
EK202310175330,143.03309945504378
EK202310156975,157.84048907936355
EK202310115055,140.1538067840446
EK202310112754,130.9478269898634
EK202310175770,152.04042292512165
EK202310218114,132.62888393745058
EK202310135889,139.96768620461316
EK202310245028,140.8775667904777
EK202310104852,152.7815416031585
EK202310216044,146.4954834637451
EK202310230940,125.89147966979075
EK202310198398,153.41359634956132
EK202310152619,173.23249049930254
EK202310168477,157.12715975511367
EK202310236502,135.37688081394066
EK202310112037,146.0504394021342
EK202310159871,140.01574048060192
EK202310213645,131.4717443261893
EK202310120040,143.35672255726254
EK202310183203,146.50732496032194
EK202310109200,142.5952640559475
EK202310132933,144.29333408046418
EK202310137560,131.3850263003085
EK202310177041,144.16825994976037
EK202310137910,146.26795004280115
EK202310104847,121.93801766453403
EK202310200423,128.9015656380165
EK202310187271,140.52707740437012
EK202310213803,156.68120884514727
EK202310246954,131.72428718097072
EK202310118188,131.4658941573841
EK202310134413,170.4836790421131
EK202310232546,143.57338466571574
EK202310158497,167.57765118239828
EK202320007533,153.6065557358656
EK202310174045,158.71153526232885
EK202310232493,141.8087351377349
EK202310121025,153.30017026306345
EK202310203256,154.28538057581457
EK202310142445,157.58003897993072
EK202310184247,155.9195351578542
EK202310192611,134.6092021793738
EK202310119937,155.78471677895462
EK202310231831,154.3534572767066
EK202310208214,144.23644317665693
EK202310237790,122.99761461834183
EK202310187705,129.92682319044832
EK202310209139,142.5828739972987
EK202310170634,143.45979963626692
EK202310146481,141.41087174743356
EK202310198380,151.60347978428427
EK202310226702,132.48018833815084
EK202310222936,137.3330444597138
EK202310197081,123.19666483168962
EK202310116985,142.49246398572475
EK202310223669,129.72895322719532
EK202310204735,143.77622261420746
EK202310184616,144.39504600902464
EK202310148138,149.36158570171057
EK202310134199,153.0162337381126
EK202310149246,132.90020295417153
EK202310237457,144.4939770479291
EK202310160240,158.17170118056538
EK202310177402,163.74868658615407
EK202310231985,126.62938440421404
EK202310171409,140.38723518899877
EK202310176316,150.06103898845103
EK202310164869,144.450461497408
EK202310134160,122.22315611980945
EK202310213361,132.57784899120153
EK202310204421,138.3016656684729
EK202310209884,145.8827992383002
EK202310136308,155.7525080393021
EK202310242777,125.6762871733525
EK202310193657,138.52410267553174
EK202310188052,160.55313064759062
EK202310147057,133.23302284421325
EK202310153768,143.10996783538516
EK202310144579,141.22156425598538
EK202310198362,150.62130079133584
EK202310105880,173.30806745065894
EK202310171799,147.27839714107708
EK202310120109,142.98345057683576
EK202310216065,139.7179277968534
EK202310170495,147.12818509765495
EK202310125667,168.88892932505695
EK202310105906,134.9934805183591
EK202310003424,154.8585939757225
EK202310195264,130.68006578000387
EK202310130646,120.07115594322593
EK202310115346,149.07626170827746
EK202310106003,125.20121994497168
EK202310193189,162.45182896935364
EK202310120005,134.42481967592258
EK202310225659,141.67446166114536
EK202310187329,163.50997197431744
EK202310234854,140.2482688379775
EK202310245195,143.67650092485405
EK202310245177,122.8882717939781
EK202310229481,143.54803634186433
EK202310218683,136.8942243801324
EK202310232957,139.98849128904274
EK202310244525,139.2751730775135
EK202310238364,136.54486335496497
EK202310233731,129.45994846635583
EK202310114718,141.53660978291484
EK202310152186,176.65372064662466
EK202310217521,136.18563473742526
EK202310183796,158.13041725803362
EK202310218461,121.84781652818972
EK202310113523,141.6916113019122
EK202310149413,168.5711319516677
EK202310115324,149.86673396608768
EK202310104367,154.14499944593953
EK202310124772,128.3826345197181
EK202310195448,132.65220045403163
EK202310211731,123.16259212260233
EK202310162193,130.62646230149014
EK202310187308,147.63391816213743
EK202310129859,151.62744004221233
EK202310170962,160.5889000432652
EK202310235749,130.92848442785134
EK202320007870,167.73506764183384
EK202310154838,164.024218035284
EK202310206242,151.3062840979873
EK202310209717,141.460171644369
EK202310247573,148.8459832670442
EK202310113989,136.58363552808282
EK202310152196,151.2269167168145
EK202310183083,140.78547295252335
EK202310234475,141.44745996938616
EK202310234459,135.20467057802347
EK202310106650,175.25099389861936
EK202310117634,132.43241408976556
EK202310128279,135.0623340008902
EK202310158721,150.22957114877963
EK202310234607,143.31522437388335
EK202310149804,145.5992247638318
EK202310242352,134.1316138892304
EK202310126148,151.09106696872357
EK202310165882,133.20447361576709
EK202310137378,156.61103983579412
EK202310112801,145.99052627362724
EK202310119995,123.8010616544779
EK202310123123,136.95366943655176
EK202310190387,149.3625349740745
EK202310226519,138.1808544800227
EK202310129375,127.43309093537873
EK202310245192,137.64308156553875
EK202310215168,142.39092202743083
EK202310137434,147.74513605483816
EK202310194720,147.46942234660364
EK202310201666,165.75498247676535
EK202310193830,160.30935895792652
EK202310178910,147.93078749980793
EK202310110446,135.18474921965293
EK202310166237,121.75229866172899
EK202310180109,159.7784161519453
EK202310146375,151.8841093892408
EK202310227332,129.17335894285466
EK202310241765,151.642281004327
EK202310229368,109.8553588301985
EK202310135373,149.4651573877129
EK202310169663,157.4471050663509
EK202310236365,121.82831325250143
EK202310182601,122.97234275931376
EK202310144591,128.67106221188754
EK202310203065,149.45681078089015
EK202310185758,131.6553351901595
EK202310105204,144.79007391061526
EK202310150175,137.94036398700695
EK202310172599,130.0615414861296
EK202310145266,155.69151124822966
EK202310004647,156.1769204475698
EK202310242466,152.3960490156001
EK202310167834,140.8482942411875
EK202310225932,121.71110366225327
EK202310132329,133.73297085093773
EK202310123888,147.6633616188768
EK202310208707,164.83897835199718
EK202310201294,152.90278301951278
EK202310233641,141.47474184395625
EK202310140113,144.86621903275102
EK202310218544,152.71467031488746
EK202310219472,139.13434329416836
EK202310143848,149.2329169444038
EK202310134434,133.61147641903173
EK202310236630,133.99593751972944
EK202310198379,130.84556780801273
EK202310222797,137.01003658413902
EK202310248842,137.9236869911761
EK202310132974,137.9228053635498
EK202310235130,139.54829705642504
EK202310238228,142.28472518923797
EK202310226782,144.2149994598902
EK202310210339,133.94400920027377
EK202310189790,139.20726363422898
EK202310187315,157.4748218733022
EK202310171801,123.14158549060716
EK202310123573,139.1978160482136
EK202310172773,139.1821842857001
EK202310139716,150.34459961187045
EK202310110431,138.20228642684637
EK202310189055,137.27613772707426
EK202310124983,137.35737921970806
EK202310190155,139.44140700701516
EK202310238929,149.9950548837207
EK202310180436,137.03538474938296
EK202310230021,149.6268971454443
EK202310181912,151.93387976767073
EK202310178377,149.7907716779737
EK202310145374,123.60754133331577
EK202310126596,123.16377866790958
EK202310225731,136.22999691333285
EK202310138678,150.88369592289033
EK202310172372,140.41368526398443
EK202310116119,131.68414792025376
EK202310167609,158.11457821393284
EK202310244078,151.87136680794023
EK202310217427,126.52688326621683
EK202310182904,140.57743197770125
EK202310208329,154.53792037236062
EK202310189009,156.480604781101
EK202310114945,140.83235188086144
EK202310139882,145.68291864169987
EK202310206869,152.06128916578766
EK202310192874,149.26233934414134
EK202310216134,142.61728812663267
EK202310203212,131.91526132466993
EK202310156888,150.1610031180638
EK202310182240,142.25034331740218
EK202310141092,169.13769336672553
EK202310124359,136.09475919992528
EK202310152947,147.28344956678976
EK202310114595,135.7108877619796
EK202310146656,126.53490590840688
EK202310223051,129.76015792587322
EK202310134381,128.35228369642007
EK202310208234,142.92917647624876
EK202310169332,168.69072832015735
EK202310103907,154.23918516992885
EK202310143678,155.8572384683303
EK202310114762,127.54138272287219
EK202310120679,150.6595549338448
EK202310153376,156.24984584879516
EK202310207113,144.04685960259252
EK202310229661,114.56218437204336
EK202310219333,160.69490694183207
EK202310131040,143.74919929856517
EK202310120192,129.6328505881081
EK202310114032,142.34095189609872
EK202310178367,155.05690146949993
EK202310195835,159.26179669413403
EK202310154385,128.5085591722868
EK202310215393,158.14539024204242
EK202310107773,140.47552650902725
EK202310164250,148.69836750439543
EK202310158284,157.7763778147405
EK202310181120,148.2807265449108
EK202320007585,140.55218921319408
EK202310182248,159.03124969839513
EK202310178445,159.47302741861193
EK202310151607,152.4483179144953
EK202310114270,121.17027089547952
EK202310237697,129.14200987992876
EK202310141166,134.89684766413276
EK202310153773,145.1846700962746
EK202310129425,148.94367423365784
EK202310114483,143.06162539033448
EK202310235872,129.867900063136
EK202310140448,139.13077185168385
EK202310140940,160.47565027056248
EK202310173832,132.00043333332843
EK202310131844,155.7050457994439
EK202310236956,124.71862188112969
EK202310166354,148.90358016693602
EK202310122182,154.45202932950252
EK202310212213,147.49839099977714
EK202310165400,160.26666803446446
EK202310148714,139.25573643901186
EK202310126880,141.9350397821887
EK202310191702,147.03608720808555
EK202310161903,140.0558780716708
EK202310223034,127.4219137691068
EK202310188051,168.99414073049854
EK202310205595,155.10816593414904
EK202310171306,142.48914288120758
EK202310246135,140.7682271058167
EK202310210097,163.77749938948196
EK202310191192,146.86554090359186
EK202310216619,144.94763168796823
EK202310153794,159.26084186540214
EK202310122914,169.68737341465777
EK202310122058,148.84781871909158
EK202310138004,137.4379994316777
EK202310221367,168.4651065603534
EK202310158770,136.93682042272818
EK202310145695,156.5833190797425
EK202310125582,120.11017099832328
EK202310136243,139.66903322790438
EK202310194117,131.70886887087238
EK202310107078,138.5781833539505
EK202310190139,146.17850658800225
EK202310156770,161.4681782095185
EK202310178929,151.36595275656734
EK202310164953,149.58396195233203
EK202310118034,132.42620680693062
EK202310227978,138.29150605592503
EK202310144597,135.05409761115317
EK202310176112,157.40262204672464
EK202310162357,138.1141673020967
EK202310176897,148.6240124055123
EK202310134145,135.7943920140116
EK202310129907,138.27658562919123
EK202310229306,150.43097176737652
EK202310198497,142.1051737455211
EK202310163561,131.54966226168335
EK202310221369,151.07543118430587
EK202310176645,141.55307514072842
EK202310157146,163.27693114677214
EK202310120273,158.43709219559844
EK202310192592,140.2847653191044
EK202310169221,152.98283029221014
EK202310191453,142.6368236157931
EK202310131848,140.6268839519369
EK202310127626,154.54293927752767
EK202310213244,141.8519841406902
EK202310137030,134.66697689321373
EK202310146412,131.64908847137622
EK202310173918,156.91066804692812
EK202310161898,171.48398344440494
EK202310106892,151.3687962347693
EK202310110349,142.6172869744588
EK202310209540,136.1974972258844
EK202310191336,138.94723244123125
EK202310114498,129.44165507669345
EK202310181006,171.1875885083045
EK202310212668,132.41571484257233
EK202310158230,147.63236663264155
EK202310004318,126.51203698478353
EK202310247144,145.34652093343385
EK202310107710,149.3226990921335
EK202310228147,131.86061497983675
EK202310143106,154.53285440595943
EK202310167345,136.95953393044692
EK202310208077,132.46868773264842
EK202320006983,151.75778975971997
EK202310243790,128.97791666661917
EK202310126443,134.10770739172506
EK202310245699,125.43658078603646
EK202310194114,148.04569071748978
EK202310195998,157.5656078158961
EK202310198935,143.5882203804773
EK202310164465,148.43554069492387
EK202310181559,140.84827185820058
EK202310194595,164.61235044315833
EK202310158381,145.85266199760062
EK202310155757,134.59337473902815
EK202310180220,158.7215303607584
EK202310179540,143.68096764935103
EK202310161312,142.5423565807469
EK202310185555,145.32609522265577
EK202310186696,145.4761946763945
EK202310161004,139.24220068824542
EK202310124318,137.33337013900805
EK202310162537,163.64128508675918
EK202310246753,133.93829221439123
EK202310225958,113.98928653546835
EK202310186853,150.87162687900076
EK202310171921,160.97673906902023
EK202310114970,127.21768533781089
EK202310215111,155.6337991931202
EK202310211062,149.39275918314456
EK202310189772,166.99121079619016
EK202310136766,155.4105030062801
EK202310126300,139.52703330084552
EK202310221810,147.8533049226711
EK202310204369,140.57064417756797
EK202310169470,163.84440930073293
EK202310189339,152.18108472779954
EK202310190063,153.41065637059887
EK202310220996,108.5314659706791
EK202310164885,140.24800516098304
EK202310191557,153.6780058954365
EK202310210576,125.90025188545123
EK202320006385,156.27469974495085
EK202310192386,151.5328684495982
EK202310129301,146.11539932239648
EK202310212266,135.16757443753127
EK202310248678,130.04247115852428
EK202310121007,148.01438738012112
EK202310158409,147.30458026211906
EK202310230262,167.2114003837476
EK202310105099,142.21674511758067
EK202310225197,128.81759070994616
EK202310141113,146.0678050224601
EK202310112350,127.34510314562549
EK202310220805,131.27904807610864
EK202310220038,131.1167591358169
EK202310153113,163.5468036610398
EK202320006647,168.94711619157843
EK202310145953,152.70084516963584
EK202310209351,135.3757077685445
EK202310202126,141.51839219409322
EK202310191102,145.83568194036064
EK202310127097,155.3706275835568
EK202310126540,126.28969254251736
EK202310202419,148.52511822497095
EK202310116857,131.61744981608118
EK202320006346,165.87410810600346
EK202310216539,159.23986439166896
EK202310224958,137.51421650875906
EK202310222877,147.9810896790868
EK202310104924,160.19593690032062
EK202310230930,133.14073302239083
EK202310176678,154.6936713064514
EK202310144934,134.6748009450231
EK202310148649,138.7089688387675
EK202310168500,163.62409231600137
EK202310150427,130.53399681689544
EK202310205648,139.29321631903437
EK202310159787,134.2633123295481
EK202310131529,147.7713783048948
EK202310173679,132.0648604114478
EK202310216340,129.45145211202706
EK202310113807,149.75550853656006
EK202310189797,139.87832886318654
EK202310172848,131.2497277973603
EK202320007206,145.8539371821358
EK202310183124,134.81580953384164
EK202310202871,146.27903072553315
EK202310195901,137.00625917079617
EK202310108242,138.41965004679142
EK202310209662,132.97879834461773
EK202310186506,148.4440985134968
EK202310241427,130.95940624495535
EK202310104646,155.99115313189532
EK202310110500,150.22123529222202
EK202310140229,117.68836412848952
EK202310197951,130.55909693217995
EK202310204251,122.10686217365446
EK202310218413,138.45065291837057
EK202310111117,153.77201518864257
EK202310153521,154.99261263250824
EK202310163012,156.37148153722725
EK202310238189,158.6634149278055
EK202310139597,148.87813023352263
EK202310239588,133.51959587690845
EK202310197135,139.0796072550834
EK202310105473,148.51721589976475
EK202310142438,152.2083627414881
EK202310238026,141.79237175086132
EK202310194838,156.66520422656998
EK202310218361,137.07765401457758
EK202310192741,146.61539140610293
EK202310193265,149.77094850424993
EK202310216986,132.9382931195009
EK202310230537,147.69846086231755
EK202310119794,143.80043733050329
EK202310170043,137.25209765394115
EK202310108833,137.3933765490086
EK202310161240,150.4551596111725
EK202310234010,143.94052684067665
EK202310109182,129.40126022197606
EK202310230972,127.56066305352641
EK202310149335,154.84203990348112
EK202310107970,152.5637819276669
EK202310149458,149.47509087916828
EK202310144815,129.69006298145445
EK202310155738,152.89715547722133
EK202310204043,141.84250814720892
EK202310150762,137.43515792719546
EK202310177738,141.12957110788483
EK202310156587,140.69763737895147
EK202310157016,147.18529507230622
EK202310206235,136.12443799758614
EK202310220646,138.95199262427292
EK202310173733,161.08512090783938
EK202310245161,139.58374842891644
EK202310246615,151.3763548577823
EK202310107283,159.37268360115877
EK202310172948,131.86509032536665
EK202310223104,139.9255654535393
EK202310137920,139.3701567208136
EK202310237485,142.50800859755304
EK202310185339,138.58134735846505
EK202310150373,142.68669792957652
EK202310181031,132.867996791675
EK202310246036,137.18350683364557
EK202310211321,133.02517894674628
EK202310166021,146.855244158839
EK202310104995,136.03281908557045
EK202310154804,136.09443388259967
EK202310207957,129.74177462927528
EK202310115976,138.13482244909676
EK202310146527,156.5178898996574
EK202310241764,155.72660436731982
EK202310242749,150.54716196677842
EK202310174079,138.25093902601716
EK202310246052,129.3530882707698
EK202310224322,129.9467105153948
EK202310136529,137.6504507505771
EK202320005962,173.38991852905812
EK202310220450,149.40350442183998
EK202310212212,143.9958217578223
EK202310153182,156.90437314863308
EK202310105480,130.74217677666803
EK202310125339,129.0917891065391
EK202310237988,160.54908047866599
EK202310159218,140.46269020836127
EK202310178861,141.79165295206215
EK202310146447,132.5494228287028
EK202310242533,126.57451636910241
EK202310239148,143.46298453925678
EK202310206069,160.0480458128605
EK202310209438,145.72338071157986
EK202310203458,147.14665673026948
EK202310139769,142.2601103998555
EK202310192295,156.05103713565956
EK202310213849,155.3284007452683
EK202310117386,144.78237373327676
EK202310148126,144.189089865468
EK202310141622,151.41396376688968
EK202310203974,155.02290070680652
EK202310124862,142.02423990766786
EK202310238082,139.23953564875418
EK202310131352,132.2671171823333
EK202310123750,156.44606449726035
EK202310165127,129.5453239653394
EK202310166390,160.44948873078766
EK202310245131,140.16217193982044
EK202310191228,153.6068751124632
EK202310218338,133.00438988066915
EK202310229880,133.13943311078847
EK202310139618,151.80746639725453
EK202310166418,109.11386155923054
EK202310114847,145.02918332787587
EK202310129128,135.13281948806804
EK202310129085,136.424446577216
EK202310208641,158.9788475507892
EK202310241385,153.32651981352123
EK202310231427,135.39983187136323
EK202310183819,145.36663573992303
EK202310103894,153.01531080352967
EK202310115562,143.88913517159725
EK202310153110,157.37313786607996
EK202310107637,135.1522909118115
EK202310003429,140.45092849769034
EK202310141699,142.84415820401304
EK202310200793,135.39926045365624
EK202310107984,160.6658900321384
EK202310113752,138.93133501253376
EK202310136157,130.8681111900914
EK202310207954,145.7130815404124
EK202310135579,150.9335122721372
EK202310166104,144.0298914744012
EK202310127366,153.85491629399667
EK202310121696,144.2619754937634
EK202310138993,136.33766564144375
EK202310207033,143.72893378047576
EK202310122660,139.74482887059258
EK202310132081,153.43859376932613
EK202310198420,139.70911225679126
EK202310144336,153.4281815563486
EK202310238656,160.24279012647983
EK202310230161,136.7891297409931
EK202310202206,146.2469915463362
EK202310213571,131.3947103525101
EK202310203092,154.72301446344343
EK202310194418,163.04268343228762
EK202310128430,157.76241861412637
EK202310225153,153.1539069663629
EK202310160344,135.5857954833274
EK202310130554,116.25429437853029
EK202310165569,178.30253751163306
EK202310199349,142.4717952018236
EK202310129160,170.58193406190352
EK202310169725,161.03816860172884
EK202310160348,154.3983297676006
EK202310126901,116.10208644955632
EK202310199923,146.56351423204626
EK202310214691,130.762796738171
EK202310202989,160.5297662448718
EK202310117244,141.6226603461774
EK202310162223,139.75348414832197
EK202310178451,172.57075600788355
EK202310233563,134.43987503014878
EK202310109378,157.480000516144
EK202310177478,145.08100614566436
EK202310109053,133.77976080178465
EK202310125187,145.8306923746367
EK202320005814,161.42270474052535
EK202310211630,138.55358610538522
EK202310156552,164.29561489541328
EK202310148023,158.19858740310698
EK202310166593,141.03630186959938
EK202310215548,145.46818085897604
EK202310111952,146.83635984763242
EK202310187710,144.00788729776383
EK202310157541,149.08350937305272
EK202310171275,151.97599545064784
EK202310113025,126.60229845868136
EK202310197258,152.1539868577338
EK202310112846,139.45422560794134
EK202310127206,140.7905224496355
EK202310115243,134.63248434539327
EK202310124158,131.60229330962707
EK202310145344,151.5019834311588
EK202310115574,141.18622946346355
EK202310157721,158.89651483444277
EK202310122313,130.81616552087684
EK202310139139,160.23768507935642
EK202310225769,141.39798423620593
EK202310238365,112.53578260778568
EK202310237637,138.55381962411755
EK202310109616,150.3071635076099
EK202310133259,132.4456366416387
EK202310228157,149.31387504677164
EK202310198466,147.9433581072125
EK202310106809,143.50459663674314
EK202310165950,155.8019166214504
EK202310128641,149.43329779961294
EK202310148916,139.3247629984524
EK202310114147,144.81204193353364
EK202310232304,133.73708802173462
EK202310188415,132.89350348634338
EK202310232540,140.238480581812
EK202310207576,150.9690970003905
EK202310231963,138.5273456454955
EK202310229805,139.46355740957134
EK202310161625,147.87271314650326
EK202310223364,134.20551680432234
EK202310145207,166.64828101750138
EK202310154942,148.05344861900724
EK202310177414,162.14035015020093
EK202310151135,160.46469700279272
EK202320005867,148.13808412343857
EK202310199483,141.9154936846486
EK202310193069,141.7075594579278
EK202310231001,123.19671063643129
EK202310153397,126.41238399271842
EK202320006411,148.81403304907874
EK202310178129,134.71271927482766
EK202310158178,141.53582578873318
EK202320006728,162.50980388863053
EK202310168603,147.97059092935814
EK202310188957,152.23501034734994
EK202310134962,160.39658776231516
EK202320006232,164.99773538369493
EK202310216197,144.60900769097435
EK202310205473,128.09081445309414
EK202310177138,139.069731700189
EK202310003578,148.17033937943117
EK202310125915,139.40892073374494
EK202310163847,149.17368879422736
EK202310175723,139.47624390043254
EK202310167304,134.56271183995693
EK202310231580,124.67821735687814
EK202310224672,120.4070104174962
EK202310231849,170.09150234019768
EK202310118283,144.6291695362579
EK202310108021,131.4023064999572
EK202310244191,152.79633384224923
EK202310176446,152.401887385444
EK202310153144,164.52312702537702
EK202310192762,151.56940249887262
EK202310155944,137.8943575365465
EK202310122042,139.22160548776932
EK202310139279,139.22347428432698
EK202310124333,129.57550069330517
EK202310222309,135.57714998203326
EK202310237489,136.44117183651778
EK202310225285,142.37509050199958
EK202310205925,147.66213073219217
EK202310146849,134.07663908479438
EK202310155584,141.9242502686385
EK202310127840,151.0730209720167
EK202310159012,129.68944461357088
EK202310171367,147.36106743305336
EK202310179659,143.67046331443453
EK202310147533,145.08055888473538
EK202310134101,127.26753840048325
EK202310167244,143.6577736340304
EK202310134522,148.2846621770153
EK202310188890,155.86678480177602
EK202310152081,163.72254729004788
EK202310168749,158.4789386502766
EK202310185345,139.1490937771042
EK202310212863,142.0660089631065
EK202310104615,129.17492523691035
EK202310188714,137.66427464956345
EK202310148084,140.69984041986723
EK202310211875,148.76934964222505
EK202310134441,158.15229933531992
EK202310187368,144.66784594905
EK202310142139,132.3244575327407
EK202310216736,159.44807049768895
EK202310148523,136.30608824679254
EK202310177638,138.75406920213112
EK202310191439,150.86453993959574
EK202310184957,164.05206170202732
EK202310229730,135.0028285292713
EK202310171653,150.81858209134268
EK202310119614,133.09816399063718
EK202310193277,143.7779583351827
EK202310221106,143.1109970615796
EK202310196517,148.12813251767562
EK202310186815,147.59663784395556
EK202310118791,146.23825872162544
EK202310236202,141.06303646081395
EK202310121642,139.66001606544813
EK202310228637,131.59924550008958
EK202310171042,154.92001830538032
EK202310218012,137.84571864264663
EK202310238955,139.71045071129714
EK202310169993,156.7388789624013
EK202310227859,137.94748791030614
EK202310175628,139.6853670181372
EK202310225536,126.86599266846596
EK202310194964,159.22414343306428
EK202310170946,123.72312724221977
EK202310201972,129.19656545164543
EK202310204049,143.178340816008
EK202310238497,148.8716210886706
EK202310231256,135.48327845096674
EK202310231579,135.7149054871839
EK202310174311,135.29133588887703
EK202310192651,141.69628222824875
EK202310114496,143.567721738372
EK202310230770,119.97021986476828
EK202310242388,142.84322492893722
EK202310114424,141.43043123220218
EK202310166798,148.6515942570432
EK202310246359,126.4646106399895
EK202310165038,134.5128304127358
EK202310197955,142.8479880685836
EK202310121307,169.6482505226442
EK202310151932,147.98982896527392
EK202310242488,135.21048033009288
EK202310105346,157.51996011603148
EK202310133118,143.40148055941097
EK202310125218,129.95233019115656
EK202310104440,133.51623731588128
EK202310238581,158.97026295117922
EK202310128830,134.32930354782656
EK202310111289,128.98674026793304
EK202310218154,144.34112079044948
EK202310184481,151.55490395094523
EK202310151857,146.641440960027
EK202310107393,142.06435045206277
EK202310150289,149.77804843221165
EK202310113235,146.30508381364038
EK202310154628,160.56358750524006
EK202310183234,150.3453732195278
EK202310193060,138.2036139837581
EK202310142940,135.82568716753298
EK202310177291,153.989656324362
EK202310214941,151.92675101863787
EK202310123810,157.3208728873566
EK202310234861,131.25769486808858
EK202310166088,158.50694641787248
EK202310175230,128.4823063390365
EK202310173351,146.91029926154218
EK202310246599,140.14481194242504
EK202310121468,136.3604294514974
EK202310115870,125.66535798350803
EK202310122689,142.47609513377137
EK202310104457,134.88111834168257
EK202310239958,148.52771293593568
EK202310108834,134.0611979664164
EK202310242150,145.1737388232961
EK202310127460,152.64988733440117
EK202310150161,132.3278381029774
EK202310220593,138.42489109930338
EK202310208892,156.1556909664671
EK202310116640,149.36167575458575
EK202310228102,130.14103376787625
EK202310178599,132.1098494511475
EK202310211615,138.30731048984057
EK202310208762,145.45656007403727
EK202310118517,141.7322881210687
EK202310187114,134.288147009672
EK202310119172,149.46443387154227
EK202310131645,162.26191077737175
EK202310106254,142.3587359085543
EK202310132336,130.00748101471834
EK202310226404,145.82422720571594
EK202310196510,144.95537376559474
EK202310116508,140.50151858850293
EK202310188534,150.17400794442108
EK202310177793,128.9020064427881
EK202310206591,140.09008520645622
EK202310192097,142.4655998460067
EK202310119525,140.04552742038214
EK202310168918,148.32338277526796
EK202310004052,152.23022533669013
EK202310155004,125.91508332630903
EK202310113224,128.62913054682724
EK202310168827,151.60139036123158
EK202310151452,140.87999130963186
EK202310233171,151.7875702766987
EK202310189316,123.16376062330433
EK202310165015,128.86969419939504
EK202310191520,128.78494783247152
EK202310154021,138.14433679662804
EK202310142035,136.78574781850315
EK202310136677,142.17740278810808
EK202310193692,152.70362585833806
EK202310217638,110.06346235244476
EK202310152626,154.9418426145052
EK202310130527,144.0878719198431
EK202310219621,123.29132251864502
EK202310117231,144.59787224993812
EK202310184541,164.8875248094202
EK202310123337,137.92833047009537
EK202310004825,157.32295206669727
EK202310004105,131.45940138158582
EK202310222141,139.23282126323065
EK202310223687,117.98352185987217
EK202310004753,125.50142078621477
EK202310138231,136.22390571302998
EK202310230297,172.16758846017103
EK202310123109,134.60549804384692
EK202310118394,134.33638689755404
EK202310236285,144.19412372441153
EK202310142984,141.61750845436515
EK202310228922,135.81760545570438
EK202310180656,164.1254150533125
EK202310198343,136.40448421922832
EK202310213613,135.6721329683476
EK202310143759,141.61071260535394
EK202310243098,140.88069664555627
EK202310140826,147.00191059376291
EK202310219432,129.10407699239937
EK202310235984,137.87025005259378
EK202310112132,149.35309397016772
EK202310207139,174.41054104184545
EK202310123515,125.45676644373958
EK202310147539,136.05633161736705
EK202310201614,150.70816711192174
EK202310242651,140.78073097306404
EK202310116831,144.7140104963382
EK202310142528,157.534756601312
EK202310158275,125.46340462460823
EK202310119240,141.96413866473313
EK202310189798,143.2590726200464
EK202310140182,140.67887326432657
EK202310104020,123.57944158064481
EK202310144562,168.00212042371652
EK202310211897,136.33666395457558
EK202310209649,141.4011824536383
EK202310224584,140.49468169838457
EK202310149915,171.73431492109123
EK202310205659,140.98352519887004
EK202310150345,143.17462168347686
EK202310228952,136.79797217057578
EK202310126648,134.34575714211635
EK202310243579,134.74227076170556
EK202310164006,136.3246195025506
EK202310108668,141.65150286721777
EK202310137775,141.6713248573523
EK202310233150,130.97741079375245
EK202310152386,148.69970102574067
EK202310166882,136.40601668719188
EK202310231895,136.05850560451293
EK202310170539,144.64366196121054
EK202310115226,131.45149391350327
EK202310214376,153.63705366095274
EK202310137712,123.10910401753294
EK202310186209,136.39957083188568
EK202310205015,140.55987018985667
EK202310106040,123.80344102790546
EK202310170557,153.4334957440353
EK202310201318,153.27810399046254
EK202310230025,133.05678450489577
EK202310112264,151.54929233397522
EK202310187559,158.63537980402975
EK202310126729,140.33911110515336
EK202310208910,137.89714572984929
EK202310131942,126.22309792409348
EK202310154020,145.5931209473793
EK202310245865,145.18685238342405
EK202310192165,155.46169019694372
EK202310172699,133.85403829300455
EK202310157236,156.57143639722153
EK202310131791,154.08232750778637
EK202310200367,150.2703864893203
EK202310152638,150.46367767131142
EK202310229854,138.11880240603583
EK202310176423,142.90525127480353
EK202310229737,130.19972163232137
EK202310203806,127.54003769632443
EK202310115409,130.17344894206073
EK202310118234,135.1983441208943
EK202310140636,168.5678688677583
EK202310240942,130.79364580468217
EK202310197687,151.6555369050288
EK202310124485,135.94444056080602
EK202310144257,159.21988834536137
EK202310218871,135.3493131499624
EK202310210772,132.3206786109448
EK202310195971,166.40248051343158
EK202310135577,137.015223263757
EK202310203323,139.40651533733828
EK202310128855,108.5491832644303
EK202310209533,144.0055006978603
EK202310174860,152.1189073662707
EK202310132988,142.75400216799557
EK202310210555,132.8948989019048
EK202310229724,142.83003165378378
EK202310159406,157.50256699684383
EK202310206212,134.49727724997015
EK202310105258,140.56993389041182
EK202310197230,162.34989182646476
EK202310146776,129.48875126716123
EK202310171620,117.38307883559443
EK202310241357,134.24960650894545
EK202310138908,143.3082966415187
EK202310144141,159.5869908651951
EK202310183530,154.884541001723
EK202310241996,132.40747610528925
EK202310143198,141.9966289382873
EK202310240754,141.43020373633865
EK202310120793,160.1382480575561
EK202310152995,157.47594186075546
EK202310168076,135.6260928086695
EK202310194434,158.69073538680078
EK202310231667,142.19989132731507
EK202310117230,148.11586241351426
EK202310188291,135.23747370642639
EK202310149424,162.7483642723688
EK202310128832,141.72103861724443
EK202310196168,169.94226214941511
EK202310197883,155.6363163342648
EK202310138276,162.53360365645085
EK202310170757,123.51376316531221
EK202310191340,141.430609834447
EK202310145811,142.0273550419191
EK202310227194,139.17185417552648
EK202310111485,140.09502948247646
EK202310157083,163.34125573913605
EK202310171852,146.23585617239704
EK202310207366,129.42028859197305
EK202310145654,146.5084887872794
EK202310108850,146.21254496764467
EK202310231758,140.5588942193023
EK202310144301,147.8307180425776
EK202310201304,133.97866045467757
EK202310178159,127.18834153101231
EK202310239482,146.02612260870353
EK202310144262,147.0089951180811
EK202310143929,124.51517717524408
EK202310235952,128.312213343856
EK202310183241,148.2173760960825
EK202310189101,164.321181496005
EK202310171584,124.07346544712141
EK202310131328,130.81338493444883
EK202310226641,131.20479020254612
EK202310166552,138.4994815344347
EK202310196910,146.85166698401335
EK202310166692,132.56157063766338
EK202310184651,168.05868359502819
EK202310194347,138.3757219493774
EK202310208716,138.17567521092755
EK202310187760,141.66780524978984
EK202310243524,153.41223221604668
EK202310155787,141.29977836794444
EK202310114204,157.64070873090253
EK202310160396,151.99311938978553
EK202310172512,166.44867527746356
EK202310157332,143.30971966475994
EK202310209704,131.72355611181482
EK202310154943,147.11403292169513
EK202310189036,150.32662055341572
EK202310133173,133.58196890731173
EK202310130199,175.38367375626217
EK202310182622,149.84847867053224
EK202310167778,158.496981786184
EK202310163301,139.10327194708262
EK202310184220,127.06046340470431
EK202310172679,146.8252991066276
EK202310171532,142.69825839297042
EK202310200942,142.61715585778626
EK202310141847,161.12739897235133
EK202310122343,140.00374519467138
EK202310174760,150.0254221378766
EK202310225953,136.93511146099416
EK202310159867,144.33363815092568
EK202310174529,153.70408668963637
EK202310239197,131.78647644621842
EK202310142275,140.24826334261886
EK202310235069,133.23383260308668
EK202310173910,144.27421575850806
EK202310155908,159.89739675168695
EK202310221001,133.9531497740973
EK202310113086,131.0336704208422
EK202310200755,160.22172729205244
EK202310152545,161.63687445139985
EK202310185434,156.17166963538054
EK202310110043,133.69227645313467
EK202310116474,147.6299801312259
EK202310203902,147.2506586414053
EK202310157771,157.05762588556428
EK202310209652,147.99058329739415
EK202310115313,129.61181133297265
EK202310149967,144.89991928134148
EK202310226488,138.40661096638775
EK202310004820,133.81208296838938
EK202310240136,143.7516359203631
EK202310201496,151.1784398070579
EK202310224644,142.04601773334295
EK202310168634,137.31133855342065
EK202310120438,135.88188326991482
EK202310104992,122.76445873370963
EK202310152772,142.36195270992224
EK202310189045,141.5838604365209
EK202310180854,143.16221918526307
EK202310162939,159.53423582318388
EK202310202787,150.49030417592888
EK202310132425,118.95332181094042
EK202310106638,141.67414595447087
EK202310130488,152.28044544032417
EK202310216320,152.0393316619499
EK202310174034,161.69434240945526
EK202310167069,154.69018299744712
EK202310119791,140.8138326917094
EK202310191561,154.60125648335605
EK202310141924,145.39516696491228
EK202310155116,151.37983476783518
EK202310194530,148.81810739961136
EK202310148342,148.16108115296478
EK202310115218,127.3116657110027
EK202310208496,130.94442280072323
EK202310242665,147.90645621099205
EK202310247657,144.24279660087623
EK202310228469,133.84112506328194
EK202310233886,147.0134125292925
EK202310169400,156.70759241005373
EK202310161344,165.40911437000767
EK202310236712,130.64905829712475
EK202310118866,144.7932799709691
EK202310221584,152.982001460498
EK202310107825,146.81908467386387
EK202310110196,152.9005325073054
EK202310159979,137.31830664269322
EK202310195875,147.466312366176
EK202310163166,147.2116490765649
EK202310206462,135.55147423277634
EK202310109481,127.48178777574722
EK202310245477,128.6464007194545
EK202310129738,170.15838912697083
EK202320005730,168.75463430864048
EK202310104244,167.310153408474
EK202310227658,122.3647375685624
EK202310227290,164.99786954131736
EK202310201250,149.2528375660887
EK202310170654,149.72271893699923
EK202310225211,151.79384355510516
EK202310181404,138.56405005423974
EK202310175856,148.77449169844328
EK202310167250,140.86857815619794
EK202310225198,126.60608429822844
EK202310247108,147.2385490275585
EK202310228244,141.52365821149797
EK202310206266,140.38650492875283
EK202310215876,131.33380377353618
EK202310130596,131.42140633783652
EK202310224249,127.0724706438998
EK202310154491,135.917517148948
EK202310233669,143.02587701970694
EK202310111293,156.89614834885114
EK202310120077,130.728745773908
EK202310190354,147.11222745681036
EK202310180848,143.54844083577348
EK202310206991,133.56153224268806
EK202310127954,136.05908251628188
EK202310125079,133.355196344557
EK202310211424,145.78188653151966
EK202310134279,128.64681439288063
EK202310206851,138.86241176326902
EK202310164397,156.707314919455
EK202310235148,148.10147737477425
EK202310190060,175.7004104540826
EK202310240587,129.10900320475045
EK202310234152,119.64177096603514
EK202310161209,174.01151478116026
EK202310187254,141.4382128059684
EK202310219785,152.31577900878358
EK202310160063,150.71448417430048
EK202310225782,163.21471309788225
EK202310166126,139.54464206569295
EK202310104397,145.5921878827651
EK202310195068,133.26947714602724
EK202310148964,146.8987959130991
EK202310105544,133.50524621008924
EK202310190157,139.23808317862486
EK202310177029,142.9297884249258
EK202310134822,164.16585026925839
EK202310188505,146.55622604412048
EK202310131430,152.54966753512284
EK202310197663,146.50086070202275
EK202310150719,158.06213405570347
EK202310004834,142.78472481166074
EK202310200921,138.85128562677866
EK202320005684,156.51144111032517
EK202310179009,134.4147481946671
EK202310248177,150.43473599185407
EK202310132766,134.70488139244137
EK202310237026,143.46524667651622
EK202310193021,135.04487048519874
EK202310190757,150.9835313326762
EK202310173200,123.4884223172309
EK202310219771,140.98704913545498
EK202310109597,148.61878230238798
EK202310206771,154.07967688447752
EK202310127671,147.69916302059062
EK202310167676,130.04324056950657
EK202310232944,131.738413644878
EK202310168061,152.92226380548928
EK202310105714,140.16404965816548
EK202310147632,163.673945687186
EK202310244606,151.17836851114518
EK202310118560,154.8874031985692
EK202310194271,140.58929906070406
EK202310142720,163.37704152764908
EK202310166900,166.63205378171259
EK202310164794,159.677995967546
EK202310115042,149.74593454682397
EK202310174373,133.09799069447328
EK202310214507,162.6257851222924
EK202310223225,144.6113586077902
EK202310107151,129.76576330567215
EK202310189175,160.1637098391286
EK202310161808,121.18843821781257
EK202310121994,133.55824085340075
EK202310219449,119.15832432260822
EK202310136206,141.80756801762186
EK202310111739,147.52760912343626
EK202310229388,139.81448120235396
EK202310224978,141.79059208155098
EK202310149730,124.28799557778083
EK202310163504,127.61960170601145
EK202310156148,132.25187378670844
EK202310150249,131.38394349552615
EK202310224329,139.16225999726464
EK202310147011,145.23814908253667
EK202310192326,139.57703024557796
EK202310245006,145.68107318155495
EK202310224053,137.45039398681686
EK202310228581,136.276268354326
EK202310113047,143.35074042259782
EK202310149808,148.90643610855454
EK202310175027,125.12394037142946
EK202310234758,128.4216579331903
EK202310175412,143.88546739938246
EK202310132176,157.12414312159518
EK202310205739,153.68579322875198
EK202310153994,133.81260015999058
EK202310200714,149.8944432645738
EK202310247869,144.220341554456
EK202310186589,130.66664553084917
EK202310145135,155.69594567299137
EK202310193164,165.68938186748224
EK202310222960,138.82358295957295
EK202310116552,142.02691332764917
EK202310123971,168.97172288071374
EK202310113406,161.91454535935986
EK202310234777,141.7985297743928
EK202310109531,128.88376304173397
EK202310186502,139.52858350945658
EK202310190436,137.63206695551344
EK202310198804,173.07074284197316
EK202310188371,150.88377199195176
EK202310189870,164.00475646175323
EK202310179411,144.27846956646837
EK202310233363,131.6247283115943
EK202310104971,132.71112361241512
EK202310191357,133.5627121582486
EK202310172762,152.5461550383455
EK202310199936,141.92099721012522
EK202310153452,128.57824366564745
EK202310160325,145.26821196603112
EK202310240026,123.82010033887327
EK202310134117,120.9882954887401
EK202310214971,133.28510701357263
EK202310210492,136.71240912524942
EK202310200943,146.53367793752523
EK202310233114,140.57152241907514
EK202310209755,140.13002879724175
EK202310114040,145.0708385459265
EK202310231262,131.5166000556166
EK202310196982,148.36175031420836
EK202310168935,146.06651260244823
EK202310209663,133.85771861001948
EK202310171963,170.9370388659225
EK202310128429,144.04893950224667
EK202310243988,135.599306897525
EK202310131432,123.14306014666357
EK202310170157,159.57494423315262
EK202310135062,164.08976078654342
EK202310180073,158.64920076775178
EK202310154392,162.33224979343817
EK202310211600,138.45048426349487
EK202310221370,156.0057462453129
EK202310135902,145.140130900406
EK202310248071,140.01899118542042
EK202310140056,146.9998732307274
EK202310113087,146.27766454511968
EK202310140280,153.32452271503354
EK202310231029,137.58891882066374
EK202310003876,129.88182740798672
EK202310110872,151.8368733967269
EK202310110803,137.27278540023528
EK202310234005,136.52954299273574
EK202310195582,136.1322134101082
EK202310216699,119.7984162543919
EK202310161870,140.7599154151453
EK202310207634,144.46575341954176
EK202310154729,134.66037381275987
EK202310119219,144.40336582849892
EK202310216260,138.06891891625133
EK202310241741,149.28154724238553
EK202310127099,114.78965190448939
EK202310142543,162.81916933449747
EK202310159437,137.6321100188203
EK202310139226,138.4223192331904
EK202310145866,125.87982737853534
EK202310240067,158.20618128070174
EK202310242685,137.38732515871948
EK202310158289,145.96885665328418
EK202310145943,151.43644788181868
EK202310196762,160.42207309226526
EK202310141743,170.9663460627183
EK202310222881,145.91800847508335
EK202310170624,125.82918092617925
EK202310139072,153.06829082822168
EK202310168507,144.66432168395795
EK202310141768,159.56087056017526
EK202310111130,131.50507816177716
EK202310217027,149.52801905428743
EK202310224945,150.3639723238262
EK202310188108,150.6521400872935
EK202310200577,162.87062852523846
EK202310152955,145.73049558153917
EK202310184966,157.43167400551226
EK202310133181,138.43730734239796
EK202310209985,127.60905014703599
EK202310195572,136.35032511917643
EK202310199966,128.154970314775
EK202310109052,142.08989733443548
EK202310173422,143.58471291480808
EK202310216493,142.86418585591952
EK202310234480,138.44161489185893
EK202310239882,151.21522362556038
EK202310151506,170.38125686587324
EK202310231481,120.88559956314741
EK202310173660,117.06919013576552
EK202310124885,130.8151140977355
EK202310226112,137.55485518018992
EK202310169770,167.1056749588105
EK202310112146,154.1427568882759
EK202310126447,127.61794802138793
EK202310197865,151.15667808715892
EK202310144993,135.26688407589165
EK202320007830,132.89272727909318
EK202310134803,152.84641230421346
EK202310247257,142.2428820138233
EK202310189213,164.52088970166744
EK202310163523,132.5011994922792
EK202310177884,140.5136541317979
EK202310168374,136.99037822321415
EK202310181460,145.3530991681932
EK202310164324,142.5201058411062
EK202320006373,152.10052080599993
EK202310240516,153.74019822696022
EK202310106433,151.85893782681944
EK202310104794,118.88314801276623
EK202310179826,144.95069127411043
EK202310220482,128.0505858683535
EK202310144501,179.61570372081738
EK202310236116,153.1307076000284
EK202310143566,131.19814045742785
EK202310244286,146.03653667186967
EK202310117364,143.2388942257351
EK202310182812,143.1911288697226
EK202310165290,145.26938578887442
EK202310175655,144.6738083247652
EK202310191765,139.34242433057233
EK202310175575,139.69843269980115
EK202310190556,128.79644207655855
EK202310109849,117.33378949960418
EK202310125361,140.50096782375894
EK202310117657,122.76235318354222
EK202310166741,154.064825871311
EK202310152997,145.51363234301317
EK202310197388,151.43410283762879
EK202310131984,148.5801587196899
EK202310219422,116.41747384799336
EK202310121522,129.4735847546931
EK202310175245,145.94994257915639
EK202310195205,151.03205054482842
EK202310108650,133.95003999620897
EK202310181782,139.84476736591006
EK202310115038,153.41356986619644
EK202310158797,124.71516948763002
EK202310170666,153.4046092190021
EK202310168966,130.13079012966907
EK202310214825,176.62941908852173
EK202310120494,138.54141279585411
EK202310220603,140.8925589238671
EK202310225685,131.84516911544588
EK202310223164,133.27759792252107
EK202310162099,146.43050950653648
EK202310181378,160.1123504004808
EK202310206274,156.25023095720047
EK202310245110,121.22090943725468
EK202310149953,156.002993733486
EK202310200512,137.49995182832507
EK202310195166,123.84199435209015
EK202310181696,146.729106290945
EK202310246293,145.2973943076765
EK202310112958,143.19297070599956
EK202310144239,141.6199268624467
EK202310112531,130.2147667403604
EK202310215394,156.15013063100875
EK202310214916,147.95047490506394
EK202310135655,148.23438320541752
EK202310234936,123.15410218700416
EK202310216594,137.98046714011397
EK202310221025,130.96943611446557
EK202310111609,141.87153249945018
EK202310213129,147.02197419520107
EK202310117137,148.93795386238665
EK202310239490,133.60222081943422
EK202310157671,135.4202734595035
EK202310188165,132.19549926099103
EK202310134859,122.37198243860865
EK202310183908,158.47866004482339
EK202310147406,145.15012912734485
EK202310175129,119.71857505270924
EK202310164780,152.80686720485068
EK202310227743,127.81870196710953
EK202310120706,156.30346745683389
EK202310118366,143.09736510714873
EK202310106692,151.04368573202365
EK202310190791,147.59472945295911
EK202310208607,154.58311179647387
EK202310170692,164.06079986249406
EK202310225887,146.65694052392843
EK202310182352,134.11009437236658
EK202310185880,136.60156719002427
EK202310178297,159.80380496929624
EK202310195149,147.76089591380943
EK202310231610,139.22124855521795
EK202310137276,134.7405890493992
EK202310184484,151.33500483687598
EK202310121199,132.65631368003022
EK202310125536,142.04627512815722
EK202310213706,145.4819051119648
EK202310135204,152.91692343224824
EK202310247699,136.9122764710902
EK202310217787,136.50087022173955
EK202310182191,152.2781941028594
EK202310198529,162.60049645832376
EK202310220299,137.30601034867922
EK202310188677,131.79658974870543
EK202310232253,120.05417219009303
EK202310164691,149.25695480987739
EK202310103832,131.5747395204959
EK202310149722,145.04182722185357
EK202310198859,143.57103045816515
EK202310234749,135.60371666966088
EK202310104566,149.6314449760789
EK202310211383,150.9256698383326
EK202310170287,129.6356312264571
EK202310150824,150.4471153836868
EK202310171304,130.7365523455176
EK202310193205,163.41291866969615
EK202320006114,163.97564029697503
EK202310135524,140.84126973617364
EK202310192025,128.509296472698
EK202310170020,151.0957932405277
EK202310198095,150.51053128448416
EK202310105801,146.773033323883
EK202310177479,138.16019803298323
EK202310108455,152.44999372862702
EK202310165998,123.7258025156192
EK202310122714,144.86701255682115
EK202310164202,148.90665951447923
EK202310226026,143.74195653555202
EK202310223682,145.41606085770704
EK202310116148,129.25268536219536
EK202310210129,155.69659659198118
EK202310242087,145.5656731674196
EK202310116328,140.66701473655618
EK202310217261,147.42215054899833
EK202310106484,145.10489923028686
EK202310157473,132.88488650296748
EK202310198511,141.36639524699444
EK202310217751,134.4174057377946
EK202310168432,156.90508667551674
EK202310151251,139.9671392128571
EK202310120767,137.3016309732002
EK202310127801,154.75250061125095
EK202310118354,136.99976278940056
EK202310209195,152.57926847620888
EK202310172035,126.56976241185812
EK202310114626,147.5217962175929
EK202310144629,149.13601129241792
EK202310185061,154.85809918225027
EK202310174592,127.53303477693092
EK202310164708,174.62598994799328
EK202310149304,152.33767428731815
EK202310170289,149.7251790364495
EK202310213861,158.32601314610187
EK202310126098,129.45248811645385
EK202310133915,140.69370148539912
EK202310148594,120.72783748214347
EK202310116687,149.43948602188976
EK202310171866,147.81990963088134
EK202310147735,144.27084313800555
EK202310105679,169.91676926376957
EK202310248635,129.6144404409898
EK202310139369,145.07859001704628
EK202310105974,154.88044255567985
EK202310104978,140.68221980266105
EK202310174467,134.25554390887334
EK202310124199,136.600039513629
EK202310135676,131.35094847294297
EK202310146763,124.46143940473155
EK202310205937,123.94153194273193
EK202310135445,166.31383333453374
EK202310109193,146.98072235043034
EK202310161169,154.055444820266
EK202310204092,155.48415950097092
EK202310202680,137.3294445386102
EK202310172794,144.11474938403336
EK202310217791,134.42102089218542
EK202310158468,155.88622078198182
EK202310149937,146.47889198191638
EK202310166789,131.564777837679
EK202310159167,140.6187811666626
EK202310125029,139.6200784038598
EK202310203531,144.20295588276232
EK202310181665,120.81997549764665
EK202310142148,143.16301076527918
EK202310166843,148.18120934908006
EK202310161022,135.7078480774329
EK202310118997,140.95864682508565
EK202310239449,133.80376982895163
EK202310210440,147.1962204154297
EK202310205614,140.02096822837555
EK202310179227,136.95944879577786
EK202310143023,126.9791683220518
EK202310178605,138.73314419701083
EK202310151926,150.35471143746517
EK202310205156,166.80393989295243
EK202310227477,156.9114906811919
EK202310118582,147.75705509700495
EK202310145669,153.9002714680329
EK202310181578,161.1210033621459
EK202310193806,159.42017598912088
EK202310233863,147.04717570914423
EK202310111982,130.51594452276439
EK202310228092,149.2139938905106
EK202310117791,116.8036337393151
EK202310174095,153.12212274120495
EK202310199167,130.1285139317433
EK202310147864,147.22365130616538
EK202310136545,137.5457760596264
EK202310004781,114.35374503262605
EK202310110648,122.5172637595509
EK202310187608,141.5697636668802
EK202310212121,128.39182291539313
EK202310200654,137.88582765143317
EK202310110670,125.28109308895745
EK202310148332,157.84433636352412
EK202310198602,126.12677140297832
EK202310162570,147.17222046464423
EK202310105840,146.15561666281414
EK202310216931,145.68574031888483
EK202310152841,172.7508388588255
EK202310107705,149.76898335389325
EK202310178316,146.0188296438336
EK202310147750,117.06027278722424
EK202310110434,132.21937119375107
EK202310219134,120.93158799176467
EK202310207502,146.852689477151
EK202310137524,153.5956196328863
EK202310237806,126.69428565137488
EK202310248546,130.2877982663315
EK202310246510,151.58689692648164
EK202310215312,150.55485526728864
EK202310135935,136.1109640434872
EK202310246337,126.2282273540621
EK202310133292,135.96654277937432
EK202310208105,135.0275036387929
EK202310221927,148.68866356688716
EK202310185220,146.31714025275076
EK202310195012,151.5954605400586
EK202310220382,133.3137022135631
EK202310228071,131.5969228245947
EK202310139303,156.13331819876623
EK202310146446,140.22064144898505
EK202310113629,141.6868274731517
EK202310121125,137.99178431688728
EK202310179172,150.11022167003014
EK202310135030,172.29245544423975
EK202310154871,144.85664038290633
EK202310104446,135.32191712752612
EK202310112990,142.4074412247303
EK202310189753,141.11761637964946
EK202310239147,136.44574151287037
EK202310170148,162.59247498478123
EK202310227849,158.84834906756043
EK202310206204,141.55163236820806
EK202310160122,131.28816631610897
EK202310131964,129.48039318630208
EK202310111949,132.851006111257
EK202310122396,123.93270055825818
EK202310187780,134.70156466863952
EK202310205438,135.13423194626677
EK202310153038,176.0588718668728
EK202310152163,160.7087985737737
EK202310192310,133.17112652106306
EK202310174795,155.55231767597655
EK202310193009,142.11485166808723
EK202310150434,147.8036409182404
EK202310118338,123.51356838291302
EK202310197441,159.1369453221738
EK202310142091,162.38812220405435
EK202310117239,141.20262163878408
EK202310179745,151.1459422998349
EK202310219687,129.18256953078384
EK202310176027,153.26653352732245
EK202310104893,131.27277411180188
EK202310227192,147.2448956961529
EK202310146856,152.54787549514845
EK202310107173,127.18427606743325
EK202310211813,129.28338088801104
EK202310188253,144.66864217359827
EK202310233335,127.06900862679754
EK202310217329,150.23660844644846
EK202310155219,158.55625406456653
EK202310157321,158.08477555541234
EK202310153713,150.40140042349643
EK202310120830,160.16934669609407
EK202310229321,150.16803871527452
EK202310130365,149.129428675674
EK202310202308,157.4196773719479
EK202310203388,168.83135530228427
EK202310185835,138.116012818654
EK202310188805,173.14542934383542
EK202310159594,158.07769880305875
EK202310147573,133.44584804946794
EK202310190109,156.98491283224902
EK202310180140,148.96532391566888
EK202310149775,147.99652778150906
EK202310238274,156.02758280474407
EK202310242923,132.00995841887422
EK202310107321,111.64288940525297
EK202310204141,118.75001594266323
EK202310219133,140.94038320195529
EK202310139067,169.97377367334664
EK202310140520,140.65730435700925
EK202310248527,137.72335032901316
EK202310003682,131.16815246953013
EK202310162432,151.9889263057189
EK202310179950,173.27819327725288
EK202310240868,147.9892900401427
EK202310116267,153.84269186583887
EK202310221765,127.18314337797601
EK202310173563,122.66762477252658
EK202310143455,128.938508822592
EK202310207343,137.64593347359892
EK202310217689,123.59707118049823
EK202310146102,124.63553728232701
EK202310168973,128.61596414205206
EK202310222519,119.05554251887224
EK202310129680,141.4605424559255
EK202310178200,142.33509745983352
EK202310170870,141.56550660786993
EK202310126872,158.32420248345286
EK202310148891,167.6002928993726
EK202310173852,152.11116841081528
EK202310125523,126.73329894248182
EK202310159491,154.66988778032297
EK202310157366,131.33210216405584
EK202310178992,134.69253149841708
EK202310143866,145.12568795881617
EK202310152326,138.63574278265676
EK202310202864,157.29080493736396
EK202310218888,143.27379531263344
EK202310209358,126.38886539485927
EK202310227775,151.42809110620442
EK202310186270,153.1896490262938
EK202310203414,151.90304449362785
EK202310225866,149.6353865724655
EK202310234055,139.08043955733135
EK202310129825,167.96605928055268
EK202310209772,149.06820948136127
EK202310182146,153.8489693616712
EK202310180456,152.70360568792165
EK202310182353,152.15908695656898
EK202310199926,126.92899979758529
EK202310226078,132.54080046773598
EK202310212125,138.35682986108483
EK202310149668,154.7416259178601
EK202310234903,131.81746410864517
EK202310205875,131.19508350188244
EK202310157799,150.09763742079707
EK202310211749,131.88762381918366
EK202310224314,156.91775194727785
EK202310124274,138.29202545122934
EK202310127800,160.32855360770486
EK202310238415,134.26054593454862
EK202310229891,151.20199274217694
EK202310145946,140.74015851022784
EK202310181109,148.29062858451007
EK202310147129,155.58657662188017
EK202310178177,159.30670414347998
EK202310113395,144.72090616378318
EK202310217919,151.64614874314063
EK202310154751,145.02662814420813
EK202310130965,154.24055869353256
EK202310190874,142.1939048162734
EK202310195521,148.2128813363647
EK202310201613,150.93767178899913
EK202310214697,151.06674285182353
EK202310191560,153.64868974928
EK202310121406,139.8706563201613
EK202310114089,137.54946827987916
EK202310159340,125.64226155944428
EK202310113700,141.1500136494622
EK202310126654,125.65709737414875
EK202310144476,147.8766573756105
EK202310131321,126.48159259149571
EK202310187814,130.8744490050468
EK202310220881,120.97470337696839
EK202310189638,165.83060194786034
EK202310178407,154.91867166172244
EK202310180651,158.65051462442247
EK202310239749,121.72900726098163
EK202310171046,124.77930473143894
EK202310164907,129.81561747211754
EK202310147112,161.16123318322713
EK202310181779,141.06256185661647
EK202310177716,152.12053452494624
EK202310211440,143.63448787606188
EK202310205701,152.84966721817867
EK202310116151,117.37772095334711
EK202310183859,168.5457862822036
EK202310135998,151.97992907319554
EK202310201975,132.363299344476
EK202310170925,125.83974089811424
EK202310104593,134.91249154134374
EK202310110432,128.31146754754326
EK202310129862,139.07182919948326
EK202310189525,153.0666555726058
EK202310111229,152.7204241626025
EK202310188865,143.81804996933818
EK202310146283,138.6474450491165
EK202310178823,165.19981477738142
EK202310147049,137.22513918541225
EK202310221900,139.2923646542532
EK202310182664,162.58960946450753
EK202310115895,120.98007454756352
EK202310137882,137.69907943132864
EK202310142987,153.85773372754784
EK202310230693,139.78630649408592
EK202310105910,124.08611709379123
EK202310176888,136.72257524033083
EK202310179407,145.8381079715122
EK202310113511,142.82975182011745
EK202310226410,143.02838810818122
EK202310194828,150.19044926525848
EK202310209526,160.32824335440856
EK202310232266,135.3711232372018
EK202310190901,152.3964699999435
EK202310120320,147.3431778213765
EK202310109391,142.65512673314774
EK202310126276,137.07999824717686
EK202310223714,129.86261445370172
EK202310211517,157.43192290068873
EK202310110636,132.80824258885596
EK202310235623,120.15278538895936
EK202310186004,147.57248971525468
EK202310004261,136.34257260267165
EK202310193375,157.51445794335208
EK202310218449,119.34771528367376
EK202310179058,145.98441236206443
EK202310133795,121.82679014139028
EK202310164408,139.04236167856357
EK202310159492,156.123483912114
EK202310214283,143.82570398709427
EK202310133551,155.13348661262742
EK202310190061,157.64598990242231
EK202320007557,154.4783012929491
EK202310114241,137.48950909157944
EK202310203894,147.5828927315351
EK202310186487,141.4253572178365
EK202310004631,140.66267100067583
EK202310172845,138.3995211301596
EK202310124858,130.3394969084242
EK202320006937,152.7320574344725
EK202310164626,149.26671246027695
EK202310109948,150.58802094144784
EK202310112053,143.62638747043468
EK202310184712,136.9516894767273
EK202310122821,158.7025314755016
EK202310179754,149.50673277108544
EK202310230071,144.2702326599928
EK202310169385,153.40417599277342
EK202310205297,134.40470093094297
EK202310176789,148.40358900575484
EK202310234641,129.10698309700805
EK202310216672,151.26924701718085
EK202310218187,152.82981710926109
EK202310163653,132.1225179837628
EK202310173938,156.1261915826155
EK202310144779,131.337538238079
EK202310105452,125.96178659179171
EK202310203289,134.65957697316676
EK202310244916,151.0369734538854
EK202310212913,146.7908729528071
EK202310195593,147.5874408307135
EK202310109392,147.1731360799055
EK202310239794,157.02146372807465
EK202310156466,142.89490844111785
EK202310234091,137.8774228818309
EK202310202246,159.0713431335997
EK202310208070,127.3646197605528
EK202310199529,144.62976436126903
EK202310191597,141.2304809529707
EK202310232873,148.99699096900244
EK202310245305,152.07522974927275
EK202310196018,158.8472845619632
EK202310205608,139.89246838302262
EK202310211776,143.34022592490138
EK202310219819,133.87500072225282
EK202310152910,171.9344991051282
EK202310244549,148.38538515271316
EK202310123421,161.9245792851021
EK202310205600,153.66262869375467
EK202310219535,129.97734977592734
EK202310247105,150.75048802619497
EK202310223625,151.01183119770047
EK202310135177,153.97671904735247
EK202310167858,151.58496428849952
EK202310193232,123.65051031178422
EK202310144624,129.59455150898285
EK202310132627,143.4928946574995
EK202310213967,159.60210076413287
EK202310236061,134.75066564682544
EK202310177659,170.2135711503282
EK202310145236,163.43621937855175
EK202310118399,121.21654001831305
EK202310215365,145.44066027449352
EK202320006049,144.9776696300709
EK202310185900,140.393269669103
EK202310133957,155.52080447221337
EK202310234170,120.2652958254988
EK202310126261,130.64652797528422
EK202310118103,168.48947415445326
EK202310118678,153.3648543849625
EK202310113678,145.15360172810028
EK202310111849,150.78867577633542
EK202310218593,130.4055619153817
EK202310145457,117.51830299929102
EK202310174907,165.32586107952886
EK202310004460,141.72242947240883
EK202310194109,147.4431504313922
EK202310108378,126.52079028477681
EK202310200664,144.7897333073396
EK202310167993,132.21540565455552
EK202310157089,170.41660909724618
EK202310210287,147.7105735556777
EK202310148250,143.5536477819789
EK202310207303,146.46339574649966
EK202310206507,152.19656503331882
EK202310243704,149.5047554781683
EK202310179019,125.74001538232409
EK202310243866,165.73017023535763
EK202310137648,140.86903753635
EK202310173887,146.01283798214521
EK202310235491,164.47516591254717
EK202310212645,130.1837522765142
EK202310190281,150.61811026516645
EK202310220934,136.63485409566863
EK202310230719,136.38548657314283
EK202310201074,132.3367848635887
EK202310178051,143.95291643624407
EK202310181204,135.94193563968955
EK202310135829,141.39826624155322
EK202310170445,139.52411805226632
EK202310238141,137.6696795462993
EK202310135822,144.88221605648894
EK202310227546,141.8803407148269
EK202310140976,139.9798661245932
EK202310246668,146.24949301009934
EK202310105632,133.25420827618038
EK202310109270,144.32176522652688
EK202310131782,141.20798434957663
EK202310233567,153.2905296793725
EK202310161598,142.79598176988526
EK202310110724,143.1966830344386
EK202310229148,153.83862382419647
EK202310159146,153.90186590801136
EK202310195696,146.5649851404029
EK202310117218,144.71998521570248
EK202310205895,154.64715975713847
EK202310194401,139.80331394864794
EK202310126710,155.2660483588354
EK202310152278,158.33756273700783
EK202310190916,152.5355354784519
EK202310110549,123.16552812143154
EK202310177514,144.77577282111707
EK202310175686,154.5195657624894
EK202310223432,140.99692190327292
EK202310244466,149.7257867480492
EK202310134231,147.19881333681067
EK202310236274,140.5345794684467
EK202310195863,155.4177700734273
EK202310241144,156.4906561712654
EK202310202269,148.74891739446804
EK202310231316,142.61889855782908
EK202310211605,142.34899137060577
EK202310200954,155.39277612240642
EK202310224489,135.26779208270057
EK202310165476,137.8128917429143
EK202310204173,135.04132816097655
EK202310178369,131.73646764343835
EK202310170774,127.70498389539608
EK202310205764,145.67670007747526
EK202310236659,146.15426017209842
EK202310170743,129.02524916144085
EK202310136793,142.90072537625358
EK202310187675,145.8984556331936
EK202310156962,139.75093770495488
EK202310216942,163.63798488709628
EK202310168321,138.6465232156606
EK202310243793,136.4652154375328
EK202310235437,140.06273412509472
EK202310118510,156.73365890715132
EK202310139337,161.8199988470726
EK202310120961,130.5157714312256
EK202310214076,152.87639464689718
EK202310241228,146.51337642031282
EK202310212101,143.3926351309532
EK202310199696,169.1581070723383
EK202310163542,139.2080874935707
EK202310232836,139.32062768575744
EK202310189334,146.7113422819101
EK202310239101,134.6484996242895
EK202310156523,147.00386249841628
EK202310201002,148.96961659218604
EK202310003364,132.15363271989378
EK202310179389,142.73545422780583
EK202310163130,123.90348511687353
EK202310232481,117.94597690381934
EK202310186459,145.10832421224578
EK202310164481,134.406004655309
EK202310169941,156.41290595264823
EK202310131128,145.89414714283652
EK202310228174,130.77091733315996
EK202310173249,147.52049940636212
EK202310202077,149.01308775194633
EK202310225477,147.10685261051063
EK202310247572,132.23751835415314
EK202310181799,150.58420555286745
EK202310119740,145.01501809189293
EK202310131395,134.9278338019315
EK202310224529,124.97085484602903
EK202310156156,147.0675971545865
EK202310200552,165.75726852994643
EK202310169146,142.2014338447289
EK202310143038,142.99232937517397
EK202310170406,123.58805305467604
EK202310200533,162.26964535362464
EK202310119387,135.78187759769963
EK202310202355,128.21221331563612
EK202310225013,133.08717292653182
EK202310214250,154.11851953005066
EK202310210556,144.07333697534654
EK202310201139,155.4828696626199
EK202310130429,149.46734540544097
EK202310224863,155.35440763250097
EK202310153482,119.1985749649283
EK202310241062,138.23196086341673
EK202310164485,137.9167415609308
EK202310245636,131.5305267859842
EK202310157534,133.11333727902104
EK202310229118,132.33834859112474
EK202310171426,132.1071989619403
EK202310210127,141.109425814471
EK202310111733,149.79825413760662
EK202310141203,126.51414695851048
EK202310232387,144.44425298843268
EK202310188639,131.89068026072215
EK202310190835,154.26619466671974
EK202310201801,146.5556194440325
EK202310175974,157.766810556242
EK202310187326,131.53554904262327
EK202310212155,129.86809558524124
EK202310151022,147.08714357758922
EK202310211125,145.02920526456268
EK202310219268,131.68500946764192
EK202310110245,126.5865574748926
EK202310238069,131.16726610264675
EK202310199559,146.84425677276334
EK202310167739,135.10267212083164
EK202310142979,131.17069237943468
EK202310191202,143.10871456159327
EK202310144654,162.2253646435968
EK202310224039,136.91585279878373
EK202310150921,122.85856637217272
EK202320006004,166.91718571405
EK202310108116,138.33382316814107
EK202310226608,141.10506597071017
EK202310237947,136.78863674669293
EK202310245724,150.2158525320475
EK202310216589,128.51464134748124
EK202310242883,142.3912800991949
EK202310192702,133.18381787142778
EK202310168445,133.37272134554962
EK202310205542,148.55999863060123
EK202310150929,148.33064166218287
EK202310173039,127.60226693301728
EK202310139742,151.05479784126095
EK202310138564,134.21336013071073
EK202310145764,142.5024510376866
EK202310148134,154.24619524173437
EK202310180451,138.87985649133233
EK202310149802,146.7391185869969
EK202310247608,161.9288344934128
EK202310130999,136.73180903448034
EK202310141610,144.41778373596725
EK202310224015,153.72879903889216
EK202310229698,145.6017654117569
EK202310197753,150.64270027910615
EK202310152255,153.74076317539794
EK202310133838,169.33888409500128
EK202310192249,175.41303133003638
EK202310195834,168.99945707390816
EK202310186510,139.8781000579505
EK202310177054,145.33938473423592
EK202310107524,156.97939864656007
EK202310128174,154.00724286888197
EK202310187413,146.83505676764915
EK202310234580,130.32523610569223
EK202310104409,153.41199612734394
EK202310125276,137.7623109118803
EK202310113893,145.81485923194137
EK202310179353,139.7960166994189
EK202310240438,145.7818420136178
EK202310229420,150.39985048874706
EK202310116112,118.45437873530142
EK202310117942,136.14655736545012
EK202310163339,124.02135859165905
EK202310166509,130.69464289934933
EK202310185556,126.1950812791898
EK202310227524,152.35900630151943
EK202310109010,168.87105634056468
EK202310183425,113.87555434090211
EK202310191714,171.7859408018566
EK202310155039,136.2511818777104
EK202310169140,163.58750679935804
EK202310177573,147.39356988137456
EK202310170318,138.41970917140483
EK202310207697,142.05699748716358
EK202310199740,152.81702863336045
EK202310149864,149.0634348445878
EK202310150264,150.9014441411956
EK202310189933,131.73262072444916
EK202310218127,143.48915529008775
EK202310108083,143.23591579006978
EK202310154872,157.51527833302086
EK202310160785,150.0366339400343
EK202310206282,148.78912513843767
EK202310124253,136.86741642324185
EK202310196633,130.8812024086464
EK202310105966,132.96678940095413
EK202310141033,162.92395203531848
EK202310197213,136.981503603065
EK202310206024,133.86554235756478
EK202310113110,119.56454802219145
EK202310114366,135.6073424930235
EK202310133810,143.14413360369835
EK202310135192,147.82179916964634
EK202310233334,126.3943824611018
EK202310148079,144.2648459197237
EK202310109276,139.87243837292186
EK202310124568,140.33226087458763
EK202310162273,131.22343705543142
EK202310126242,128.55317354232085
EK202310106288,140.85948270289205
EK202310190761,155.8844918618442
EK202310003653,135.60073867192096
EK202310111116,132.19794477840128
EK202310193002,144.61320518626164
EK202310107463,131.05390286159715
EK202310237608,144.56003715622288
EK202310213418,115.66755242676177
EK202310204153,145.2515804917232
EK202310104707,142.8290631905143
EK202310238820,138.30067608075854
EK202310141697,146.74853057767882
EK202310178269,158.28897071779096
EK202310229367,136.51435367725716
EK202310172017,176.32842405436236
EK202310223139,136.50633015452422
EK202310125096,132.26597187650145
EK202310143070,152.55170353097589
EK202310234470,129.56591777002305
EK202310131911,128.78318146293816
EK202310176053,154.967315376568
EK202310158201,142.404347646547
EK202310113896,145.78933137462246
EK202310217246,128.1490204211686
EK202310202878,151.0459897052502
EK202310179418,165.3745999208214
EK202310106198,124.1323076571553
EK202310130287,159.73536722410384
EK202310203618,131.87557359317233
EK202310144069,136.93783633013106
EK202310225997,172.81945797717006
EK202310137087,143.74588992243167
EK202310114093,155.08253204208953
EK202310125025,127.63718956112365
EK202310169960,147.9612834338811
EK202310211027,149.13528537612723
EK202310156374,153.16070067841602
EK202310184239,142.13793486072512
EK202310193887,146.8466459103269
EK202310169120,140.12700755438794
EK202310214116,176.29882866218048
EK202310004097,132.85950548958755
EK202310156682,131.71968271607187
EK202310154604,157.85196463223974
EK202310218245,141.9580980895636
EK202310224853,119.47631654571157
EK202310164480,143.38042780505512
EK202310130017,147.34026135058105
EK202310142314,135.33533646909308
EK202310104271,163.7515226870911
EK202310245758,142.1021333849747
EK202310229784,139.81508726908044
EK202310110502,152.0638009764269
EK202310121032,166.48036641967013
EK202310233632,154.88192577152802
EK202310126266,130.39615846968147
EK202310109825,124.8589619635064
EK202320007054,144.95355657300254
EK202310166953,145.0916243916456
EK202310227160,149.24476755083958
EK202310215524,155.74258952118626
EK202310221415,161.11589268361072
EK202310224669,127.10546196896726
EK202310182834,157.31728647064133
EK202310155348,138.25801268595973
EK202310186571,159.50361913347513
EK202310130542,133.5438095747392
EK202310108675,134.69884713349606
EK202310147107,151.6962722546432
EK202310175270,135.73536687073795
EK202310223760,133.1838576827961
EK202310124746,114.43818364200459
EK202310170040,168.40564702752164
EK202310004065,132.902021957428
EK202310221363,139.05795352312614
EK202310209500,141.03324130810532
EK202310178304,153.63270056799968
EK202310133005,150.06418304564022
EK202310120850,148.09987689656253
EK202310213264,140.60717662641386
EK202310149096,149.34898477182955
EK202310177683,131.55363821803948
EK202310242597,128.0715983606197
EK202310177919,149.27531844441643
EK202310134733,146.8496074304799
EK202310181823,136.03062730867475
EK202310136672,145.90790021356818
EK202310151585,147.81811043548376
EK202310117995,128.28390625962936
EK202320007252,159.92109462368697
EK202310231786,129.63495858618307
EK202310241673,136.07598416516527
EK202310161732,168.1997647002924
EK202310161656,171.17925448718046
EK202310212063,118.13209073858431
EK202310217895,155.6847326588177
EK202310138774,142.05574983656854
EK202310126590,143.49144058306084
EK202310123141,131.80988721314432
EK202310224982,129.5204609865844
EK202310206262,148.05381603641774
EK202310139370,139.90528645842767
EK202310224820,140.731986967069
EK202310130273,159.31201510678582
EK202310133523,138.1183147694681
EK202310239621,138.76735694776792
EK202310190678,152.0010586957864
EK202310125061,131.88943952447033
EK202310234940,139.33514943553675
EK202310178076,131.81574177756582
EK202310153610,151.7098202079658
EK202310179234,163.41326651952292
EK202310159634,131.02555375552078
EK202310186548,141.10380553025016
EK202310135839,167.82905421279824
EK202310136969,151.51986058179747
EK202310145737,155.1911461754437
EK202310164062,138.76251442503042
EK202310237524,132.116063921099
EK202310225600,142.68879464544094
EK202310130766,150.50586402022907
EK202310198060,119.65590961198032
EK202310202900,157.0248906404022
EK202310180295,141.21118046445991
EK202310161819,141.90965679516324
EK202310182490,143.7794018074674
EK202310151915,147.58436254866393
EK202310114135,153.98036991192436
EK202310155620,120.0711109590944
EK202310156539,162.59177113674593
EK202310164137,156.5027800768549
EK202310172602,149.83607341659211
EK202310161051,163.71908498998616
EK202310225217,166.02265324543822
EK202310220749,123.27991495472125
EK202310135024,165.6301442627917
EK202310236167,133.36903471745396
EK202310106428,128.69288183604908
EK202310191224,141.8869040288287
EK202310126171,146.96337727233575
EK202310152423,146.6502947389433
EK202310168273,147.13325736263948
EK202310129168,150.6896232388049
EK202310176927,154.27264925976036
EK202310172428,161.31086218847034
EK202310181185,151.7059177187964
EK202310004161,140.55641475890909
EK202310221234,131.7524729000457
EK202310161711,158.04244226382806
EK202310240221,149.60880127414364
EK202310222828,133.11413299624382
EK202310210279,133.64307018134136
EK202310170097,142.62790219253264
EK202310188723,167.62418576783182
EK202310166478,163.38566311720695
EK202310221027,152.82170321905946
EK202310114979,146.78355724955443
EK202310242042,134.33368588406861
EK202310140021,121.90217559411913
EK202310130000,159.20345499662076
EK202310186640,142.4473534454391
EK202310004760,126.92038862835707
EK202310122844,151.99820415091085
EK202310153842,142.0879396034232
EK202310177802,133.0002379450998
EK202310004581,132.26319311995468
EK202310246710,142.39252032236013
EK202310113952,149.0706605817199
EK202310151035,139.2577189301577
EK202310216428,120.2534153612235
EK202310144070,161.47343622694996
EK202310169605,127.72460612878044
EK202310159620,134.0101699431241
EK202310105550,133.43525292218163
EK202310240970,131.5060585468667
EK202310182151,136.45514870587155
EK202310231587,140.81233716233743
EK202310118075,131.05492159956628
EK202310133019,142.90964359306932
EK202310206992,147.35739778228012
EK202310220008,127.89505733325548
EK202310234156,115.9315587042698
EK202310162641,164.0016661675604
EK202310142907,132.55625972029142
EK202310154115,131.51860102738118
EK202310130815,130.8437439984273
EK202310150846,126.50722940443632
EK202320007669,157.25643813723056
EK202310227486,146.4829207719656
EK202320007572,155.72791201395793
EK202310137639,126.46059017707097
EK202310103836,133.4492990576851
EK202310202037,162.12246953880262
EK202310223420,145.9733619687458
EK202310185672,139.37360565558453
EK202310229956,147.85051097202646
EK202310183246,147.4031146445967
EK202310138498,141.99109330602974
EK202310191631,145.49557104363817
EK202310197089,147.69383027482556
EK202310133822,109.62338443520079
EK202310245494,157.44046566033305
EK202310207684,135.61661358885465
EK202310170631,135.72209968623795
EK202310230054,123.6687305168996
EK202310229119,154.5834070973084
EK202310162261,148.16918692586952
EK202310134206,155.5214966299502
EK202310126114,128.39296301582831
EK202310202130,152.8224705529054
EK202310201610,145.30841306128144
EK202310140475,140.50287361442832
EK202310134356,150.53697948145634
EK202320007186,165.73679202478553
EK202310120790,140.45018593688022
EK202310245157,152.38206399498358
EK202310208016,143.78913490243656
EK202310174476,130.68387402907038
EK202310188403,150.0875283464918
EK202310142082,149.13684819269187
EK202310126792,125.61739296532316
EK202310182973,142.03431703550254
EK202310236318,133.6071146447497
EK202310191185,148.24225300435427
EK202310135600,138.41863501301145
EK202310212912,148.25755843421462
EK202310109044,148.81337861231623
EK202310220665,151.42518542719858
EK202310209857,141.7804629666449
EK202310136210,150.96864798806305
EK202310241948,157.83830146662152
EK202310147383,134.62391671411976
EK202310119158,141.67159970863997
EK202310225656,127.78298752852379
EK202310115771,145.32566334498864
EK202310115861,131.85375778371701
EK202310156104,143.17157866257025
EK202310168339,120.89720957384566
EK202310186770,137.70945876312948
EK202310227679,145.62157323567936
EK202310198604,140.68887415108583
EK202310126896,163.96079011008325
EK202310119992,130.64402501976636
EK202310194849,131.02969809653231
EK202310224912,141.8237202299502
EK202310163124,133.41388408330258
EK202310181144,162.75943063416733
EK202310147897,141.67160653700466
EK202310177921,147.41029925800018
EK202310199607,153.17937000506498
EK202310172680,129.36251078500368
EK202310129543,143.7109318747078
EK202310161704,153.08704245529495
EK202310193784,134.7505885565711
EK202310243291,147.38414017172335
EK202310208991,149.83256090389963
EK202310140086,137.15034978684417
EK202310136481,126.9788760919459
EK202310178220,142.4377402705329
EK202310210109,158.94739453327773
EK202310128687,146.38688282914293
EK202310213632,146.7651775577439
EK202310215453,162.26015414863704
EK202310235764,134.7492055303286
EK202310216758,164.48348098318758
EK202310163056,152.78578013758263
EK202310125899,141.39022553632222
EK202310180181,148.07948396503778
EK202310224630,139.91007300559622
EK202310118929,154.19204052757976
EK202310178808,156.44123993116375
EK202310234570,133.4780905312184
EK202310127428,151.99804596960658
EK202310213472,135.89258458961723
EK202310192759,136.02737535501686
EK202310210638,139.96763897079822
EK202310104955,128.2392981604021
EK202310124793,121.59080368561831
EK202310154265,137.05084467651326
EK202310136853,130.21380055539203
EK202310160020,139.09176874046992
EK202310129715,166.5500760403435
EK202310208844,161.1822492232097
EK202310165769,146.84926843880223
EK202310119276,162.63448570034262
EK202310155853,122.80766673640545
EK202310148019,139.78633905860406
EK202310158588,153.3785046303613
EK202320005915,161.80116295355387
EK202310139760,141.59049177577697
EK202310235740,141.53837840655206
EK202310163003,159.20203650932672
EK202310166151,136.76304049011955
EK202310205151,132.56765570426984
EK202310163809,133.47564212571274
EK202310195046,143.89360100118228
EK202310190606,137.76230717538638
EK202310201185,165.9680567845648
EK202310244204,124.80989453295135
EK202310221873,133.08007731967993
EK202310213079,132.5554888944904
EK202310167878,137.10359359645855
EK202310108748,143.51638788356595
EK202310231105,129.7762800340733
EK202310162450,132.97269499214167
EK202310106681,133.2075232210945
EK202310175585,144.38505079908566
EK202310216131,119.24072152837428
EK202310247112,137.7187545995926
EK202310133778,143.17564683306216
EK202310226737,157.19741986305294
EK202310149352,163.29920817261467
EK202310125918,140.026489808658
EK202310163682,139.0354968771769
EK202310189571,166.80922624025632
EK202310128706,135.03047412621154
EK202310227554,142.95152713271256
EK202310149106,152.4766178126859
EK202310200290,140.0706411325649
EK202310192844,151.97701631460467
EK202310229985,124.32297635070012
EK202310196907,145.09434375962255
EK202310148131,151.56369650551977
EK202310223289,138.25332622103014
EK202310169529,127.87222792705177
EK202310169806,156.59503883484908
EK202310212585,140.45212117507506
EK202310196857,152.6059491096957
EK202310190419,145.07662136378846
EK202310219008,135.32402382673092
EK202310142486,136.4939916052297
EK202310192709,167.11839542210282
EK202310182822,124.30701588261215
EK202310136899,143.15067695732193
EK202310115463,144.28899160046265
EK202310146582,146.45491107575805
EK202310132422,141.18940810718982
EK202310112592,144.3025571227123
EK202310226203,148.30327470284521
EK202310121586,148.97553637493274
EK202310181107,155.28606191486014
EK202310213474,135.89018381492764
EK202310138830,146.918960465263
EK202310168849,114.62685539081949
EK202310229317,130.2042962239833
EK202310204390,120.92437505610819
EK202310192992,141.45841463459664
EK202310152280,148.57057179859925
EK202310155151,155.88769769909428
EK202310174087,134.3656683896586
EK202310212165,129.57182316684617
EK202310152752,149.3899393856685
EK202310168592,136.58043391516068
EK202310191895,138.8434899800673
EK202310200059,125.1446439624641
EK202310243745,126.65411535368258
EK202310158852,157.50822419781798
EK202310157579,149.2673715390916
EK202310225059,132.3154158269252
EK202310183337,137.1335282037229
EK202310198264,130.66344008621004
EK202310114412,141.7773348263221
EK202310227155,141.08066838507963
EK202310234975,154.2864373162593
EK202310197349,140.00376654838732
EK202310208018,149.5334044484526
EK202310200505,136.4664394271483
EK202310115897,124.78449235158797
EK202310202707,150.2140964813098
EK202310207442,148.4139736200781
EK202310185479,162.4509637810031
EK202310237037,162.90961149346197
EK202310136200,144.76380642513232
EK202310154113,144.9445917777971
EK202310114492,130.81064630596555
EK202310176297,158.19121049618633
EK202310107640,119.22364848947507
EK202310209670,136.02714435032323
EK202310105256,163.0867495011027
EK202310108117,153.405463364235
EK202310214550,129.59758699688422
EK202310175559,141.9184936165676
EK202310148239,133.19045276303123
EK202310181548,135.28792043499323
EK202310216342,152.15207049812892
EK202310160035,130.53929855868435
EK202310168843,149.64351359166932
EK202310131732,154.186384934621
EK202310209477,154.56048482613878
EK202310237971,151.45221220846892
EK202310129891,171.84710102213162
EK202310171726,149.85382692897093
EK202310229665,135.8105431639464
EK202310204967,141.57851410784968
EK202310174899,121.71352959863225
EK202310116238,152.54853674171198
EK202310114560,140.85065799626975
EK202310238506,135.78662185377055
EK202310234905,126.29335662694439
EK202310229020,139.34585112982842
EK202320006240,166.63153654131125
EK202310142292,145.87912696050537
EK202310150080,166.55862418321698
EK202310159478,132.9957396919686
EK202310158699,151.48980759620378
EK202310245027,156.1333624198757
EK202310152722,127.81727883673211
EK202310233081,133.58548475120492
EK202310246556,148.62453912008903
EK202310105650,131.042638269007
EK202310190838,141.55790547835605
EK202310218394,136.84309429759512
EK202310118154,132.40208265780635
EK202310131520,152.65168193930876
EK202310139487,138.00849237038284
EK202310146562,131.81319574912112
EK202310205269,163.9904714050238
EK202310139486,152.68182471242807
EK202310106738,143.50247924860338
EK202310196849,119.71330575343069
EK202310181949,157.37349219524373
EK202310201469,141.8822090427832
EK202310163916,141.29117891215373
EK202310221312,167.10787532665807
EK202310138582,158.17229323894358
EK202310135507,157.02591274641028
EK202310179372,133.1632044378464
EK202310004219,138.8295239600608
EK202310158089,132.75551073185304
EK202310150765,142.4330662539274
EK202310191391,138.58014372833992
EK202310112611,141.0309519363879
EK202310107389,146.19205373066902
EK202310233851,138.1601722738041
EK202310151219,131.2937791341085
EK202310232601,139.15281299946145
EK202310202073,149.4368473483855
EK202310225289,134.94166626475004
EK202310166576,129.49647071599384
EK202310224067,135.1519683648286
EK202310136837,138.3911691767584
EK202310177674,135.32359250762028
EK202310246493,146.61255482540483
EK202310183092,147.82776779813895
EK202310109401,145.11708774390598
EK202310145629,145.560982861144
EK202310130973,128.11012275736553
EK202310208348,138.23876110533726
EK202310184342,139.6452906695951
EK202320007150,142.87103772612954
EK202310237789,128.6379033810769
EK202310114883,128.70523607788354
EK202310205366,146.929067735206
EK202310124191,131.15589783115504
EK202310155262,146.6209371411275
EK202310220998,145.8686827937955
EK202310220544,119.305211962221
EK202310143757,133.40956548702795
EK202310106423,142.94506430367505
EK202310221380,124.00193918713151
EK202310126488,133.69528097507552
EK202310161364,136.70057355573525
EK202310239501,135.59581024345158
EK202310164868,154.37143796717987
EK202310203126,141.99448434880082
EK202310137546,137.71794262099783
EK202310121376,136.25329779633367
EK202310105109,135.42896404272602
EK202310205221,156.13065269641703
EK202310188382,174.90187826585026
EK202310241423,149.73759949780467
EK202310167391,130.94907815144663
EK202310228119,149.83194183074013
EK202310207564,145.28089924212054
EK202310141877,141.2052434776739
EK202310244134,138.81167270252453
EK202310148484,150.67498828781837
EK202310213947,126.41555685931425
EK202310189815,130.88347240370283
EK202310196971,160.94090469100726
EK202310170035,141.54381545264187
EK202310118616,153.71236860437503
EK202310202991,165.65120927499643
EK202310193605,145.90331815825226
EK202310142332,165.52139472499726
EK202310107201,131.75320551837603
EK202310196602,147.79399149051739
EK202310112787,156.68632015482615
EK202310237416,125.38200587329409
EK202310234910,135.52291253146853
EK202310190727,137.17908477478653
EK202310114532,160.82008568696057
EK202310202380,122.78569754856589
EK202310196667,120.83793185689242
EK202310118771,135.6310755491013
EK202310112695,146.73463655591812
EK202310196403,135.2944686738279
EK202310214197,144.90746893678855
EK202310204797,137.42421807799334
EK202310107958,152.3272518911339
EK202310130013,149.0313405151834
EK202310135758,122.76196431714301
EK202310193054,133.4989232954534
EK202310148141,121.92623540547906
EK202310166034,161.5935236864732
EK202310158033,160.01514723455472
EK202310150288,152.24380932171485
EK202310113821,146.73806095089313
EK202310179440,160.96355145317145
EK202310217819,137.60391839659925
EK202310162109,165.1299952872247
EK202310200554,164.01568227574967
EK202310115242,135.94822918762588
EK202310154839,155.36460295713323
EK202310208688,146.88750708198154
EK202310191490,132.37763958538523
EK202310137318,138.3063919598895
EK202310142738,165.50687251991005
EK202310180609,138.43577799103434
EK202310158752,149.5273137146059
EK202310181525,148.74093605791703
EK202310236876,131.97102609993416
EK202310151933,139.42258476403327
EK202310203259,164.3894629681199
EK202310158609,154.5745879602532
EK202310142468,146.1393449708156
EK202310178475,139.3057390006431
EK202310113000,151.24904843332848
EK202310112010,145.0798272723301
EK202310141067,143.507579365144
EK202310228986,130.69762317600342
EK202310123898,136.17999887575886
EK202310247624,137.25551766591954
EK202310110313,144.5383941014139
EK202310148786,148.90025638046424
EK202310200971,129.29630511930796
EK202310202596,158.13433837686435
EK202310196164,152.95818427705888
EK202310106209,128.42122633146397
EK202310177374,156.2403916651742
EK202310179062,148.20957677783937
EK202310222889,129.4476974822071
EK202310144590,133.9289036016719
EK202310136010,140.20093455466545
EK202310157710,152.9472897931527
EK202310168920,137.9354789582402
EK202310194908,152.03388905926164
EK202310245967,120.19070402387882
EK202310210453,140.8092296164488
EK202310223279,133.6544459575564
EK202310146923,128.08333299946935
EK202310231717,129.0097113610856
EK202310133833,133.46125987164385
EK202310108447,115.54747994444041
EK202310156614,164.42035904571117
EK202310124987,143.04626378887164
EK202310215881,129.02972636080764
EK202310161152,168.41740275005117
EK202310224348,134.1238476188601
EK202310242122,149.27405230569343
EK202310173831,151.916277856622
EK202310122353,137.38917429257793
EK202310238723,151.3212467035535
EK202310232778,153.65941759627438
EK202310198262,137.80205325964826
EK202310206795,141.5131228258703
EK202310105061,131.17699489336394
EK202310147550,156.26011769829438
EK202310169793,150.9394957066796
EK202310174721,129.61662791720485
EK202310197557,167.72510996220248
EK202320007058,168.09214808226943
EK202310201254,129.8685071075092
EK202310243393,138.76867624106902
EK202310225384,141.87157438045102
EK202310004551,140.6766092455406
EK202310187388,137.73941186549726
EK202310221213,136.91880530266235
EK202310206186,135.28197809400962
EK202310118966,152.70514289483202
EK202310126228,134.052512420366
EK202310143806,150.1819136072587
EK202310134776,130.90815629069263
EK202310222461,128.72799839833695
EK202310125996,131.47963392181748
EK202310219494,120.83510536903562
EK202310110685,112.56533560605457
EK202310222225,131.42520353764814
EK202310191983,168.73107110958574
EK202310144685,154.97144116209614
EK202310179138,135.09287086476374
EK202310179457,139.10559961322747
EK202310217372,165.27454036615535
EK202310158103,171.99266834137967
EK202310167022,152.37505188779494
EK202310148101,135.55433279544323
EK202310174010,138.49260436579425
EK202310247906,171.90613169237824
EK202310146964,144.5174644941117
EK202310195616,146.0580195873318
EK202310187966,152.34961161151378
EK202310172204,133.47316251604502
EK202310201348,143.75429582851828
EK202310125866,137.20703976061984
EK202310107865,144.90028971351168
EK202310116596,152.07339197289667
EK202310247975,160.62390350404266
EK202310118528,135.35497514656498
EK202310148683,152.97032417228763
EK202310158367,163.83804043524898
EK202310126019,124.48423600218968
EK202310163868,123.17967896528471
EK202310125121,137.63846659838683
EK202310152576,148.50750152147822
EK202310170352,117.279890346423
EK202310233529,149.8438522560122
EK202310186906,146.60559988880306
EK202310144083,161.73619534317731
EK202310184975,148.65023817565117
EK202310178056,139.5645992929046
EK202310188978,145.4296145730117
EK202310217567,130.9286611263704
EK202310184281,170.31702467043823
EK202310140673,148.10511694395979
EK202310228899,130.7134489442664
EK202310196162,118.32006153627289
EK202310135089,171.682569535518
EK202310115752,128.65755058812016
EK202310214385,156.53682608961728
EK202310232516,131.46303639205652
EK202310220873,144.95552051535535
EK202310172989,148.2638719799104
EK202310240149,133.46206170389138
EK202310212616,137.7148457411535
EK202310187474,145.16104102358796
EK202310156838,154.89068307978266
EK202310183007,153.54155617087662
EK202310227341,170.9336755597321
EK202310110343,157.61962166796496
EK202310198412,156.78463141164428
EK202310150894,137.44851897695344
EK202310181422,147.15457287369327
EK202310198432,140.09661755420325
EK202310187779,142.32351236606243
EK202310159706,158.54341362377164
EK202310127815,138.91902329395026
EK202310242438,142.2085767934994
EK202310145323,154.3891919960701
EK202310130401,156.6874068610072
EK202310116797,139.58763698094205
EK202310123002,139.10830642145095
EK202310152154,154.56069893702636
EK202310117372,149.88119588253267
EK202310116670,137.02743643013523
EK202310237203,130.0291013252087
EK202310162551,146.02897475364318
EK202310113370,137.14806777325498
EK202310228900,132.1941056606073
EK202310175209,152.5243314783185
EK202310236343,145.9423613991034
EK202310236383,133.70116944599405
EK202310131357,130.5381425292911
EK202310159166,138.29318837044937
EK202310170247,157.02030674124566
EK202310222379,146.41281491939327
EK202310154909,146.71968216430085
EK202310146442,145.6045317649038
EK202310003774,142.33450516894376
EK202310112911,146.2970502289734
EK202310227351,145.78096757657676
EK202310209062,140.15353592237068
EK202310238802,127.92849764856824
EK202310210919,140.92869125946766
EK202310232835,130.07291023466533
EK202310117128,140.0128644993105
EK202310219225,143.3874177843036
EK202310174933,162.8349963964343
EK202310204676,168.96490187566977
EK202310107148,149.7736645810942
EK202310181371,163.96226297390803
EK202310146220,152.36961120366644
EK202310224369,135.03117642718158
EK202310114927,138.56835876547814
EK202310177552,128.14023748797987
EK202310221588,157.05992810251618
EK202310107465,143.49070625306206
EK202310135932,140.95834540164302
EK202310110876,153.7469399293989
EK202310237021,133.18767687025843
EK202310109014,129.1507691456135
EK202310140401,133.0588353583666
EK202310137294,133.78358552302205
EK202310163064,162.49348725761206
EK202310147482,162.51498436206253
EK202310127284,153.30411825135656
EK202310201694,156.59226070023962
EK202310198350,142.4869951783565
EK202310208750,140.77561431904516
EK202310004741,137.64782896847416
EK202310164975,134.27616360795318
EK202310219480,128.19778613699918
EK202310213044,143.97408086892932
EK202310225710,136.0264290156667
EK202310174791,153.55117193287813
EK202310110800,122.8332921302594
EK202310208627,154.850334342812
EK202310191043,145.98466440308337
EK202310154022,132.19945346589486
EK202310224070,127.04126261373389
EK202310119217,133.1979223864768
EK202310166221,135.03820247028733
EK202310135615,126.54855776212703
EK202310184260,132.9513286915405
EK202310123132,158.70789398585123
EK202310234461,137.98064967340895
EK202310167872,151.32011347333452
EK202310174913,160.1369154789439
EK202310199190,130.97402706160915
EK202310207044,142.93856168166215
EK202310121394,132.79004329254167
EK202310191133,157.5608168124036
EK202310222955,133.22400020469567
EK202310193537,127.1556443942502
EK202310131922,129.30496965901105
EK202310241321,157.6712670687702
EK202310223125,143.24209735254288
EK202310177034,148.00643930307228
EK202310189208,155.39282736869856
EK202320006578,169.21258940371587
EK202310204325,148.55591708821547
EK202310104387,151.91544759073216
EK202310188941,164.68697878076082
EK202310163981,139.95164442803323
EK202310222266,135.46628200114012
EK202310108713,146.0788914831773
EK202310201346,150.46381726922368
EK202310218638,134.4274925756724
EK202310161345,144.7443854857991
EK202310241526,132.04615663136445
EK202310199356,121.48060085149943
EK202310134515,133.09378423485305
EK202310004519,119.93794001922535
EK202310135276,169.39230254566039
EK202310219279,125.647758390277
EK202310136740,140.39894797324436
EK202310200952,160.90482589345314
EK202310110068,131.39086634360217
EK202310157132,158.7420336002919
EK202310149621,145.77738904969655
EK202310138788,152.28080555528786
EK202310224324,141.3622115189849
EK202310239811,143.6449843881489
EK202310201046,136.10854057288162
EK202310165503,147.90334673721938
EK202310238259,157.6770205259803
EK202310165302,140.30998682944366
EK202310191144,143.07284692537795
EK202310185640,145.7116724038345
EK202310120926,131.23609951969837
EK202310197879,141.18549237993386
EK202310196320,162.0898071221166
EK202310220563,135.0679051856659
EK202310221699,150.97082940617375
EK202310229519,139.39042955149742
EK202310108573,168.04478272085296
EK202310184582,146.66255461886732
EK202310211294,145.44398211793893
EK202310195625,140.08466235652415
EK202310139587,164.24763225898167
EK202310118764,128.2726112779482
EK202310110542,142.0254952305096
EK202310173704,155.17611107660082
EK202310136262,135.13316436994728
EK202310237271,135.4559514966912
EK202310205898,146.95003154053322
EK202310245831,132.61687098361807
EK202310193909,142.99996946229567
EK202310204263,143.7913140143432
EK202310105876,139.89080392383144
EK202310192947,137.27438475214498
EK202310183403,150.77969082269416
EK202310133788,143.21593705090325
EK202310222018,141.29031521441328
EK202310129042,149.96837919776073
EK202310227808,129.288359314029
EK202310218437,166.02744955493355
EK202310237736,132.37743962267493
EK202310141333,145.1729883731785
EK202310156395,139.6852103269194
EK202310004469,143.1360350615289
EK202310114436,133.40151649112607
EK202310118411,127.46359157543753
EK202310163568,135.5337233817008
EK202310183481,151.71715902990866
EK202310124719,154.86850104438605
EK202320006725,156.57475448422005
EK202310166370,156.1750818858197
EK202310133824,143.34847923127103
EK202310210325,141.4042434754197
EK202310144287,145.63089204193685
EK202310130686,152.64293542252253
EK202310177102,139.91243170064266
EK202310168931,131.90390443897343
EK202310235183,123.76166263864958
EK202310228458,170.60267743151388
EK202310207703,155.3444885515617
EK202310203188,166.63653021455423
EK202310111430,136.89518577647723
EK202310244894,145.88105753520358
EK202310113983,154.10737506446338
EK202310202824,163.84196488686558
EK202310138446,112.96850019760734
EK202310176444,136.19399764052264
EK202310126844,147.81463591812792
EK202310226840,137.76539553748378
EK202310109459,139.764316643265
EK202310118743,154.22874668496007
EK202310129553,135.0915697999386
EK202310199845,158.94916604964004
EK202310228563,136.7894247257225
EK202310218219,143.24481773913257
EK202310197921,144.64967153767134
EK202310233068,139.09500339593112
EK202310159242,154.3781416570683
EK202310198622,144.13124906617705
EK202310203352,137.0981889715354
EK202310164418,147.15045528726097
EK202310119871,148.22986838588022
EK202310207409,156.06715398816226
EK202310109177,157.91768311622943
EK202310165988,150.83124110745493
EK202310199785,141.36874453178532
EK202310196659,167.61554917328576
EK202310169272,136.86459940524625
EK202310197425,122.66630875985678
EK202310175738,142.17959034944639
EK202310135941,143.63581949997186
EK202310139904,136.36157235060224
EK202310194855,132.85950768076236
EK202310221332,129.18383790273967
EK202310126755,134.01460414545502
EK202310220018,150.50670301506338
EK202310134041,127.15367994060232
EK202310210951,149.259137836582
EK202310122540,143.95025099205742
EK202310205978,132.3689545127287
EK202310159579,138.1496287386592
EK202310118408,138.53209496898347
EK202310115221,131.5926636437504
EK202310120155,155.07989042650877
EK202310163240,147.7566951034022
EK202310147464,148.07605797291694
EK202310248306,138.3131468153337
EK202310152592,133.12596555595445
EK202310192478,138.369342702624
EK202310126785,126.76800567746353
EK202310110706,146.6416994856628
EK202310182765,151.47028719672136
EK202310248138,136.07961568298683
EK202310186154,127.27880749907315
EK202310181675,171.53452786459326
EK202310217987,145.06327135364558
EK202310179130,140.96625153405378
EK202310135992,148.1170524530718
EK202310221623,144.63789689588944
EK202310113128,150.57770286869496
EK202310210010,126.98772705859574
EK202310163945,159.7212789286018
EK202310239487,127.0759261504532
EK202310238588,136.94922674567607
EK202310146898,146.5439022177304
EK202310147158,151.50317806190984
EK202310187097,133.551347567412
EK202310195731,142.2967868474766
EK202310105999,136.59774480735305
EK202310200746,156.22398692069157
EK202310129579,132.5698847390554
EK202310197982,168.57323975043627
EK202310183465,144.61017454029135
EK202310105248,136.8834281801387
EK202310142138,132.22498827522094
EK202310171408,153.50275265495443
EK202310131832,145.2438322093201
EK202310211971,131.18151376511636
EK202310240690,142.90346781944308
EK202310003608,109.4150847232498
EK202310145836,144.24725934400848
EK202310171399,142.53437390945066
EK202310137705,137.41731459109477
EK202310136000,150.771218431205
EK202310133882,132.4859445472814
EK202310141636,156.75380176171694
EK202310147290,134.82205332896905
EK202310241487,143.7328798828395
EK202310137723,130.92707781392238
EK202310140855,141.41735492930297
EK202310177098,148.45015079128194
EK202320006676,168.38670148407377
EK202310112514,144.5632340200331
EK202310141677,148.0511736663711
EK202310175682,154.36950018261632
EK202310236633,131.0382603252625
EK202310196176,129.67346225504042
EK202310156999,141.73199644496296
EK202310213305,142.79951972573429
EK202310200333,159.53994607974232
EK202310196550,140.47648589731506
EK202310226257,139.77608003693013
EK202310210514,139.77725298529734
EK202310185954,128.07082300591972
EK202310239737,143.0025810146748
EK202310231636,132.97468948090386
EK202310167744,144.55217793040106
EK202310227786,129.0453756323634
EK202310234832,145.89033089621086
EK202310126608,131.65287571292524
EK202310231942,136.59701859690983
EK202310107679,149.36123513614112
EK202310154939,146.80765301572782
EK202310191434,128.02628022649648
EK202310143462,129.46371890548744
EK202310228890,135.62998325353166
EK202310181791,131.16905141046405
EK202310147122,148.79272821515585
EK202310114485,128.91370488041844
EK202310104634,146.58387497421538
EK202310183103,140.6382352494501
EK202310003449,142.0333115412152
EK202310220154,123.41223849758018
EK202310215919,126.73048602653061
EK202310183173,123.46021060038971
EK202310136581,143.19553357367894
EK202310135891,154.90491988869462
EK202310234960,133.16084304964028
EK202310213672,132.6409822933502
EK202310160012,143.9052250510547
EK202310112248,144.7380396211981
EK202310136825,147.94326461687427
EK202310243733,133.26163756519637
EK202310235540,139.22135156857075
EK202310241172,130.77672498031473
EK202310189939,133.64542421810432
EK202310115473,133.91779250777535
EK202310188980,168.69851801945788
EK202310248520,144.4203819882466
EK202320006015,152.74296585404625
EK202310156531,135.45078708218523
EK202310146465,135.73836502273505
EK202310104718,142.17690703537227
EK202310208272,147.73638776502253
EK202310170862,135.91784549591654
EK202310235381,136.43377989960942
EK202310171376,142.41601423751467
EK202310167650,154.82820196023948
EK202310160990,157.68797183563493
EK202310195882,130.17946904664822
EK202310190552,143.7681105603966
EK202310120695,142.73243385160967
EK202310177689,133.83417167311305
EK202310116634,139.10517777650796
EK202310110519,133.1147691207005
EK202310125017,153.835464312267
EK202310182959,124.01550380092446
EK202310181811,155.13983500008027
EK202310214725,156.15153144889382
EK202310212263,145.82472921903124
EK202310122692,163.2848108784123
EK202310215131,140.9654751716437
EK202310202575,144.8434659824308
EK202310167856,138.90455939114923
EK202310196698,148.55984393227823
EK202310226483,143.40890488391886
EK202310162014,157.2280896318595
EK202310125942,150.56487085198438
EK202310106367,140.11997342833885
EK202310229140,137.90478704042675
EK202310207884,148.4742943043327
EK202310152869,165.1134357474877
EK202310178619,137.88410070235258
EK202310211976,142.9742338882107
EK202310229203,129.49234700231017
EK202310192119,172.37776169144237
EK202310202715,150.36707442640088
EK202320007183,173.26914302232328
EK202310218337,133.00508145570006
EK202310146967,143.52532116059893
EK202310184808,162.85961079712487
EK202310190764,142.92210960607
EK202310156823,142.19635382408455
EK202310199791,144.4180947657684
EK202310128548,143.2078768084916
EK202310156699,132.59936786145698
EK202310191011,158.7182591078924
EK202310192556,139.502815887211
EK202310201947,138.69649079869052
EK202310180835,137.0432468006682
EK202310218514,127.46295804488707
EK202310235403,138.59050276155833
EK202310222338,148.95013049342444
EK202310129625,122.8374834677527
EK202320005601,153.2486914239766
EK202310167199,145.74231527715986
EK202310216271,164.4153738433236
EK202310186219,162.38436614458348
EK202310200112,148.9823352491125
EK202310240709,131.3861820009305
EK202310140388,148.55774082754297
EK202310167460,141.63170672854238
EK202310207710,157.76074747549166
EK202310136954,130.27717167796715
EK202310238009,163.31124286562422
EK202310241135,138.04823532997437
EK202310118669,136.54357805328846
EK202310177676,130.84403149250355
EK202310110622,147.26145447757312
EK202310106125,155.44745838300716
EK202310137730,141.18738619383913
EK202310169952,147.85665699814206
EK202310201586,138.84292520960938
EK202310199082,154.78829657700214
EK202310110230,120.41248924552175
EK202310169093,168.08528593400212
EK202310151384,160.316662346854
EK202310118353,120.35304048435368
EK202310217860,136.26616722308486
EK202310155832,143.63113485993296
EK202310192043,143.36705247269379
EK202310227031,131.56479207433694
EK202310181504,146.6359181700053
EK202310123944,138.84280812131078
EK202310155457,131.65802667663183
EK202310121127,163.78661779418945
EK202310004367,155.7780118991106
EK202310113745,145.08937561630913
EK202310121643,138.92047477700027
EK202310126640,142.07231436098797
EK202310203242,156.0822804544975
EK202310144892,141.44531945990477
EK202310108440,139.5639101379031
EK202310169807,150.9099442630192
EK202310247122,142.13690965577516
EK202310129519,151.01229744351753
EK202310235954,146.64031323448728
EK202310122880,141.10463879870952
EK202310231944,131.23891274071377
EK202310244881,143.02117895762493
EK202310124312,145.31549780990127
EK202310193201,161.7232619916489
EK202310229571,115.58522149641402
EK202310157769,141.30201783943895
EK202310109164,123.23564523149952
EK202310188000,152.69076719947407
EK202310109289,118.42169937355918
EK202310157844,147.5667439958227
EK202310237961,165.4214641635445
EK202310138503,162.50514664636154
EK202310155205,126.29729384051483
EK202310199658,165.4686325807852
EK202310168116,150.31802139914421
EK202310236349,136.4326170221982
EK202310003984,149.80892124835714
EK202310227800,148.05531308438455
EK202310238162,139.35399375778525
EK202310207863,142.3328809322055
EK202310104629,128.79145060608198
EK202310199877,149.31394192091932
EK202310242313,141.99107667268842
EK202310180497,156.20148772136105
EK202310205863,150.89133399075078
EK202310198959,148.9970964704229
EK202310150579,150.92408527013166
EK202310142769,163.40533383949298
EK202310198383,154.42254336166815
EK202310114099,130.66990295805553
EK202310189094,163.12785275880114
EK202310128005,134.14963259518274
EK202310210639,140.61519448400998
EK202310247606,166.8034878807641
EK202310161724,124.51545159614949
EK202310141881,133.20001067890882
EK202310131694,139.50682900619822
EK202310204730,148.00818499012374
EK202310171972,132.91918342293067
EK202310208602,146.26649965482616
EK202310154432,127.27528370222615
EK202310122263,129.3066718876857
EK202310192830,153.06715829120733
EK202310211505,158.0570833938708
EK202310247017,149.1055414669376
EK202310106742,130.96778984125675
EK202310160358,135.98617364908026
EK202310241263,160.46071712855252
EK202310109888,146.3001694205321
EK202310119208,128.97437798482392
EK202310138383,113.87209105551112
EK202310195693,154.88641194932146
EK202310150042,156.52328231553489
EK202310233867,163.9752889170039
EK202310151155,133.03853486176794
EK202310152450,144.80847953478232
EK202310216227,147.96773551749715
EK202310119674,151.9947875187911
EK202310151394,164.27737212322577
EK202310198198,137.96683078395301
EK202310231585,129.4596897964852
EK202310220310,168.1993908702739
EK202310133553,134.44966282051823
EK202310119758,139.23695349052414
EK202310154895,173.41469847469165
EK202310166029,147.2185956891739
EK202310209935,142.6076480219208
EK202310106150,151.95874691647717
EK202310220446,138.25731272863578
EK202310138946,149.65999138773387
EK202310136698,136.2698957058968
EK202310237887,132.94460165450522
EK202310133476,152.18313535084013
EK202310219601,131.03691919114536
EK202310171218,145.75725636762687
EK202310235182,127.08432588983993
EK202310132648,117.19819980408121
EK202310244452,118.997440661189
EK202310138113,144.892156103904
EK202310187317,131.81965030594318
EK202310179142,143.80507038773553
EK202310165891,142.97669157620794
EK202310177495,140.28798087049216
EK202310150032,170.01813639140727
EK202310133680,128.94409832446152
EK202310133975,158.125192912025
EK202310203779,123.61728871409204
EK202320007546,150.8106973536975
EK202310191528,144.778687376451
EK202310129147,152.98174715501682
EK202310181778,141.07724430388564
EK202310230476,160.26549297107184
EK202310110448,129.09263406505568
EK202310107980,146.84018556140356
EK202310150018,153.9443811196859
EK202310222076,125.98024240176719
EK202310178437,148.50048401147592
EK202310206209,124.79864101401773
EK202310211038,149.38407314405507
EK202310130172,178.84313967175737
EK202310166466,161.4445731050702
EK202310183473,137.8667297104943
EK202310196150,156.10757159439365
EK202310157693,123.0596493779543
EK202310104605,137.7597814187398
EK202310235306,153.49690917131204
EK202310107563,138.1407721879858
EK202310163320,127.77346285397601
EK202310136756,144.1752370104443
EK202310211564,128.33962316211995
EK202310232534,132.25066684554508
EK202310132550,132.15813488237796
EK202310160312,153.58750116607476
EK202310234805,137.06987429676047
EK202310185938,128.81199863028203
EK202310144699,166.0205849545375
EK202310191954,153.69854540170584
EK202310146126,132.23701699361374
EK202320006284,161.35412738803106
EK202310185460,155.02807514956243
EK202310191567,156.16158614516718
EK202310222307,142.14510056925616
EK202310105032,146.70184659279735
EK202310230256,125.67518579316268
EK202310220456,147.1431809643749
EK202310125059,137.72366103006212
EK202320006649,171.51905463115284
EK202310170919,148.66966788389973
EK202310244926,142.2726186302431
EK202310123389,124.15100910729619
EK202310122848,144.67884140267918
EK202310211774,127.65812848237765
EK202310197231,117.40013735140288
EK202310138568,127.81884024839589
EK202310198554,138.92025572394314
EK202310121478,136.52841387193095
EK202310236719,139.6647868231932
EK202310168801,157.73712093655604
EK202310224443,149.2100035252909
EK202310206512,139.6322456197763
EK202310220836,158.27104949580814
EK202310247269,140.43908934107267
EK202310131994,117.62782634087421
EK202310134008,123.40078534701175
EK202310157322,144.97677646376437
EK202310143414,160.42097873594642
EK202310173429,146.36808231447208
EK202310217512,132.1903515756641
EK202310166684,150.47745000184196
EK202310203358,143.40488952200477
EK202310135525,147.53936988485728
EK202310190632,154.96460161832204
EK202310109605,163.19767724919222
EK202310209788,132.06147453924535
EK202310184706,139.61178100461944
EK202320006994,163.4963397452344
EK202310184357,137.9236406156767
EK202320007190,137.54910082561565
EK202310105990,140.73977387930694
EK202310168348,132.85304664565618
EK202310138422,134.95917684172616
EK202310136152,151.34487768023968
EK202310126424,128.07965290915874
EK202310147111,162.65100364335194
EK202310231544,117.305888963596
EK202310149122,142.4260095564513
EK202310212352,136.95875163199975
EK202310178385,146.30585537613757
EK202310224803,169.4879404026534
EK202310004063,149.73496012315567
EK202310206156,151.53222801378158
EK202310157699,128.44363270191224
EK202310154414,155.5409900864485
EK202310149221,126.11255854041553
EK202310171384,148.46609534204833
EK202310153408,142.42583837519848
EK202310109654,141.27433568127395
EK202310158683,132.1995210616362
EK202310206976,137.92749871177165
EK202310186788,137.1229409722901
EK202310187515,155.38336873068118
EK202310153792,157.86024080439267
EK202310144321,144.14194800174354
EK202310222822,133.0858470912536
EK202310152281,162.71858275470854
EK202310003851,162.94472504510696
EK202310205656,159.59152870126894
EK202310239556,141.0154834024318
EK202310145427,148.53269024650913
EK202310107329,118.79722088197937
EK202310135305,156.03839719300703
EK202310225618,144.94259993641938
EK202310212945,130.2942669481226
EK202310244567,156.20699647830065
EK202310188392,132.9902587779185
EK202310188450,147.59378035525773
EK202310119188,143.053517008045
EK202310156387,135.91119350847617
EK202310154237,132.15459745929357
EK202310232890,147.87665169255726
EK202310219207,114.35181245584293
EK202310247057,141.18144386076202
EK202310229305,141.96412790342626
EK202310128710,125.51498023140455
EK202310179533,144.45843917951103
EK202310115467,126.27400884400585
EK202310237723,135.1252760967635
EK202310197376,162.030991435971
EK202310135350,154.9139832011132
EK202310135038,180.1819947775423
EK202310190843,148.42504706959022
EK202310148220,155.30586034145384
EK202310193335,155.51627499384094
EK202310201565,147.6843592431194
EK202310108505,146.2964105774605
EK202310236715,146.1233294235245
EK202310149792,148.44651544944537
EK202310193733,151.63289957620773
EK202310248391,139.46099631623662
EK202310134202,157.16352774988897
EK202310174938,163.48068848255292
EK202310104253,139.17763828146857
EK202310178227,150.89129228783716
EK202310200622,144.2720071780265
EK202310162938,139.51560528150094
EK202310136715,129.0750204405953
EK202310219551,144.88731316616136
EK202310213720,153.6869350723959
EK202310197334,166.92271105365307
EK202310162409,154.4222633979369
EK202310176758,129.01973898745064
EK202310106155,142.86431244846608
EK202310178600,153.26413425021263
EK202310181111,123.15739354055081
EK202310237737,115.58119001311255
EK202310135634,138.39021212593084
EK202310222019,147.07860149373582
EK202310211690,132.434449085703
EK202310223930,144.15398502001133
EK202310159564,143.95540109438673
EK202310123361,144.68690257893783
EK202310154711,154.85270457168747
EK202310196284,166.35528468199038
EK202310142525,150.83728194135685
EK202310185635,153.31843384407185
EK202310163743,136.0154484359254
EK202310176119,157.7468342217628
EK202310243732,139.99211435740148
EK202310153106,160.7634032695976
EK202310105266,149.59505018639368
EK202310192211,137.88447048155496
EK202310109959,119.13203928750086
EK202310124347,139.35263230054255
EK202310215657,127.71407590768794
EK202310181609,145.32941818901227
EK202310166089,148.20456795451605
EK202310180562,145.61889738618788
EK202310220766,135.17574102567787
EK202310208527,131.77421348177143
EK202310197946,132.02851309823706
EK202310165805,127.0490362324997
EK202310184781,141.66534773630647
EK202310212044,163.08612502536576
EK202310182865,135.2306623106023
EK202310187564,153.6961862836138
EK202310187093,151.70170027857318
EK202310243295,142.72501756149646
EK202310156858,152.08317553813094
EK202310123996,162.63204408002866
EK202310120097,144.39781538301136
EK202310135094,170.32423642421648
EK202310189874,130.66354081784476
EK202310210390,142.63174736441505
EK202310108372,147.5201613270276
EK202310217559,146.66978129905337
EK202310136995,149.22589864282628
EK202310119918,143.51495351344417
EK202310108102,128.68233682814167
EK202310205335,151.72757202247013
EK202310192571,145.00067825390488
EK202310122214,157.32422867896594
EK202310111079,146.46298468730708
EK202310143134,146.7442499761375
EK202310244019,142.86008847877096
EK202310238237,127.23469341525902
EK202310136960,134.62387121756808
EK202310140905,142.82591407503756
EK202310207571,141.67258642750045
EK202310185887,153.72460944796532
EK202310179874,148.1570711775222
EK202310228155,136.20434581626708
EK202320006551,162.9857872127565
EK202310198810,175.10420097766516
EK202310197956,142.58579643505155
EK202310109446,168.62041997758388
EK202310145921,151.69874401140535
EK202310127078,141.78241177102075
EK202310106661,126.80887898037074
EK202310107868,149.7800721293647
EK202310137756,127.1257938830944
EK202310112214,144.57933958482158
EK202310223082,150.1098468996866
EK202310180270,151.90816099152104
EK202310164239,145.22445157501028
EK202310126360,132.40225759784627
EK202320007775,163.34096188046985
EK202310212210,132.45230797590045
EK202310154670,150.9056049092671
EK202310225780,139.75449824741344
EK202310159250,147.004625586051
EK202310189634,153.68023617534956
EK202310140814,139.0334981708213
EK202310127508,172.71014603231515
EK202310218677,139.1439926169443
EK202310128068,139.12446912294732
EK202310113414,140.30980265922418
EK202310127227,147.33745621035754
EK202310119514,142.2445325853202
EK202310228944,112.85070736104781
EK202310109272,146.93987387596854
EK202310181673,161.61078783054626
EK202310213638,128.03421351220973
EK202310244798,143.57855420077183
EK202310204831,136.15651601895962
EK202310208541,128.77936540936284
EK202310226684,144.2129668083671
EK202310106021,133.2029479088789
EK202310186790,149.25868554082123
EK202310134623,135.11536325850724
EK202310004353,143.57708805071638
EK202310120823,121.50506761827475
EK202310193351,136.38178440739733
EK202310129759,144.32688286076595
EK202310211069,150.55212420037282
EK202310145710,138.30364543291182
EK202310129442,154.55619362835932
EK202310157511,127.32158876683133
EK202310210155,137.19525432559587
EK202310240481,119.53648694129889
EK202310182044,163.14488554254498
EK202310180996,151.40020531518851
EK202310130678,138.30198015768204
EK202310003775,128.63451627191628
EK202310155552,143.61969206697597
EK202310111202,147.02496221482193
EK202310108361,135.66088356268583
EK202310224126,144.69864096282384
EK202310115508,121.58031865324595
EK202310225464,130.40738274836534
EK202310198925,126.45189905516774
EK202310143314,158.64505333473488
EK202310231386,138.1623487919433
EK202310120970,128.07397635271576
EK202310179304,135.50760495483968
EK202310222188,138.8896380495636
EK202310173726,150.1138873304977
EK202310151318,145.46919561266435
EK202310139619,133.17138028029677
EK202310175938,168.94646441984415
EK202310178847,147.05546608604385
EK202310191627,147.9097698856519
EK202310180100,139.88153643103908
EK202310237846,145.38264000417988
EK202310136435,151.41869992716408
EK202310104391,121.59307737748591
EK202310182074,137.92734554588333
EK202310197546,165.7142512785885
EK202310237183,151.00362273508142
EK202310113688,145.5624903095422
EK202310168496,137.68724011622672
EK202310140650,148.7209712853499
EK202310202579,152.44448737050112
EK202310173337,135.29114194835833
EK202310148159,141.51361991843225
EK202310177447,146.86798010961294
EK202310172439,172.6718096265745
EK202310193776,148.39781810742508
EK202310126160,123.89332070116593
EK202310129091,149.22210237407864
EK202310180011,124.9781094763175
EK202310219524,166.08794696774095
EK202310188997,127.25467822941508
EK202310183044,142.9612576452404
EK202310192813,154.15750446372533
EK202310148696,158.7282508832757
EK202310197244,160.80999044587827
EK202310243949,126.55454836140221
EK202310223004,163.39055544822534
EK202310159964,144.94631085306386
EK202310226266,139.7047207180288
EK202310227381,148.0391898646781
EK202310143706,151.7535844915238
EK202310156505,142.92112652657994
EK202310146977,151.75655212393562
EK202310207164,163.66548195752912
EK202310115033,142.90611913079132
EK202310197774,163.5547751662673
EK202310183602,158.9715430783018
EK202310163574,126.84833485851034
EK202310139474,144.65578530168168
EK202310139787,139.0312181949286
EK202310151771,148.11166747061628
EK202310141474,146.41796885082772
EK202310201682,143.4880334631383
EK202310235051,142.7710217060079
EK202310197036,139.58328307520216
EK202310208162,121.83062321502179
EK202310192736,146.38845389216937
EK202310239207,136.23750587081565
EK202310213359,122.14919497494222
EK202310165987,131.25348763316373
EK202310144351,145.4599640326125
EK202310192377,162.85598799695293
EK202310178661,146.81695496787572
EK202310133799,137.94206988227998
EK202310167137,145.83765869556237
EK202310196182,167.05804975008934
EK202310239217,126.51255793897042
EK202310163146,146.86021689162507
EK202310139455,150.2694024282914
EK202310164544,134.78385410935346
EK202310105037,156.85640495373033
EK202310168936,160.79686277078306
EK202310182321,135.59987065897383
EK202310223204,136.01931927676054
EK202310124648,143.78478161646248
EK202310133402,116.63442910023764
EK202310189249,132.7113925695616
EK202310211896,131.3040297718839
EK202310153695,139.59406084031355
EK202310197047,144.2702698142872
EK202310115358,140.62483386044258
EK202310178231,144.67479755341944
EK202310140750,165.78750704009354
EK202310196690,132.8835778092593
EK202310180158,124.13902542916571
EK202310118819,154.14689456375697
EK202310129172,134.43180462141999
EK202310160427,158.6215888696455
EK202310217514,146.23229375526992
EK202310228544,135.35721169647627
EK202310129411,149.4724352356495
EK202310120076,136.83588363563513
EK202310147682,150.2217883934953
EK202310119579,149.10615601629883
EK202310231294,132.69138133346974
EK202310205896,128.62116577926304
EK202310168792,163.8547434432276
EK202310194600,136.9019523076869
EK202310231773,124.87248156627548
EK202310197094,137.27340716754526
EK202310159125,147.77951033620334
EK202310145220,142.89191920826784
EK202310109432,145.0800215129702
EK202310154128,124.1739626851902
EK202310226955,140.66488509170213
EK202310232457,122.27427018860828
EK202310196244,145.99789762215585
EK202310246079,138.0227856611924
EK202310168088,133.77440525644732
EK202310128614,135.69857794080818
EK202310156766,161.34222049716425
EK202310208139,136.50065018707915
EK202310167951,139.80025173759898
EK202310140914,148.93044886759216
EK202310123858,133.04946018131562
EK202310246678,152.75626261930788
EK202310231310,145.38447300161272
EK202310145596,153.35288168390446
EK202310227515,154.7243706261034
EK202310124946,140.11311613397237
EK202310146823,123.55409839883045
EK202310135586,153.23530296757903
EK202310201307,139.68507473040813
EK202310182403,161.23602896657178
EK202310215443,132.7129090970973
EK202310126298,132.24956001889458
EK202310189734,139.98762309301256
EK202310150496,155.726664429245
EK202310201647,130.1651428725361
EK202310236856,136.0200319495218
EK202310141840,153.59550111402427
EK202310129012,148.20213774480695
EK202310191859,133.4643640860648
EK202310128135,124.35933507512098
EK202310140784,154.99932347947112
EK202310106371,134.41110466911158
EK202310189118,138.4470149210843
EK202310185786,131.865724598811
EK202310177437,143.30465074711478
EK202310183495,140.65936500954328
EK202310183166,150.89249546919882
EK202310121858,131.20119403817554
EK202310128877,137.6561589242836
EK202310155995,152.55341782163842
EK202310158905,139.17272233724907
EK202310197700,140.06700801537468
EK202310135362,139.55043150830022
EK202310238208,156.185434154662
EK202310225984,141.01707985099662
EK202310196965,161.19203849654758
EK202310244512,158.00050074407747
EK202310113816,142.4205501861113
EK202310141423,143.7469761448069
EK202310226411,131.49185806003155
EK202310217081,136.3190245326665
EK202310161000,138.13145079089676
EK202310141027,163.44508808491398
EK202310231746,137.80886320787516
EK202310209069,132.51240237660122
EK202310142345,164.77730050007534
EK202310117104,140.15090040067315
EK202310108603,139.68685233299277
EK202310196141,146.96176326202453
EK202310192522,151.48459333649734
EK202310144266,144.30442117657654
EK202310203451,160.67969614646267
EK202310161877,158.30588156115869
EK202310155543,144.64724698536742
EK202310123638,160.44898831308433
EK202310145309,143.70102355975024
EK202310138293,145.5824393416563
EK202310227474,134.18440298836967
EK202310227560,133.73817609807583
EK202310152889,175.04658542552812
EK202310107200,139.89090918886995
EK202310205243,125.34684874961638
EK202310203128,148.15470532904195
EK202310176303,162.17599783288617
EK202310236159,130.6515293636915
EK202310146226,151.0564536568434
EK202310114477,131.23784235356553
EK202310193701,153.6990713566364
EK202310132862,119.380526418837
EK202310146635,130.39657049702063
EK202310118476,159.67193597156043
EK202310207776,139.62355780857962
EK202310165877,126.67913556960835
EK202320006410,153.8111255646743
EK202310111513,156.3346872227377
EK202310143909,135.8001616740215
EK202310132541,129.30930217379728
EK202310209469,156.01345017583353
EK202310103777,147.75640867020226
EK202310138311,150.6479878162996
EK202310155715,150.9700731652441
EK202310161111,162.32869031437875
EK202310231380,123.2325218639704
EK202310129520,139.13713899769425
EK202310234907,140.7463204448012
EK202310107216,126.3993245714565
EK202310106843,135.3777489920192
EK202310204308,141.9227905974575
EK202310214592,169.50854584511393
EK202310116839,155.38375893406842
EK202310180647,132.49756495834305
EK202310142824,129.30469431038574
EK202310196639,140.0125124163955
EK202310231947,134.56315385698758
EK202310135996,157.20778798526942
EK202310225970,125.7915008648805
EK202310232921,137.9236262311786
EK202310229671,143.3017705251825
EK202310143117,120.29754010151291
EK202310235001,130.59208816677275
EK202310223296,135.85108718056068
EK202310166180,149.05749969732554
EK202310144778,129.04578330383282
EK202310140206,157.77037398896363
EK202310146221,127.05924776595494
EK202310191931,150.34116952307943
EK202310139195,136.86554614738324
EK202310110326,142.10649117000133
EK202310198683,146.2037153168763
EK202310108642,141.99437658946258
EK202310147919,154.2108421126244
EK202310120403,129.31583767103035
EK202310148663,148.98043749981812
EK202310194369,142.5969795643669
EK202310188744,151.8082853256705
EK202310197143,147.79465992510706
EK202310188007,160.68799953190103
EK202310230690,129.15143454733084
EK202310109322,142.13715184023687
EK202310122503,142.8285456646736
EK202310208466,141.058656977429
EK202310169759,142.0617402395739
EK202310004770,134.06382017386693
EK202310197055,149.076334990809
EK202310190099,145.2259492313657
EK202310238226,143.16282678005857
EK202310166147,147.85354986515475
EK202320006000,168.75521625351084
EK202310214036,150.72149291982296
EK202310004510,136.25342902789944
EK202310144131,132.6080640419085
EK202310182006,167.77171395295812
EK202310115418,137.78892740518847
EK202310203399,155.8494074064923
EK202310219700,152.5153757970027
EK202310141585,151.3171427597717
EK202310236911,148.49378657335262
EK202310153553,139.18391167264335
EK202310152777,155.97014129861867
EK202310216006,141.7499657085976
EK202310159334,152.88883857546548
EK202310200189,138.63803746226026
EK202310176376,146.31913609885905
EK202310177091,153.4059758414726
EK202310135092,178.41515415591073
EK202310152730,151.35866325890075
EK202310194718,131.703773456245
EK202310174761,160.27773196430368
EK202310187516,156.03336049673706
EK202310225948,151.2130233816497
EK202310159500,159.85932878865387
EK202320005628,154.31740181616334
EK202310150262,166.5890243977474
EK202310197555,160.26130495251607
EK202310224652,142.65442337147283
EK202310239239,122.64476712470201
EK202310222699,137.8007662649453
EK202310115560,151.25377130196551
EK202310179277,137.2761623283505
EK202310202696,157.56961695836662
EK202310154234,129.1951671897143
EK202310113254,132.34543579481212
EK202310139630,145.60306987642653
EK202310202764,156.75409412936048
EK202310121640,135.10916193692637
EK202310142534,142.1804297461467
EK202310239215,136.74094992830447
EK202310244715,136.9146502842088
EK202310185779,136.53973530124253
EK202310221201,138.7682890174637
EK202310206833,148.01469349997112
EK202310171904,155.46663046442438
EK202310178044,146.13252665628832
EK202310168114,164.418573500753
EK202310138587,140.5157947092755
EK202310173356,137.5944521611269
EK202310197110,157.62463035738546
EK202310242357,140.64630553285815
EK202310208746,126.24391436152415
EK202310217847,128.99226221241562
EK202310199265,117.93779478273953
EK202310182895,139.33034566743768
EK202310107553,147.1789832776107
EK202310107608,144.3966094751446
EK202320005608,157.85057097279514
EK202310199563,135.78576136496224
EK202310141002,138.45795830774864
EK202310187238,148.54211237518288
EK202310187741,143.27513073247212
EK202310189994,145.84021046039325
EK202310147256,135.76311894057957
EK202310118527,143.361159418193
EK202310229103,141.99395871590798
EK202310135696,117.27125022670074
EK202310165074,138.5421188785861
EK202310205649,139.1458185687848
EK202310174231,135.4286472633408
EK202310181105,145.15570327769925
EK202310173608,152.3467359000177
EK202310147350,135.49209235470914
EK202310145408,123.68745434903451
EK202310163214,128.95158423366934
EK202310141179,146.1171249616664
EK202310235877,130.78339412819753
EK202310168519,149.37721572901978
EK202310111852,145.49112519610068
EK202310120721,139.39497927890196
EK202310239396,133.21223489824024
EK202310125811,151.65769916037587
EK202310122414,156.62674673552138
EK202310109063,151.22310558842563
EK202310136944,131.8487190898482
EK202310112504,142.62582898689482
EK202310187424,149.5748335956155
EK202310107467,125.58420110292059
EK202310170488,139.7730165576666
EK202310221856,121.64791584881928
EK202310146245,143.87073187627686
EK202310211446,143.26899981104128
EK202310234464,131.19369914217808
EK202310216823,139.1102771313303
EK202310158691,139.39572480325532
EK202310130435,131.51263925222148
EK202310173064,146.34919450973382
EK202310159177,148.66007435702957
EK202310164312,129.84458719980597
EK202310190628,148.15158964365378
EK202310108846,135.93572006232506
EK202310180445,162.82675527687093
EK202310131205,157.29953195197385
EK202310164126,131.46306623733048
EK202310107936,154.03623701243032
EK202310243521,147.93553340383716
EK202310208141,129.9440594688239
EK202310190781,137.01470069731897
EK202310172000,140.93984328727433
EK202310190053,150.8506371478476
EK202310233066,125.90199523623593
EK202310131018,127.091144540589
EK202310149945,145.511908777469
EK202310205501,120.89279434199294
EK202310248483,130.18670105252963
EK202310129538,130.74850315128995
EK202310167469,156.88465107316466
EK202310106330,135.91137135730364
EK202310225391,146.74580025673671
EK202310125703,150.21623945548086
EK202310208418,135.29103085012719
EK202310147781,139.25897964848676
EK202310164598,146.29258750223065
EK202310214120,161.7386401214773
EK202310118444,135.49018718071304
EK202310145109,132.97170055735495
EK202310150661,157.8754869745765
EK202310134650,136.67809071826707
EK202310170695,165.5561381490101
EK202310171347,151.25867934659874
EK202310118507,128.60615067798798
EK202310135088,175.4039000311836
EK202310169570,146.13361470269894
EK202310198285,155.0698873044621
EK202310244339,149.0477545417998
EK202310218458,142.9022809432086
EK202310167361,145.18989858228574
EK202320006358,149.11784970405463
EK202310155685,143.20570900040968
EK202310193521,155.1551066662636
EK202310178456,142.99085564878635
EK202310120435,139.16786676775558
EK202310229594,129.1526459996587
EK202310204793,138.40723279243164
EK202310128806,138.44831288544185
EK202310145561,144.68026683629375
EK202310218298,133.7993961358795
EK202310185508,141.7440061281553
EK202310169152,160.63554466227697
EK202310119338,122.0555656467286
EK202310172073,156.01720371588738
EK202310164403,165.7664006261279
EK202310228535,133.73128722798137
EK202310233245,128.59597499206356
EK202310247155,139.2732121451944
EK202310184707,157.46377172748424
EK202310244628,136.91064423726485
EK202310184991,137.0765267121075
EK202310200030,140.30152826336794
EK202310131926,133.313475784391
EK202310183294,170.5493998469856
EK202310156979,151.9000506869898
EK202310196008,153.20227032113263
EK202310124917,150.23976936195078
EK202310182478,140.28821028294382
EK202310206853,154.6818721577615
EK202310131555,142.75378504527225
EK202310134282,149.80694451901198
EK202310120141,155.25549854095883
EK202310246441,142.41830561270936
EK202310195921,140.46620098345332
EK202310214428,134.39438901613966
EK202310124519,149.52729724797211
EK202310153352,145.95950840661695
EK202310155554,141.64174045139205
EK202310193684,134.51172588197835
EK202310225319,129.31666893104702
EK202310148621,131.3527894356606
EK202310237907,144.48579032817946
EK202310202805,135.05190522032737
EK202310161990,172.33773019826816
EK202310200477,131.51888618135325
EK202310114915,142.10051562982315
EK202310242909,145.79339220075462
EK202310142330,131.51922122074706
EK202310221377,135.94624725001754
EK202310137957,144.1492414040415
EK202310151180,150.7950125674513
EK202310182686,116.46734795204992
EK202310244166,134.77226499123273
EK202310242349,137.64618823677486
EK202310121472,132.201368682941
EK202310192151,150.21816657235922
EK202310112554,128.30728155672494
EK202310225810,137.0233986586049
EK202310235008,136.9020237504537
EK202310217946,156.7433089976774
EK202310197822,159.4146697797446
EK202310003944,153.4305852581367
EK202310135754,126.11514773648301
EK202310235898,129.17102625702248
EK202310171140,145.44850325010495
EK202310145149,166.33514954994777
EK202310202195,146.4841151032285
EK202310220091,147.90755672087593
EK202310232376,138.67768855846523
EK202310189509,142.6091776211371
EK202310113709,147.69010256824643
EK202310119993,128.8779952070462
EK202310223647,150.45006797045656
EK202310227478,140.60944907117758
EK202310174661,127.58587376740253
EK202310165728,168.14172475250425
EK202310182436,174.45259989147326
EK202310181591,122.73710828981864
EK202310233458,141.3667941318035
EK202310138708,138.18144830671756
EK202310107419,130.86427090369898
EK202310242771,133.5838857131559
EK202310110825,122.67564223297884
EK202310148516,148.4549342074422
EK202310169259,147.69355663116255
EK202310139428,146.42921884201255
EK202320005946,157.92165977081208
EK202310212395,138.4082639258741
EK202310211186,140.18988518544163
EK202310124150,130.6062099265976
EK202310172970,142.42769109421428
EK202310212383,143.6075120085086
EK202310152532,122.22121007727159
EK202310174856,133.94589918220467
EK202310150761,139.3633659689043
EK202310192707,148.5855986918074
EK202320006514,166.92971605934582
EK202310230857,135.4561726638577
EK202310209642,156.5704997677977
EK202310244831,151.37644749693825
EK202310004958,139.0397065550535
EK202310222994,156.4621952956275
EK202310122972,145.34425748865678
EK202310240517,158.4607011371656
EK202310154489,146.12924554166423
EK202310149568,162.7286781101633
EK202310173750,146.05153938722506
EK202310127136,149.4349406411224
EK202310162460,143.103121004875
EK202310237884,151.82683941109272
EK202310128591,138.9085524168079
EK202310167782,157.61413600306255
EK202310173162,142.22503405657434
EK202310176040,173.5101313297925
EK202310180187,122.01452367409976
EK202310205385,153.70622662804868
EK202310189417,144.9788434440015
EK202310110265,128.446520695364
EK202310175081,158.35740753893276
EK202310241247,156.02793366341564
EK202310210940,139.99846679034582
EK202310239869,137.90814305148277
EK202310208022,128.64082614118266
EK202310186683,132.94083960918618
EK202310244974,151.65999701192754
EK202310196503,142.186438046424
EK202310147774,144.3257006495611
EK202310194263,150.57812024729387
EK202310188228,142.76124391552887
EK202310164624,141.06159795063618
EK202310153042,149.52023896905584
EK202310157883,149.27951511879002
EK202310110532,137.36129880550072
EK202310166599,143.92751540475717
EK202310153767,162.51347289714298
EK202310126138,123.34399709092762
EK202310121044,156.88495556261972
EK202310133142,148.0671888240441
EK202310128385,117.82555586614123
EK202310175042,123.96429755665741
EK202310189448,155.02683517584413
EK202310190050,153.54167750559122
EK202310172092,147.64689060745013
EK202310207334,134.12447737821827
EK202310182559,138.78118729805874
EK202310137090,151.9716786888997
EK202310190532,126.32044803298513
EK202310236425,131.441078787807
EK202310203185,129.9436414005035
EK202310168314,137.13397968328417
EK202310151263,173.6781876030977
EK202310108095,150.80068231830185
EK202310232838,143.0370378727488
EK202310135295,162.53409463425902
EK202310163910,140.87228409214006
EK202310194553,147.68119780854033
EK202310174190,136.2743321489703
EK202310231328,135.81925749913665
EK202310147991,149.94324448854312
EK202310161571,163.24344803277077
EK202310240598,129.51848966307924
EK202310236106,134.26108568205743
EK202310109500,138.14891367331512
EK202320005589,170.1866693797094
EK202310143413,150.26672590155366
EK202310153498,153.6124710378956
EK202310181818,152.9709285852962
EK202310137951,143.45389558639312
EK202310158889,151.1649875957448
EK202310147118,144.5735163255571
EK202310153978,168.42681380145456
EK202310107126,139.68151166980329
EK202310145858,136.41473682040044
EK202310220104,140.21770614280365
EK202310112400,126.80306357146324
EK202310236894,151.40403752110763
EK202310217550,125.29570680687826
EK202310236693,136.54582894056432
EK202310217785,127.85937835432404
EK202310235143,146.04500946321735
EK202310182831,137.94823609996752
EK202310117677,156.04581551751642
EK202310207224,157.45511160108506
EK202310217694,145.31126971309413
EK202310144000,153.76047220197245
EK202310165837,157.558352577918
EK202310211421,148.68624068946423
EK202310004270,146.05495537177978
EK202310189309,153.5021754463995
EK202310127417,147.85719844379184
EK202310197347,166.90314703523805
EK202310209401,165.4574203876711
EK202310180542,125.80960133344786
EK202310162786,138.52560664740412
EK202310223059,141.39064295823127
EK202310147692,138.7502476292363
EK202310244440,153.3474736108274
EK202310180779,138.09496161696288
EK202310189325,124.63827759462845
EK202310110924,135.7432480563323
EK202310157687,125.78593680425966
EK202310154799,152.52988625667328
EK202310169628,127.72958190478298
EK202310169107,153.21551167587225
EK202310105506,146.01152997222488
EK202310154969,139.65829739216582
EK202310122511,127.93286897011204
EK202310156453,158.68110319956298
EK202310246928,103.10536789241465
EK202310203362,163.69315513396674
EK202310138843,146.96811107610662
EK202310157857,151.3206419712975
EK202310236705,135.203043393223
EK202310236064,126.03317564809467
EK202310190655,143.01499868640437
EK202310232773,169.13843114846878
EK202310209352,128.70182749293622
EK202310196574,135.74509739649727
EK202310153431,127.05155275221908
EK202310213738,150.14376757261766
EK202310159195,162.42172943561152
EK202310192497,130.072463348673
EK202310179803,129.61273017022305
EK202310122219,147.23920950429738
EK202310121778,156.66099617755972
EK202310240799,139.8481695832542
EK202310186388,145.38709258881707
EK202310227442,141.42253111558838
EK202310236831,138.8077634350056
EK202310146534,147.2225733374273
EK202310108548,133.34319900791752
EK202310127039,126.18295995077696
EK202310239867,144.75882565164983
EK202310140091,159.3167285952199
EK202320007345,151.18723567835562
EK202310181587,127.4134245050083
EK202310183586,166.39989531971364
EK202310161537,159.04423360433816
EK202310221929,148.67981377858513
EK202310115533,131.50188865179538
EK202310245422,124.52662976732059
EK202310134303,133.80981977364934
EK202310206878,138.65658258779763
EK202310143077,142.42862230053956
EK202310187766,132.36542736869856
EK202310233861,163.4269388741331
EK202310145715,140.84766032101163
EK202310186238,138.57298518799158
EK202310168663,131.75886508359795
EK202310230983,125.63609356545287
EK202310139816,143.68665375872556
EK202310206473,128.71717385439564
EK202310153829,141.7282596768964
EK202310182371,159.30330681563407
EK202310173647,140.0629036744606
EK202310114150,139.90527476187134
EK202310242508,138.84302864216974
EK202310203427,161.84980268655752
EK202310132984,129.2424172608567
EK202310117793,121.00006821207673
EK202310138841,140.61181510831983
EK202310139058,150.68054377645993
EK202310164995,133.2846312263326
EK202310202198,154.10423151933108
EK202310160037,131.01652696223474
EK202310138091,146.0399528042239
EK202310183753,152.82198352867647
EK202310211184,131.04123045776615
EK202310187233,142.88440985296612
EK202310225971,120.60717232346067
EK202310155927,133.08780624312203
EK202310123628,138.03546647453393
EK202310183593,174.74486623699684
EK202310196797,136.70332715930914
EK202310129620,138.39073130272604
EK202310157287,143.32680378370202
EK202310181152,131.69182924681937
EK202310203161,166.38887968921264
EK202310247889,131.82094448379345
EK202310205874,138.97492085254484
EK202310175828,150.87210418245314
EK202310141292,146.46830444457632
EK202310127480,145.34804719295855
EK202310112716,147.2536613113463
EK202310200229,142.65882861780628
EK202310112035,139.3123460401805
EK202310204257,124.47363513483486
EK202310145471,138.64591484793704
EK202310210409,144.05030459068058
EK202310166832,135.94000005164182
EK202310248711,137.19227658651278
EK202310177732,130.125163000201
EK202310160771,140.7496676463478
EK202310136073,135.74890044997375
EK202310182269,149.1154730777975
EK202310240985,146.50143972879093
EK202310106392,142.2903953929504
EK202310208908,120.63412447696093
EK202310113165,138.63810344867954
EK202310152602,126.09469283917915
EK202310210636,140.0828901553155
EK202310140721,142.5991690539523
EK202310148290,144.31511823494594
EK202310199880,148.16241304202012
EK202310227144,142.16611279650814
EK202310147589,130.6573659362953
EK202310004177,154.34489961329137
EK202310138763,150.09440246563682
EK202310172464,164.8686393615873
EK202310105200,144.7119879548266
EK202310184573,142.8332335321937
EK202310208816,113.9253744823051
EK202310109118,146.83686650577604
EK202310200139,140.2394791979265
EK202310133070,130.90585982914217
EK202310122855,157.8457002971145
EK202310233834,140.6260502990807
EK202310209821,146.52065832575104
EK202310124502,141.58444848440627
EK202310187088,155.04041752799915
EK202310133122,161.46019216451757
EK202310004846,142.4855213018606
EK202310147252,128.78040421962564
EK202310175414,116.07802439297882
EK202310181170,133.41966549179733
EK202310004408,131.2247195849847
EK202310125748,158.71037908879387
EK202310131440,143.14244360328865
EK202310192559,144.45693416310712
EK202310192910,164.27153713456048
EK202310180784,156.91968439793723
EK202310236540,139.63907982163428
EK202310175339,144.84926863406392
EK202310160527,171.13403678201982
EK202310236221,139.4025519435705
EK202310238864,163.0469970728975
EK202310166680,148.26413821061305
EK202310117287,139.134001009663
EK202310192797,149.25758565351973
EK202310200327,151.19409273975413
EK202310176045,156.5353128697999
EK202310148346,149.29935693642997
EK202310142274,140.9015312668829
EK202310122242,151.95538301459587
EK202310126568,126.38775075684299
EK202310204418,144.62741565322003
EK202310156236,156.07940721041695
EK202310189484,130.69387758431122
EK202310137543,139.60916715772274
EK202320007300,144.9821007233964
EK202310198932,143.79170202860487
EK202310108514,139.22613793436784
EK202310219932,142.68254098039412
EK202310132147,154.44028958073312
EK202310227649,167.88681725933162
EK202310224668,138.63135818069242
EK202310156447,147.29976906552943
EK202310210496,140.01333012758954
EK202310152297,147.94122760879802
EK202310187324,138.39906153048602
EK202310247309,119.290406516032
EK202310190789,145.41076382083966
EK202310199601,143.01423768893204
EK202310239017,139.1007971370895
EK202310106841,121.05917621862781
EK202310182928,129.47526845397329
EK202310204568,150.28278936805393
EK202310243353,154.90339946480046
EK202310123522,132.2514791189269
EK202310162526,148.32052215514827
EK202310214114,164.3011135292022
EK202310197207,164.68542160334516
EK202310232110,128.7791893591403
EK202310179397,170.31751664886792
EK202310155653,127.5123703332965
EK202310004343,123.93842315743368
EK202310192586,154.76248855046305
EK202310186352,143.55125536375184
EK202310124214,145.34434995742862
EK202310228925,119.94834354199557
EK202310112746,156.07762366472934
EK202310158948,158.8826635069724
EK202310210700,127.98022467232865
EK202310164939,144.44085535712094
EK202310183358,174.42766231143804
EK202310144690,145.04973790622708
EK202310206169,151.49260627348434
EK202310107548,151.28750977640388
EK202310213425,144.88473463601653
EK202310127466,133.34650959905264
EK202310215414,179.80053588182275
EK202310113096,113.06267650397709
EK202310177778,142.6126020290476
EK202310225362,133.3989638999554
EK202310164338,161.91411035076632
EK202310247571,167.31646379589827
EK202310126985,119.07770012424574
EK202310226690,156.245648420099
EK202310122754,140.2222285377633
EK202310114324,144.90796535416126
EK202310162544,167.6995695536498
EK202310185834,141.38992592037414
EK202310147784,138.85344649565394
EK202310122287,149.77788752660194
EK202310169104,158.7596907958714
EK202310212851,164.0194526234071
EK202310004912,159.2213178103291
EK202310122676,149.1922234618237
EK202310241678,154.4826194127067
EK202310235919,142.80314965784297
EK202310200266,153.66667634507658
EK202310229111,136.93077281058993
EK202310143535,156.56743126844938
EK202310132424,131.72493355335928
EK202310150394,150.55194951323244
EK202310121122,154.36417399788778
